ASV1147	99.355	465	3	0	1	465	312	776	0.0	843	tax=d:Bacteria,p:Proteobacteria,c:Gammaproteobacteria,o:Enterobacterales,f:Enterobacteriaceae,g:Enterobacter,s:Enterobacter ludwigii
ASV1147	99.355	465	3	0	1	465	312	776	0.0	843	tax=d:Bacteria,p:Proteobacteria,c:Gammaproteobacteria,o:Enterobacterales,f:Enterobacteriaceae,g:Enterobacter,s:CP017181_s
ASV1147	99.355	465	3	0	1	465	312	776	0.0	843	tax=d:Bacteria,p:Proteobacteria,c:Gammaproteobacteria,o:Enterobacterales,f:Enterobacteriaceae,g:Leclercia,s:Leclercia adecarboxylata
ASV1147	99.140	465	4	0	1	465	312	776	0.0	839	tax=d:Bacteria,p:Proteobacteria,c:Gammaproteobacteria,o:Enterobacterales,f:Enterobacteriaceae,g:Enterobacter,s:Enterobacter cloacae
ASV1147	99.140	465	4	0	1	465	312	776	0.0	837	tax=d:Bacteria,p:Proteobacteria,c:Gammaproteobacteria,o:Enterobacterales,f:Enterobacteriaceae,g:Enterobacter,s:Enterobacter kobei
ASV1147	99.140	465	4	0	1	465	262	726	0.0	837	tax=d:Bacteria,p:Proteobacteria,c:Gammaproteobacteria,o:Enterobacterales,f:Enterobacteriaceae,g:Salmonella,s:Salmonella enterica
ASV1147	99.140	465	4	0	1	465	310	774	0.0	837	tax=d:Bacteria,p:Proteobacteria,c:Gammaproteobacteria,o:Enterobacterales,f:Enterobacteriaceae,g:Salmonella,s:Salmonella enterica
ASV1147	99.140	465	4	0	1	465	305	769	0.0	837	tax=d:Bacteria,p:Proteobacteria,c:Gammaproteobacteria,o:Enterobacterales,f:Enterobacteriaceae,g:Salmonella,s:Salmonella enterica
ASV1147	99.140	465	4	0	1	465	312	776	0.0	837	tax=d:Bacteria,p:Proteobacteria,c:Gammaproteobacteria,o:Enterobacterales,f:Enterobacteriaceae,g:Enterobacter,s:Enterobacter cloacae
ASV1147	99.140	465	4	0	1	465	314	778	0.0	837	tax=d:Bacteria,p:Proteobacteria,c:Gammaproteobacteria,o:Enterobacterales,f:Enterobacteriaceae,g:Salmonella,s:Salmonella enterica
ASV1147	98.925	465	5	0	1	465	314	778	0.0	832	tax=d:Bacteria,p:Proteobacteria,c:Gammaproteobacteria,o:Enterobacterales,f:Enterobacteriaceae,g:Enterobacter,s:Enterobacter tabaci
ASV1147	98.925	465	5	0	1	465	314	778	0.0	832	tax=d:Bacteria,p:Proteobacteria,c:Gammaproteobacteria,o:Enterobacterales,f:Enterobacteriaceae,g:Enterobacter,s:Enterobacter hormaechei
ASV1147	98.710	465	6	0	1	465	314	778	0.0	826	tax=d:Bacteria,p:Proteobacteria,c:Gammaproteobacteria,o:Enterobacterales,f:Enterobacteriaceae,g:Citrobacter,s:Citrobacter portucalensis
ASV1147	98.710	465	6	0	1	465	314	778	0.0	826	tax=d:Bacteria,p:Proteobacteria,c:Gammaproteobacteria,o:Enterobacterales,f:Erwiniaceae,g:Erwinia,s:Erwinia aphidicola
ASV1147	98.495	465	7	0	1	465	314	778	0.0	821	tax=d:Bacteria,p:Proteobacteria,c:Gammaproteobacteria,o:Enterobacterales,f:Enterobacteriaceae,g:Enterobacter,s:JYMH_s
ASV1147	98.495	465	7	0	1	465	314	778	0.0	821	tax=d:Bacteria,p:Proteobacteria,c:Gammaproteobacteria,o:Enterobacterales,f:Enterobacteriaceae,g:Trabulsiella,s:Trabulsiella guamensis
ASV1147	98.495	465	7	0	1	465	312	776	0.0	821	tax=d:Bacteria,p:Proteobacteria,c:Gammaproteobacteria,o:Enterobacterales,f:Enterobacteriaceae,g:Kluyvera,s:Kluyvera ascorbata
ASV1147	98.495	465	7	0	1	465	314	778	0.0	821	tax=d:Bacteria,p:Proteobacteria,c:Gammaproteobacteria,o:Enterobacterales,f:Enterobacteriaceae,g:Enterobacter,s:Enterobacter mori
ASV1147	98.495	465	7	0	1	465	245	709	0.0	821	tax=d:Bacteria,p:Proteobacteria,c:Gammaproteobacteria,o:Enterobacterales,f:Enterobacteriaceae,g:Trabulsiella,s:Trabulsiella odontotermitis
ASV1147	98.495	465	7	0	1	465	312	776	0.0	821	tax=d:Bacteria,p:Proteobacteria,c:Gammaproteobacteria,o:Enterobacterales,f:Enterobacteriaceae,g:Citrobacter,s:Citrobacter werkmanii
ASV1147	98.280	465	8	0	1	465	314	778	0.0	815	tax=d:Bacteria,p:Proteobacteria,c:Gammaproteobacteria,o:Enterobacterales,f:Erwiniaceae,g:Pantoea,s:Pantoea rwandensis
ASV1147	98.280	465	8	0	1	465	312	776	0.0	815	tax=d:Bacteria,p:Proteobacteria,c:Gammaproteobacteria,o:Enterobacterales,f:Enterobacteriaceae,g:Kluyvera,s:LGHZ_s
ASV1147	98.280	465	8	0	1	465	281	745	0.0	815	tax=d:Bacteria,p:Proteobacteria,c:Gammaproteobacteria,o:Enterobacterales,f:Enterobacteriaceae,g:Kosakonia,s:Kosakonia oryzendophytica
ASV1147	98.280	465	8	0	1	465	314	778	0.0	815	tax=d:Bacteria,p:Proteobacteria,c:Gammaproteobacteria,o:Enterobacterales,f:Enterobacteriaceae,g:Citrobacter,s:Citrobacter pasteurii
ASV1147	98.280	465	8	0	1	465	314	778	0.0	815	tax=d:Bacteria,p:Proteobacteria,c:Gammaproteobacteria,o:Enterobacterales,f:Enterobacteriaceae,g:Citrobacter,s:Citrobacter freundii
ASV1147	98.280	465	8	0	1	465	314	778	0.0	815	tax=d:Bacteria,p:Proteobacteria,c:Gammaproteobacteria,o:Enterobacterales,f:Enterobacteriaceae,g:Citrobacter,s:Citrobacter murliniae
ASV1147	98.065	465	9	0	1	465	312	776	0.0	809	tax=d:Bacteria,p:Proteobacteria,c:Gammaproteobacteria,o:Enterobacterales,f:Enterobacteriaceae,g:Buttiauxella,s:Buttiauxella ferragutiae
ASV1147	98.065	465	9	0	1	465	312	776	0.0	809	tax=d:Bacteria,p:Proteobacteria,c:Gammaproteobacteria,o:Enterobacterales,f:Enterobacteriaceae,g:Buttiauxella,s:Buttiauxella noackiae
ASV1147	98.065	465	9	0	1	465	312	776	0.0	809	tax=d:Bacteria,p:Proteobacteria,c:Gammaproteobacteria,o:Enterobacterales,f:Enterobacteriaceae,g:Buttiauxella,s:Buttiauxella agrestis
ASV1147	98.065	465	9	0	1	465	314	778	0.0	809	tax=d:Bacteria,p:Proteobacteria,c:Gammaproteobacteria,o:Enterobacterales,f:Enterobacteriaceae,g:Enterobacter,s:Enterobacter hormaechei
ASV1147	98.065	465	9	0	1	465	312	776	0.0	809	tax=d:Bacteria,p:Proteobacteria,c:Gammaproteobacteria,o:Enterobacterales,f:Enterobacteriaceae,g:Kluyvera,s:Kluyvera intermedia
ASV1147	98.065	465	9	0	1	465	314	778	0.0	809	tax=d:Bacteria,p:Proteobacteria,c:Gammaproteobacteria,o:Enterobacterales,f:Enterobacteriaceae,g:Citrobacter,s:Citrobacter youngae
ASV1147	98.065	465	8	1	1	465	312	775	0.0	808	tax=d:Bacteria,p:Proteobacteria,c:Gammaproteobacteria,o:Enterobacterales,f:Erwiniaceae,g:Pantoea,s:Pantoea rodasii
ASV1147	97.849	465	10	0	1	465	307	771	0.0	806	tax=d:Bacteria,p:Proteobacteria,c:Gammaproteobacteria,o:Enterobacterales,f:Enterobacteriaceae,g:Klebsiella,s:Klebsiella oxytoca
ASV1147	97.849	465	10	0	1	465	312	776	0.0	804	tax=d:Bacteria,p:Proteobacteria,c:Gammaproteobacteria,o:Enterobacterales,f:Erwiniaceae,g:Pantoea,s:OCMY_s
ASV1147	97.849	465	10	0	1	465	314	778	0.0	804	tax=d:Bacteria,p:Proteobacteria,c:Gammaproteobacteria,o:Enterobacterales,f:Enterobacteriaceae,g:Citrobacter,s:Citrobacter braakii
ASV1147	97.849	465	10	0	1	465	314	778	0.0	804	tax=d:Bacteria,p:Proteobacteria,c:Gammaproteobacteria,o:Enterobacterales,f:Erwiniaceae,g:Pantoea,s:Pantoea septica
ASV1147	97.849	465	10	0	1	465	314	778	0.0	804	tax=d:Bacteria,p:Proteobacteria,c:Gammaproteobacteria,o:Enterobacterales,f:Erwiniaceae,g:Tatumella,s:Tatumella punctata
ASV1147	97.849	465	10	0	1	465	314	778	0.0	804	tax=d:Bacteria,p:Proteobacteria,c:Gammaproteobacteria,o:Enterobacterales,f:Enterobacteriaceae,g:Citrobacter,s:CP011132_s
ASV1147	97.849	465	10	0	1	465	314	778	0.0	804	tax=d:Bacteria,p:Proteobacteria,c:Gammaproteobacteria,o:Enterobacterales,f:Erwiniaceae,g:Pantoea,s:CP002433_s
ASV1147	97.849	465	10	0	1	465	312	776	0.0	804	tax=d:Bacteria,p:Proteobacteria,c:Gammaproteobacteria,o:Enterobacterales,f:Enterobacteriaceae,g:Lelliottia,s:CP000653_s
ASV1147	97.849	465	10	0	1	465	312	776	0.0	804	tax=d:Bacteria,p:Proteobacteria,c:Gammaproteobacteria,o:Enterobacterales,f:Enterobacteriaceae,g:Lelliottia,s:Lelliottia amnigena
ASV1147	97.849	465	10	0	1	465	312	776	0.0	804	tax=d:Bacteria,p:Proteobacteria,c:Gammaproteobacteria,o:Enterobacterales,f:Enterobacteriaceae,g:Buttiauxella,s:Buttiauxella warmboldiae
ASV1147	97.849	465	10	0	1	465	312	776	0.0	804	tax=d:Bacteria,p:Proteobacteria,c:Gammaproteobacteria,o:Enterobacterales,f:Enterobacteriaceae,g:Buttiauxella,s:Buttiauxella izardii
ASV1147	97.634	465	11	0	1	465	315	779	0.0	800	tax=d:Bacteria,p:Proteobacteria,c:Gammaproteobacteria,o:Enterobacterales,f:Enterobacteriaceae,g:Lelliottia,s:Lelliottia nimipressuralis
ASV1147	97.634	465	11	0	1	465	312	776	0.0	798	tax=d:Bacteria,p:Proteobacteria,c:Gammaproteobacteria,o:Enterobacterales,f:Enterobacteriaceae,g:Buttiauxella,s:Buttiauxella gaviniae
ASV1147	97.634	465	11	0	1	465	289	753	0.0	798	tax=d:Bacteria,p:Proteobacteria,c:Gammaproteobacteria,o:Enterobacterales,f:Enterobacteriaceae,g:Escherichia,s:Escherichia hermannii
ASV1147	97.634	465	11	0	1	465	312	776	0.0	798	tax=d:Bacteria,p:Proteobacteria,c:Gammaproteobacteria,o:Enterobacterales,f:Enterobacteriaceae,g:Klebsiella,s:FWNZ_s
ASV1147	97.634	465	11	0	1	465	312	776	0.0	798	tax=d:Bacteria,p:Proteobacteria,c:Gammaproteobacteria,o:Enterobacterales,f:Erwiniaceae,g:Erwinia,s:Erwinia tasmaniensis
ASV1147	97.634	465	11	0	1	465	312	776	0.0	798	tax=d:Bacteria,p:Proteobacteria,c:Gammaproteobacteria,o:Enterobacterales,f:Erwiniaceae,g:Pantoea,s:CP009454_s
ASV1147	97.634	465	11	0	1	465	314	778	0.0	798	tax=d:Bacteria,p:Proteobacteria,c:Gammaproteobacteria,o:Enterobacterales,f:Enterobacteriaceae,g:Citrobacter,s:Citrobacter sedlakii
ASV1147	97.634	465	11	0	1	465	314	778	0.0	798	tax=d:Bacteria,p:Proteobacteria,c:Gammaproteobacteria,o:Enterobacterales,f:Enterobacteriaceae,g:Citrobacter,s:Citrobacter rodentium
ASV1147	97.634	465	11	0	1	465	312	776	0.0	798	tax=d:Bacteria,p:Proteobacteria,c:Gammaproteobacteria,o:Enterobacterales,f:Enterobacteriaceae,g:Klebsiella,s:Klebsiella pneumoniae
ASV1147	97.634	465	11	0	1	465	314	778	0.0	798	tax=d:Bacteria,p:Proteobacteria,c:Gammaproteobacteria,o:Enterobacterales,f:Enterobacteriaceae,g:Citrobacter,s:Citrobacter gillenii
ASV1147	97.419	465	12	0	1	465	314	778	0.0	795	tax=d:Bacteria,p:Proteobacteria,c:Gammaproteobacteria,o:Enterobacterales,f:Enterobacteriaceae,g:Citrobacter,s:Citrobacter koseri
ASV1147	97.419	465	12	0	1	465	305	769	0.0	795	tax=d:Bacteria,p:Proteobacteria,c:Gammaproteobacteria,o:Enterobacterales,f:Enterobacteriaceae,g:Salmonella,s:Salmonella enterica
ASV1147	97.419	465	12	0	1	465	314	778	0.0	795	tax=d:Bacteria,p:Proteobacteria,c:Gammaproteobacteria,o:Enterobacterales,f:Enterobacteriaceae,g:Citrobacter,s:Citrobacter farmeri
ASV1147	97.419	465	12	0	1	465	312	776	0.0	793	tax=d:Bacteria,p:Proteobacteria,c:Gammaproteobacteria,o:Enterobacterales,f:Enterobacteriaceae,g:Raoultella,s:Raoultella terrigena
ASV1147	97.419	465	12	0	1	465	314	778	0.0	793	tax=d:Bacteria,p:Proteobacteria,c:Gammaproteobacteria,o:Enterobacterales,f:Enterobacteriaceae,g:Enterobacter,s:LVVA_s
ASV1147	97.430	467	8	4	1	465	314	778	0.0	793	tax=d:Bacteria,p:Proteobacteria,c:Gammaproteobacteria,o:Enterobacterales,f:Erwiniaceae,g:Erwinia,s:JRUQ_s
ASV1147	97.419	465	12	0	1	465	312	776	0.0	793	tax=d:Bacteria,p:Proteobacteria,c:Gammaproteobacteria,o:Enterobacterales,f:Erwiniaceae,g:Pantoea,s:JRUP_s
ASV1147	97.204	465	13	0	1	465	312	776	0.0	793	tax=d:Bacteria,p:Proteobacteria,c:Gammaproteobacteria,o:Enterobacterales,f:Enterobacteriaceae,g:Klebsiella,s:Klebsiella michiganensis
ASV1147	97.419	465	12	0	1	465	312	776	0.0	793	tax=d:Bacteria,p:Proteobacteria,c:Gammaproteobacteria,o:Enterobacterales,f:Erwiniaceae,g:Tatumella,s:Tatumella morbirosei
ASV1147	97.419	465	12	0	1	465	312	776	0.0	793	tax=d:Bacteria,p:Proteobacteria,c:Gammaproteobacteria,o:Enterobacterales,f:Enterobacteriaceae,g:Enterobacter,s:Enterobacter bugandensis
ASV1147	97.419	465	12	0	1	465	314	778	0.0	793	tax=d:Bacteria,p:Proteobacteria,c:Gammaproteobacteria,o:Enterobacterales,f:Enterobacteriaceae,g:Enterobacter,s:Enterobacter xiangfangensis
ASV1147	97.419	465	12	0	1	465	312	776	0.0	793	tax=d:Bacteria,p:Proteobacteria,c:Gammaproteobacteria,o:Enterobacterales,f:Enterobacteriaceae,g:Enterobacter,s:Enterobacter cancerogenus
ASV1147	97.419	465	12	0	1	465	314	778	0.0	793	tax=d:Bacteria,p:Proteobacteria,c:Gammaproteobacteria,o:Enterobacterales,f:Enterobacteriaceae,g:Citrobacter,s:Citrobacter amalonaticus
ASV1147	97.419	465	12	0	1	465	314	778	0.0	793	tax=d:Bacteria,p:Proteobacteria,c:Gammaproteobacteria,o:Enterobacterales,f:Enterobacteriaceae,g:Enterobacter,s:Enterobacter hormaechei
ASV1147	97.419	465	12	0	1	465	312	776	0.0	793	tax=d:Bacteria,p:Proteobacteria,c:Gammaproteobacteria,o:Enterobacterales,f:Enterobacteriaceae,g:Enterobacter,s:Enterobacter aerogenes
ASV1147	97.419	465	12	0	1	465	312	776	0.0	793	tax=d:Bacteria,p:Proteobacteria,c:Gammaproteobacteria,o:Enterobacterales,f:Enterobacteriaceae,g:Pseudescherichia,s:Pseudescherichia vulneris
ASV1147	97.419	465	12	0	1	465	313	777	0.0	793	tax=d:Bacteria,p:Proteobacteria,c:Gammaproteobacteria,o:Enterobacterales,f:Enterobacteriaceae,g:Kosakonia,s:Kosakonia cowanii
ASV1147	97.419	465	12	0	1	465	314	778	0.0	793	tax=d:Bacteria,p:Proteobacteria,c:Gammaproteobacteria,o:Enterobacterales,f:Erwiniaceae,g:Pantoea,s:AKIU_s
ASV1147	97.204	465	13	0	1	465	314	778	0.0	789	tax=d:Bacteria,p:Proteobacteria,c:Gammaproteobacteria,o:Enterobacterales,f:Enterobacteriaceae,g:Kosakonia,s:AXOM_s
ASV1147	97.204	465	13	0	1	465	292	756	0.0	787	tax=d:Bacteria,p:Proteobacteria,c:Gammaproteobacteria,o:Enterobacterales,f:Erwiniaceae,g:Erwinia,s:Erwinia rhapontici
ASV1147	97.204	465	13	0	1	465	312	776	0.0	787	tax=d:Bacteria,p:Proteobacteria,c:Gammaproteobacteria,o:Enterobacterales,f:Erwiniaceae,g:Pantoea,s:Pantoea brenneri
ASV1147	97.204	465	13	0	1	465	312	776	0.0	787	tax=d:Bacteria,p:Proteobacteria,c:Gammaproteobacteria,o:Enterobacterales,f:Enterobacteriaceae,g:Enterobacter,s:Enterobacter soli
ASV1147	97.204	465	13	0	1	465	312	776	0.0	787	tax=d:Bacteria,p:Proteobacteria,c:Gammaproteobacteria,o:Enterobacterales,f:Enterobacteriaceae,g:Enterobacter,s:KQ235774_s
ASV1147	97.021	470	9	5	1	465	293	762	0.0	787	tax=d:Bacteria,p:Proteobacteria,c:Gammaproteobacteria,o:Enterobacterales,f:Enterobacteriaceae,g:Enterobacter,s:Enterobacter muelleri
ASV1147	97.204	465	13	0	1	465	312	776	0.0	787	tax=d:Bacteria,p:Proteobacteria,c:Gammaproteobacteria,o:Enterobacterales,f:Erwiniaceae,g:Pantoea,s:JTJJ_s
ASV1147	97.204	465	13	0	1	465	314	778	0.0	787	tax=d:Bacteria,p:Proteobacteria,c:Gammaproteobacteria,o:Enterobacterales,f:Erwiniaceae,g:Erwinia,s:JFGT_s
ASV1147	97.204	465	13	0	1	465	294	758	0.0	787	tax=d:Bacteria,p:Proteobacteria,c:Gammaproteobacteria,o:Enterobacterales,f:Enterobacteriaceae,g:Enterobacter,s:Enterobacter siamensis
ASV1147	97.204	465	13	0	1	465	312	776	0.0	787	tax=d:Bacteria,p:Proteobacteria,c:Gammaproteobacteria,o:Enterobacterales,f:Enterobacteriaceae,g:Klebsiella,s:Klebsiella grimontii
ASV1147	97.210	466	12	1	1	465	312	777	0.0	787	tax=d:Bacteria,p:Proteobacteria,c:Gammaproteobacteria,o:Enterobacterales,f:Enterobacteriaceae,g:Kosakonia,s:CP002272_s
ASV1147	97.204	465	13	0	1	465	312	776	0.0	787	tax=d:Bacteria,p:Proteobacteria,c:Gammaproteobacteria,o:Enterobacterales,f:Erwiniaceae,g:Erwinia,s:Erwinia persicina
ASV1147	97.216	467	9	4	1	465	312	776	0.0	787	tax=d:Bacteria,p:Proteobacteria,c:Gammaproteobacteria,o:Enterobacterales,f:Erwiniaceae,g:Erwinia,s:Erwinia amylovora
ASV1147	97.216	467	9	4	1	465	314	778	0.0	787	tax=d:Bacteria,p:Proteobacteria,c:Gammaproteobacteria,o:Enterobacterales,f:Enterobacteriaceae,g:Cronobacter,s:Cronobacter sakazakii
ASV1147	97.204	465	13	0	1	465	314	778	0.0	787	tax=d:Bacteria,p:Proteobacteria,c:Gammaproteobacteria,o:Enterobacterales,f:Erwiniaceae,g:Siccibacter,s:Siccibacter turicensis
ASV1147	97.204	465	13	0	1	465	312	776	0.0	787	tax=d:Bacteria,p:Proteobacteria,c:Gammaproteobacteria,o:Enterobacterales,f:Erwiniaceae,g:Pantoea,s:AKIT_s
ASV1147	97.204	465	13	0	1	465	260	724	0.0	787	tax=d:Bacteria,p:Proteobacteria,c:Gammaproteobacteria,o:Enterobacterales,f:Enterobacteriaceae,g:Kluyvera,s:Kluyvera cryocrescens
ASV1147	97.204	465	13	0	1	465	312	776	0.0	787	tax=d:Bacteria,p:Proteobacteria,c:Gammaproteobacteria,o:Enterobacterales,f:Enterobacteriaceae,g:Klebsiella,s:Klebsiella granulomatis
ASV1147	96.989	465	14	0	1	465	301	765	0.0	784	tax=d:Bacteria,p:Proteobacteria,c:Gammaproteobacteria,o:Enterobacterales,f:Erwiniaceae,g:Erwinia,s:Erwinia toletana
ASV1147	96.989	465	14	0	1	465	235	699	0.0	784	tax=d:Bacteria,p:Proteobacteria,c:Gammaproteobacteria,o:Enterobacterales,f:Erwiniaceae,g:Pantoea,s:Pantoea eucalypti
ASV1147	96.989	465	14	0	1	465	236	700	0.0	784	tax=d:Bacteria,p:Proteobacteria,c:Gammaproteobacteria,o:Enterobacterales,f:Enterobacteriaceae,g:Klebsiella,s:Klebsiella singaporensis
ASV1147	96.989	465	14	0	1	465	309	773	0.0	784	tax=d:Bacteria,p:Proteobacteria,c:Gammaproteobacteria,o:Enterobacterales,f:Enterobacteriaceae,g:Pluralibacter,s:Pluralibacter gergoviae
ASV1147	96.989	465	14	0	1	465	312	776	0.0	782	tax=d:Bacteria,p:Proteobacteria,c:Gammaproteobacteria,o:Enterobacterales,f:Erwiniaceae,g:Erwinia,s:MTCH_s
ASV1147	96.989	465	14	0	1	465	312	776	0.0	782	tax=d:Bacteria,p:Proteobacteria,c:Gammaproteobacteria,o:Enterobacterales,f:Enterobacteriaceae,g:Enterobacter,s:LGIT_s
ASV1147	96.989	465	14	0	1	465	312	776	0.0	782	tax=d:Bacteria,p:Proteobacteria,c:Gammaproteobacteria,o:Enterobacterales,f:Enterobacteriaceae,g:Enterobacter,s:KN150796_s
ASV1147	96.989	465	14	0	1	465	291	755	0.0	782	tax=d:Bacteria,p:Proteobacteria,c:Gammaproteobacteria,o:Enterobacterales,f:Enterobacteriaceae,g:Pseudocitrobacter,s:Pseudocitrobacter anthropi
ASV1147	96.989	465	14	0	1	465	311	775	0.0	782	tax=d:Bacteria,p:Proteobacteria,c:Gammaproteobacteria,o:Enterobacterales,f:Enterobacteriaceae,g:Pseudocitrobacter,s:Pseudocitrobacter faecalis
ASV1147	96.989	465	14	0	1	465	314	778	0.0	782	tax=d:Bacteria,p:Proteobacteria,c:Gammaproteobacteria,o:Enterobacterales,f:Erwiniaceae,g:Pantoea,s:Pantoea stewartii
ASV1147	96.989	465	14	0	1	465	312	776	0.0	782	tax=d:Bacteria,p:Proteobacteria,c:Gammaproteobacteria,o:Enterobacterales,f:Enterobacteriaceae,g:Yokenella,s:Yokenella regensburgei
ASV1147	96.989	465	14	0	1	465	312	776	0.0	782	tax=d:Bacteria,p:Proteobacteria,c:Gammaproteobacteria,o:Enterobacterales,f:Enterobacteriaceae,g:Klebsiella,s:Klebsiella quasipneumoniae
ASV1147	96.989	465	14	0	1	465	314	778	0.0	782	tax=d:Bacteria,p:Proteobacteria,c:Gammaproteobacteria,o:Enterobacterales,f:Enterobacteriaceae,g:Citrobacter,s:Citrobacter europaeus
ASV1147	96.989	465	14	0	1	465	249	713	0.0	782	tax=d:Bacteria,p:Proteobacteria,c:Gammaproteobacteria,o:Enterobacterales,f:Erwiniaceae,g:Pantoea,s:Pantoea vagans
ASV1147	96.996	466	12	2	1	465	314	778	0.0	782	tax=d:Bacteria,p:Proteobacteria,c:Gammaproteobacteria,o:Enterobacterales,f:Erwiniaceae,g:Pantoea,s:Pantoea alhagi
ASV1147	96.989	465	14	0	1	465	314	778	0.0	782	tax=d:Bacteria,p:Proteobacteria,c:Gammaproteobacteria,o:Enterobacterales,f:Enterobacteriaceae,g:Citrobacter,s:CP014030_s
ASV1147	96.989	465	14	0	1	465	314	778	0.0	782	tax=d:Bacteria,p:Proteobacteria,c:Gammaproteobacteria,o:Enterobacterales,f:Enterobacteriaceae,g:Cronobacter,s:Cronobacter dublinensis
ASV1147	96.989	465	14	0	1	465	312	776	0.0	782	tax=d:Bacteria,p:Proteobacteria,c:Gammaproteobacteria,o:Enterobacterales,f:Enterobacteriaceae,g:Klebsiella,s:Klebsiella variicola
ASV1147	96.989	465	14	0	1	465	312	776	0.0	782	tax=d:Bacteria,p:Proteobacteria,c:Gammaproteobacteria,o:Enterobacterales,f:Enterobacteriaceae,g:Klebsiella,s:Klebsiella quasipneumoniae
ASV1147	96.989	465	14	0	1	465	312	776	0.0	782	tax=d:Bacteria,p:Proteobacteria,c:Gammaproteobacteria,o:Enterobacterales,f:Erwiniaceae,g:Pantoea,s:Pantoea allii
ASV1147	97.009	468	8	5	1	465	314	778	0.0	782	tax=d:Bacteria,p:Proteobacteria,c:Gammaproteobacteria,o:Enterobacterales,f:Erwiniaceae,g:Pantoea,s:ASZC_s
ASV1147	96.989	465	14	0	1	465	312	776	0.0	782	tax=d:Bacteria,p:Proteobacteria,c:Gammaproteobacteria,o:Enterobacterales,f:Enterobacteriaceae,g:Cronobacter,s:Cronobacter dublinensis
ASV1147	96.989	465	14	0	1	465	314	778	0.0	782	tax=d:Bacteria,p:Proteobacteria,c:Gammaproteobacteria,o:Enterobacterales,f:Enterobacteriaceae,g:Cronobacter,s:Cronobacter dublinensis
ASV1147	96.996	466	12	2	1	465	312	776	0.0	782	tax=d:Bacteria,p:Proteobacteria,c:Gammaproteobacteria,o:Enterobacterales,f:Enterobacteriaceae,g:Buttiauxella,s:Buttiauxella brennerae
ASV1147	96.989	465	14	0	1	465	312	776	0.0	782	tax=d:Bacteria,p:Proteobacteria,c:Gammaproteobacteria,o:Enterobacterales,f:Enterobacteriaceae,g:Klebsiella,s:Klebsiella pneumoniae
ASV1147	96.989	465	14	0	1	465	310	774	0.0	782	tax=d:Bacteria,p:Proteobacteria,c:Gammaproteobacteria,o:Enterobacterales,f:Enterobacteriaceae,g:Raoultella,s:Raoultella electrica
ASV1147	96.989	465	14	0	1	465	312	776	0.0	782	tax=d:Bacteria,p:Proteobacteria,c:Gammaproteobacteria,o:Enterobacterales,f:Erwiniaceae,g:Erwinia,s:AB480775_s
ASV1147	96.989	465	13	1	1	465	312	775	0.0	780	tax=d:Bacteria,p:Proteobacteria,c:Gammaproteobacteria,o:Enterobacterales,f:Erwiniaceae,g:Erwinia,s:Erwinia endophytica
ASV1147	96.989	465	12	2	1	465	311	773	0.0	780	tax=d:Bacteria,p:Proteobacteria,c:Gammaproteobacteria,o:Enterobacterales,f:Enterobacteriaceae,g:Enterobacter,s:Enterobacter asburiae
ASV1147	96.774	465	15	0	1	465	314	778	0.0	778	tax=d:Bacteria,p:Proteobacteria,c:Gammaproteobacteria,o:Enterobacterales,f:Erwiniaceae,g:Erwinia,s:Erwinia psidii
ASV1147	96.559	465	16	0	1	465	314	778	0.0	776	tax=d:Bacteria,p:Proteobacteria,c:Gammaproteobacteria,o:Enterobacterales,f:Erwiniaceae,g:Erwinia,s:Erwinia mallotivora
ASV1147	96.559	465	16	0	1	465	310	774	0.0	776	tax=d:Bacteria,p:Proteobacteria,c:Gammaproteobacteria,o:Enterobacterales,f:Enterobacteriaceae,g:Klebsiella,s:Klebsiella pneumoniae
ASV1147	96.774	465	15	0	1	465	314	778	0.0	776	tax=d:Bacteria,p:Proteobacteria,c:Gammaproteobacteria,o:Enterobacterales,f:Erwiniaceae,g:Pantoea,s:Pantoea cypripedii
ASV1147	96.774	465	15	0	1	465	251	715	0.0	776	tax=d:Bacteria,p:Proteobacteria,c:Gammaproteobacteria,o:Enterobacterales,f:Erwiniaceae,g:Pantoea,s:Flavobacterium acidificum
ASV1147	96.774	465	15	0	1	465	312	776	0.0	776	tax=d:Bacteria,p:Proteobacteria,c:Gammaproteobacteria,o:Enterobacterales,f:Erwiniaceae,g:Erwinia,s:Erwinia billingiae
ASV1147	96.788	467	11	4	1	465	314	778	0.0	776	tax=d:Bacteria,p:Proteobacteria,c:Gammaproteobacteria,o:Enterobacterales,f:Erwiniaceae,g:Tatumella,s:Tatumella ptyseos
ASV1147	96.774	465	15	0	1	465	312	776	0.0	776	tax=d:Bacteria,p:Proteobacteria,c:Gammaproteobacteria,o:Enterobacterales,f:Erwiniaceae,g:Pantoea,s:Pantoea ananatis
ASV1147	96.795	468	9	6	1	465	259	723	0.0	776	tax=d:Bacteria,p:Proteobacteria,c:Gammaproteobacteria,o:Enterobacterales,f:Erwiniaceae,g:Erwinia,s:Erwinia typographi
ASV1147	96.795	468	9	5	1	465	314	778	0.0	776	tax=d:Bacteria,p:Proteobacteria,c:Gammaproteobacteria,o:Enterobacterales,f:Erwiniaceae,g:Tatumella,s:Tatumella terrea
ASV1147	96.774	465	15	0	1	465	314	778	0.0	776	tax=d:Bacteria,p:Proteobacteria,c:Gammaproteobacteria,o:Enterobacterales,f:Enterobacteriaceae,g:Citrobacter,s:CP011602_s
ASV1147	96.774	465	15	0	1	465	314	778	0.0	776	tax=d:Bacteria,p:Proteobacteria,c:Gammaproteobacteria,o:Enterobacterales,f:Enterobacteriaceae,g:Cedecea,s:CP009459_s
ASV1147	96.774	465	15	0	1	465	312	776	0.0	776	tax=d:Bacteria,p:Proteobacteria,c:Gammaproteobacteria,o:Enterobacterales,f:Enterobacteriaceae,g:Cedecea,s:CP009458_s
ASV1147	96.774	465	15	0	1	465	306	770	0.0	776	tax=d:Bacteria,p:Proteobacteria,c:Gammaproteobacteria,o:Enterobacterales,f:Yersiniaceae,g:Serratia,s:Serratia ureilytica
ASV1147	96.774	465	15	0	1	465	314	778	0.0	776	tax=d:Bacteria,p:Proteobacteria,c:Gammaproteobacteria,o:Enterobacterales,f:Enterobacteriaceae,g:Salmonella,s:Salmonella enterica
ASV1147	96.781	466	13	2	1	465	309	773	0.0	776	tax=d:Bacteria,p:Proteobacteria,c:Gammaproteobacteria,o:Enterobacterales,f:Erwiniaceae,g:Erwinia,s:Erwinia uzenensis
ASV1147	96.559	465	16	0	1	465	314	778	0.0	774	tax=d:Bacteria,p:Proteobacteria,c:Gammaproteobacteria,o:Enterobacterales,f:Erwiniaceae,g:Pantoea,s:Pantoea stewartii
ASV1147	96.559	465	16	0	1	465	312	776	0.0	771	tax=d:Bacteria,p:Proteobacteria,c:Gammaproteobacteria,o:Enterobacterales,f:Enterobacteriaceae,g:Kluyvera,s:Kluyvera georgiana
ASV1147	96.559	465	16	0	1	465	314	778	0.0	771	tax=d:Bacteria,p:Proteobacteria,c:Gammaproteobacteria,o:Enterobacterales,f:Erwiniaceae,g:Siccibacter,s:Siccibacter colletis
ASV1147	96.559	465	16	0	1	465	260	724	0.0	771	tax=d:Bacteria,p:Proteobacteria,c:Gammaproteobacteria,o:Enterobacterales,f:Enterobacteriaceae,g:Citrobacter,s:Citrobacter bitternis
ASV1147	96.559	465	16	0	1	465	276	740	0.0	771	tax=d:Bacteria,p:Proteobacteria,c:Gammaproteobacteria,o:Enterobacterales,f:Erwiniaceae,g:Pantoea,s:Curtobacterium plantarum
ASV1147	96.559	465	16	0	1	465	308	772	0.0	771	tax=d:Bacteria,p:Proteobacteria,c:Betaproteobacteria,o:Burkholderiales,f:Oxalobacteraceae,g:Janthinobacterium,s:JF766456_s
ASV1147	96.559	465	16	0	1	465	244	708	0.0	771	tax=d:Bacteria,p:Proteobacteria,c:Gammaproteobacteria,o:Enterobacterales,f:Erwiniaceae,g:Pantoea,s:Pantoea deleyi
ASV1147	96.559	465	16	0	1	465	312	776	0.0	771	tax=d:Bacteria,p:Proteobacteria,c:Gammaproteobacteria,o:Enterobacterales,f:Enterobacteriaceae,g:Phytobacter,s:Phytobacter diazotrophicus
ASV1147	96.574	467	12	4	1	465	314	778	0.0	771	tax=d:Bacteria,p:Proteobacteria,c:Gammaproteobacteria,o:Enterobacterales,f:Enterobacteriaceae,g:Shimwellia,s:Shimwellia blattae
ASV1147	96.574	467	12	4	1	465	312	776	0.0	771	tax=d:Bacteria,p:Proteobacteria,c:Gammaproteobacteria,o:Enterobacterales,f:Erwiniaceae,g:Tatumella,s:Tatumella saanichensis
ASV1147	96.559	465	16	0	1	465	314	778	0.0	771	tax=d:Bacteria,p:Proteobacteria,c:Gammaproteobacteria,o:Enterobacterales,f:Enterobacteriaceae,g:Cronobacter,s:Cronobacter universalis
ASV1147	96.574	467	12	4	1	465	314	778	0.0	771	tax=d:Bacteria,p:Proteobacteria,c:Gammaproteobacteria,o:Enterobacterales,f:Enterobacteriaceae,g:Cronobacter,s:Cronobacter malonaticus
ASV1147	96.559	465	16	0	1	465	314	778	0.0	771	tax=d:Bacteria,p:Proteobacteria,c:Gammaproteobacteria,o:Enterobacterales,f:Enterobacteriaceae,g:Cronobacter,s:Cronobacter muytjensii
ASV1147	96.559	465	16	0	1	465	297	761	0.0	771	tax=d:Bacteria,p:Proteobacteria,c:Gammaproteobacteria,o:Enterobacterales,f:Erwiniaceae,g:Pantoea,s:Pantoea agglomerans
ASV1147	96.344	465	17	0	1	465	314	778	0.0	765	tax=d:Bacteria,p:Proteobacteria,c:Gammaproteobacteria,o:Enterobacterales,f:Enterobacteriaceae,g:Citrobacter,s:Cedecea lapagei
ASV1147	96.344	465	17	0	1	465	235	699	0.0	765	tax=d:Bacteria,p:Proteobacteria,c:Gammaproteobacteria,o:Enterobacterales,f:Enterobacteriaceae,g:Gibbsiella,s:Gibbsiella greigii
ASV1147	96.344	465	17	0	1	465	314	778	0.0	765	tax=d:Bacteria,p:Proteobacteria,c:Gammaproteobacteria,o:Enterobacterales,f:Pectobacteriaceae,g:Pectobacterium,s:Pectobacterium carotovorum
ASV1147	96.344	465	17	0	1	465	312	776	0.0	765	tax=d:Bacteria,p:Proteobacteria,c:Gammaproteobacteria,o:Enterobacterales,f:Enterobacteriaceae,g:Raoultella,s:Raoultella planticola
ASV1147	96.344	465	17	0	1	465	314	778	0.0	765	tax=d:Bacteria,p:Proteobacteria,c:Gammaproteobacteria,o:Enterobacterales,f:Enterobacteriaceae,g:Cronobacter,s:Cronobacter turicensis
ASV1147	96.344	465	17	0	1	465	312	776	0.0	765	tax=d:Bacteria,p:Proteobacteria,c:Gammaproteobacteria,o:Enterobacterales,f:Erwiniaceae,g:Erwinia,s:Erwinia pyrifoliae
ASV1147	96.360	467	13	4	1	465	292	756	0.0	765	tax=d:Bacteria,p:Proteobacteria,c:Gammaproteobacteria,o:Enterobacterales,f:Enterobacteriaceae,g:Shimwellia,s:Shimwellia pseudoproteus
ASV1147	96.344	465	17	0	1	465	313	777	0.0	765	tax=d:Bacteria,p:Proteobacteria,c:Gammaproteobacteria,o:Enterobacterales,f:Erwiniaceae,g:Erwinia,s:DQ321569_s
ASV1147	96.344	465	17	0	1	465	314	778	0.0	765	tax=d:Bacteria,p:Proteobacteria,c:Gammaproteobacteria,o:Enterobacterales,f:Enterobacteriaceae,g:Gibbsiella,s:Gibbsiella quercinecans
ASV1147	96.344	465	17	0	1	465	312	776	0.0	765	tax=d:Bacteria,p:Proteobacteria,c:Gammaproteobacteria,o:Enterobacterales,f:Enterobacteriaceae,g:Cedecea,s:CP011077_s
ASV1147	96.344	465	17	0	1	465	314	778	0.0	765	tax=d:Bacteria,p:Proteobacteria,c:Gammaproteobacteria,o:Enterobacterales,f:Erwiniaceae,g:Pantoea,s:Pantoea eucrina
ASV1147	96.344	465	17	0	1	465	312	776	0.0	765	tax=d:Bacteria,p:Proteobacteria,c:Gammaproteobacteria,o:Enterobacterales,f:Enterobacteriaceae,g:Cedecea,s:CP009451_s
ASV1147	96.344	465	17	0	1	465	314	778	0.0	765	tax=d:Bacteria,p:Proteobacteria,c:Gammaproteobacteria,o:Enterobacterales,f:Enterobacteriaceae,g:Cedecea,s:Cedecea neteri
ASV1147	96.344	465	17	0	1	465	312	776	0.0	765	tax=d:Bacteria,p:Proteobacteria,c:Gammaproteobacteria,o:Enterobacterales,f:Erwiniaceae,g:Pantoea,s:ALXE_s
ASV1147	96.352	466	15	2	1	465	314	778	0.0	765	tax=d:Bacteria,p:Proteobacteria,c:Gammaproteobacteria,o:Enterobacterales,f:Erwiniaceae,g:Pantoea,s:Pantoea theicola
ASV1147	96.344	465	16	1	1	465	314	777	0.0	763	tax=d:Bacteria,p:Proteobacteria,c:Gammaproteobacteria,o:Enterobacterales,f:Erwiniaceae,g:Pantoea,s:Pantoea conspicua
ASV1147	96.129	465	18	0	1	465	252	716	0.0	763	tax=d:Bacteria,p:Proteobacteria,c:Gammaproteobacteria,o:Enterobacterales,f:Erwiniaceae,g:Pantoea,s:Pantoea anthophila
ASV1147	96.344	465	16	1	1	465	312	775	0.0	763	tax=d:Bacteria,p:Proteobacteria,c:Gammaproteobacteria,o:Enterobacterales,f:Enterobacteriaceae,g:Kluyvera,s:CP022114_s
ASV1147	96.129	465	18	0	1	465	236	700	0.0	761	tax=d:Bacteria,p:Proteobacteria,c:Gammaproteobacteria,o:Enterobacterales,f:Enterobacteriaceae,g:Phytobacter,s:Phytobacter ursingii
ASV1147	96.129	465	18	0	1	465	235	699	0.0	761	tax=d:Bacteria,p:Proteobacteria,c:Gammaproteobacteria,o:Enterobacterales,f:Erwiniaceae,g:Pantoea,s:Pantoea dispersa
ASV1147	95.914	465	19	0	1	465	312	776	0.0	761	tax=d:Bacteria,p:Proteobacteria,c:Gammaproteobacteria,o:Enterobacterales,f:Enterobacteriaceae,g:Raoultella,s:Raoultella ornithinolytica
ASV1147	96.129	465	18	0	1	465	314	778	0.0	761	tax=d:Bacteria,p:Proteobacteria,c:Gammaproteobacteria,o:Enterobacterales,f:Enterobacteriaceae,g:Salmonella,s:Salmonella bongori
ASV1147	96.129	465	18	0	1	465	286	750	0.0	760	tax=d:Bacteria,p:Proteobacteria,c:Gammaproteobacteria,o:Enterobacterales,f:Erwiniaceae,g:Erwinia,s:Erwinia teleogrylli
ASV1147	96.137	466	16	2	1	465	314	778	0.0	760	tax=d:Bacteria,p:Proteobacteria,c:Gammaproteobacteria,o:Enterobacterales,f:Enterobacteriaceae,g:Kosakonia,s:Kosakonia arachidis
ASV1147	96.344	465	11	5	1	465	259	717	0.0	760	tax=d:Bacteria,p:Proteobacteria,c:Gammaproteobacteria,o:Enterobacterales,f:Erwiniaceae,g:Erwinia,s:Erwinia piriflorinigrans
ASV1147	96.129	465	18	0	1	465	312	776	0.0	760	tax=d:Bacteria,p:Proteobacteria,c:Gammaproteobacteria,o:Enterobacterales,f:Enterobacteriaceae,g:Kosakonia,s:Kosakonia pseudosacchari
ASV1147	96.129	465	18	0	1	465	312	776	0.0	760	tax=d:Bacteria,p:Proteobacteria,c:Gammaproteobacteria,o:Enterobacterales,f:Enterobacteriaceae,g:Kosakonia,s:Kosakonia radicincitans
ASV1147	96.129	465	18	0	1	465	312	776	0.0	760	tax=d:Bacteria,p:Proteobacteria,c:Gammaproteobacteria,o:Enterobacterales,f:Enterobacteriaceae,g:Kosakonia,s:Kosakonia oryzae
ASV1147	96.129	465	18	0	1	465	314	778	0.0	760	tax=d:Bacteria,p:Proteobacteria,c:Gammaproteobacteria,o:Enterobacterales,f:Enterobacteriaceae,g:Gibbsiella,s:Gibbsiella dentisursi
ASV1147	96.711	456	14	1	1	456	314	768	0.0	758	tax=d:Bacteria,p:Proteobacteria,c:Gammaproteobacteria,o:Enterobacterales,f:Enterobacteriaceae,g:Pluralibacter,s:Pluralibacter pyrinus
ASV1147	95.914	465	19	0	1	465	314	778	0.0	754	tax=d:Bacteria,p:Proteobacteria,c:Gammaproteobacteria,o:Enterobacterales,f:Erwiniaceae,g:Pantoea,s:Pantoea wallisii
ASV1147	95.923	466	17	2	1	465	314	778	0.0	754	tax=d:Bacteria,p:Proteobacteria,c:Gammaproteobacteria,o:Enterobacterales,f:Erwiniaceae,g:Pantoea,s:Pantoea intestinalis
ASV1147	95.931	467	15	4	1	465	314	778	0.0	754	tax=d:Bacteria,p:Proteobacteria,c:Gammaproteobacteria,o:Enterobacterales,f:Enterobacteriaceae,g:Enterobacillus,s:Enterobacillus tribolii
ASV1147	95.931	467	15	4	1	465	314	778	0.0	754	tax=d:Bacteria,p:Proteobacteria,c:Gammaproteobacteria,o:Enterobacterales,f:Hafniaceae,g:Hafnia,s:FMIQ_s
ASV1147	95.940	468	13	6	1	465	314	778	0.0	754	tax=d:Bacteria,p:Proteobacteria,c:Gammaproteobacteria,o:Enterobacterales,f:Erwiniaceae,g:Tatumella,s:Tatumella citrea
ASV1147	95.914	465	19	0	1	465	312	776	0.0	754	tax=d:Bacteria,p:Proteobacteria,c:Gammaproteobacteria,o:Enterobacterales,f:Enterobacteriaceae,g:Kosakonia,s:Kosakonia sacchari
ASV1147	95.931	467	15	3	1	465	312	776	0.0	754	tax=d:Bacteria,p:Proteobacteria,c:Gammaproteobacteria,o:Enterobacterales,f:Enterobacteriaceae,g:Kosakonia,s:CP005991_s
ASV1147	95.914	465	19	0	1	465	314	778	0.0	754	tax=d:Bacteria,p:Proteobacteria,c:Gammaproteobacteria,o:Enterobacterales,f:Yersiniaceae,g:Yersinia,s:Yersinia massiliensis
ASV1147	95.914	465	19	0	1	465	314	778	0.0	754	tax=d:Bacteria,p:Proteobacteria,c:Gammaproteobacteria,o:Enterobacterales,f:Erwiniaceae,g:Erwinia,s:Erwinia papayae
ASV1147	95.914	465	19	0	1	465	314	778	0.0	754	tax=d:Bacteria,p:Proteobacteria,c:Gammaproteobacteria,o:Enterobacterales,f:Erwiniaceae,g:Pantoea,s:AP012551_s
ASV1147	95.896	463	19	0	3	465	314	776	0.0	750	tax=d:Bacteria,p:Proteobacteria,c:Gammaproteobacteria,o:Enterobacterales,f:Erwiniaceae,g:Erwinia,s:Erwinia dacicola
ASV1147	95.699	465	20	0	1	465	314	778	0.0	750	tax=d:Bacteria,p:Proteobacteria,c:Gammaproteobacteria,o:Enterobacterales,f:Pectobacteriaceae,g:Pectobacterium,s:Pectobacterium aroidearum
ASV1147	95.699	465	20	0	1	465	314	778	0.0	749	tax=d:Bacteria,p:Proteobacteria,c:Gammaproteobacteria,o:Enterobacterales,f:Pectobacteriaceae,g:Pectobacterium,s:Pectobacterium parmentieri
ASV1147	95.699	465	20	0	1	465	295	759	0.0	749	tax=d:Bacteria,p:Proteobacteria,c:Gammaproteobacteria,o:Enterobacterales,f:Erwiniaceae,g:Pantoea,s:Pantoea coffeiphila
ASV1147	95.708	466	18	2	1	465	314	778	0.0	749	tax=d:Bacteria,p:Proteobacteria,c:Gammaproteobacteria,o:Enterobacterales,f:Erwiniaceae,g:Erwinia,s:Erwinia iniecta
ASV1147	95.717	467	16	4	1	465	314	778	0.0	749	tax=d:Bacteria,p:Proteobacteria,c:Gammaproteobacteria,o:Enterobacterales,f:Hafniaceae,g:Hafnia,s:Hafnia alvei
ASV1147	95.708	466	18	2	1	465	279	743	0.0	749	tax=d:Bacteria,p:Proteobacteria,c:Gammaproteobacteria,o:Enterobacterales,f:Enterobacteriaceae,g:Kosakonia,s:Kosakonia oryziphila
ASV1147	95.699	465	20	0	1	465	261	725	0.0	749	tax=d:Bacteria,p:Proteobacteria,c:Gammaproteobacteria,o:Enterobacterales,f:Enterobacteriaceae,g:Mangrovibacter,s:Mangrovibacter plantisponsor
ASV1147	95.717	467	16	4	1	465	314	778	0.0	749	tax=d:Bacteria,p:Proteobacteria,c:Gammaproteobacteria,o:Enterobacterales,f:Hafniaceae,g:Hafnia,s:Obesumbacterium proteus
ASV1147	95.699	465	20	0	1	465	314	778	0.0	749	tax=d:Bacteria,p:Proteobacteria,c:Gammaproteobacteria,o:Enterobacterales,f:Enterobacteriaceae,g:Cedecea,s:Cedecea davisae
ASV1147	95.708	466	18	2	1	465	334	798	0.0	749	tax=d:Bacteria,p:Proteobacteria,c:Gammaproteobacteria,o:Enterobacterales,f:Pectobacteriaceae,g:Dickeya,s:AODU_s
ASV1147	95.699	465	19	1	1	465	314	777	0.0	747	tax=d:Bacteria,p:Proteobacteria,c:Gammaproteobacteria,o:Enterobacterales,f:Erwiniaceae,g:Pantoea,s:Pantoea calida
ASV1147	95.708	466	15	5	1	465	312	773	0.0	745	tax=d:Bacteria,p:Proteobacteria,c:Gammaproteobacteria,o:Enterobacterales,f:Enterobacteriaceae,g:Klebsiella,s:Kluyvera intestini
ASV1147	95.484	465	21	0	1	465	311	775	0.0	743	tax=d:Bacteria,p:Proteobacteria,c:Gammaproteobacteria,o:Enterobacterales,f:Yersiniaceae,g:Rahnella,s:Rahnella inusitata
ASV1147	95.484	465	21	0	1	465	314	778	0.0	743	tax=d:Bacteria,p:Proteobacteria,c:Gammaproteobacteria,o:Enterobacterales,f:Yersiniaceae,g:Rouxiella,s:Rouxiella badensis
ASV1147	95.484	465	21	0	1	465	314	778	0.0	743	tax=d:Bacteria,p:Proteobacteria,c:Gammaproteobacteria,o:Enterobacterales,f:Hafniaceae,g:Hafnia,s:Hafnia paralvei
ASV1147	95.484	465	21	0	1	465	260	724	0.0	743	tax=d:Bacteria,p:Proteobacteria,c:Gammaproteobacteria,o:Enterobacterales,f:Enterobacteriaceae,g:Mangrovibacter,s:Mangrovibacter phragmitis
ASV1147	95.484	465	21	0	1	465	314	778	0.0	743	tax=d:Bacteria,p:Proteobacteria,c:Gammaproteobacteria,o:Enterobacterales,f:Yersiniaceae,g:Rouxiella,s:Rouxiella chamberiensis
ASV1147	95.484	465	21	0	1	465	314	778	0.0	743	tax=d:Bacteria,p:Proteobacteria,c:Gammaproteobacteria,o:Enterobacterales,f:Pectobacteriaceae,g:Pectobacterium,s:Pectobacterium carotovorum
ASV1147	95.494	466	19	2	1	465	314	778	0.0	743	tax=d:Bacteria,p:Proteobacteria,c:Gammaproteobacteria,o:Enterobacterales,f:Pectobacteriaceae,g:Pectobacterium,s:Pectobacterium atrosepticum
ASV1147	95.484	465	21	0	1	465	314	778	0.0	743	tax=d:Bacteria,p:Proteobacteria,c:Gammaproteobacteria,o:Enterobacterales,f:Pectobacteriaceae,g:Pectobacterium,s:Pectobacterium carotovorum
ASV1147	95.484	465	21	0	1	465	314	778	0.0	743	tax=d:Bacteria,p:Proteobacteria,c:Gammaproteobacteria,o:Enterobacterales,f:Hafniaceae,g:Ewingella,s:Ewingella americana
ASV1147	95.494	466	19	2	1	465	167	631	0.0	743	tax=d:Bacteria,p:Proteobacteria,c:Gammaproteobacteria,o:Enterobacterales,f:Erwiniaceae,g:Stammerula,s:Stammerula tephritidis
ASV1147	95.503	467	17	3	1	465	312	776	0.0	743	tax=d:Bacteria,p:Proteobacteria,c:Gammaproteobacteria,o:Enterobacterales,f:Enterobacteriaceae,g:Franconibacter,s:Franconibacter pulveris
ASV1147	95.494	466	19	2	1	465	314	778	0.0	743	tax=d:Bacteria,p:Proteobacteria,c:Gammaproteobacteria,o:Enterobacterales,f:Pectobacteriaceae,g:Pectobacterium,s:Pectobacterium wasabiae
ASV1147	95.269	465	22	0	1	465	292	756	0.0	737	tax=d:Bacteria,p:Proteobacteria,c:Gammaproteobacteria,o:Enterobacterales,f:Pectobacteriaceae,g:Pectobacterium,s:Pectobacterium betavasculorum
ASV1147	95.269	465	22	0	1	465	314	778	0.0	737	tax=d:Bacteria,p:Proteobacteria,c:Gammaproteobacteria,o:Enterobacterales,f:Yersiniaceae,g:Rouxiella,s:Rouxiella silvae
ASV1147	95.269	465	22	0	1	465	286	750	0.0	737	tax=d:Bacteria,p:Proteobacteria,c:Gammaproteobacteria,o:Enterobacterales,f:Erwiniaceae,g:Pantoea,s:Pantoea beijingensis
ASV1147	95.269	465	22	0	1	465	314	778	0.0	737	tax=d:Bacteria,p:Proteobacteria,c:Gammaproteobacteria,o:Enterobacterales,f:Yersiniaceae,g:Serratia,s:Serratia marcescens
ASV1147	95.032	463	23	0	3	465	229	691	0.0	737	tax=d:Bacteria,p:Proteobacteria,c:Gammaproteobacteria,o:Enterobacterales,f:Erwiniaceae,g:Erwinia,s:Erwinia gerundensis
ASV1147	95.269	465	22	0	1	465	293	757	0.0	737	tax=d:Bacteria,p:Proteobacteria,c:Gammaproteobacteria,o:Enterobacterales,f:Enterobacteriaceae,g:HM640295_g,s:EU078564_s
ASV1147	95.269	465	22	0	1	465	314	778	0.0	737	tax=d:Bacteria,p:Proteobacteria,c:Gammaproteobacteria,o:Enterobacterales,f:Pectobacteriaceae,g:Samsonia,s:Samsonia erythrinae
ASV1147	95.269	465	22	0	1	465	314	778	0.0	737	tax=d:Bacteria,p:Proteobacteria,c:Gammaproteobacteria,o:Enterobacterales,f:Yersiniaceae,g:Serratia,s:Serratia marcescens
ASV1147	95.269	465	21	1	1	465	314	777	0.0	736	tax=d:Bacteria,p:Proteobacteria,c:Gammaproteobacteria,o:Enterobacterales,f:Erwiniaceae,g:Pantoea,s:Pantoea gaviniae
ASV1147	95.085	468	17	5	1	465	314	778	0.0	732	tax=d:Bacteria,p:Proteobacteria,c:Gammaproteobacteria,o:Enterobacterales,f:Enterobacteriaceae,g:Franconibacter,s:Franconibacter daqui
ASV1147	95.054	465	23	0	1	465	287	751	0.0	732	tax=d:Bacteria,p:Proteobacteria,c:Gammaproteobacteria,o:Enterobacterales,f:Pectobacteriaceae,g:Brenneria,s:Brenneria populi
ASV1147	95.054	465	23	0	1	465	314	778	0.0	732	tax=d:Bacteria,p:Proteobacteria,c:Gammaproteobacteria,o:Enterobacterales,f:Pectobacteriaceae,g:Dickeya,s:JSYG_s
ASV1147	95.075	467	19	4	1	465	314	778	0.0	732	tax=d:Bacteria,p:Proteobacteria,c:Gammaproteobacteria,o:Enterobacterales,f:Pectobacteriaceae,g:Pectobacterium,s:Pectobacterium carotovorum
ASV1147	95.054	465	23	0	1	465	314	778	0.0	732	tax=d:Bacteria,p:Proteobacteria,c:Gammaproteobacteria,o:Enterobacterales,f:Yersiniaceae,g:Serratia,s:Serratia nematodiphila
ASV1147	95.054	465	23	0	1	465	266	730	0.0	732	tax=d:Bacteria,p:Proteobacteria,c:Gammaproteobacteria,o:Enterobacterales,f:Enterobacteriaceae,g:HM640295_g,s:GU938599_s
ASV1147	95.054	465	23	0	1	465	314	778	0.0	732	tax=d:Bacteria,p:Proteobacteria,c:Gammaproteobacteria,o:Enterobacterales,f:Yersiniaceae,g:Serratia,s:CP016948_s
ASV1147	95.054	465	23	0	1	465	314	778	0.0	732	tax=d:Bacteria,p:Proteobacteria,c:Gammaproteobacteria,o:Enterobacterales,f:Yersiniaceae,g:Serratia,s:CP012685_s
ASV1147	95.054	465	23	0	1	465	312	776	0.0	732	tax=d:Bacteria,p:Proteobacteria,c:Gammaproteobacteria,o:Enterobacterales,f:Pectobacteriaceae,g:Pectobacterium,s:CP001657_s
ASV1147	95.064	466	21	2	1	465	304	768	0.0	732	tax=d:Bacteria,p:Proteobacteria,c:Gammaproteobacteria,o:Enterobacterales,f:Budviciaceae,g:Budvicia,s:Budvicia aquatica
ASV1147	95.075	467	19	4	1	465	314	778	0.0	732	tax=d:Bacteria,p:Proteobacteria,c:Gammaproteobacteria,o:Enterobacterales,f:Erwiniaceae,g:Pantoea,s:AB703086_s
ASV1147	95.054	465	22	1	1	465	314	777	0.0	730	tax=d:Bacteria,p:Proteobacteria,c:Gammaproteobacteria,o:Enterobacterales,f:Enterobacteriaceae,g:AF015258_g,s:AF015258_s
ASV1147	94.883	469	18	6	1	465	311	777	0.0	728	tax=d:Bacteria,p:Proteobacteria,c:Gammaproteobacteria,o:Enterobacterales,f:Enterobacteriaceae,g:Salmonella,s:Salmonella subterranea
ASV1147	94.433	467	22	4	1	465	314	778	0.0	726	tax=d:Bacteria,p:Proteobacteria,c:Gammaproteobacteria,o:Enterobacterales,f:Erwiniaceae,g:Erwinia,s:Erwinia tracheiphila
ASV1147	94.861	467	20	4	1	465	314	778	0.0	726	tax=d:Bacteria,p:Proteobacteria,c:Gammaproteobacteria,o:Enterobacterales,f:Enterobacteriaceae,g:Plesiomonas,s:Plesiomonas shigelloides
ASV1147	94.839	465	24	0	1	465	314	778	0.0	726	tax=d:Bacteria,p:Proteobacteria,c:Gammaproteobacteria,o:Enterobacterales,f:Enterobacteriaceae,g:Mangrovibacter,s:Mangrovibacter yixingensis
ASV1147	94.872	468	18	5	1	465	314	778	0.0	726	tax=d:Bacteria,p:Proteobacteria,c:Gammaproteobacteria,o:Enterobacterales,f:Yersiniaceae,g:Serratia,s:Serratia myotis
ASV1147	94.861	467	20	4	1	465	314	778	0.0	726	tax=d:Bacteria,p:Proteobacteria,c:Gammaproteobacteria,o:Enterobacterales,f:Enterobacteriaceae,g:Rosenbergiella,s:Rosenbergiella australiborealis
ASV1147	94.839	465	24	0	1	465	314	778	0.0	726	tax=d:Bacteria,p:Proteobacteria,c:Gammaproteobacteria,o:Enterobacterales,f:Pectobacteriaceae,g:Pectobacterium,s:JSXC_s
ASV1147	94.839	465	24	0	1	465	314	778	0.0	726	tax=d:Bacteria,p:Proteobacteria,c:Gammaproteobacteria,o:Enterobacterales,f:Yersiniaceae,g:Yersinia,s:Yersinia frederiksenii
ASV1147	94.839	465	24	0	1	465	314	778	0.0	726	tax=d:Bacteria,p:Proteobacteria,c:Gammaproteobacteria,o:Enterobacterales,f:Yersiniaceae,g:Yersinia,s:Yersinia wautersii
ASV1147	94.883	469	16	8	1	465	315	779	0.0	726	tax=d:Bacteria,p:Proteobacteria,c:Gammaproteobacteria,o:Enterobacterales,f:Budviciaceae,g:Leminorella,s:Leminorella richardii
ASV1147	94.839	465	24	0	1	465	314	778	0.0	726	tax=d:Bacteria,p:Proteobacteria,c:Gammaproteobacteria,o:Enterobacterales,f:Yersiniaceae,g:Yersinia,s:CQBO_s
ASV1147	94.850	466	22	2	1	465	314	778	0.0	726	tax=d:Bacteria,p:Proteobacteria,c:Gammaproteobacteria,o:Enterobacterales,f:Pectobacteriaceae,g:Dickeya,s:Dickeya solani
ASV1147	94.839	465	24	0	1	465	314	778	0.0	726	tax=d:Bacteria,p:Proteobacteria,c:Gammaproteobacteria,o:Enterobacterales,f:Pectobacteriaceae,g:Brenneria,s:Brenneria goodwinii
ASV1147	94.872	468	18	5	1	465	314	778	0.0	726	tax=d:Bacteria,p:Proteobacteria,c:Gammaproteobacteria,o:Enterobacterales,f:Yersiniaceae,g:Chania,s:Chania multitudinisentens
ASV1147	94.861	467	20	4	1	465	312	776	0.0	726	tax=d:Bacteria,p:Proteobacteria,c:Gammaproteobacteria,o:Enterobacterales,f:Enterobacteriaceae,g:Cronobacter,s:Cronobacter condimenti
ASV1147	94.839	465	24	0	1	465	314	778	0.0	726	tax=d:Bacteria,p:Proteobacteria,c:Gammaproteobacteria,o:Enterobacterales,f:Yersiniaceae,g:Yersinia,s:Yersinia pseudotuberculosis
ASV1147	94.839	465	24	0	1	465	314	778	0.0	726	tax=d:Bacteria,p:Proteobacteria,c:Gammaproteobacteria,o:Enterobacterales,f:Yersiniaceae,g:Yersinia,s:Yersinia pestis
ASV1147	94.883	469	16	6	1	465	314	778	0.0	726	tax=d:Bacteria,p:Proteobacteria,c:Gammaproteobacteria,o:Enterobacterales,f:Yersiniaceae,g:Yersinia,s:Yersinia kristensenii
ASV1147	94.839	465	24	0	1	465	309	773	0.0	726	tax=d:Bacteria,p:Proteobacteria,c:Gammaproteobacteria,o:Enterobacterales,f:Yersiniaceae,g:Serratia,s:Serratia rubidaea
ASV1147	95.197	458	21	1	1	457	281	738	0.0	723	tax=d:Bacteria,p:Proteobacteria,c:Gammaproteobacteria,o:Enterobacterales,f:Enterobacteriaceae,g:JN975122_g,s:JN975122_s
ASV1147	94.647	467	21	4	1	465	314	778	0.0	723	tax=d:Bacteria,p:Proteobacteria,c:Gammaproteobacteria,o:Enterobacterales,f:Yersiniaceae,g:Serratia,s:AYKS_s
ASV1147	94.421	466	24	2	1	465	313	777	0.0	721	tax=d:Bacteria,p:Proteobacteria,c:Gammaproteobacteria,o:Enterobacterales,f:Pectobacteriaceae,g:Dickeya,s:Dickeya chrysanthemi
ASV1147	94.635	466	23	2	1	465	314	778	0.0	721	tax=d:Bacteria,p:Proteobacteria,c:Gammaproteobacteria,o:Enterobacterales,f:Enterobacteriaceae,g:Escherichia,s:Shigella flexneri
ASV1147	94.635	466	23	2	1	465	314	778	0.0	721	tax=d:Bacteria,p:Proteobacteria,c:Gammaproteobacteria,o:Enterobacterales,f:Enterobacteriaceae,g:Escherichia,s:LFHY_s
ASV1147	94.624	465	25	0	1	465	295	759	0.0	721	tax=d:Bacteria,p:Proteobacteria,c:Gammaproteobacteria,o:Enterobacterales,f:Yersiniaceae,g:Serratia,s:Serratia aquatilis
ASV1147	94.635	466	23	2	1	465	314	778	0.0	721	tax=d:Bacteria,p:Proteobacteria,c:Gammaproteobacteria,o:Enterobacterales,f:Enterobacteriaceae,g:Escherichia,s:KE701379_s
ASV1147	94.658	468	19	5	1	465	314	778	0.0	721	tax=d:Bacteria,p:Proteobacteria,c:Gammaproteobacteria,o:Enterobacterales,f:Yersiniaceae,g:Yersinia,s:Yersinia ruckeri
ASV1147	94.624	465	25	0	1	465	293	757	0.0	721	tax=d:Bacteria,p:Proteobacteria,c:Gammaproteobacteria,o:Enterobacterales,f:Pectobacteriaceae,g:Sodalis,s:Sodalis melophagi
ASV1147	94.635	466	23	2	1	465	314	778	0.0	721	tax=d:Bacteria,p:Proteobacteria,c:Gammaproteobacteria,o:Enterobacterales,f:Enterobacteriaceae,g:Escherichia,s:Shigella sonnei
ASV1147	94.624	465	25	0	1	465	314	778	0.0	721	tax=d:Bacteria,p:Proteobacteria,c:Gammaproteobacteria,o:Enterobacterales,f:Yersiniaceae,g:Yersinia,s:Yersinia enterocolitica
ASV1147	94.635	466	23	2	1	465	314	778	0.0	721	tax=d:Bacteria,p:Proteobacteria,c:Gammaproteobacteria,o:Enterobacterales,f:Enterobacteriaceae,g:Escherichia,s:Escherichia fergusonii
ASV1147	94.647	467	21	4	1	465	314	778	0.0	721	tax=d:Bacteria,p:Proteobacteria,c:Gammaproteobacteria,o:Enterobacterales,f:Yersiniaceae,g:Yersinia,s:CQER_s
ASV1147	94.658	468	19	5	1	465	314	778	0.0	721	tax=d:Bacteria,p:Proteobacteria,c:Gammaproteobacteria,o:Enterobacterales,f:Yersiniaceae,g:Serratia,s:CP015613_s
ASV1147	94.647	467	21	4	1	465	314	778	0.0	721	tax=d:Bacteria,p:Proteobacteria,c:Gammaproteobacteria,o:Enterobacterales,f:Yersiniaceae,g:Yersinia,s:Yersinia aleksiciae
ASV1147	94.647	467	21	4	1	465	314	778	0.0	721	tax=d:Bacteria,p:Proteobacteria,c:Gammaproteobacteria,o:Enterobacterales,f:Yersiniaceae,g:Yersinia,s:CP009997_s
ASV1147	94.624	465	25	0	1	465	314	778	0.0	721	tax=d:Bacteria,p:Proteobacteria,c:Gammaproteobacteria,o:Enterobacterales,f:Yersiniaceae,g:Yersinia,s:CP007448_s
ASV1147	94.624	465	25	0	1	465	314	778	0.0	721	tax=d:Bacteria,p:Proteobacteria,c:Gammaproteobacteria,o:Enterobacterales,f:Yersiniaceae,g:Yersinia,s:Yersinia similis
ASV1147	94.670	469	17	6	1	465	312	776	0.0	721	tax=d:Bacteria,p:Proteobacteria,c:Gammaproteobacteria,o:Enterobacterales,f:Yersiniaceae,g:Serratia,s:Serratia fonticola
ASV1147	94.670	469	17	6	1	465	314	778	0.0	721	tax=d:Bacteria,p:Proteobacteria,c:Gammaproteobacteria,o:Enterobacterales,f:Yersiniaceae,g:Serratia,s:Serratia proteamaculans
ASV1147	94.647	467	21	4	1	465	314	778	0.0	721	tax=d:Bacteria,p:Proteobacteria,c:Gammaproteobacteria,o:Enterobacterales,f:Yersiniaceae,g:Yersinia,s:Yersinia intermedia
ASV1147	94.647	467	20	4	1	465	253	716	0.0	719	tax=d:Bacteria,p:Proteobacteria,c:Gammaproteobacteria,o:Enterobacterales,f:Enterobacteriaceae,g:Franconibacter,s:Franconibacter helveticus
ASV1147	94.647	467	20	5	1	465	298	761	0.0	719	tax=d:Bacteria,p:Proteobacteria,c:Gammaproteobacteria,o:Enterobacterales,f:Yersiniaceae,g:Serratia,s:Serratia quinivorans
ASV1147	94.421	466	24	2	1	465	314	778	0.0	717	tax=d:Bacteria,p:Proteobacteria,c:Gammaproteobacteria,o:Enterobacterales,f:Enterobacteriaceae,g:Escherichia,s:Escherichia coli
ASV1147	94.421	466	24	2	1	465	313	777	0.0	715	tax=d:Bacteria,p:Proteobacteria,c:Gammaproteobacteria,o:Enterobacterales,f:Enterobacteriaceae,g:Escherichia,s:Shigella dysenteriae
ASV1147	94.433	467	22	4	1	465	314	778	0.0	715	tax=d:Bacteria,p:Proteobacteria,c:Gammaproteobacteria,o:Enterobacterales,f:Yersiniaceae,g:Yersinia,s:NBTC_s
ASV1147	94.433	467	22	4	1	465	314	778	0.0	715	tax=d:Bacteria,p:Proteobacteria,c:Gammaproteobacteria,o:Enterobacterales,f:Enterobacteriaceae,g:Rosenbergiella,s:MTCG_s
ASV1147	94.409	465	26	0	1	465	314	778	0.0	715	tax=d:Bacteria,p:Proteobacteria,c:Gammaproteobacteria,o:Enterobacterales,f:Morganellaceae,g:Proteus,s:Proteus hauseri
ASV1147	94.433	467	22	4	1	465	314	778	0.0	715	tax=d:Bacteria,p:Proteobacteria,c:Gammaproteobacteria,o:Enterobacterales,f:Yersiniaceae,g:Serratia,s:Serratia ficaria
ASV1147	94.409	465	26	0	1	465	314	778	0.0	715	tax=d:Bacteria,p:Proteobacteria,c:Gammaproteobacteria,o:Enterobacterales,f:Morganellaceae,g:Proteus,s:Proteus terrae
ASV1147	94.409	465	26	0	1	465	287	751	0.0	715	tax=d:Bacteria,p:Proteobacteria,c:Gammaproteobacteria,o:Enterobacterales,f:Pectobacteriaceae,g:Brenneria,s:Brenneria populi
ASV1147	94.409	465	26	0	1	465	314	778	0.0	715	tax=d:Bacteria,p:Proteobacteria,c:Gammaproteobacteria,o:Enterobacterales,f:Pectobacteriaceae,g:Dickeya,s:Dickeya fangzhongdai
ASV1147	94.433	467	22	4	1	465	314	778	0.0	715	tax=d:Bacteria,p:Proteobacteria,c:Gammaproteobacteria,o:Enterobacterales,f:Enterobacteriaceae,g:Rosenbergiella,s:Rosenbergiella epipactidis
ASV1147	94.456	469	18	6	1	465	235	699	0.0	715	tax=d:Bacteria,p:Proteobacteria,c:Gammaproteobacteria,o:Enterobacterales,f:Yersiniaceae,g:Rahnella,s:Rahnella woolbedingensis
ASV1147	94.444	468	20	5	1	465	235	699	0.0	715	tax=d:Bacteria,p:Proteobacteria,c:Gammaproteobacteria,o:Enterobacterales,f:Yersiniaceae,g:Rahnella,s:Rahnella victoriana
ASV1147	94.421	466	24	2	1	465	314	778	0.0	715	tax=d:Bacteria,p:Proteobacteria,c:Gammaproteobacteria,o:Enterobacterales,f:Enterobacteriaceae,g:Escherichia,s:Escherichia marmotae
ASV1147	94.433	467	22	4	1	465	314	778	0.0	715	tax=d:Bacteria,p:Proteobacteria,c:Gammaproteobacteria,o:Enterobacterales,f:Enterobacteriaceae,g:Rosenbergiella,s:Rosenbergiella nectarea
ASV1147	94.444	468	20	5	1	465	265	729	0.0	715	tax=d:Bacteria,p:Proteobacteria,c:Gammaproteobacteria,o:Enterobacterales,f:Yersiniaceae,g:Rahnella,s:Rahnella variigena
ASV1147	94.194	465	27	0	1	465	391	855	0.0	715	tax=d:Bacteria,p:Proteobacteria,c:Gammaproteobacteria,o:Enterobacterales,f:Enterobacteriaceae,g:Nissabacter,s:Nissabacter archeti
ASV1147	94.409	465	26	0	1	465	313	777	0.0	715	tax=d:Bacteria,p:Proteobacteria,c:Gammaproteobacteria,o:Enterobacterales,f:Morganellaceae,g:Proteus,s:Proteus cibarius
ASV1147	94.433	467	22	4	1	465	261	725	0.0	715	tax=d:Bacteria,p:Proteobacteria,c:Gammaproteobacteria,o:Enterobacterales,f:Morganellaceae,g:Morganella,s:Morganella psychrotolerans
ASV1147	94.409	465	26	0	1	465	314	778	0.0	715	tax=d:Bacteria,p:Proteobacteria,c:Gammaproteobacteria,o:Enterobacterales,f:Erwiniaceae,g:DQ129257_g,s:DQ129257_s
ASV1147	94.409	465	26	0	1	465	314	778	0.0	715	tax=d:Bacteria,p:Proteobacteria,c:Gammaproteobacteria,o:Enterobacterales,f:Pectobacteriaceae,g:Sodalis,s:Sodalis praecaptivus
ASV1147	94.444	468	20	5	1	465	314	778	0.0	715	tax=d:Bacteria,p:Proteobacteria,c:Gammaproteobacteria,o:Enterobacterales,f:Yersiniaceae,g:Serratia,s:Serratia liquefaciens
ASV1147	94.444	468	20	5	1	465	314	778	0.0	715	tax=d:Bacteria,p:Proteobacteria,c:Gammaproteobacteria,o:Enterobacterales,f:Yersiniaceae,g:Serratia,s:Serratia grimesii
ASV1147	94.433	467	22	4	1	465	316	780	0.0	715	tax=d:Bacteria,p:Proteobacteria,c:Gammaproteobacteria,o:Enterobacterales,f:Hafniaceae,g:Edwardsiella,s:Edwardsiella hoshinae
ASV1147	94.433	467	22	4	1	465	316	780	0.0	715	tax=d:Bacteria,p:Proteobacteria,c:Gammaproteobacteria,o:Enterobacterales,f:Hafniaceae,g:Edwardsiella,s:Edwardsiella tarda
ASV1147	94.421	466	24	2	1	465	281	745	0.0	715	tax=d:Bacteria,p:Proteobacteria,c:Gammaproteobacteria,o:Enterobacterales,f:Enterobacteriaceae,g:Biostraticola,s:Biostraticola tofi
ASV1147	94.444	468	20	5	1	465	314	778	0.0	715	tax=d:Bacteria,p:Proteobacteria,c:Gammaproteobacteria,o:Enterobacterales,f:Yersiniaceae,g:Serratia,s:Serratia plymuthica
ASV1147	94.433	467	22	4	1	465	314	778	0.0	715	tax=d:Bacteria,p:Proteobacteria,c:Gammaproteobacteria,o:Enterobacterales,f:Yersiniaceae,g:Yersinia,s:Yersinia mollaretii
ASV1147	94.433	467	22	4	1	465	314	778	0.0	715	tax=d:Bacteria,p:Proteobacteria,c:Gammaproteobacteria,o:Enterobacterales,f:Yersiniaceae,g:Yersinia,s:Yersinia bercovieri
ASV1147	94.433	467	22	4	1	465	314	778	0.0	715	tax=d:Bacteria,p:Proteobacteria,c:Gammaproteobacteria,o:Enterobacterales,f:Yersiniaceae,g:Yersinia,s:Yersinia aldovae
ASV1147	94.421	466	24	2	1	465	314	778	0.0	715	tax=d:Bacteria,p:Proteobacteria,c:Gammaproteobacteria,o:Enterobacterales,f:Enterobacteriaceae,g:Escherichia,s:Shigella boydii
ASV1147	94.421	466	24	2	1	465	314	778	0.0	715	tax=d:Bacteria,p:Proteobacteria,c:Gammaproteobacteria,o:Enterobacterales,f:Erwiniaceae,g:Phaseolibacter,s:Phaseolibacter flectens
ASV1147	94.194	465	27	0	1	465	235	699	0.0	712	tax=d:Bacteria,p:Proteobacteria,c:Gammaproteobacteria,o:Enterobacterales,f:Pectobacteriaceae,g:Lonsdalea,s:Lonsdalea britannica
ASV1147	94.206	466	25	2	1	465	314	778	0.0	710	tax=d:Bacteria,p:Proteobacteria,c:Gammaproteobacteria,o:Enterobacterales,f:Erwiniaceae,g:Izhakiella,s:Izhakiella australiensis
ASV1147	94.218	467	23	4	1	465	314	778	0.0	710	tax=d:Bacteria,p:Proteobacteria,c:Gammaproteobacteria,o:Enterobacterales,f:Yersiniaceae,g:Serratia,s:Serratia vespertilionis
ASV1147	94.218	467	23	4	1	465	302	766	0.0	710	tax=d:Bacteria,p:Proteobacteria,c:Gammaproteobacteria,o:Enterobacterales,f:Hafniaceae,g:Hafnia,s:Hafnia psychrotolerans
ASV1147	94.218	467	23	4	1	465	314	778	0.0	710	tax=d:Bacteria,p:Proteobacteria,c:Gammaproteobacteria,o:Enterobacterales,f:Enterobacteriaceae,g:Rosenbergiella,s:Rosenbergiella collisarenosi
ASV1147	94.231	468	21	5	1	465	235	699	0.0	710	tax=d:Bacteria,p:Proteobacteria,c:Gammaproteobacteria,o:Enterobacterales,f:Yersiniaceae,g:Rahnella,s:Rahnella bruchi
ASV1147	94.206	466	25	2	1	465	235	699	0.0	710	tax=d:Bacteria,p:Proteobacteria,c:Gammaproteobacteria,o:Enterobacterales,f:Pectobacteriaceae,g:Brenneria,s:Brenneria roseae
ASV1147	94.206	466	25	2	1	465	235	699	0.0	710	tax=d:Bacteria,p:Proteobacteria,c:Gammaproteobacteria,o:Enterobacterales,f:Pectobacteriaceae,g:Brenneria,s:Brenneria roseae
ASV1147	94.206	466	25	2	1	465	316	780	0.0	710	tax=d:Bacteria,p:Proteobacteria,c:Gammaproteobacteria,o:Enterobacterales,f:Hafniaceae,g:Edwardsiella,s:Edwardsiella piscicida
ASV1147	94.206	466	25	2	1	465	314	778	0.0	710	tax=d:Bacteria,p:Proteobacteria,c:Gammaproteobacteria,o:Enterobacterales,f:Pectobacteriaceae,g:Dickeya,s:Dickeya dadantii
ASV1147	94.206	466	25	2	1	465	316	780	0.0	710	tax=d:Bacteria,p:Proteobacteria,c:Gammaproteobacteria,o:Enterobacterales,f:Hafniaceae,g:Edwardsiella,s:Edwardsiella anguillarum
ASV1147	94.231	468	21	5	1	465	314	778	0.0	710	tax=d:Bacteria,p:Proteobacteria,c:Gammaproteobacteria,o:Enterobacterales,f:Yersiniaceae,g:Serratia,s:Serratia symbiotica
ASV1147	94.218	467	23	4	1	465	261	725	0.0	710	tax=d:Bacteria,p:Proteobacteria,c:Gammaproteobacteria,o:Enterobacterales,f:Morganellaceae,g:Morganella,s:Morganella morganii
ASV1147	94.218	467	23	4	1	465	314	778	0.0	710	tax=d:Bacteria,p:Proteobacteria,c:Gammaproteobacteria,o:Enterobacterales,f:Yersiniaceae,g:Yersinia,s:Yersinia pekkanenii
ASV1147	94.194	465	27	0	1	465	314	778	0.0	710	tax=d:Bacteria,p:Proteobacteria,c:Gammaproteobacteria,o:Enterobacterales,f:Yersiniaceae,g:Yersinia,s:CQBW_s
ASV1147	94.194	465	27	0	1	465	314	778	0.0	710	tax=d:Bacteria,p:Proteobacteria,c:Gammaproteobacteria,o:Enterobacterales,f:Yersiniaceae,g:Yersinia,s:Yersinia nurmii
ASV1147	94.194	465	27	0	1	465	314	778	0.0	710	tax=d:Bacteria,p:Proteobacteria,c:Gammaproteobacteria,o:Enterobacterales,f:Pectobacteriaceae,g:Dickeya,s:Dickeya dadantii
ASV1147	94.218	467	23	4	1	465	314	778	0.0	710	tax=d:Bacteria,p:Proteobacteria,c:Gammaproteobacteria,o:Enterobacterales,f:Yersiniaceae,g:Serratia,s:Serratia entomophila
ASV1147	94.218	467	23	4	1	465	316	780	0.0	710	tax=d:Bacteria,p:Proteobacteria,c:Gammaproteobacteria,o:Enterobacterales,f:Hafniaceae,g:Edwardsiella,s:Edwardsiella ictaluri
ASV1147	94.206	466	25	2	1	465	314	778	0.0	710	tax=d:Bacteria,p:Proteobacteria,c:Gammaproteobacteria,o:Enterobacterales,f:Pectobacteriaceae,g:Dickeya,s:Dickeya dianthicola
ASV1147	94.206	466	25	2	1	465	314	778	0.0	710	tax=d:Bacteria,p:Proteobacteria,c:Gammaproteobacteria,o:Enterobacterales,f:Morganellaceae,g:Proteus,s:Proteus mirabilis
ASV1147	94.231	468	21	6	1	465	314	778	0.0	710	tax=d:Bacteria,p:Proteobacteria,c:Gammaproteobacteria,o:Enterobacterales,f:Enterobacteriaceae,g:Escherichia,s:Escherichia albertii
ASV1147	94.218	467	22	5	1	465	312	775	0.0	708	tax=d:Bacteria,p:Proteobacteria,c:Gammaproteobacteria,o:Enterobacterales,f:Yersiniaceae,g:Serratia,s:Serratia glossinae
ASV1147	93.978	465	28	0	1	465	314	778	0.0	704	tax=d:Bacteria,p:Proteobacteria,c:Gammaproteobacteria,o:Enterobacterales,f:Budviciaceae,g:Budvicia,s:Budvicia diplopodorum
ASV1147	93.991	466	26	2	1	465	313	777	0.0	704	tax=d:Bacteria,p:Proteobacteria,c:Gammaproteobacteria,o:Enterobacterales,f:Morganellaceae,g:Proteus,s:Proteus vulgaris
ASV1147	93.991	466	26	2	1	465	314	778	0.0	704	tax=d:Bacteria,p:Proteobacteria,c:Gammaproteobacteria,o:Enterobacterales,f:Pectobacteriaceae,g:Sodalis,s:Sodalis glossinidius
ASV1147	93.978	465	28	0	1	465	315	779	0.0	704	tax=d:Bacteria,p:Proteobacteria,c:Gammaproteobacteria,o:Enterobacterales,f:Erwiniaceae,g:Pantoea,s:AB703085_s
ASV1147	93.991	466	24	4	2	465	313	776	0.0	702	tax=d:Bacteria,p:Proteobacteria,c:Gammaproteobacteria,o:Enterobacterales,f:Morganellaceae,g:Morganella,s:Morganella morganii
ASV1147	93.991	466	25	3	1	465	312	775	0.0	702	tax=d:Bacteria,p:Proteobacteria,c:Gammaproteobacteria,o:Enterobacterales,f:Enterobacteriaceae,g:Rosenbergiella,s:AF024609_s
ASV1147	93.790	467	25	4	1	465	314	778	0.0	699	tax=d:Bacteria,p:Proteobacteria,c:Gammaproteobacteria,o:Enterobacterales,f:Morganellaceae,g:Xenorhabdus,s:Xenorhabdus mauleonii
ASV1147	93.777	466	27	2	1	465	314	778	0.0	699	tax=d:Bacteria,p:Proteobacteria,c:Gammaproteobacteria,o:Enterobacterales,f:Morganellaceae,g:Xenorhabdus,s:Xenorhabdus doucetiae
ASV1147	93.763	465	29	0	1	465	290	754	0.0	699	tax=d:Bacteria,p:Proteobacteria,c:Gammaproteobacteria,o:Enterobacterales,f:Enterobacteriaceae,g:EU430753_g,s:EU430753_s
ASV1147	93.777	466	27	2	1	465	221	685	0.0	699	tax=d:Bacteria,p:Proteobacteria,c:Gammaproteobacteria,o:Enterobacterales,f:Morganellaceae,g:Proteus,s:Proteus penneri
ASV1147	93.790	467	25	4	1	465	314	778	0.0	699	tax=d:Bacteria,p:Proteobacteria,c:Gammaproteobacteria,o:Enterobacterales,f:Morganellaceae,g:Morganella,s:AYMP_s
ASV1147	93.763	465	29	0	1	465	314	778	0.0	699	tax=d:Bacteria,p:Proteobacteria,c:Gammaproteobacteria,o:Enterobacterales,f:Enterobacteriaceae,g:AJ011333_g,s:AJ011333_s
ASV1147	93.576	467	26	4	1	465	314	778	0.0	693	tax=d:Bacteria,p:Proteobacteria,c:Gammaproteobacteria,o:Enterobacterales,f:Morganellaceae,g:Xenorhabdus,s:Xenorhabdus eapokensis
ASV1147	93.548	465	30	0	1	465	316	780	0.0	693	tax=d:Bacteria,p:Proteobacteria,c:Gammaproteobacteria,o:Vibrionales,f:Vibrionaceae,g:FM995172_g,s:FM995172_s
ASV1147	93.562	466	28	2	1	465	311	775	0.0	693	tax=d:Bacteria,p:Proteobacteria,c:Gammaproteobacteria,o:Enterobacterales,f:Morganellaceae,g:Xenorhabdus,s:Xenorhabdus hominickii
ASV1147	93.603	469	22	8	1	465	314	778	0.0	693	tax=d:Bacteria,p:Proteobacteria,c:Gammaproteobacteria,o:Alteromonadales,f:Shewanellaceae,g:Shewanella,s:Shewanella piezotolerans
ASV1147	93.603	469	22	8	1	465	314	778	0.0	693	tax=d:Bacteria,p:Proteobacteria,c:Gammaproteobacteria,o:Enterobacterales,f:Budviciaceae,g:Budvicia,s:AJ309974_s
ASV1147	93.603	469	22	8	1	465	273	737	0.0	693	tax=d:Bacteria,p:Proteobacteria,c:Gammaproteobacteria,o:Alteromonadales,f:Ferrimonadaceae,g:Ferrimonas,s:Ferrimonas futtsuensis
ASV1147	93.603	469	22	8	1	465	314	778	0.0	693	tax=d:Bacteria,p:Proteobacteria,c:Gammaproteobacteria,o:Alteromonadales,f:Shewanellaceae,g:Shewanella,s:Shewanella kaireitica
ASV1147	93.362	467	27	4	1	465	314	778	0.0	688	tax=d:Bacteria,p:Proteobacteria,c:Gammaproteobacteria,o:Enterobacterales,f:Morganellaceae,g:Xenorhabdus,s:Xenorhabdus thuongxuanensis
ASV1147	93.348	466	29	2	1	465	314	778	0.0	688	tax=d:Bacteria,p:Proteobacteria,c:Gammaproteobacteria,o:Enterobacterales,f:Morganellaceae,g:Cosenzaea,s:Cosenzaea myxofaciens
ASV1147	93.362	467	27	4	1	465	314	778	0.0	688	tax=d:Bacteria,p:Proteobacteria,c:Gammaproteobacteria,o:Enterobacterales,f:Morganellaceae,g:Xenorhabdus,s:Xenorhabdus koppenhoeferi
ASV1147	93.886	458	24	4	1	456	302	757	0.0	688	tax=d:Bacteria,p:Proteobacteria,c:Gammaproteobacteria,o:Enterobacterales,f:Enterobacteriaceae,g:Plesiomonas,s:HM778492_s
ASV1147	93.333	465	31	0	1	465	314	778	0.0	688	tax=d:Bacteria,p:Proteobacteria,c:Gammaproteobacteria,o:Enterobacterales,f:Morganellaceae,g:Arsenophonus,s:Arsenophonus arthropodicus
ASV1147	93.376	468	25	5	1	465	314	778	0.0	688	tax=d:Bacteria,p:Proteobacteria,c:Gammaproteobacteria,o:Aeromonadales,f:Aeromonadaceae,g:Tolumonas,s:Tolumonas auensis
ASV1147	93.376	468	25	6	1	465	316	780	0.0	688	tax=d:Bacteria,p:Proteobacteria,c:Gammaproteobacteria,o:Aeromonadales,f:Aeromonadaceae,g:Aeromonas,s:Aeromonas popoffii
ASV1147	93.362	467	27	4	1	465	304	768	0.0	688	tax=d:Bacteria,p:Proteobacteria,c:Gammaproteobacteria,o:Enterobacterales,f:Budviciaceae,g:Leminorella,s:Leminorella grimontii
ASV1147	93.362	467	27	3	1	465	314	778	0.0	688	tax=d:Bacteria,p:Proteobacteria,c:Gammaproteobacteria,o:Enterobacterales,f:Pectobacteriaceae,g:Brenneria,s:Brenneria alni
ASV1147	93.333	465	29	2	2	465	314	777	0.0	686	tax=d:Bacteria,p:Proteobacteria,c:Gammaproteobacteria,o:Enterobacterales,f:Enterobacteriaceae,g:Rohrkolberia,s:Rohrkolberia cinguli
ASV1147	93.118	465	32	0	1	465	314	778	0.0	682	tax=d:Bacteria,p:Proteobacteria,c:Gammaproteobacteria,o:Enterobacterales,f:Pectobacteriaceae,g:Sodalis,s:JQ063442_s
ASV1147	93.162	468	26	6	1	465	288	752	0.0	682	tax=d:Bacteria,p:Proteobacteria,c:Gammaproteobacteria,o:Enterobacterales,f:Morganellaceae,g:Xenorhabdus,s:Xenorhabdus khoisanae
ASV1147	93.162	468	26	5	1	465	309	773	0.0	682	tax=d:Bacteria,p:Proteobacteria,c:Gammaproteobacteria,o:Enterobacterales,f:Erwiniaceae,g:Pantoea,s:HM559162_s
ASV1147	93.118	465	32	0	1	465	283	747	0.0	682	tax=d:Bacteria,p:Proteobacteria,c:Gammaproteobacteria,o:Vibrionales,f:Vibrionaceae,g:Enterovibrio,s:FJ653966_s
ASV1147	92.934	467	29	4	1	465	314	778	0.0	682	tax=d:Bacteria,p:Proteobacteria,c:Gammaproteobacteria,o:Enterobacterales,f:Morganellaceae,g:Xenorhabdus,s:Xenorhabdus miraniensis
ASV1147	93.148	467	28	4	1	465	314	778	0.0	682	tax=d:Bacteria,p:Proteobacteria,c:Gammaproteobacteria,o:Aeromonadales,f:Aeromonadaceae,g:Zobellella,s:Zobellella taiwanensis
ASV1147	93.162	468	26	6	1	465	314	778	0.0	682	tax=d:Bacteria,p:Proteobacteria,c:Gammaproteobacteria,o:Enterobacterales,f:Morganellaceae,g:Xenorhabdus,s:Xenorhabdus szentirmaii
ASV1147	93.162	468	26	6	1	465	312	776	0.0	682	tax=d:Bacteria,p:Proteobacteria,c:Gammaproteobacteria,o:Enterobacterales,f:Morganellaceae,g:Providencia,s:AZYZ_s
ASV1147	93.177	469	24	8	1	465	314	778	0.0	682	tax=d:Bacteria,p:Proteobacteria,c:Gammaproteobacteria,o:Aeromonadales,f:Aeromonadaceae,g:Tolumonas,s:Tolumonas lignilytica
ASV1147	93.118	465	32	0	1	465	324	788	0.0	682	tax=d:Bacteria,p:Proteobacteria,c:Gammaproteobacteria,o:Vibrionales,f:Vibrionaceae,g:Vibrio,s:Vibrio europaeus
ASV1147	93.162	468	26	6	1	465	312	776	0.0	682	tax=d:Bacteria,p:Proteobacteria,c:Gammaproteobacteria,o:Enterobacterales,f:Morganellaceae,g:Providencia,s:Providencia rustigianii
ASV1147	93.162	468	26	6	1	465	312	776	0.0	682	tax=d:Bacteria,p:Proteobacteria,c:Gammaproteobacteria,o:Enterobacterales,f:Morganellaceae,g:Providencia,s:Providencia sneebia
ASV1147	93.148	467	28	4	1	465	312	776	0.0	682	tax=d:Bacteria,p:Proteobacteria,c:Gammaproteobacteria,o:Enterobacterales,f:Morganellaceae,g:Providencia,s:Providencia burhodogranariea
ASV1147	93.148	467	28	4	1	465	301	765	0.0	682	tax=d:Bacteria,p:Proteobacteria,c:Gammaproteobacteria,o:Aeromonadales,f:Aeromonadaceae,g:Aeromonas,s:Aeromonas simiae
ASV1147	93.177	469	24	7	1	465	309	773	0.0	682	tax=d:Bacteria,p:Proteobacteria,c:Gammaproteobacteria,o:Enterobacterales,f:Budviciaceae,g:Pragia,s:Pragia fontium
ASV1147	93.148	467	28	4	1	465	316	780	0.0	682	tax=d:Bacteria,p:Proteobacteria,c:Gammaproteobacteria,o:Vibrionales,f:Vibrionaceae,g:Enterovibrio,s:Enterovibrio calviensis
ASV1147	93.162	468	26	6	1	465	312	776	0.0	682	tax=d:Bacteria,p:Proteobacteria,c:Gammaproteobacteria,o:Enterobacterales,f:Morganellaceae,g:Providencia,s:Providencia alcalifaciens
ASV1147	93.118	465	31	1	1	465	289	752	0.0	680	tax=d:Bacteria,p:Proteobacteria,c:Gammaproteobacteria,o:Enterobacterales,f:Erwiniaceae,g:Pantoea,s:JN082730_s
ASV1147	93.118	465	31	1	1	465	281	744	0.0	680	tax=d:Bacteria,p:Proteobacteria,c:Gammaproteobacteria,o:Enterobacterales,f:Enterobacteriaceae,g:HM640295_g,s:HM640295_s
ASV1147	92.903	465	33	0	1	465	314	778	0.0	678	tax=d:Bacteria,p:Proteobacteria,c:Gammaproteobacteria,o:Enterobacterales,f:Pectobacteriaceae,g:Sodalis,s:JQ063444_s
ASV1147	92.934	467	29	4	1	465	315	779	0.0	676	tax=d:Bacteria,p:Proteobacteria,c:Gammaproteobacteria,o:Aeromonadales,f:Aeromonadaceae,g:Aeromonas,s:Aeromonas ichthiosmia
ASV1147	92.949	468	27	5	1	465	314	778	0.0	676	tax=d:Bacteria,p:Proteobacteria,c:Gammaproteobacteria,o:Enterobacterales,f:Morganellaceae,g:Xenorhabdus,s:Xenorhabdus beddingii
ASV1147	92.934	467	29	4	1	465	314	778	0.0	676	tax=d:Bacteria,p:Proteobacteria,c:Gammaproteobacteria,o:Enterobacterales,f:Erwiniaceae,g:Izhakiella,s:MNKY_s
ASV1147	92.903	465	33	0	1	465	314	778	0.0	676	tax=d:Bacteria,p:Proteobacteria,c:Gammaproteobacteria,o:Enterobacterales,f:Pectobacteriaceae,g:Sodalis,s:LECR_s
ASV1147	92.934	467	29	4	1	465	314	778	0.0	676	tax=d:Bacteria,p:Proteobacteria,c:Gammaproteobacteria,o:Enterobacterales,f:Erwiniaceae,g:Izhakiella,s:Izhakiella capsodis
ASV1147	92.979	470	23	10	1	465	314	778	0.0	676	tax=d:Bacteria,p:Proteobacteria,c:Gammaproteobacteria,o:Alteromonadales,f:Shewanellaceae,g:Shewanella,s:Shewanella litorisediminis
ASV1147	92.903	465	33	0	1	465	314	778	0.0	676	tax=d:Bacteria,p:Proteobacteria,c:Gammaproteobacteria,o:Enterobacterales,f:Pectobacteriaceae,g:Sodalis,s:JQ063422_s
ASV1147	92.949	468	27	5	1	465	314	778	0.0	676	tax=d:Bacteria,p:Proteobacteria,c:Gammaproteobacteria,o:Enterobacterales,f:Morganellaceae,g:Xenorhabdus,s:Xenorhabdus japonica
ASV1147	92.994	471	21	12	1	465	309	773	0.0	676	tax=d:Bacteria,p:Proteobacteria,c:Gammaproteobacteria,o:Alteromonadales,f:Ferrimonadaceae,g:Ferrimonas,s:Ferrimonas sediminum
ASV1147	92.934	467	29	4	1	465	314	778	0.0	676	tax=d:Bacteria,p:Proteobacteria,c:Gammaproteobacteria,o:Aeromonadales,f:Aeromonadaceae,g:Aeromonas,s:Aeromonas diversa
ASV1147	92.934	467	29	4	1	465	301	765	0.0	676	tax=d:Bacteria,p:Proteobacteria,c:Gammaproteobacteria,o:Enterobacterales,f:Morganellaceae,g:Xenorhabdus,s:Xenorhabdus ishibashii
ASV1147	92.949	468	27	5	1	465	316	780	0.0	676	tax=d:Bacteria,p:Proteobacteria,c:Gammaproteobacteria,o:Aeromonadales,f:Aeromonadaceae,g:Aeromonas,s:Aeromonas rivipollensis
ASV1147	92.903	465	33	0	1	465	283	747	0.0	676	tax=d:Bacteria,p:Proteobacteria,c:Gammaproteobacteria,o:Vibrionales,f:Vibrionaceae,g:Enterovibrio,s:FJ653974_s
ASV1147	92.964	469	25	8	1	465	308	772	0.0	676	tax=d:Bacteria,p:Proteobacteria,c:Gammaproteobacteria,o:Alteromonadales,f:Alishewanella_f,g:Rheinheimera,s:Rheinheimera aquimaris
ASV1147	92.934	467	29	4	1	465	285	749	0.0	676	tax=d:Bacteria,p:Proteobacteria,c:Gammaproteobacteria,o:Alteromonadales,f:Shewanellaceae,g:Shewanella,s:Shewanella spongiae
ASV1147	92.964	469	25	8	1	465	316	780	0.0	676	tax=d:Bacteria,p:Proteobacteria,c:Gammaproteobacteria,o:Alteromonadales,f:Shewanellaceae,g:Shewanella,s:Shewanella amazonensis
ASV1147	92.934	467	29	4	1	465	316	780	0.0	676	tax=d:Bacteria,p:Proteobacteria,c:Gammaproteobacteria,o:Aeromonadales,f:Aeromonadaceae,g:Aeromonas,s:Aeromonas veronii
ASV1147	92.934	467	29	4	1	465	316	780	0.0	676	tax=d:Bacteria,p:Proteobacteria,c:Gammaproteobacteria,o:Aeromonadales,f:Aeromonadaceae,g:Aeromonas,s:Aeromonas fluvialis
ASV1147	92.903	465	33	0	1	465	310	774	0.0	676	tax=d:Bacteria,p:Proteobacteria,c:Gammaproteobacteria,o:Enterobacterales,f:Morganellaceae,g:Arsenophonus,s:Arsenophonus nasoniae
ASV1147	92.934	467	29	4	1	465	305	769	0.0	676	tax=d:Bacteria,p:Proteobacteria,c:Gammaproteobacteria,o:Enterobacterales,f:Morganellaceae,g:Providencia,s:Moellerella wisconsensis
ASV1147	92.949	468	27	6	1	465	312	776	0.0	676	tax=d:Bacteria,p:Proteobacteria,c:Gammaproteobacteria,o:Enterobacterales,f:Morganellaceae,g:Providencia,s:Providencia vermicola
ASV1147	92.903	465	33	0	1	465	324	788	0.0	676	tax=d:Bacteria,p:Proteobacteria,c:Gammaproteobacteria,o:Vibrionales,f:Vibrionaceae,g:Vibrio,s:Vibrio neptunius
ASV1147	92.903	465	33	0	1	465	314	778	0.0	676	tax=d:Bacteria,p:Proteobacteria,c:Gammaproteobacteria,o:Aeromonadales,f:Aeromonadaceae,g:Tolumonas,s:AB362779_s
ASV1147	92.949	468	26	6	1	464	314	778	0.0	675	tax=d:Bacteria,p:Proteobacteria,c:Gammaproteobacteria,o:Enterobacterales,f:Erwiniaceae,g:Pantoea,s:HM558935_s
ASV1147	92.735	468	28	6	1	465	290	754	0.0	673	tax=d:Bacteria,p:Proteobacteria,c:Gammaproteobacteria,o:Enterobacterales,f:Morganellaceae,g:Photorhabdus,s:Photorhabdus heterorhabditis
ASV1147	94.331	441	21	4	1	439	303	741	0.0	673	tax=d:Bacteria,p:Proteobacteria,c:Gammaproteobacteria,o:Enterobacterales,f:Enterobacteriaceae,g:Plesiomonas,s:DQ815216_s
ASV1147	92.719	467	30	4	1	465	314	778	0.0	671	tax=d:Bacteria,p:Proteobacteria,c:Gammaproteobacteria,o:Enterobacterales,f:Morganellaceae,g:Providencia,s:Providencia heimbachae
ASV1147	92.688	465	34	0	1	465	314	778	0.0	671	tax=d:Bacteria,p:Proteobacteria,c:Gammaproteobacteria,o:Vibrionales,f:Vibrionaceae,g:Grimontia,s:Grimontia celer
ASV1147	92.704	466	32	2	1	465	322	786	0.0	671	tax=d:Bacteria,p:Proteobacteria,c:Gammaproteobacteria,o:Vibrionales,f:Vibrionaceae,g:Enterovibrio,s:Enterovibrio coralii
ASV1147	92.719	467	30	4	1	465	282	746	0.0	671	tax=d:Bacteria,p:Proteobacteria,c:Gammaproteobacteria,o:Aeromonadales,f:Aeromonadaceae,g:Aeromonas,s:Aeromonas finlandiensis
ASV1147	92.766	470	24	10	1	465	324	788	0.0	671	tax=d:Bacteria,p:Proteobacteria,c:Gammaproteobacteria,o:Alteromonadales,f:Ferrimonadaceae,g:Ferrimonas,s:Ferrimonas gelatinilytica
ASV1147	92.719	467	30	4	1	465	316	780	0.0	671	tax=d:Bacteria,p:Proteobacteria,c:Gammaproteobacteria,o:Aeromonadales,f:Aeromonadaceae,g:Aeromonas,s:Aeromonas lacus
ASV1147	92.735	468	28	6	1	465	316	780	0.0	671	tax=d:Bacteria,p:Proteobacteria,c:Gammaproteobacteria,o:Aeromonadales,f:Aeromonadaceae,g:Aeromonas,s:Aeromonas aquatica
ASV1147	92.719	467	30	4	1	465	316	780	0.0	671	tax=d:Bacteria,p:Proteobacteria,c:Gammaproteobacteria,o:Aeromonadales,f:Aeromonadaceae,g:Aeromonas,s:Aeromonas finlandensis
ASV1147	92.688	465	34	0	1	465	314	778	0.0	671	tax=d:Bacteria,p:Proteobacteria,c:Gammaproteobacteria,o:Enterobacterales,f:Pectobacteriaceae,g:Sodalis,s:JQ063437_s
ASV1147	92.704	466	32	2	1	465	295	759	0.0	671	tax=d:Bacteria,p:Proteobacteria,c:Gammaproteobacteria,o:Enterobacterales,f:Morganellaceae,g:Providencia,s:Providencia thailandensis
ASV1147	92.719	467	30	4	1	465	316	780	0.0	671	tax=d:Bacteria,p:Proteobacteria,c:Gammaproteobacteria,o:Aeromonadales,f:Aeromonadaceae,g:Aeromonas,s:Aeromonas cavernicola
ASV1147	93.231	458	27	4	8	465	296	749	0.0	671	tax=d:Bacteria,p:Proteobacteria,c:Gammaproteobacteria,o:Enterobacterales,f:Pectobacteriaceae,g:Dickeya,s:FJ906794_s
ASV1147	92.751	469	26	8	1	465	296	760	0.0	671	tax=d:Bacteria,p:Proteobacteria,c:Gammaproteobacteria,o:Alteromonadales,f:Alishewanella_f,g:Alishewanella,s:Rheinheimera longhuensis
ASV1147	92.688	465	34	0	1	465	247	711	0.0	671	tax=d:Bacteria,p:Proteobacteria,c:Gammaproteobacteria,o:Vibrionales,f:Vibrionaceae,g:Vibrio,s:Vibrio porteresiae
ASV1147	92.735	468	28	6	1	465	314	778	0.0	671	tax=d:Bacteria,p:Proteobacteria,c:Gammaproteobacteria,o:Enterobacterales,f:Morganellaceae,g:Xenorhabdus,s:Xenorhabdus griffiniae
ASV1147	92.688	465	34	0	1	465	272	736	0.0	671	tax=d:Bacteria,p:Proteobacteria,c:Gammaproteobacteria,o:Vibrionales,f:Vibrionaceae,g:FM995172_g,s:DQ005883_s
ASV1147	92.688	465	34	0	1	465	314	778	0.0	671	tax=d:Bacteria,p:Proteobacteria,c:Gammaproteobacteria,o:Enterobacterales,f:Pectobacteriaceae,g:Sodalis,s:CP003546_s
ASV1147	92.735	468	28	6	1	465	316	780	0.0	671	tax=d:Bacteria,p:Proteobacteria,c:Gammaproteobacteria,o:Aeromonadales,f:Aeromonadaceae,g:Aeromonas,s:Aeromonas hydrophila
ASV1147	92.719	467	30	4	1	465	316	780	0.0	671	tax=d:Bacteria,p:Proteobacteria,c:Gammaproteobacteria,o:Aeromonadales,f:Aeromonadaceae,g:Aeromonas,s:Aeromonas australiensis
ASV1147	92.735	468	28	6	1	465	316	780	0.0	671	tax=d:Bacteria,p:Proteobacteria,c:Gammaproteobacteria,o:Aeromonadales,f:Aeromonadaceae,g:Aeromonas,s:Aeromonas eucrenophila
ASV1147	92.735	468	28	6	1	465	316	780	0.0	671	tax=d:Bacteria,p:Proteobacteria,c:Gammaproteobacteria,o:Aeromonadales,f:Aeromonadaceae,g:Aeromonas,s:Aeromonas tecta
ASV1147	92.735	468	28	6	1	465	316	780	0.0	671	tax=d:Bacteria,p:Proteobacteria,c:Gammaproteobacteria,o:Aeromonadales,f:Aeromonadaceae,g:Aeromonas,s:Aeromonas media
ASV1147	92.735	468	28	6	1	465	316	780	0.0	671	tax=d:Bacteria,p:Proteobacteria,c:Gammaproteobacteria,o:Aeromonadales,f:Aeromonadaceae,g:Aeromonas,s:Aeromonas bivalvium
ASV1147	92.719	467	30	4	1	465	316	780	0.0	671	tax=d:Bacteria,p:Proteobacteria,c:Gammaproteobacteria,o:Aeromonadales,f:Aeromonadaceae,g:Aeromonas,s:Aeromonas allosaccharophila
ASV1147	92.719	467	30	4	1	465	259	723	0.0	671	tax=d:Bacteria,p:Proteobacteria,c:Gammaproteobacteria,o:Alteromonadales,f:Shewanellaceae,g:Shewanella,s:Shewanella atlantica
ASV1147	92.735	468	28	6	1	465	316	780	0.0	671	tax=d:Bacteria,p:Proteobacteria,c:Gammaproteobacteria,o:Aeromonadales,f:Aeromonadaceae,g:Aeromonas,s:Aeromonas molluscorum
ASV1147	92.735	468	28	6	1	465	312	776	0.0	671	tax=d:Bacteria,p:Proteobacteria,c:Gammaproteobacteria,o:Enterobacterales,f:Morganellaceae,g:Providencia,s:Providencia rettgeri
ASV1147	92.704	466	32	2	1	465	302	766	0.0	671	tax=d:Bacteria,p:Proteobacteria,c:Gammaproteobacteria,o:Enterobacterales,f:Morganellaceae,g:Providencia,s:Providencia stuartii
ASV1147	92.735	468	28	6	1	465	299	763	0.0	671	tax=d:Bacteria,p:Proteobacteria,c:Gammaproteobacteria,o:Aeromonadales,f:Aeromonadaceae,g:Aeromonas,s:Aeromonas encheleia
ASV1147	92.719	467	30	4	1	465	324	788	0.0	671	tax=d:Bacteria,p:Proteobacteria,c:Gammaproteobacteria,o:Vibrionales,f:Vibrionaceae,g:Enterovibrio,s:Enterovibrio norvegicus
ASV1147	92.505	467	31	4	1	465	313	777	0.0	669	tax=d:Bacteria,p:Proteobacteria,c:Gammaproteobacteria,o:Alteromonadales,f:Shewanellaceae,g:Shewanella,s:Shewanella benthica
ASV1147	92.521	468	29	6	1	465	316	780	0.0	665	tax=d:Bacteria,p:Proteobacteria,c:Gammaproteobacteria,o:Aeromonadales,f:Aeromonadaceae,g:Aeromonas,s:Aeromonas sobria
ASV1147	92.537	469	27	8	1	465	297	761	0.0	665	tax=d:Bacteria,p:Proteobacteria,c:Gammaproteobacteria,o:Alteromonadales,f:Shewanellaceae,g:Shewanella,s:Shewanella carassii
ASV1147	92.473	465	35	0	1	465	324	788	0.0	665	tax=d:Bacteria,p:Proteobacteria,c:Gammaproteobacteria,o:Vibrionales,f:Vibrionaceae,g:Vibrio,s:Vibrio bivalvicida
ASV1147	92.521	468	29	6	1	465	314	778	0.0	665	tax=d:Bacteria,p:Proteobacteria,c:Gammaproteobacteria,o:Enterobacterales,f:Morganellaceae,g:Xenorhabdus,s:LGYQ_s
ASV1147	92.505	467	31	4	1	465	314	778	0.0	665	tax=d:Bacteria,p:Proteobacteria,c:Gammaproteobacteria,o:Vibrionales,f:Vibrionaceae,g:Photobacterium,s:Photobacterium swingsii
ASV1147	92.537	469	27	8	1	465	296	760	0.0	665	tax=d:Bacteria,p:Proteobacteria,c:Gammaproteobacteria,o:Alteromonadales,f:Alishewanella_f,g:Rheinheimera,s:Rheinheimera japonica
ASV1147	92.569	471	23	10	1	465	308	772	0.0	665	tax=d:Bacteria,p:Proteobacteria,c:Gammaproteobacteria,o:Alteromonadales,f:Alishewanella_f,g:Arsukibacterium,s:Arsukibacterium ikkaensis
ASV1147	92.489	466	33	2	1	465	316	780	0.0	665	tax=d:Bacteria,p:Proteobacteria,c:Gammaproteobacteria,o:Aeromonadales,f:Aeromonadaceae,g:Aeromonas,s:Aeromonas lusitana
ASV1147	92.473	465	35	0	1	465	324	788	0.0	665	tax=d:Bacteria,p:Proteobacteria,c:Gammaproteobacteria,o:Vibrionales,f:Vibrionaceae,g:Photobacterium,s:Photobacterium jeanii
ASV1147	92.537	469	27	8	1	465	289	753	0.0	665	tax=d:Bacteria,p:Proteobacteria,c:Gammaproteobacteria,o:Alteromonadales,f:Shewanellaceae,g:Shewanella,s:Shewanella chilikensis
ASV1147	92.489	466	33	2	1	465	324	788	0.0	665	tax=d:Bacteria,p:Proteobacteria,c:Gammaproteobacteria,o:Vibrionales,f:Vibrionaceae,g:Grimontia,s:Grimontia marina
ASV1147	92.521	468	29	6	1	465	314	778	0.0	665	tax=d:Bacteria,p:Proteobacteria,c:Gammaproteobacteria,o:Alteromonadales,f:Shewanellaceae,g:Shewanella,s:FJ169985_s
ASV1147	92.473	465	35	0	1	465	324	788	0.0	665	tax=d:Bacteria,p:Proteobacteria,c:Gammaproteobacteria,o:Vibrionales,f:Vibrionaceae,g:Photobacterium,s:DQ289936_s
ASV1147	92.473	465	35	0	1	465	318	782	0.0	665	tax=d:Bacteria,p:Proteobacteria,c:Gammaproteobacteria,o:Enterobacterales,f:Erwiniaceae,g:Pantoea,s:Pantoea carbekii
ASV1147	92.489	466	33	2	1	465	324	788	0.0	665	tax=d:Bacteria,p:Proteobacteria,c:Gammaproteobacteria,o:Vibrionales,f:Vibrionaceae,g:Vibrio,s:Vibrio tubiashii
ASV1147	92.505	467	31	4	1	465	314	778	0.0	665	tax=d:Bacteria,p:Proteobacteria,c:Gammaproteobacteria,o:Alteromonadales,f:Shewanellaceae,g:Shewanella,s:Shewanella woodyi
ASV1147	92.505	467	31	4	1	465	316	780	0.0	665	tax=d:Bacteria,p:Proteobacteria,c:Gammaproteobacteria,o:Aeromonadales,f:Aeromonadaceae,g:Aeromonas,s:Aeromonas taiwanensis
ASV1147	92.489	466	33	2	1	465	316	780	0.0	665	tax=d:Bacteria,p:Proteobacteria,c:Gammaproteobacteria,o:Aeromonadales,f:Aeromonadaceae,g:Aeromonas,s:Aeromonas enteropelogenes
ASV1147	92.505	467	31	4	1	465	316	780	0.0	665	tax=d:Bacteria,p:Proteobacteria,c:Gammaproteobacteria,o:Aeromonadales,f:Aeromonadaceae,g:Aeromonas,s:Aeromonas dhakensis
ASV1147	92.569	471	23	10	1	465	316	780	0.0	665	tax=d:Bacteria,p:Proteobacteria,c:Gammaproteobacteria,o:Alteromonadales,f:Shewanellaceae,g:Shewanella,s:Shewanella marisflavi
ASV1147	92.537	469	27	8	1	465	262	726	0.0	665	tax=d:Bacteria,p:Proteobacteria,c:Gammaproteobacteria,o:Alteromonadales,f:Shewanellaceae,g:Shewanella,s:Shewanella waksmanii
ASV1147	92.473	465	35	0	1	465	324	788	0.0	665	tax=d:Bacteria,p:Proteobacteria,c:Gammaproteobacteria,o:Vibrionales,f:Vibrionaceae,g:Grimontia,s:Grimontia indica
ASV1147	92.537	469	27	8	1	465	313	777	0.0	665	tax=d:Bacteria,p:Proteobacteria,c:Gammaproteobacteria,o:Alteromonadales,f:Shewanellaceae,g:Shewanella,s:Shewanella fidelis
ASV1147	92.569	471	23	12	1	465	326	790	0.0	665	tax=d:Bacteria,p:Proteobacteria,c:Gammaproteobacteria,o:Alteromonadales,f:Ferrimonadaceae,g:Ferrimonas,s:Ferrimonas kyonanensis
ASV1147	92.537	469	27	8	1	465	314	778	0.0	665	tax=d:Bacteria,p:Proteobacteria,c:Gammaproteobacteria,o:Alteromonadales,f:Shewanellaceae,g:Shewanella,s:Shewanella pneumatophori
ASV1147	92.521	468	25	8	1	465	288	748	0.0	662	tax=d:Bacteria,p:Proteobacteria,c:Gammaproteobacteria,o:Enterobacterales,f:Pectobacteriaceae,g:Dickeya,s:FJ906797_s
ASV1147	92.308	468	30	6	1	465	316	780	0.0	662	tax=d:Bacteria,p:Proteobacteria,c:Gammaproteobacteria,o:Aeromonadales,f:Aeromonadaceae,g:Aeromonas,s:Aeromonas hydrophila
ASV1147	92.308	468	30	6	1	465	315	779	0.0	660	tax=d:Bacteria,p:Proteobacteria,c:Gammaproteobacteria,o:Aeromonadales,f:Aeromonadaceae,g:Aeromonas,s:Aeromonas salmonicida
ASV1147	92.308	468	30	6	1	465	316	780	0.0	660	tax=d:Bacteria,p:Proteobacteria,c:Gammaproteobacteria,o:Aeromonadales,f:Aeromonadaceae,g:Aeromonas,s:Aeromonas salmonicida
ASV1147	92.258	465	36	0	1	465	328	792	0.0	660	tax=d:Bacteria,p:Proteobacteria,c:Gammaproteobacteria,o:Vibrionales,f:Vibrionaceae,g:Vibrio,s:Vibrio cidicii
ASV1147	92.340	470	26	6	1	465	298	762	0.0	660	tax=d:Bacteria,p:Proteobacteria,c:Gammaproteobacteria,o:Alteromonadales,f:Alishewanella_f,g:Rheinheimera,s:Rheinheimera gaetbuli
ASV1147	92.275	466	34	2	1	465	324	788	0.0	660	tax=d:Bacteria,p:Proteobacteria,c:Gammaproteobacteria,o:Vibrionales,f:Vibrionaceae,g:Vibrio,s:JRWQ_s
ASV1147	92.340	470	26	9	1	465	293	757	0.0	660	tax=d:Bacteria,p:Proteobacteria,c:Gammaproteobacteria,o:Alteromonadales,f:Alishewanella_f,g:Rheinheimera,s:Rheinheimera muenzenbergensis
ASV1147	92.357	471	24	10	1	465	287	751	0.0	660	tax=d:Bacteria,p:Proteobacteria,c:Gammaproteobacteria,o:Alteromonadales,f:Alishewanella_f,g:Rheinheimera,s:Rheinheimera hassiensis
ASV1147	92.291	467	33	3	1	465	314	779	0.0	660	tax=d:Bacteria,p:Proteobacteria,c:Gammaproteobacteria,o:Enterobacterales,f:Pectobacteriaceae,g:Sodalis,s:JQ063440_s
ASV1147	92.308	468	30	6	1	465	316	780	0.0	660	tax=d:Bacteria,p:Proteobacteria,c:Gammaproteobacteria,o:Aeromonadales,f:Aeromonadaceae,g:Aeromonas,s:Haemophilus piscium
ASV1147	92.258	465	36	0	1	465	315	779	0.0	660	tax=d:Bacteria,p:Proteobacteria,c:Gammaproteobacteria,o:Vibrionales,f:Vibrionaceae,g:Vibrio,s:Vibrio cincinnatiensis
ASV1147	92.308	468	30	5	1	465	315	779	0.0	660	tax=d:Bacteria,p:Proteobacteria,c:Gammaproteobacteria,o:Enterobacterales,f:Yersiniaceae,g:Serratia,s:FJ655517_s
ASV1147	92.258	465	36	0	1	465	314	778	0.0	660	tax=d:Bacteria,p:Proteobacteria,c:Gammaproteobacteria,o:Vibrionales,f:Vibrionaceae,g:Enterovibrio,s:FJ654063_s
ASV1147	92.324	469	28	8	1	465	296	760	0.0	660	tax=d:Bacteria,p:Proteobacteria,c:Gammaproteobacteria,o:Alteromonadales,f:Alishewanella_f,g:Rheinheimera,s:Rheinheimera nanhaiensis
ASV1147	92.275	466	34	2	1	465	324	788	0.0	660	tax=d:Bacteria,p:Proteobacteria,c:Gammaproteobacteria,o:Enterobacterales,f:Pectobacteriaceae,g:Sodalis,s:EU021695_s
ASV1147	92.291	467	32	4	1	465	331	795	0.0	660	tax=d:Bacteria,p:Proteobacteria,c:Gammaproteobacteria,o:Vibrionales,f:Vibrionaceae,g:Photobacterium,s:DQ513033_s
ASV1147	92.308	468	30	6	1	465	316	780	0.0	660	tax=d:Bacteria,p:Proteobacteria,c:Gammaproteobacteria,o:Aeromonadales,f:Aeromonadaceae,g:Aeromonas,s:CP006579_s
ASV1147	92.308	468	30	6	1	465	316	780	0.0	660	tax=d:Bacteria,p:Proteobacteria,c:Gammaproteobacteria,o:Aeromonadales,f:Aeromonadaceae,g:Aeromonas,s:Aeromonas bestiarum
ASV1147	92.275	466	34	2	1	465	316	780	0.0	660	tax=d:Bacteria,p:Proteobacteria,c:Gammaproteobacteria,o:Aeromonadales,f:Aeromonadaceae,g:Aeromonas,s:Aeromonas jandaei
ASV1147	92.275	466	34	2	1	465	316	780	0.0	660	tax=d:Bacteria,p:Proteobacteria,c:Gammaproteobacteria,o:Aeromonadales,f:Aeromonadaceae,g:Aeromonas,s:Aeromonas sanarellii
ASV1147	92.308	468	30	6	1	465	316	780	0.0	660	tax=d:Bacteria,p:Proteobacteria,c:Gammaproteobacteria,o:Aeromonadales,f:Aeromonadaceae,g:Aeromonas,s:Aeromonas piscicola
ASV1147	92.275	466	34	2	1	465	316	780	0.0	660	tax=d:Bacteria,p:Proteobacteria,c:Gammaproteobacteria,o:Aeromonadales,f:Aeromonadaceae,g:Aeromonas,s:Aeromonas caviae
ASV1147	92.308	468	30	5	1	465	316	780	0.0	660	tax=d:Bacteria,p:Proteobacteria,c:Gammaproteobacteria,o:Aeromonadales,f:Aeromonadaceae,g:Aeromonas,s:Aeromonas rivuli
ASV1147	92.258	465	36	0	1	465	324	788	0.0	660	tax=d:Bacteria,p:Proteobacteria,c:Gammaproteobacteria,o:Vibrionales,f:Vibrionaceae,g:Vibrio,s:Vibrio fluvialis
ASV1147	92.357	471	24	12	1	465	324	788	0.0	660	tax=d:Bacteria,p:Proteobacteria,c:Gammaproteobacteria,o:Alteromonadales,f:Ferrimonadaceae,g:Ferrimonas,s:Ferrimonas marina
ASV1147	92.308	468	30	6	1	465	316	780	0.0	660	tax=d:Bacteria,p:Proteobacteria,c:Gammaproteobacteria,o:Aeromonadales,f:Aeromonadaceae,g:Aeromonas,s:Aeromonas salmonicida
ASV1147	92.291	467	32	4	1	465	257	721	0.0	660	tax=d:Bacteria,p:Proteobacteria,c:Gammaproteobacteria,o:Alteromonadales,f:Shewanellaceae,g:Shewanella,s:Shewanella canadensis
ASV1147	92.258	465	36	0	1	465	314	778	0.0	660	tax=d:Bacteria,p:Proteobacteria,c:Gammaproteobacteria,o:Vibrionales,f:Vibrionaceae,g:Vibrio,s:Vibrio gallicus
ASV1147	92.308	468	30	6	1	465	316	780	0.0	660	tax=d:Bacteria,p:Proteobacteria,c:Gammaproteobacteria,o:Aeromonadales,f:Aeromonadaceae,g:Aeromonas,s:Aeromonas salmonicida
ASV1147	92.291	467	32	4	1	465	306	770	0.0	660	tax=d:Bacteria,p:Proteobacteria,c:Gammaproteobacteria,o:Alteromonadales,f:Alishewanella_f,g:Arsukibacterium,s:Rheinheimera perlucida
ASV1147	92.324	469	28	8	1	465	296	760	0.0	660	tax=d:Bacteria,p:Proteobacteria,c:Gammaproteobacteria,o:Alteromonadales,f:Alishewanella_f,g:Alishewanella,s:Alishewanella aestuarii
ASV1147	92.324	469	28	8	1	465	296	760	0.0	660	tax=d:Bacteria,p:Proteobacteria,c:Gammaproteobacteria,o:Alteromonadales,f:Alishewanella_f,g:Alishewanella,s:Alishewanella agri
ASV1147	92.258	465	36	0	1	465	324	788	0.0	660	tax=d:Bacteria,p:Proteobacteria,c:Gammaproteobacteria,o:Vibrionales,f:Vibrionaceae,g:Vibrio,s:Vibrio fortis
ASV1147	92.324	469	28	8	1	465	295	759	0.0	660	tax=d:Bacteria,p:Proteobacteria,c:Gammaproteobacteria,o:Alteromonadales,f:Alishewanella_f,g:Alishewanella,s:Alishewanella fetalis
ASV1147	92.258	465	36	0	1	465	324	788	0.0	660	tax=d:Bacteria,p:Proteobacteria,c:Gammaproteobacteria,o:Vibrionales,f:Vibrionaceae,g:Vibrio,s:Vibrio caribbeanicus
ASV1147	92.258	465	36	0	1	465	338	802	0.0	660	tax=d:Bacteria,p:Proteobacteria,c:Gammaproteobacteria,o:Vibrionales,f:Vibrionaceae,g:Photobacterium,s:Photobacterium damselae
ASV1147	92.258	465	36	0	1	465	324	788	0.0	660	tax=d:Bacteria,p:Proteobacteria,c:Gammaproteobacteria,o:Vibrionales,f:Vibrionaceae,g:Grimontia,s:Grimontia hollisae
