ASV1672	99.565	460	2	0	1	460	311	770	0.0	839	tax=d:Bacteria,p:Bacteroidetes,c:Sphingobacteriia,o:Sphingobacteriales,f:Sphingobacteriaceae,g:Mucilaginibacter,s:Mucilaginibacter rubeus
ASV1672	98.261	460	8	0	1	460	311	770	0.0	806	tax=d:Bacteria,p:Bacteroidetes,c:Sphingobacteriia,o:Sphingobacteriales,f:Sphingobacteriaceae,g:Mucilaginibacter,s:Mucilaginibacter gossypii
ASV1672	97.609	460	11	0	1	460	288	747	0.0	789	tax=d:Bacteria,p:Bacteroidetes,c:Sphingobacteriia,o:Sphingobacteriales,f:Sphingobacteriaceae,g:Mucilaginibacter,s:Mucilaginibacter gossypiicola
ASV1672	96.970	462	10	4	1	460	311	770	0.0	773	tax=d:Bacteria,p:Bacteroidetes,c:Sphingobacteriia,o:Sphingobacteriales,f:Sphingobacteriaceae,g:Mucilaginibacter,s:PAC000023_s
ASV1672	97.339	451	12	0	1	451	307	757	0.0	769	tax=d:Bacteria,p:Bacteroidetes,c:Sphingobacteriia,o:Sphingobacteriales,f:Sphingobacteriaceae,g:Mucilaginibacter,s:FJ466130_s
ASV1672	96.739	460	15	0	1	460	311	770	0.0	767	tax=d:Bacteria,p:Bacteroidetes,c:Sphingobacteriia,o:Sphingobacteriales,f:Sphingobacteriaceae,g:Mucilaginibacter,s:PAC000055_s
ASV1672	96.522	460	16	0	1	460	311	770	0.0	761	tax=d:Bacteria,p:Bacteroidetes,c:Sphingobacteriia,o:Sphingobacteriales,f:Sphingobacteriaceae,g:Mucilaginibacter,s:PAC000614_s
ASV1672	96.304	460	17	0	1	460	311	770	0.0	756	tax=d:Bacteria,p:Bacteroidetes,c:Sphingobacteriia,o:Sphingobacteriales,f:Sphingobacteriaceae,g:Mucilaginibacter,s:Mucilaginibacter polysacchareus
ASV1672	96.304	460	17	0	1	460	311	770	0.0	756	tax=d:Bacteria,p:Bacteroidetes,c:Sphingobacteriia,o:Sphingobacteriales,f:Sphingobacteriaceae,g:Mucilaginibacter,s:EU861918_s
ASV1672	96.095	461	16	2	1	460	311	770	0.0	750	tax=d:Bacteria,p:Bacteroidetes,c:Sphingobacteriia,o:Sphingobacteriales,f:Sphingobacteriaceae,g:Mucilaginibacter,s:PAC000398_s
ASV1672	96.087	460	18	0	1	460	306	765	0.0	750	tax=d:Bacteria,p:Bacteroidetes,c:Sphingobacteriia,o:Sphingobacteriales,f:Sphingobacteriaceae,g:Mucilaginibacter,s:FJ466361_s
ASV1672	95.870	460	19	0	1	460	311	770	0.0	745	tax=d:Bacteria,p:Bacteroidetes,c:Sphingobacteriia,o:Sphingobacteriales,f:Sphingobacteriaceae,g:Mucilaginibacter,s:PAC000613_s
ASV1672	95.879	461	18	1	1	460	311	771	0.0	745	tax=d:Bacteria,p:Bacteroidetes,c:Sphingobacteriia,o:Sphingobacteriales,f:Sphingobacteriaceae,g:Mucilaginibacter,s:PAC000397_s
ASV1672	95.870	460	19	0	1	460	311	770	0.0	745	tax=d:Bacteria,p:Bacteroidetes,c:Sphingobacteriia,o:Sphingobacteriales,f:Sphingobacteriaceae,g:Mucilaginibacter,s:DQ984575_s
ASV1672	95.870	460	19	0	1	460	311	770	0.0	745	tax=d:Bacteria,p:Bacteroidetes,c:Sphingobacteriia,o:Sphingobacteriales,f:Sphingobacteriaceae,g:Mucilaginibacter,s:BACV_s
ASV1672	95.870	460	19	0	1	460	311	770	0.0	745	tax=d:Bacteria,p:Bacteroidetes,c:Sphingobacteriia,o:Sphingobacteriales,f:Sphingobacteriaceae,g:Mucilaginibacter,s:Mucilaginibacter paludis
ASV1672	95.445	461	19	2	1	460	311	770	0.0	734	tax=d:Bacteria,p:Bacteroidetes,c:Sphingobacteriia,o:Sphingobacteriales,f:Sphingobacteriaceae,g:Mucilaginibacter,s:PAC000475_s
ASV1672	95.435	460	21	0	1	460	309	768	0.0	734	tax=d:Bacteria,p:Bacteroidetes,c:Sphingobacteriia,o:Sphingobacteriales,f:Sphingobacteriaceae,g:Mucilaginibacter,s:Mucilaginibacter oryzae
ASV1672	95.435	460	21	0	1	460	311	770	0.0	734	tax=d:Bacteria,p:Bacteroidetes,c:Sphingobacteriia,o:Sphingobacteriales,f:Sphingobacteriaceae,g:Mucilaginibacter,s:HQ674870_s
ASV1672	95.435	460	21	0	1	460	311	770	0.0	734	tax=d:Bacteria,p:Bacteroidetes,c:Sphingobacteriia,o:Sphingobacteriales,f:Sphingobacteriaceae,g:Mucilaginibacter,s:HQ120055_s
ASV1672	95.445	461	19	2	1	460	311	770	0.0	734	tax=d:Bacteria,p:Bacteroidetes,c:Sphingobacteriia,o:Sphingobacteriales,f:Sphingobacteriaceae,g:Mucilaginibacter,s:EF516467_s
ASV1672	95.238	462	19	3	1	460	311	771	0.0	728	tax=d:Bacteria,p:Bacteroidetes,c:Sphingobacteriia,o:Sphingobacteriales,f:Sphingobacteriaceae,g:Mucilaginibacter,s:PAC000041_s
ASV1672	95.000	460	23	0	1	460	310	769	0.0	723	tax=d:Bacteria,p:Bacteroidetes,c:Sphingobacteriia,o:Sphingobacteriales,f:Sphingobacteriaceae,g:Mucilaginibacter,s:PAC000477_s
ASV1672	95.000	460	23	0	1	460	311	770	0.0	723	tax=d:Bacteria,p:Bacteroidetes,c:Sphingobacteriia,o:Sphingobacteriales,f:Sphingobacteriaceae,g:Mucilaginibacter,s:PAC000346_s
ASV1672	95.000	460	23	0	1	460	311	770	0.0	723	tax=d:Bacteria,p:Bacteroidetes,c:Sphingobacteriia,o:Sphingobacteriales,f:Sphingobacteriaceae,g:Mucilaginibacter,s:HQ674875_s
ASV1672	94.989	459	20	2	1	459	285	740	0.0	721	tax=d:Bacteria,p:Bacteroidetes,c:Sphingobacteriia,o:Sphingobacteriales,f:Sphingobacteriaceae,g:Mucilaginibacter,s:Mucilaginibacter kameinonensis
ASV1672	94.805	462	20	3	1	460	311	770	0.0	717	tax=d:Bacteria,p:Bacteroidetes,c:Sphingobacteriia,o:Sphingobacteriales,f:Sphingobacteriaceae,g:Mucilaginibacter,s:Mucilaginibacter angelicae
ASV1672	94.783	460	24	0	1	460	311	770	0.0	717	tax=d:Bacteria,p:Bacteroidetes,c:Sphingobacteriia,o:Sphingobacteriales,f:Sphingobacteriaceae,g:Mucilaginibacter,s:FRCM_s
ASV1672	94.783	460	24	0	1	460	311	770	0.0	717	tax=d:Bacteria,p:Bacteroidetes,c:Sphingobacteriia,o:Sphingobacteriales,f:Sphingobacteriaceae,g:Mucilaginibacter,s:EU423305_s
ASV1672	94.783	460	24	0	1	460	311	770	0.0	717	tax=d:Bacteria,p:Bacteroidetes,c:Sphingobacteriia,o:Sphingobacteriales,f:Sphingobacteriaceae,g:Mucilaginibacter,s:Mucilaginibacter gotjawali
ASV1672	94.783	460	24	0	1	460	311	770	0.0	717	tax=d:Bacteria,p:Bacteroidetes,c:Sphingobacteriia,o:Sphingobacteriales,f:Sphingobacteriaceae,g:Mucilaginibacter,s:AB267721_s
ASV1672	94.565	460	25	0	1	460	311	770	0.0	712	tax=d:Bacteria,p:Bacteroidetes,c:Sphingobacteriia,o:Sphingobacteriales,f:Sphingobacteriaceae,g:Mucilaginibacter,s:PAC000288_s
ASV1672	94.565	460	25	0	1	460	311	770	0.0	712	tax=d:Bacteria,p:Bacteroidetes,c:Sphingobacteriia,o:Sphingobacteriales,f:Sphingobacteriaceae,g:Mucilaginibacter,s:Mucilaginibacter craterilacus
ASV1672	94.565	460	25	0	1	460	311	770	0.0	712	tax=d:Bacteria,p:Bacteroidetes,c:Sphingobacteriia,o:Sphingobacteriales,f:Sphingobacteriaceae,g:Mucilaginibacter,s:Mucilaginibacter litoreus
ASV1672	94.589	462	22	3	1	460	311	771	0.0	712	tax=d:Bacteria,p:Bacteroidetes,c:Sphingobacteriia,o:Sphingobacteriales,f:Sphingobacteriaceae,g:Mucilaginibacter,s:JF428922_s
ASV1672	94.565	460	25	0	1	460	311	770	0.0	712	tax=d:Bacteria,p:Bacteroidetes,c:Sphingobacteriia,o:Sphingobacteriales,f:Sphingobacteriaceae,g:Mucilaginibacter,s:GU731312_s
ASV1672	94.565	460	25	0	1	460	306	765	0.0	712	tax=d:Bacteria,p:Bacteroidetes,c:Sphingobacteriia,o:Sphingobacteriales,f:Sphingobacteriaceae,g:Mucilaginibacter,s:FJ466357_s
ASV1672	94.348	460	26	0	1	460	289	748	0.0	706	tax=d:Bacteria,p:Bacteroidetes,c:Sphingobacteriia,o:Sphingobacteriales,f:Sphingobacteriaceae,g:Mucilaginibacter,s:Mucilaginibacter antarcticus
ASV1672	94.360	461	24	2	1	460	282	741	0.0	706	tax=d:Bacteria,p:Bacteroidetes,c:Sphingobacteriia,o:Sphingobacteriales,f:Sphingobacteriaceae,g:Mucilaginibacter,s:Mucilaginibacter vulcanisilvae
ASV1672	94.384	463	20	3	1	460	311	770	0.0	706	tax=d:Bacteria,p:Bacteroidetes,c:Sphingobacteriia,o:Sphingobacteriales,f:Sphingobacteriaceae,g:Mucilaginibacter,s:Mucilaginibacter frigoritolerans
ASV1672	94.348	460	26	0	1	460	264	723	0.0	706	tax=d:Bacteria,p:Bacteroidetes,c:Sphingobacteriia,o:Sphingobacteriales,f:Sphingobacteriaceae,g:Mucilaginibacter,s:HE998785_s
ASV1672	94.348	460	26	0	1	460	309	768	0.0	706	tax=d:Bacteria,p:Bacteroidetes,c:Sphingobacteriia,o:Sphingobacteriales,f:Sphingobacteriaceae,g:Mucilaginibacter,s:EF516605_s
ASV1672	94.348	460	25	1	1	460	311	769	0.0	704	tax=d:Bacteria,p:Bacteroidetes,c:Sphingobacteriia,o:Sphingobacteriales,f:Sphingobacteriaceae,g:Mucilaginibacter,s:PAC000092_s
ASV1672	94.130	460	27	0	1	460	311	770	0.0	702	tax=d:Bacteria,p:Bacteroidetes,c:Sphingobacteriia,o:Sphingobacteriales,f:Sphingobacteriaceae,g:Mucilaginibacter,s:Mucilaginibacter ginsenosidivorax
ASV1672	94.130	460	27	0	1	460	311	770	0.0	701	tax=d:Bacteria,p:Bacteroidetes,c:Sphingobacteriia,o:Sphingobacteriales,f:Sphingobacteriaceae,g:Mucilaginibacter,s:PAC000539_s
ASV1672	94.130	460	27	0	1	460	311	770	0.0	701	tax=d:Bacteria,p:Bacteroidetes,c:Sphingobacteriia,o:Sphingobacteriales,f:Sphingobacteriaceae,g:Mucilaginibacter,s:Mucilaginibacter puniceus
ASV1672	94.130	460	27	0	1	460	319	778	0.0	701	tax=d:Bacteria,p:Bacteroidetes,c:Sphingobacteriia,o:Sphingobacteriales,f:Sphingobacteriaceae,g:Pedobacter_g3,s:JQ941772_s
ASV1672	94.156	462	22	5	1	460	311	769	0.0	701	tax=d:Bacteria,p:Bacteroidetes,c:Sphingobacteriia,o:Sphingobacteriales,f:Sphingobacteriaceae,g:JF097024_g,s:JF204236_s
ASV1672	94.130	460	27	0	1	460	223	682	0.0	701	tax=d:Bacteria,p:Bacteroidetes,c:Sphingobacteriia,o:Sphingobacteriales,f:Sphingobacteriaceae,g:Mucilaginibacter,s:Mucilaginibacter soyangensis
ASV1672	94.130	460	27	0	1	460	309	768	0.0	701	tax=d:Bacteria,p:Bacteroidetes,c:Sphingobacteriia,o:Sphingobacteriales,f:Sphingobacteriaceae,g:Pedobacter_g4,s:Pedobacter tournemirensis
ASV1672	94.130	460	27	0	1	460	311	770	0.0	701	tax=d:Bacteria,p:Bacteroidetes,c:Sphingobacteriia,o:Sphingobacteriales,f:Sphingobacteriaceae,g:Mucilaginibacter,s:Mucilaginibacter dorajii
ASV1672	94.130	460	27	0	1	460	308	767	0.0	701	tax=d:Bacteria,p:Bacteroidetes,c:Sphingobacteriia,o:Sphingobacteriales,f:Sphingobacteriaceae,g:Mucilaginibacter,s:Mucilaginibacter rigui
ASV1672	94.130	460	27	0	1	460	285	744	0.0	701	tax=d:Bacteria,p:Bacteroidetes,c:Sphingobacteriia,o:Sphingobacteriales,f:Sphingobacteriaceae,g:Mucilaginibacter,s:Mucilaginibacter ximonensis
ASV1672	94.130	460	27	0	1	460	311	770	0.0	701	tax=d:Bacteria,p:Bacteroidetes,c:Sphingobacteriia,o:Sphingobacteriales,f:Sphingobacteriaceae,g:Mucilaginibacter,s:DQ984593_s
ASV1672	94.130	460	26	1	1	460	311	769	0.0	699	tax=d:Bacteria,p:Bacteroidetes,c:Sphingobacteriia,o:Sphingobacteriales,f:Sphingobacteriaceae,g:Mucilaginibacter,s:FR720618_s
ASV1672	94.105	458	27	0	3	460	301	758	0.0	697	tax=d:Bacteria,p:Bacteroidetes,c:Sphingobacteriia,o:Sphingobacteriales,f:Sphingobacteriaceae,g:Pedobacter_g3,s:AY509377_s
ASV1672	93.913	460	28	0	1	460	310	769	0.0	695	tax=d:Bacteria,p:Bacteroidetes,c:Sphingobacteriia,o:Sphingobacteriales,f:Sphingobacteriaceae,g:Mucilaginibacter,s:PAC000073_s
ASV1672	93.913	460	28	0	1	460	311	770	0.0	695	tax=d:Bacteria,p:Bacteroidetes,c:Sphingobacteriia,o:Sphingobacteriales,f:Sphingobacteriaceae,g:Mucilaginibacter,s:PAC000072_s
ASV1672	93.913	460	28	0	1	460	304	763	0.0	695	tax=d:Bacteria,p:Bacteroidetes,c:Sphingobacteriia,o:Sphingobacteriales,f:Sphingobacteriaceae,g:Mucilaginibacter,s:Mucilaginibacter psychrotolerans
ASV1672	93.926	461	26	2	1	460	311	770	0.0	695	tax=d:Bacteria,p:Bacteroidetes,c:Sphingobacteriia,o:Sphingobacteriales,f:Sphingobacteriaceae,g:Mucilaginibacter,s:Mucilaginibacter calamicampi
ASV1672	93.913	460	28	0	1	460	310	769	0.0	695	tax=d:Bacteria,p:Bacteroidetes,c:Sphingobacteriia,o:Sphingobacteriales,f:Sphingobacteriaceae,g:Mucilaginibacter,s:Mucilaginibacter defluvii
ASV1672	93.913	460	28	0	1	460	299	758	0.0	695	tax=d:Bacteria,p:Bacteroidetes,c:Sphingobacteriia,o:Sphingobacteriales,f:Sphingobacteriaceae,g:Mucilaginibacter,s:JF833495_s
ASV1672	93.913	460	28	0	1	460	287	746	0.0	695	tax=d:Bacteria,p:Bacteroidetes,c:Sphingobacteriia,o:Sphingobacteriales,f:Sphingobacteriaceae,g:Mucilaginibacter,s:Mucilaginibacter soli
ASV1672	93.913	460	28	0	1	460	311	770	0.0	695	tax=d:Bacteria,p:Bacteroidetes,c:Sphingobacteriia,o:Sphingobacteriales,f:Sphingobacteriaceae,g:Mucilaginibacter,s:HQ674876_s
ASV1672	93.913	460	28	0	1	460	311	770	0.0	695	tax=d:Bacteria,p:Bacteroidetes,c:Sphingobacteriia,o:Sphingobacteriales,f:Sphingobacteriaceae,g:Pedobacter_g4,s:HM816793_s
ASV1672	93.913	460	28	0	1	460	311	770	0.0	695	tax=d:Bacteria,p:Bacteroidetes,c:Sphingobacteriia,o:Sphingobacteriales,f:Sphingobacteriaceae,g:Mucilaginibacter,s:EU861956_s
ASV1672	93.939	462	24	4	1	460	311	770	0.0	695	tax=d:Bacteria,p:Bacteroidetes,c:Sphingobacteriia,o:Sphingobacteriales,f:Sphingobacteriaceae,g:Mucilaginibacter,s:CP022743_s
ASV1672	93.913	460	28	0	1	460	311	770	0.0	695	tax=d:Bacteria,p:Bacteroidetes,c:Sphingobacteriia,o:Sphingobacteriales,f:Sphingobacteriaceae,g:Mucilaginibacter,s:CP014773_s
ASV1672	93.926	461	26	2	1	460	311	770	0.0	695	tax=d:Bacteria,p:Bacteroidetes,c:Sphingobacteriia,o:Sphingobacteriales,f:Sphingobacteriaceae,g:Mucilaginibacter,s:AY963332_s
ASV1672	93.913	460	28	0	1	460	311	770	0.0	695	tax=d:Bacteria,p:Bacteroidetes,c:Sphingobacteriia,o:Sphingobacteriales,f:Sphingobacteriaceae,g:Mucilaginibacter,s:Mucilaginibacter composti
ASV1672	93.913	460	26	1	1	460	300	757	0.0	693	tax=d:Bacteria,p:Bacteroidetes,c:Sphingobacteriia,o:Sphingobacteriales,f:Sphingobacteriaceae,g:Mucilaginibacter,s:Mucilaginibacter roseus
ASV1672	93.696	460	29	0	1	460	311	770	0.0	689	tax=d:Bacteria,p:Bacteroidetes,c:Sphingobacteriia,o:Sphingobacteriales,f:Sphingobacteriaceae,g:Mucilaginibacter,s:PAC000476_s
ASV1672	93.723	462	25	4	1	460	311	770	0.0	689	tax=d:Bacteria,p:Bacteroidetes,c:Sphingobacteriia,o:Sphingobacteriales,f:Sphingobacteriaceae,g:Mucilaginibacter,s:PAC000206_s
ASV1672	93.723	462	25	4	1	460	311	770	0.0	689	tax=d:Bacteria,p:Bacteroidetes,c:Sphingobacteriia,o:Sphingobacteriales,f:Sphingobacteriaceae,g:Mucilaginibacter,s:MDJS_s
ASV1672	93.709	461	27	2	1	460	311	770	0.0	689	tax=d:Bacteria,p:Bacteroidetes,c:Sphingobacteriia,o:Sphingobacteriales,f:Sphingobacteriaceae,g:JF097024_g,s:JF097024_s
ASV1672	93.709	461	27	2	1	460	308	767	0.0	689	tax=d:Bacteria,p:Bacteroidetes,c:Sphingobacteriia,o:Sphingobacteriales,f:Sphingobacteriaceae,g:Pedobacter_g4,s:HM186058_s
ASV1672	93.696	460	29	0	1	460	277	736	0.0	689	tax=d:Bacteria,p:Bacteroidetes,c:Sphingobacteriia,o:Sphingobacteriales,f:Sphingobacteriaceae,g:Mucilaginibacter,s:Mucilaginibacter fluminis
ASV1672	93.709	461	27	2	1	460	313	772	0.0	689	tax=d:Bacteria,p:Bacteroidetes,c:Sphingobacteriia,o:Sphingobacteriales,f:Sphingobacteriaceae,g:Pedobacter_g3,s:FN811256_s
ASV1672	93.696	460	29	0	1	460	311	770	0.0	689	tax=d:Bacteria,p:Bacteroidetes,c:Sphingobacteriia,o:Sphingobacteriales,f:Sphingobacteriaceae,g:Mucilaginibacter,s:Mucilaginibacter panaciglaebae
ASV1672	93.478	460	30	0	1	460	290	749	0.0	684	tax=d:Bacteria,p:Bacteroidetes,c:Sphingobacteriia,o:Sphingobacteriales,f:Sphingobacteriaceae,g:Mucilaginibacter,s:Mucilaginibacter phyllosphaerae
ASV1672	93.478	460	30	0	1	460	314	773	0.0	684	tax=d:Bacteria,p:Bacteroidetes,c:Sphingobacteriia,o:Sphingobacteriales,f:Sphingobacteriaceae,g:Pedobacter,s:JQ337604_s
ASV1672	93.478	460	30	0	1	460	311	770	0.0	684	tax=d:Bacteria,p:Bacteroidetes,c:Sphingobacteriia,o:Sphingobacteriales,f:Sphingobacteriaceae,g:Mucilaginibacter,s:Mucilaginibacter polytrichastri
ASV1672	93.478	460	30	0	1	460	311	770	0.0	684	tax=d:Bacteria,p:Bacteroidetes,c:Sphingobacteriia,o:Sphingobacteriales,f:Sphingobacteriaceae,g:Mucilaginibacter,s:JF220812_s
ASV1672	93.492	461	28	2	1	460	311	770	0.0	684	tax=d:Bacteria,p:Bacteroidetes,c:Sphingobacteriia,o:Sphingobacteriales,f:Sphingobacteriaceae,g:Pedobacter,s:Pedobacter bauzanensis
ASV1672	93.521	463	24	5	1	460	310	769	0.0	684	tax=d:Bacteria,p:Bacteroidetes,c:Sphingobacteriia,o:Sphingobacteriales,f:Sphingobacteriaceae,g:Mucilaginibacter,s:EF516106_s
ASV1672	93.261	460	31	0	1	460	311	770	0.0	678	tax=d:Bacteria,p:Bacteroidetes,c:Sphingobacteriia,o:Sphingobacteriales,f:Sphingobacteriaceae,g:Mucilaginibacter,s:PAC000540_s
ASV1672	93.261	460	31	0	1	460	309	768	0.0	678	tax=d:Bacteria,p:Bacteroidetes,c:Sphingobacteriia,o:Sphingobacteriales,f:Sphingobacteriaceae,g:Pedobacter,s:Pedobacter nanyangensis
ASV1672	93.261	460	31	0	1	460	285	744	0.0	678	tax=d:Bacteria,p:Bacteroidetes,c:Sphingobacteriia,o:Sphingobacteriales,f:Sphingobacteriaceae,g:Pedobacter_g3,s:Pedobacter huanghensis
ASV1672	93.290	462	27	4	1	460	311	770	0.0	678	tax=d:Bacteria,p:Bacteroidetes,c:Sphingobacteriia,o:Sphingobacteriales,f:Sphingobacteriaceae,g:Pedobacter,s:JF905978_s
ASV1672	93.261	460	31	0	1	460	297	756	0.0	678	tax=d:Bacteria,p:Bacteroidetes,c:Sphingobacteriia,o:Sphingobacteriales,f:Sphingobacteriaceae,g:Mucilaginibacter,s:Mucilaginibacter flavus
ASV1672	93.275	461	29	2	1	460	303	762	0.0	678	tax=d:Bacteria,p:Bacteroidetes,c:Sphingobacteriia,o:Sphingobacteriales,f:Sphingobacteriaceae,g:FJ377315_g,s:FJ377315_s
ASV1672	93.261	460	31	0	1	460	309	768	0.0	678	tax=d:Bacteria,p:Bacteroidetes,c:Sphingobacteriia,o:Sphingobacteriales,f:Sphingobacteriaceae,g:Mucilaginibacter,s:EU861966_s
ASV1672	93.261	460	31	0	1	460	311	770	0.0	678	tax=d:Bacteria,p:Bacteroidetes,c:Sphingobacteriia,o:Sphingobacteriales,f:Sphingobacteriaceae,g:Mucilaginibacter,s:EU861935_s
ASV1672	93.261	460	31	0	1	460	311	770	0.0	678	tax=d:Bacteria,p:Bacteroidetes,c:Sphingobacteriia,o:Sphingobacteriales,f:Sphingobacteriaceae,g:Mucilaginibacter,s:Mucilaginibacter gracilis
ASV1672	93.059	461	30	2	1	460	311	770	0.0	673	tax=d:Bacteria,p:Bacteroidetes,c:Sphingobacteriia,o:Sphingobacteriales,f:Sphingobacteriaceae,g:Mucilaginibacter,s:Mucilaginibacter pedocola
ASV1672	93.043	460	32	0	1	460	289	748	0.0	673	tax=d:Bacteria,p:Bacteroidetes,c:Sphingobacteriia,o:Sphingobacteriales,f:Sphingobacteriaceae,g:Mucilaginibacter,s:Mucilaginibacter amnicola
ASV1672	93.043	460	32	0	1	460	310	769	0.0	673	tax=d:Bacteria,p:Bacteroidetes,c:Sphingobacteriia,o:Sphingobacteriales,f:Sphingobacteriaceae,g:Mucilaginibacter,s:Mucilaginibacter auburnensis
ASV1672	93.043	460	32	0	1	460	311	770	0.0	673	tax=d:Bacteria,p:Bacteroidetes,c:Sphingobacteriia,o:Sphingobacteriales,f:Sphingobacteriaceae,g:Mucilaginibacter,s:Mucilaginibacter yixingensis
ASV1672	93.043	460	32	0	1	460	311	770	0.0	673	tax=d:Bacteria,p:Bacteroidetes,c:Sphingobacteriia,o:Sphingobacteriales,f:Sphingobacteriaceae,g:Mucilaginibacter,s:Mucilaginibacter gynuensis
ASV1672	93.043	460	32	0	1	460	306	765	0.0	673	tax=d:Bacteria,p:Bacteroidetes,c:Sphingobacteriia,o:Sphingobacteriales,f:Sphingobacteriaceae,g:Mucilaginibacter,s:JQ311818_s
ASV1672	93.059	461	30	2	1	460	280	739	0.0	673	tax=d:Bacteria,p:Bacteroidetes,c:Sphingobacteriia,o:Sphingobacteriales,f:Sphingobacteriaceae,g:Pedobacter,s:Pedobacter hainanensis
ASV1672	93.043	460	32	0	1	460	311	770	0.0	673	tax=d:Bacteria,p:Bacteroidetes,c:Sphingobacteriia,o:Sphingobacteriales,f:Sphingobacteriaceae,g:Pedobacter_g3,s:Pedobacter luteus
ASV1672	93.043	460	32	0	1	460	311	770	0.0	673	tax=d:Bacteria,p:Bacteroidetes,c:Sphingobacteriia,o:Sphingobacteriales,f:Sphingobacteriaceae,g:Mucilaginibacter,s:Mucilaginibacter lutimaris
ASV1672	93.043	460	32	0	1	460	311	770	0.0	673	tax=d:Bacteria,p:Bacteroidetes,c:Sphingobacteriia,o:Sphingobacteriales,f:Sphingobacteriaceae,g:Pedobacter,s:GU731277_s
ASV1672	93.043	460	32	0	1	460	294	753	0.0	673	tax=d:Bacteria,p:Bacteroidetes,c:Sphingobacteriia,o:Sphingobacteriales,f:Sphingobacteriaceae,g:Mucilaginibacter,s:Mucilaginibacter myungsuensis
ASV1672	93.059	461	30	2	1	460	311	770	0.0	673	tax=d:Bacteria,p:Bacteroidetes,c:Sphingobacteriia,o:Sphingobacteriales,f:Sphingobacteriaceae,g:Pedobacter,s:Pedobacter lentus
ASV1672	93.043	460	32	0	1	460	311	770	0.0	673	tax=d:Bacteria,p:Bacteroidetes,c:Sphingobacteriia,o:Sphingobacteriales,f:Sphingobacteriaceae,g:Olivibacter,s:Olivibacter ginsengisoli
ASV1672	92.842	461	31	2	1	460	309	768	0.0	667	tax=d:Bacteria,p:Bacteroidetes,c:Sphingobacteriia,o:Sphingobacteriales,f:Sphingobacteriaceae,g:Pedobacter,s:Pedobacter silvilitoris
ASV1672	92.826	460	33	0	1	460	311	770	0.0	667	tax=d:Bacteria,p:Bacteroidetes,c:Sphingobacteriia,o:Sphingobacteriales,f:Sphingobacteriaceae,g:Mucilaginibacter,s:Mucilaginibacter sabulilitoris
ASV1672	92.842	461	31	2	1	460	311	770	0.0	667	tax=d:Bacteria,p:Bacteroidetes,c:Sphingobacteriia,o:Sphingobacteriales,f:Sphingobacteriaceae,g:Pedobacter,s:Pedobacter hartonius
ASV1672	92.826	460	33	0	1	460	311	770	0.0	667	tax=d:Bacteria,p:Bacteroidetes,c:Sphingobacteriia,o:Sphingobacteriales,f:Sphingobacteriaceae,g:Mucilaginibacter,s:Mucilaginibacter pineti
ASV1672	92.842	461	31	2	1	460	311	770	0.0	667	tax=d:Bacteria,p:Bacteroidetes,c:Sphingobacteriia,o:Sphingobacteriales,f:Sphingobacteriaceae,g:Pedobacter_g3,s:Pedobacter ruber
ASV1672	92.842	461	31	2	1	460	311	770	0.0	667	tax=d:Bacteria,p:Bacteroidetes,c:Sphingobacteriia,o:Sphingobacteriales,f:Sphingobacteriaceae,g:Pedobacter,s:Pedobacter piscium
ASV1672	92.826	460	33	0	1	460	311	770	0.0	667	tax=d:Bacteria,p:Bacteroidetes,c:Sphingobacteriia,o:Sphingobacteriales,f:Sphingobacteriaceae,g:Olivibacter,s:Olivibacter jilunii
ASV1672	92.826	460	33	0	1	460	311	770	0.0	667	tax=d:Bacteria,p:Bacteroidetes,c:Sphingobacteriia,o:Sphingobacteriales,f:Sphingobacteriaceae,g:Mucilaginibacter,s:HQ118558_s
ASV1672	92.826	460	33	0	1	460	311	770	0.0	667	tax=d:Bacteria,p:Bacteroidetes,c:Sphingobacteriia,o:Sphingobacteriales,f:Sphingobacteriaceae,g:Pedobacter_g3,s:GQ396878_s
ASV1672	92.842	461	31	2	1	460	311	770	0.0	667	tax=d:Bacteria,p:Bacteroidetes,c:Sphingobacteriia,o:Sphingobacteriales,f:Sphingobacteriaceae,g:Pedobacter,s:Pedobacter antarcticus
ASV1672	92.826	460	33	0	1	460	308	767	0.0	667	tax=d:Bacteria,p:Bacteroidetes,c:Sphingobacteriia,o:Sphingobacteriales,f:Sphingobacteriaceae,g:Pedobacter_g3,s:EU133724_s
ASV1672	92.842	461	31	2	1	460	311	770	0.0	667	tax=d:Bacteria,p:Bacteroidetes,c:Sphingobacteriia,o:Sphingobacteriales,f:Sphingobacteriaceae,g:Pedobacter,s:AJ551152_s
ASV1672	92.826	460	33	0	1	460	311	770	0.0	667	tax=d:Bacteria,p:Bacteroidetes,c:Sphingobacteriia,o:Sphingobacteriales,f:Sphingobacteriaceae,g:Pedobacter_g3,s:Pedobacter composti
ASV1672	92.826	460	33	0	1	460	282	741	0.0	667	tax=d:Bacteria,p:Bacteroidetes,c:Sphingobacteriia,o:Sphingobacteriales,f:Sphingobacteriaceae,g:Pedobacter,s:Pedobacter zeaxanthinifaciens
ASV1672	92.857	462	28	5	1	460	309	767	0.0	665	tax=d:Bacteria,p:Bacteroidetes,c:Sphingobacteriia,o:Sphingobacteriales,f:Sphingobacteriaceae,g:Pedobacter,s:Pedobacter terricola
ASV1672	92.609	460	34	0	1	460	311	770	0.0	662	tax=d:Bacteria,p:Bacteroidetes,c:Sphingobacteriia,o:Sphingobacteriales,f:Sphingobacteriaceae,g:Mucilaginibacter,s:Mucilaginibacter ginsengisoli
ASV1672	92.609	460	34	0	1	460	311	770	0.0	662	tax=d:Bacteria,p:Bacteroidetes,c:Sphingobacteriia,o:Sphingobacteriales,f:Sphingobacteriaceae,g:Mucilaginibacter,s:Mucilaginibacter carri
ASV1672	92.609	460	34	0	1	460	308	767	0.0	662	tax=d:Bacteria,p:Bacteroidetes,c:Sphingobacteriia,o:Sphingobacteriales,f:Sphingobacteriaceae,g:Mucilaginibacter,s:Mucilaginibacter herbaticus
ASV1672	92.609	460	34	0	1	460	312	771	0.0	662	tax=d:Bacteria,p:Bacteroidetes,c:Sphingobacteriia,o:Sphingobacteriales,f:Sphingobacteriaceae,g:Mucilaginibacter,s:Mucilaginibacter lappiensis
ASV1672	92.657	463	29	5	1	460	309	769	0.0	662	tax=d:Bacteria,p:Bacteroidetes,c:Sphingobacteriia,o:Sphingobacteriales,f:Sphingobacteriaceae,g:Pedobacter,s:JF176736_s
ASV1672	92.625	461	32	2	1	460	287	746	0.0	662	tax=d:Bacteria,p:Bacteroidetes,c:Sphingobacteriia,o:Sphingobacteriales,f:Sphingobacteriaceae,g:Pedobacter,s:Pedobacter soyangensis
ASV1672	92.609	460	34	0	1	460	311	770	0.0	662	tax=d:Bacteria,p:Bacteroidetes,c:Sphingobacteriia,o:Sphingobacteriales,f:Sphingobacteriaceae,g:Mucilaginibacter,s:Mucilaginibacter boryungensis
ASV1672	92.641	462	30	4	1	460	308	767	0.0	662	tax=d:Bacteria,p:Bacteroidetes,c:Sphingobacteriia,o:Sphingobacteriales,f:Sphingobacteriaceae,g:Mucilaginibacter,s:FJ466369_s
ASV1672	92.609	460	34	0	1	460	311	770	0.0	662	tax=d:Bacteria,p:Bacteroidetes,c:Sphingobacteriia,o:Sphingobacteriales,f:Sphingobacteriaceae,g:Mucilaginibacter,s:FJ466108_s
ASV1672	92.609	460	34	0	1	460	311	770	0.0	662	tax=d:Bacteria,p:Bacteroidetes,c:Sphingobacteriia,o:Sphingobacteriales,f:Sphingobacteriaceae,g:Pedobacter,s:FJ192729_s
ASV1672	92.609	460	34	0	1	460	289	748	0.0	662	tax=d:Bacteria,p:Bacteroidetes,c:Sphingobacteriia,o:Sphingobacteriales,f:Sphingobacteriaceae,g:Pedobacter_g4,s:Pedobacter xinjiangensis
ASV1672	92.625	461	32	2	1	460	311	770	0.0	662	tax=d:Bacteria,p:Bacteroidetes,c:Sphingobacteriia,o:Sphingobacteriales,f:Sphingobacteriaceae,g:Pedobacter,s:CP024091_s
ASV1672	92.609	460	34	0	1	460	311	770	0.0	662	tax=d:Bacteria,p:Bacteroidetes,c:Sphingobacteriia,o:Sphingobacteriales,f:Sphingobacteriaceae,g:Pedobacter_g3,s:Pedobacter oryzae
ASV1672	92.625	461	32	2	1	460	311	770	0.0	662	tax=d:Bacteria,p:Bacteroidetes,c:Sphingobacteriia,o:Sphingobacteriales,f:Sphingobacteriaceae,g:Pedobacter,s:Pedobacter westerhofensis
ASV1672	92.576	458	34	0	3	460	301	758	0.0	658	tax=d:Bacteria,p:Bacteroidetes,c:Sphingobacteriia,o:Sphingobacteriales,f:Sphingobacteriaceae,g:Pedobacter,s:Pedobacter psychrotolerans
ASV1672	91.974	461	35	2	1	460	311	770	0.0	656	tax=d:Bacteria,p:Bacteroidetes,c:Sphingobacteriia,o:Sphingobacteriales,f:Sphingobacteriaceae,g:Comitans_g,s:Comitans sp.
ASV1672	92.391	460	35	0	1	460	311	770	0.0	656	tax=d:Bacteria,p:Bacteroidetes,c:Sphingobacteriia,o:Sphingobacteriales,f:Sphingobacteriaceae,g:Mucilaginibacter,s:Mucilaginibacter mallensis
ASV1672	92.391	460	35	0	1	460	309	768	0.0	656	tax=d:Bacteria,p:Bacteroidetes,c:Sphingobacteriia,o:Sphingobacteriales,f:Sphingobacteriaceae,g:Mucilaginibacter,s:Mucilaginibacter terrae
ASV1672	92.391	460	35	0	1	460	311	770	0.0	656	tax=d:Bacteria,p:Bacteroidetes,c:Sphingobacteriia,o:Sphingobacteriales,f:Sphingobacteriaceae,g:Mucilaginibacter,s:Mucilaginibacter jinjuensis
ASV1672	92.391	460	35	0	1	460	286	745	0.0	656	tax=d:Bacteria,p:Bacteroidetes,c:Sphingobacteriia,o:Sphingobacteriales,f:Sphingobacteriaceae,g:Mucilaginibacter,s:JF778715_s
ASV1672	92.391	460	35	0	1	460	319	778	0.0	656	tax=d:Bacteria,p:Bacteroidetes,c:Sphingobacteriia,o:Sphingobacteriales,f:Sphingobacteriaceae,g:Sphingobacterium,s:JF101584_s
ASV1672	92.408	461	33	2	1	460	311	770	0.0	656	tax=d:Bacteria,p:Bacteroidetes,c:Sphingobacteriia,o:Sphingobacteriales,f:Sphingobacteriaceae,g:Mucilaginibacter,s:HQ674873_s
ASV1672	92.391	460	35	0	1	460	311	770	0.0	656	tax=d:Bacteria,p:Bacteroidetes,c:Sphingobacteriia,o:Sphingobacteriales,f:Sphingobacteriaceae,g:Pedobacter_g3,s:HQ327235_s
ASV1672	92.391	460	35	0	1	460	311	770	0.0	656	tax=d:Bacteria,p:Bacteroidetes,c:Sphingobacteriia,o:Sphingobacteriales,f:Sphingobacteriaceae,g:Mucilaginibacter,s:HM204918_s
ASV1672	92.408	461	33	2	1	460	310	769	0.0	656	tax=d:Bacteria,p:Bacteroidetes,c:Sphingobacteriia,o:Sphingobacteriales,f:Sphingobacteriaceae,g:Olivibacter,s:Olivibacter oleidegradans
ASV1672	92.408	461	34	1	1	460	311	771	0.0	656	tax=d:Bacteria,p:Bacteroidetes,c:Sphingobacteriia,o:Sphingobacteriales,f:Sphingobacteriaceae,g:Pedobacter,s:GU444077_s
ASV1672	92.391	460	35	0	1	460	292	751	0.0	656	tax=d:Bacteria,p:Bacteroidetes,c:Sphingobacteriia,o:Sphingobacteriales,f:Sphingobacteriaceae,g:Pedobacter_g3,s:FR667417_s
ASV1672	92.391	460	35	0	1	460	309	768	0.0	656	tax=d:Bacteria,p:Bacteroidetes,c:Sphingobacteriia,o:Sphingobacteriales,f:Sphingobacteriaceae,g:Mucilaginibacter,s:EF516352_s
ASV1672	92.391	460	35	0	1	460	309	768	0.0	656	tax=d:Bacteria,p:Bacteroidetes,c:Sphingobacteriia,o:Sphingobacteriales,f:Sphingobacteriaceae,g:Pedobacter,s:AB637066_s
ASV1672	92.391	460	32	2	1	460	313	769	0.0	652	tax=d:Bacteria,p:Bacteroidetes,c:Sphingobacteriia,o:Sphingobacteriales,f:Sphingobacteriaceae,g:Pedobacter_g3,s:JX114447_s
ASV1672	92.174	460	36	0	1	460	311	770	0.0	651	tax=d:Bacteria,p:Bacteroidetes,c:Sphingobacteriia,o:Sphingobacteriales,f:Sphingobacteriaceae,g:Pedobacter,s:Pedobacter ginsenosidimutans
ASV1672	92.174	460	36	0	1	460	310	769	0.0	651	tax=d:Bacteria,p:Bacteroidetes,c:Sphingobacteriia,o:Sphingobacteriales,f:Sphingobacteriaceae,g:Pedobacter,s:Pedobacter kyonggii
ASV1672	92.174	460	36	0	1	460	294	753	0.0	651	tax=d:Bacteria,p:Bacteroidetes,c:Sphingobacteriia,o:Sphingobacteriales,f:Sphingobacteriaceae,g:Mucilaginibacter,s:Mucilaginibacter galii
ASV1672	92.174	460	36	0	1	460	311	770	0.0	651	tax=d:Bacteria,p:Bacteroidetes,c:Sphingobacteriia,o:Sphingobacteriales,f:Sphingobacteriaceae,g:Mucilaginibacter,s:JF203225_s
ASV1672	92.191	461	34	2	1	460	309	768	0.0	651	tax=d:Bacteria,p:Bacteroidetes,c:Sphingobacteriia,o:Sphingobacteriales,f:Sphingobacteriaceae,g:Pedobacter,s:JF048894_s
ASV1672	92.174	460	36	0	1	460	309	768	0.0	651	tax=d:Bacteria,p:Bacteroidetes,c:Sphingobacteriia,o:Sphingobacteriales,f:Sphingobacteriaceae,g:Pedobacter,s:HQ118879_s
ASV1672	92.191	461	34	2	1	460	319	778	0.0	651	tax=d:Bacteria,p:Bacteroidetes,c:Sphingobacteriia,o:Sphingobacteriales,f:Sphingobacteriaceae,g:Sphingobacterium,s:FJ675367_s
ASV1672	92.191	461	34	2	1	460	309	768	0.0	651	tax=d:Bacteria,p:Bacteroidetes,c:Sphingobacteriia,o:Sphingobacteriales,f:Sphingobacteriaceae,g:Pedobacter,s:Pedobacter namyangjuensis
ASV1672	92.208	462	32	4	1	460	311	770	0.0	651	tax=d:Bacteria,p:Bacteroidetes,c:Sphingobacteriia,o:Sphingobacteriales,f:Sphingobacteriaceae,g:Pedobacter,s:EF667900_s
ASV1672	92.191	461	34	2	1	460	311	770	0.0	651	tax=d:Bacteria,p:Bacteroidetes,c:Sphingobacteriia,o:Sphingobacteriales,f:Sphingobacteriaceae,g:Pedobacter,s:Pedobacter africanus
ASV1672	92.174	460	36	0	1	460	311	770	0.0	651	tax=d:Bacteria,p:Bacteroidetes,c:Sphingobacteriia,o:Sphingobacteriales,f:Sphingobacteriaceae,g:Pedobacter,s:Pedobacter daechungensis
ASV1672	91.974	461	35	2	1	460	309	768	0.0	645	tax=d:Bacteria,p:Bacteroidetes,c:Sphingobacteriia,o:Sphingobacteriales,f:Sphingobacteriaceae,g:Pedobacter,s:LLWP_s
ASV1672	91.957	460	37	0	1	460	311	770	0.0	645	tax=d:Bacteria,p:Bacteroidetes,c:Sphingobacteriia,o:Sphingobacteriales,f:Sphingobacteriaceae,g:Olivibacter,s:Olivibacter composti
ASV1672	91.974	461	35	2	1	460	309	768	0.0	645	tax=d:Bacteria,p:Bacteroidetes,c:Sphingobacteriia,o:Sphingobacteriales,f:Sphingobacteriaceae,g:Pedobacter,s:Pedobacter alpinus
ASV1672	91.991	462	33	4	1	460	286	745	0.0	645	tax=d:Bacteria,p:Bacteroidetes,c:Sphingobacteriia,o:Sphingobacteriales,f:Sphingobacteriaceae,g:Pedobacter,s:Pedobacter lotistagni
ASV1672	91.974	461	35	2	1	460	309	768	0.0	645	tax=d:Bacteria,p:Bacteroidetes,c:Sphingobacteriia,o:Sphingobacteriales,f:Sphingobacteriaceae,g:Pedobacter,s:Pedobacter xixiisoli
ASV1672	91.974	461	35	2	1	460	311	770	0.0	645	tax=d:Bacteria,p:Bacteroidetes,c:Sphingobacteriia,o:Sphingobacteriales,f:Sphingobacteriaceae,g:Pedobacter,s:Pedobacter lusitanus
ASV1672	91.957	460	37	0	1	460	311	770	0.0	645	tax=d:Bacteria,p:Bacteroidetes,c:Sphingobacteriia,o:Sphingobacteriales,f:Sphingobacteriaceae,g:Pedobacter,s:Pedobacter kyungheensis
ASV1672	91.957	460	37	0	1	460	312	771	0.0	645	tax=d:Bacteria,p:Bacteroidetes,c:Sphingobacteriia,o:Sphingobacteriales,f:Sphingobacteriaceae,g:Mucilaginibacter,s:JQ660058_s
ASV1672	91.974	461	35	2	1	460	309	768	0.0	645	tax=d:Bacteria,p:Bacteroidetes,c:Sphingobacteriia,o:Sphingobacteriales,f:Sphingobacteriaceae,g:Pedobacter,s:JN541128_s
ASV1672	91.957	460	37	0	1	460	311	770	0.0	645	tax=d:Bacteria,p:Bacteroidetes,c:Sphingobacteriia,o:Sphingobacteriales,f:Sphingobacteriaceae,g:Pedobacter,s:Pedobacter alluvionis
ASV1672	91.974	461	35	2	1	460	311	770	0.0	645	tax=d:Bacteria,p:Bacteroidetes,c:Sphingobacteriia,o:Sphingobacteriales,f:Sphingobacteriaceae,g:Pedobacter,s:Pedobacter metabolipauper
ASV1672	91.957	460	37	0	1	460	311	770	0.0	645	tax=d:Bacteria,p:Bacteroidetes,c:Sphingobacteriia,o:Sphingobacteriales,f:Sphingobacteriaceae,g:Mucilaginibacter,s:JF176856_s
ASV1672	91.957	460	37	0	1	460	311	770	0.0	645	tax=d:Bacteria,p:Bacteroidetes,c:Sphingobacteriia,o:Sphingobacteriales,f:Sphingobacteriaceae,g:Pedobacter,s:HM238113_s
ASV1672	92.009	463	31	4	1	460	311	770	0.0	645	tax=d:Bacteria,p:Bacteroidetes,c:Sphingobacteriia,o:Sphingobacteriales,f:Sphingobacteriaceae,g:Pedobacter,s:HM008274_s
ASV1672	91.991	462	33	4	1	460	311	770	0.0	645	tax=d:Bacteria,p:Bacteroidetes,c:Sphingobacteriia,o:Sphingobacteriales,f:Sphingobacteriaceae,g:Pedobacter_g3,s:FN811244_s
ASV1672	91.957	460	37	0	1	460	311	770	0.0	645	tax=d:Bacteria,p:Bacteroidetes,c:Sphingobacteriia,o:Sphingobacteriales,f:Sphingobacteriaceae,g:Pedobacter,s:Pedobacter soli
ASV1672	91.991	462	33	4	1	460	311	770	0.0	645	tax=d:Bacteria,p:Bacteroidetes,c:Sphingobacteriia,o:Sphingobacteriales,f:Sphingobacteriaceae,g:Pedobacter,s:Pedobacter cryoconitis
ASV1672	91.974	461	35	2	1	460	311	770	0.0	645	tax=d:Bacteria,p:Bacteroidetes,c:Sphingobacteriia,o:Sphingobacteriales,f:Sphingobacteriaceae,g:Pedobacter,s:AB637065_s
ASV1672	92.009	463	31	4	1	460	311	770	0.0	645	tax=d:Bacteria,p:Bacteroidetes,c:Sphingobacteriia,o:Sphingobacteriales,f:Sphingobacteriaceae,g:Mucilaginibacter,s:Mucilaginibacter pocheonensis
ASV1672	91.957	460	37	0	1	460	311	770	0.0	645	tax=d:Bacteria,p:Bacteroidetes,c:Sphingobacteriia,o:Sphingobacteriales,f:Sphingobacteriaceae,g:Olivibacter,s:Olivibacter terrae
ASV1672	91.974	461	35	2	1	460	311	770	0.0	645	tax=d:Bacteria,p:Bacteroidetes,c:Sphingobacteriia,o:Sphingobacteriales,f:Sphingobacteriaceae,g:Pedobacter,s:Pedobacter ginsengisoli
ASV1672	91.828	465	28	9	1	460	309	768	0.0	640	tax=d:Bacteria,p:Bacteroidetes,c:Sphingobacteriia,o:Sphingobacteriales,f:Sphingobacteriaceae,g:Arcticibacter,s:Arcticibacter eurypsychrophilus
ASV1672	91.775	462	34	4	1	460	311	770	0.0	640	tax=d:Bacteria,p:Bacteroidetes,c:Sphingobacteriia,o:Sphingobacteriales,f:Sphingobacteriaceae,g:Pedobacter,s:LGEL_s
ASV1672	91.739	460	38	0	1	460	309	768	0.0	640	tax=d:Bacteria,p:Bacteroidetes,c:Sphingobacteriia,o:Sphingobacteriales,f:Sphingobacteriaceae,g:Pedobacter,s:LECU_s
ASV1672	91.739	460	38	0	1	460	305	764	0.0	640	tax=d:Bacteria,p:Bacteroidetes,c:Sphingobacteriia,o:Sphingobacteriales,f:Sphingobacteriaceae,g:Pedobacter,s:Pedobacter humicola
ASV1672	91.739	460	38	0	1	460	311	770	0.0	640	tax=d:Bacteria,p:Bacteroidetes,c:Sphingobacteriia,o:Sphingobacteriales,f:Sphingobacteriaceae,g:Pedobacter,s:Pedobacter lignilitoris
ASV1672	91.757	461	36	2	1	460	293	752	0.0	640	tax=d:Bacteria,p:Bacteroidetes,c:Sphingobacteriia,o:Sphingobacteriales,f:Sphingobacteriaceae,g:Pedobacter,s:Pedobacter humi
ASV1672	91.739	460	38	0	1	460	278	737	0.0	640	tax=d:Bacteria,p:Bacteroidetes,c:Sphingobacteriia,o:Sphingobacteriales,f:Sphingobacteriaceae,g:Pedobacter,s:Pedobacter ardleyensis
ASV1672	91.775	462	35	3	1	460	283	743	0.0	640	tax=d:Bacteria,p:Bacteroidetes,c:Sphingobacteriia,o:Sphingobacteriales,f:Sphingobacteriaceae,g:Pedobacter,s:Pedobacter ureilyticus
ASV1672	91.739	460	38	0	1	460	319	778	0.0	640	tax=d:Bacteria,p:Bacteroidetes,c:Sphingobacteriia,o:Sphingobacteriales,f:Sphingobacteriaceae,g:Pseudopedobacter,s:Pseudopedobacter beijingensis
ASV1672	91.739	460	38	0	1	460	283	742	0.0	640	tax=d:Bacteria,p:Bacteroidetes,c:Sphingobacteriia,o:Sphingobacteriales,f:Sphingobacteriaceae,g:Mucilaginibacter,s:Mucilaginibacter koreensis
ASV1672	91.739	460	38	0	1	460	311	770	0.0	640	tax=d:Bacteria,p:Bacteroidetes,c:Sphingobacteriia,o:Sphingobacteriales,f:Sphingobacteriaceae,g:Olivibacter,s:JQ349042_s
ASV1672	91.739	460	38	0	1	460	319	778	0.0	640	tax=d:Bacteria,p:Bacteroidetes,c:Sphingobacteriia,o:Sphingobacteriales,f:Sphingobacteriaceae,g:Sphingobacterium,s:Sphingobacterium cibi
ASV1672	91.739	460	38	0	1	460	311	770	0.0	640	tax=d:Bacteria,p:Bacteroidetes,c:Sphingobacteriia,o:Sphingobacteriales,f:Sphingobacteriaceae,g:Pedobacter,s:Pedobacter terrae
ASV1672	91.739	460	38	0	1	460	311	770	0.0	640	tax=d:Bacteria,p:Bacteroidetes,c:Sphingobacteriia,o:Sphingobacteriales,f:Sphingobacteriaceae,g:JF806517_g,s:JF806517_s
ASV1672	91.757	461	36	2	1	460	311	770	0.0	640	tax=d:Bacteria,p:Bacteroidetes,c:Sphingobacteriia,o:Sphingobacteriales,f:Sphingobacteriaceae,g:Pedobacter,s:JF226100_s
ASV1672	91.739	460	38	0	1	460	311	770	0.0	640	tax=d:Bacteria,p:Bacteroidetes,c:Sphingobacteriia,o:Sphingobacteriales,f:Sphingobacteriaceae,g:Pedobacter,s:Pedobacter borealis
ASV1672	91.739	460	38	0	1	460	311	770	0.0	640	tax=d:Bacteria,p:Bacteroidetes,c:Sphingobacteriia,o:Sphingobacteriales,f:Sphingobacteriaceae,g:Parapedobacter,s:GQ263429_s
ASV1672	91.739	460	38	0	1	460	285	744	0.0	640	tax=d:Bacteria,p:Bacteroidetes,c:Sphingobacteriia,o:Sphingobacteriales,f:Sphingobacteriaceae,g:Pedobacter,s:Pedobacter yonginense
ASV1672	91.793	463	32	3	1	460	311	770	0.0	640	tax=d:Bacteria,p:Bacteroidetes,c:Sphingobacteriia,o:Sphingobacteriales,f:Sphingobacteriaceae,g:FOBR_g,s:FOBR_s
ASV1672	91.739	460	38	0	1	460	311	770	0.0	640	tax=d:Bacteria,p:Bacteroidetes,c:Sphingobacteriia,o:Sphingobacteriales,f:Sphingobacteriaceae,g:Mucilaginibacter,s:FNJV_s
ASV1672	91.775	462	34	4	1	460	317	776	0.0	640	tax=d:Bacteria,p:Bacteroidetes,c:Sphingobacteriia,o:Sphingobacteriales,f:Sphingobacteriaceae,g:Sphingobacterium,s:FN563255_s
ASV1672	91.757	461	36	2	1	460	311	770	0.0	640	tax=d:Bacteria,p:Bacteroidetes,c:Sphingobacteriia,o:Sphingobacteriales,f:Sphingobacteriaceae,g:FJ377315_g,s:FJ790631_s
ASV1672	91.739	460	38	0	1	460	278	737	0.0	640	tax=d:Bacteria,p:Bacteroidetes,c:Sphingobacteriia,o:Sphingobacteriales,f:Sphingobacteriaceae,g:Pedobacter,s:Pedobacter roseus
ASV1672	91.739	460	38	0	1	460	302	761	0.0	640	tax=d:Bacteria,p:Bacteroidetes,c:Sphingobacteriia,o:Sphingobacteriales,f:Sphingobacteriaceae,g:Pedobacter,s:Pedobacter suwonensis
ASV1672	91.757	461	36	2	1	460	311	770	0.0	640	tax=d:Bacteria,p:Bacteroidetes,c:Sphingobacteriia,o:Sphingobacteriales,f:Sphingobacteriaceae,g:Pedobacter,s:CP014504_s
ASV1672	91.757	461	36	2	1	460	311	770	0.0	640	tax=d:Bacteria,p:Bacteroidetes,c:Sphingobacteriia,o:Sphingobacteriales,f:Sphingobacteriaceae,g:Pedobacter,s:Pedobacter heparinus
ASV1672	91.757	461	36	2	1	460	311	770	0.0	640	tax=d:Bacteria,p:Bacteroidetes,c:Sphingobacteriia,o:Sphingobacteriales,f:Sphingobacteriaceae,g:Pedobacter,s:Pedobacter arcticus
ASV1672	91.793	463	32	6	1	460	311	770	0.0	640	tax=d:Bacteria,p:Bacteroidetes,c:Sphingobacteriia,o:Sphingobacteriales,f:Sphingobacteriaceae,g:Pedobacter,s:Pedobacter himalayensis
ASV1672	91.793	463	32	5	1	460	311	770	0.0	640	tax=d:Bacteria,p:Bacteroidetes,c:Sphingobacteriia,o:Sphingobacteriales,f:Sphingobacteriaceae,g:Pedobacter,s:ABCM_s
ASV1672	91.540	461	37	2	1	460	311	770	0.0	638	tax=d:Bacteria,p:Bacteroidetes,c:Sphingobacteriia,o:Sphingobacteriales,f:Sphingobacteriaceae,g:Pedobacter,s:Pedobacter lycopersici
ASV1672	91.577	463	35	4	1	460	285	746	0.0	636	tax=d:Bacteria,p:Bacteroidetes,c:Sphingobacteriia,o:Sphingobacteriales,f:Sphingobacteriaceae,g:Pedobacter,s:Pedobacter edaphicus
ASV1672	91.522	460	39	0	1	460	309	768	0.0	634	tax=d:Bacteria,p:Bacteroidetes,c:Sphingobacteriia,o:Sphingobacteriales,f:Sphingobacteriaceae,g:Pedobacter,s:NHOT_s
ASV1672	91.540	461	37	2	1	460	309	768	0.0	634	tax=d:Bacteria,p:Bacteroidetes,c:Sphingobacteriia,o:Sphingobacteriales,f:Sphingobacteriaceae,g:Pedobacter,s:LMLE_s
ASV1672	91.522	460	39	0	1	460	309	768	0.0	634	tax=d:Bacteria,p:Bacteroidetes,c:Sphingobacteriia,o:Sphingobacteriales,f:Sphingobacteriaceae,g:Pedobacter,s:Pedobacter petrophilus
ASV1672	91.522	460	39	0	1	460	311	770	0.0	634	tax=d:Bacteria,p:Bacteroidetes,c:Sphingobacteriia,o:Sphingobacteriales,f:Sphingobacteriaceae,g:Pedobacter,s:Pedobacter jamesrossensis
ASV1672	91.540	461	37	2	1	460	311	770	0.0	634	tax=d:Bacteria,p:Bacteroidetes,c:Sphingobacteriia,o:Sphingobacteriales,f:Sphingobacteriaceae,g:Pedobacter,s:Pedobacter quisquiliarum
ASV1672	91.558	462	36	3	1	460	287	747	0.0	634	tax=d:Bacteria,p:Bacteroidetes,c:Sphingobacteriia,o:Sphingobacteriales,f:Sphingobacteriaceae,g:Pedobacter,s:Pedobacter trunci
ASV1672	91.540	461	37	2	1	460	311	770	0.0	634	tax=d:Bacteria,p:Bacteroidetes,c:Sphingobacteriia,o:Sphingobacteriales,f:Sphingobacteriaceae,g:Parapedobacter,s:Parapedobacter pyrenivorans
ASV1672	91.522	460	39	0	1	460	311	770	0.0	634	tax=d:Bacteria,p:Bacteroidetes,c:Sphingobacteriia,o:Sphingobacteriales,f:Sphingobacteriaceae,g:Pedobacter,s:Pedobacter jejuensis
ASV1672	91.522	460	39	0	1	460	311	770	0.0	634	tax=d:Bacteria,p:Bacteroidetes,c:Sphingobacteriia,o:Sphingobacteriales,f:Sphingobacteriaceae,g:Pedobacter,s:JX133359_s
ASV1672	91.522	460	39	0	1	460	279	738	0.0	634	tax=d:Bacteria,p:Bacteroidetes,c:Sphingobacteriia,o:Sphingobacteriales,f:Sphingobacteriaceae,g:Mucilaginibacter,s:Mucilaginibacter aquaedulcis
ASV1672	91.540	461	37	2	1	460	311	770	0.0	634	tax=d:Bacteria,p:Bacteroidetes,c:Sphingobacteriia,o:Sphingobacteriales,f:Sphingobacteriaceae,g:Pedobacter,s:Pedobacter nutrimenti
ASV1672	91.540	461	37	2	1	460	311	770	0.0	634	tax=d:Bacteria,p:Bacteroidetes,c:Sphingobacteriia,o:Sphingobacteriales,f:Sphingobacteriaceae,g:Pedobacter,s:Pedobacter nyackensis
ASV1672	91.522	460	39	0	1	460	311	770	0.0	634	tax=d:Bacteria,p:Bacteroidetes,c:Sphingobacteriia,o:Sphingobacteriales,f:Sphingobacteriaceae,g:Parapedobacter,s:Parapedobacter luteus
ASV1672	91.540	461	37	2	1	460	311	770	0.0	634	tax=d:Bacteria,p:Bacteroidetes,c:Sphingobacteriia,o:Sphingobacteriales,f:Sphingobacteriaceae,g:Pedobacter,s:JF210889_s
ASV1672	91.558	462	35	3	1	460	311	770	0.0	634	tax=d:Bacteria,p:Bacteroidetes,c:Sphingobacteriia,o:Sphingobacteriales,f:Sphingobacteriaceae,g:Parapedobacter,s:HQ912781_s
ASV1672	91.522	460	39	0	1	460	311	770	0.0	634	tax=d:Bacteria,p:Bacteroidetes,c:Sphingobacteriia,o:Sphingobacteriales,f:Sphingobacteriaceae,g:Pedobacter,s:Pedobacter jeongneungensis
ASV1672	91.595	464	31	8	1	460	311	770	0.0	634	tax=d:Bacteria,p:Bacteroidetes,c:Sphingobacteriia,o:Sphingobacteriales,f:Sphingobacteriaceae,g:FOBR_g,s:GQ263490_s
ASV1672	91.558	462	35	4	1	460	279	738	0.0	634	tax=d:Bacteria,p:Bacteroidetes,c:Sphingobacteriia,o:Sphingobacteriales,f:Sphingobacteriaceae,g:Sphingobacterium,s:FJ825503_s
ASV1672	91.577	463	33	6	1	460	318	777	0.0	634	tax=d:Bacteria,p:Bacteroidetes,c:Sphingobacteriia,o:Sphingobacteriales,f:Sphingobacteriaceae,g:EU937942_g,s:EU937942_s
ASV1672	91.522	460	39	0	1	460	309	768	0.0	634	tax=d:Bacteria,p:Bacteroidetes,c:Sphingobacteriia,o:Sphingobacteriales,f:Sphingobacteriaceae,g:Pedobacter,s:Pedobacter sandarakinus
ASV1672	91.522	460	39	0	1	460	277	736	0.0	634	tax=d:Bacteria,p:Bacteroidetes,c:Sphingobacteriia,o:Sphingobacteriales,f:Sphingobacteriaceae,g:Olivibacter,s:DQ207363_s
ASV1672	91.540	461	37	2	1	460	306	765	0.0	634	tax=d:Bacteria,p:Bacteroidetes,c:Sphingobacteriia,o:Sphingobacteriales,f:Sphingobacteriaceae,g:Pedobacter,s:Pedobacter koreensis
ASV1672	91.522	460	39	0	1	460	317	776	0.0	634	tax=d:Bacteria,p:Bacteroidetes,c:Sphingobacteriia,o:Sphingobacteriales,f:Sphingobacteriaceae,g:Sphingobacterium,s:ATDL_s
ASV1672	91.522	460	39	0	1	460	311	770	0.0	634	tax=d:Bacteria,p:Bacteroidetes,c:Sphingobacteriia,o:Sphingobacteriales,f:Sphingobacteriaceae,g:Pedobacter,s:Pedobacter aquatilis
ASV1672	91.540	461	37	2	1	460	309	768	0.0	634	tax=d:Bacteria,p:Bacteroidetes,c:Sphingobacteriia,o:Sphingobacteriales,f:Sphingobacteriaceae,g:Pedobacter,s:Pedobacter agri
ASV1672	91.540	461	37	2	1	460	311	770	0.0	634	tax=d:Bacteria,p:Bacteroidetes,c:Sphingobacteriia,o:Sphingobacteriales,f:Sphingobacteriaceae,g:Mucilaginibacter,s:AB638018_s
ASV1672	91.379	464	35	5	1	460	311	773	0.0	634	tax=d:Bacteria,p:Bacteroidetes,c:Sphingobacteriia,o:Sphingobacteriales,f:Sphingobacteriaceae,g:Mucilaginibacter,s:AB255104_s
ASV1672	91.522	460	35	1	1	460	279	734	4.98e-180	630	tax=d:Bacteria,p:Bacteroidetes,c:Sphingobacteriia,o:Sphingobacteriales,f:Sphingobacteriaceae,g:Pedobacter,s:DQ981406_s
ASV1672	91.342	462	36	4	1	460	311	770	1.79e-179	628	tax=d:Bacteria,p:Bacteroidetes,c:Sphingobacteriia,o:Sphingobacteriales,f:Sphingobacteriaceae,g:Pedobacter,s:Pedobacter solisilvae
ASV1672	91.304	460	40	0	1	460	311	770	1.79e-179	628	tax=d:Bacteria,p:Bacteroidetes,c:Sphingobacteriia,o:Sphingobacteriales,f:Sphingobacteriaceae,g:Pedobacter,s:Pedobacter lithocola
ASV1672	91.304	460	40	0	1	460	311	770	1.79e-179	628	tax=d:Bacteria,p:Bacteroidetes,c:Sphingobacteriia,o:Sphingobacteriales,f:Sphingobacteriaceae,g:Pedobacter,s:Pedobacter zeae
ASV1672	91.342	462	36	4	1	460	286	745	1.79e-179	628	tax=d:Bacteria,p:Bacteroidetes,c:Sphingobacteriia,o:Sphingobacteriales,f:Sphingobacteriaceae,g:Pedobacter,s:Pedobacter seoulensis
ASV1672	91.323	461	38	2	1	460	279	738	1.79e-179	628	tax=d:Bacteria,p:Bacteroidetes,c:Sphingobacteriia,o:Sphingobacteriales,f:Sphingobacteriaceae,g:Pedobacter,s:Pedobacter glacialis
ASV1672	91.323	461	38	2	1	460	311	770	1.79e-179	628	tax=d:Bacteria,p:Bacteroidetes,c:Sphingobacteriia,o:Sphingobacteriales,f:Sphingobacteriaceae,g:Parapedobacter,s:Parapedobacter composti
ASV1672	91.323	461	38	2	1	460	311	770	1.79e-179	628	tax=d:Bacteria,p:Bacteroidetes,c:Sphingobacteriia,o:Sphingobacteriales,f:Sphingobacteriaceae,g:Pedobacter,s:Pedobacter steynii
ASV1672	91.323	461	38	2	1	460	309	768	1.79e-179	628	tax=d:Bacteria,p:Bacteroidetes,c:Sphingobacteriia,o:Sphingobacteriales,f:Sphingobacteriaceae,g:Pedobacter,s:Pedobacter insulae
ASV1672	91.361	463	34	6	1	460	307	766	1.79e-179	628	tax=d:Bacteria,p:Bacteroidetes,c:Sphingobacteriia,o:Sphingobacteriales,f:Sphingobacteriaceae,g:Pedobacter,s:JF048323_s
ASV1672	91.323	461	38	2	1	460	309	768	1.79e-179	628	tax=d:Bacteria,p:Bacteroidetes,c:Sphingobacteriia,o:Sphingobacteriales,f:Sphingobacteriaceae,g:Pedobacter,s:JF016882_s
ASV1672	91.304	460	40	0	1	460	286	745	1.79e-179	628	tax=d:Bacteria,p:Bacteroidetes,c:Sphingobacteriia,o:Sphingobacteriales,f:Sphingobacteriaceae,g:Pedobacter,s:Pedobacter ginsengiterrae
ASV1672	91.304	460	40	0	1	460	311	770	1.79e-179	628	tax=d:Bacteria,p:Bacteroidetes,c:Sphingobacteriia,o:Sphingobacteriales,f:Sphingobacteriaceae,g:Pedobacter_g3,s:FR691449_s
ASV1672	91.323	461	38	2	1	460	311	770	1.79e-179	628	tax=d:Bacteria,p:Bacteroidetes,c:Sphingobacteriia,o:Sphingobacteriales,f:Sphingobacteriaceae,g:Pedobacter,s:CP017141_s
ASV1672	91.323	461	38	2	1	460	311	770	1.79e-179	628	tax=d:Bacteria,p:Bacteroidetes,c:Sphingobacteriia,o:Sphingobacteriales,f:Sphingobacteriaceae,g:Pedobacter,s:CP012996_s
ASV1672	91.323	461	38	2	1	460	311	770	1.79e-179	628	tax=d:Bacteria,p:Bacteroidetes,c:Sphingobacteriia,o:Sphingobacteriales,f:Sphingobacteriaceae,g:Pedobacter,s:Pedobacter duraquae
ASV1672	91.304	460	40	0	1	460	311	770	1.79e-179	628	tax=d:Bacteria,p:Bacteroidetes,c:Sphingobacteriia,o:Sphingobacteriales,f:Sphingobacteriaceae,g:Pedobacter,s:Pedobacter rhizosphaerae
ASV1672	91.323	461	38	2	1	460	295	754	1.79e-179	628	tax=d:Bacteria,p:Bacteroidetes,c:Sphingobacteriia,o:Sphingobacteriales,f:Sphingobacteriaceae,g:Pedobacter,s:Pedobacter caeni
ASV1672	91.379	464	32	5	1	460	311	770	1.79e-179	628	tax=d:Bacteria,p:Bacteroidetes,c:Sphingobacteriia,o:Sphingobacteriales,f:Sphingobacteriaceae,g:Pedobacter,s:AJ786785_s
ASV1672	91.323	461	38	2	1	460	311	770	1.79e-179	628	tax=d:Bacteria,p:Bacteroidetes,c:Sphingobacteriia,o:Sphingobacteriales,f:Sphingobacteriaceae,g:Pedobacter,s:Pedobacter panaciterrae
ASV1672	91.221	467	32	6	1	460	298	762	6.45e-179	627	tax=d:Bacteria,p:Bacteroidetes,c:Sphingobacteriia,o:Sphingobacteriales,f:Sphingobacteriaceae,g:Pedobacter,s:JF715461_s
ASV1672	91.342	462	35	5	1	460	311	769	6.45e-179	627	tax=d:Bacteria,p:Bacteroidetes,c:Sphingobacteriia,o:Sphingobacteriales,f:Sphingobacteriaceae,g:Pedobacter_g3,s:HQ119890_s
ASV1672	91.323	461	37	3	1	460	311	769	6.45e-179	627	tax=d:Bacteria,p:Bacteroidetes,c:Sphingobacteriia,o:Sphingobacteriales,f:Sphingobacteriaceae,g:Pedobacter,s:AB255102_s
ASV1672	91.087	460	41	0	1	460	311	770	8.34e-178	623	tax=d:Bacteria,p:Bacteroidetes,c:Sphingobacteriia,o:Sphingobacteriales,f:Sphingobacteriaceae,g:Pedobacter,s:Pedobacter mendelii
ASV1672	91.106	461	39	2	1	460	287	746	8.34e-178	623	tax=d:Bacteria,p:Bacteroidetes,c:Sphingobacteriia,o:Sphingobacteriales,f:Sphingobacteriaceae,g:Pedobacter,s:Pedobacter daejeonensis
ASV1672	91.106	461	39	2	1	460	312	771	8.34e-178	623	tax=d:Bacteria,p:Bacteroidetes,c:Sphingobacteriia,o:Sphingobacteriales,f:Sphingobacteriaceae,g:Pedobacter,s:Pedobacter bambusae
ASV1672	91.106	461	39	2	1	460	277	736	8.34e-178	623	tax=d:Bacteria,p:Bacteroidetes,c:Sphingobacteriia,o:Sphingobacteriales,f:Sphingobacteriaceae,g:Parapedobacter,s:JQ337749_s
ASV1672	91.106	461	39	2	1	460	313	772	8.34e-178	623	tax=d:Bacteria,p:Bacteroidetes,c:Sphingobacteriia,o:Sphingobacteriales,f:Sphingobacteriaceae,g:JF097024_g,s:JF023304_s
ASV1672	91.106	461	39	2	1	460	309	768	8.34e-178	623	tax=d:Bacteria,p:Bacteroidetes,c:Sphingobacteriia,o:Sphingobacteriales,f:Sphingobacteriaceae,g:Pedobacter,s:Pedobacter boryungensis
ASV1672	91.087	460	41	0	1	460	299	758	8.34e-178	623	tax=d:Bacteria,p:Bacteroidetes,c:Sphingobacteriia,o:Sphingobacteriales,f:Sphingobacteriaceae,g:Pelobium,s:GQ344404_s
ASV1672	91.087	460	41	0	1	460	299	758	8.34e-178	623	tax=d:Bacteria,p:Bacteroidetes,c:Sphingobacteriia,o:Sphingobacteriales,f:Sphingobacteriaceae,g:Pelobium,s:FJ377317_s
ASV1672	91.087	460	41	0	1	460	299	758	8.34e-178	623	tax=d:Bacteria,p:Bacteroidetes,c:Sphingobacteriia,o:Sphingobacteriales,f:Sphingobacteriaceae,g:Pedobacter,s:EU652337_s
ASV1672	91.106	461	39	2	1	460	318	777	8.34e-178	623	tax=d:Bacteria,p:Bacteroidetes,c:Sphingobacteriia,o:Sphingobacteriales,f:Sphingobacteriaceae,g:Sphingobacterium,s:EU464501_s
ASV1672	91.145	463	35	5	1	460	309	768	8.34e-178	623	tax=d:Bacteria,p:Bacteroidetes,c:Sphingobacteriia,o:Sphingobacteriales,f:Sphingobacteriaceae,g:Arcticibacter,s:Arcticibacter svalbardensis
ASV1672	91.145	463	35	3	1	460	311	770	8.34e-178	623	tax=d:Bacteria,p:Bacteroidetes,c:Sphingobacteriia,o:Sphingobacteriales,f:Sphingobacteriaceae,g:Pedobacter,s:AJ318181_s
ASV1672	91.126	462	37	4	1	460	319	778	8.34e-178	623	tax=d:Bacteria,p:Bacteroidetes,c:Sphingobacteriia,o:Sphingobacteriales,f:Sphingobacteriaceae,g:Pseudopedobacter,s:AJ318176_s
ASV1672	91.126	462	33	7	3	460	287	744	1.08e-176	619	tax=d:Bacteria,p:Bacteroidetes,c:Sphingobacteriia,o:Sphingobacteriales,f:Sphingobacteriaceae,g:Arcticibacter,s:Arcticibacter pallidicorallinus
ASV1672	90.870	460	42	0	1	460	311	770	1.08e-176	619	tax=d:Bacteria,p:Bacteroidetes,c:Sphingobacteriia,o:Sphingobacteriales,f:Sphingobacteriaceae,g:Pedobacter,s:AF385531_s
ASV1672	90.889	461	40	2	1	460	309	768	3.88e-176	617	tax=d:Bacteria,p:Bacteroidetes,c:Sphingobacteriia,o:Sphingobacteriales,f:Sphingobacteriaceae,g:Pedobacter,s:Pedobacter psychrophilus
ASV1672	90.889	461	40	2	1	460	311	770	3.88e-176	617	tax=d:Bacteria,p:Bacteroidetes,c:Sphingobacteriia,o:Sphingobacteriales,f:Sphingobacteriaceae,g:Pedobacter,s:Pedobacter vanadiisoli
ASV1672	90.909	462	38	4	1	460	283	742	3.88e-176	617	tax=d:Bacteria,p:Bacteroidetes,c:Sphingobacteriia,o:Sphingobacteriales,f:Sphingobacteriaceae,g:Pedobacter,s:Pedobacter rivuli
ASV1672	90.889	461	40	2	1	460	290	749	3.88e-176	617	tax=d:Bacteria,p:Bacteroidetes,c:Sphingobacteriia,o:Sphingobacteriales,f:Sphingobacteriaceae,g:Sphingobacterium,s:FJ825543_s
ASV1672	90.909	462	39	3	1	460	288	748	3.88e-176	617	tax=d:Bacteria,p:Bacteroidetes,c:Sphingobacteriia,o:Sphingobacteriales,f:Sphingobacteriaceae,g:Pedobacter,s:EU834277_s
ASV1672	90.870	460	42	0	1	460	311	770	3.88e-176	617	tax=d:Bacteria,p:Bacteroidetes,c:Sphingobacteriia,o:Sphingobacteriales,f:Sphingobacteriaceae,g:Pedobacter_g3,s:DQ297969_s
ASV1672	90.652	460	43	0	1	460	311	770	1.80e-174	612	tax=d:Bacteria,p:Bacteroidetes,c:Sphingobacteriia,o:Sphingobacteriales,f:Sphingobacteriaceae,g:Parapedobacter,s:Parapedobacter defluvii
ASV1672	90.672	461	41	2	1	460	309	768	1.80e-174	612	tax=d:Bacteria,p:Bacteroidetes,c:Sphingobacteriia,o:Sphingobacteriales,f:Sphingobacteriaceae,g:Pedobacter,s:HE804152_s
ASV1672	90.652	460	43	0	1	460	311	770	1.80e-174	612	tax=d:Bacteria,p:Bacteroidetes,c:Sphingobacteriia,o:Sphingobacteriales,f:Sphingobacteriaceae,g:Pedobacter,s:GQ451285_s
ASV1672	90.672	461	41	2	1	460	310	769	1.80e-174	612	tax=d:Bacteria,p:Bacteroidetes,c:Sphingobacteriia,o:Sphingobacteriales,f:Sphingobacteriaceae,g:Parapedobacter,s:GQ263386_s
ASV1672	90.652	460	43	0	1	460	309	768	1.80e-174	612	tax=d:Bacteria,p:Bacteroidetes,c:Sphingobacteriia,o:Sphingobacteriales,f:Sphingobacteriaceae,g:Pedobacter,s:FR682741_s
ASV1672	90.672	461	39	4	1	460	311	768	6.49e-174	610	tax=d:Bacteria,p:Bacteroidetes,c:Sphingobacteriia,o:Sphingobacteriales,f:Sphingobacteriaceae,g:Pedobacter,s:AB255062_s
ASV1672	90.476	462	40	3	1	460	317	776	8.40e-173	606	tax=d:Bacteria,p:Bacteroidetes,c:Sphingobacteriia,o:Sphingobacteriales,f:Sphingobacteriaceae,g:Sphingobacterium,s:Flavobacterium mizutaii
ASV1672	90.456	461	42	2	1	460	319	778	8.40e-173	606	tax=d:Bacteria,p:Bacteroidetes,c:Sphingobacteriia,o:Sphingobacteriales,f:Sphingobacteriaceae,g:Parapedobacter,s:Parapedobacter lycopersici
ASV1672	90.435	460	44	0	1	460	317	776	8.40e-173	606	tax=d:Bacteria,p:Bacteroidetes,c:Sphingobacteriia,o:Sphingobacteriales,f:Sphingobacteriaceae,g:Sphingobacterium,s:Sphingobacterium tabacisoli
ASV1672	90.435	460	44	0	1	460	298	757	8.40e-173	606	tax=d:Bacteria,p:Bacteroidetes,c:Sphingobacteriia,o:Sphingobacteriales,f:Sphingobacteriaceae,g:Parapedobacter,s:Parapedobacter deserti
ASV1672	90.435	460	44	0	1	460	311	770	8.40e-173	606	tax=d:Bacteria,p:Bacteroidetes,c:Sphingobacteriia,o:Sphingobacteriales,f:Sphingobacteriaceae,g:Parapedobacter,s:Parapedobacter koreensis
ASV1672	90.435	460	44	0	1	460	312	771	8.40e-173	606	tax=d:Bacteria,p:Bacteroidetes,c:Sphingobacteriia,o:Sphingobacteriales,f:Sphingobacteriaceae,g:Parapedobacter,s:Parapedobacter indicus
ASV1672	90.456	461	42	2	1	460	309	768	8.40e-173	606	tax=d:Bacteria,p:Bacteroidetes,c:Sphingobacteriia,o:Sphingobacteriales,f:Sphingobacteriaceae,g:Pedobacter,s:HQ622733_s
ASV1672	90.435	460	44	0	1	460	311	770	8.40e-173	606	tax=d:Bacteria,p:Bacteroidetes,c:Sphingobacteriia,o:Sphingobacteriales,f:Sphingobacteriaceae,g:Parapedobacter,s:GQ263715_s
ASV1672	90.260	462	43	2	1	460	311	772	1.09e-171	603	tax=d:Bacteria,p:Bacteroidetes,c:Sphingobacteriia,o:Sphingobacteriales,f:Sphingobacteriaceae,g:FOBR_g,s:GQ263852_s
ASV1672	90.239	461	43	2	1	460	312	771	3.91e-171	601	tax=d:Bacteria,p:Bacteroidetes,c:Sphingobacteriia,o:Sphingobacteriales,f:Sphingobacteriaceae,g:Parapedobacter,s:HE575395_s
ASV1672	90.217	460	45	0	1	460	317	776	3.91e-171	601	tax=d:Bacteria,p:Bacteroidetes,c:Sphingobacteriia,o:Sphingobacteriales,f:Sphingobacteriaceae,g:Parapedobacter,s:Parapedobacter soli
ASV1672	90.260	462	41	3	1	460	317	776	3.91e-171	601	tax=d:Bacteria,p:Bacteroidetes,c:Sphingobacteriia,o:Sphingobacteriales,f:Sphingobacteriaceae,g:Sphingobacterium,s:Sphingobacterium daejeonense
ASV1672	90.217	460	42	3	1	460	310	766	5.05e-170	597	tax=d:Bacteria,p:Bacteroidetes,c:Sphingobacteriia,o:Sphingobacteriales,f:Sphingobacteriaceae,g:Mucilaginibacter,s:JF235625_s
ASV1672	90.043	462	42	3	1	460	319	778	1.82e-169	595	tax=d:Bacteria,p:Bacteroidetes,c:Sphingobacteriia,o:Sphingobacteriales,f:Sphingobacteriaceae,g:Sphingobacterium,s:Sphingobacterium cellulitidis
ASV1672	90.043	462	42	4	1	460	319	778	1.82e-169	595	tax=d:Bacteria,p:Bacteroidetes,c:Sphingobacteriia,o:Sphingobacteriales,f:Sphingobacteriaceae,g:Sphingobacterium,s:JQ191079_s
ASV1672	90.043	462	42	3	1	460	319	778	1.82e-169	595	tax=d:Bacteria,p:Bacteroidetes,c:Sphingobacteriia,o:Sphingobacteriales,f:Sphingobacteriaceae,g:Sphingobacterium,s:Sphingobacterium lactis
ASV1672	90.000	460	46	0	1	460	310	769	1.82e-169	595	tax=d:Bacteria,p:Bacteroidetes,c:Sphingobacteriia,o:Sphingobacteriales,f:Sphingobacteriaceae,g:Parapedobacter,s:GQ263786_s
ASV1672	90.022	461	44	2	1	460	319	778	1.82e-169	595	tax=d:Bacteria,p:Bacteroidetes,c:Sphingobacteriia,o:Sphingobacteriales,f:Sphingobacteriaceae,g:Sphingobacterium,s:EU464875_s
ASV1672	89.783	460	47	0	1	460	319	778	2.35e-168	592	tax=d:Bacteria,p:Bacteroidetes,c:Sphingobacteriia,o:Sphingobacteriales,f:Sphingobacteriaceae,g:Sphingobacterium,s:Sphingobacterium suaedae
ASV1672	89.827	462	43	4	1	460	319	778	2.35e-168	592	tax=d:Bacteria,p:Bacteroidetes,c:Sphingobacteriia,o:Sphingobacteriales,f:Sphingobacteriaceae,g:Sphingobacterium,s:Sphingobacterium alimentarium
ASV1672	89.827	462	43	4	1	460	288	747	2.35e-168	592	tax=d:Bacteria,p:Bacteroidetes,c:Sphingobacteriia,o:Sphingobacteriales,f:Sphingobacteriaceae,g:Solitalea,s:Solitalea koreensis
ASV1672	89.827	462	43	3	1	460	317	776	8.46e-168	590	tax=d:Bacteria,p:Bacteroidetes,c:Sphingobacteriia,o:Sphingobacteriales,f:Sphingobacteriaceae,g:Sphingobacterium,s:Sphingobacterium humi
ASV1672	89.783	460	47	0	1	460	317	776	8.46e-168	590	tax=d:Bacteria,p:Bacteroidetes,c:Sphingobacteriia,o:Sphingobacteriales,f:Sphingobacteriaceae,g:Sphingobacterium,s:Sphingobacterium yamdrokense
ASV1672	89.805	461	45	2	1	460	319	778	8.46e-168	590	tax=d:Bacteria,p:Bacteroidetes,c:Sphingobacteriia,o:Sphingobacteriales,f:Sphingobacteriaceae,g:Sphingobacterium,s:JQ186140_s
ASV1672	89.849	463	41	5	1	460	287	746	8.46e-168	590	tax=d:Bacteria,p:Bacteroidetes,c:Sphingobacteriia,o:Sphingobacteriales,f:Sphingobacteriaceae,g:Sphingobacterium,s:Sphingobacterium kyonggiense
ASV1672	89.805	461	45	2	1	460	297	756	8.46e-168	590	tax=d:Bacteria,p:Bacteroidetes,c:Sphingobacteriia,o:Sphingobacteriales,f:Sphingobacteriaceae,g:Sphingobacterium,s:Sphingobacterium shayense
ASV1672	89.783	460	46	1	1	460	317	775	3.04e-167	588	tax=d:Bacteria,p:Bacteroidetes,c:Sphingobacteriia,o:Sphingobacteriales,f:Sphingobacteriaceae,g:Sphingobacterium,s:Sphingobacterium paludis
ASV1672	89.633	463	43	4	1	460	319	779	3.93e-166	584	tax=d:Bacteria,p:Bacteroidetes,c:Sphingobacteriia,o:Sphingobacteriales,f:Sphingobacteriaceae,g:Sphingobacterium,s:Sphingobacterium soli
ASV1672	89.565	460	48	0	1	460	300	759	3.93e-166	584	tax=d:Bacteria,p:Bacteroidetes,c:Sphingobacteriia,o:Sphingobacteriales,f:Sphingobacteriaceae,g:Sphingobacterium,s:Sphingobacterium yanglingense
ASV1672	89.565	460	48	0	1	460	319	778	3.93e-166	584	tax=d:Bacteria,p:Bacteroidetes,c:Sphingobacteriia,o:Sphingobacteriales,f:Sphingobacteriaceae,g:Sphingobacterium,s:Sphingobacterium wenxiniae
ASV1672	89.610	462	44	3	1	460	312	771	3.93e-166	584	tax=d:Bacteria,p:Bacteroidetes,c:Sphingobacteriia,o:Sphingobacteriales,f:Sphingobacteriaceae,g:Sphingobacterium,s:GG668649_s
ASV1672	89.565	460	48	0	1	460	311	770	3.93e-166	584	tax=d:Bacteria,p:Bacteroidetes,c:Sphingobacteriia,o:Sphingobacteriales,f:Sphingobacteriaceae,g:Solitalea,s:Solitalea canadensis
ASV1672	89.588	461	46	2	1	460	311	770	3.93e-166	584	tax=d:Bacteria,p:Bacteroidetes,c:Sphingobacteriia,o:Sphingobacteriales,f:Sphingobacteriaceae,g:Sphingobacterium,s:Sphingobacterium spiritivorum
ASV1672	89.440	464	45	4	1	460	317	780	1.42e-165	582	tax=d:Bacteria,p:Bacteroidetes,c:Sphingobacteriia,o:Sphingobacteriales,f:Sphingobacteriaceae,g:Parapedobacter,s:HM557632_s
ASV1672	89.700	466	35	8	1	460	310	768	1.42e-165	582	tax=d:Bacteria,p:Bacteroidetes,c:Sphingobacteriia,o:Sphingobacteriales,f:Sphingobacteriaceae,g:Pedobacter_g3,s:AY218724_s
ASV1672	89.154	461	48	2	1	460	319	778	8.52e-163	573	tax=d:Bacteria,p:Bacteroidetes,c:Sphingobacteriia,o:Sphingobacteriales,f:Sphingobacteriaceae,g:Sphingobacterium,s:Sphingobacterium psychroaquaticum
ASV1672	89.032	465	41	8	1	460	317	776	3.96e-161	568	tax=d:Bacteria,p:Bacteroidetes,c:Sphingobacteriia,o:Sphingobacteriales,f:Sphingobacteriaceae,g:Sphingobacterium,s:Sphingobacterium populi
ASV1672	88.937	461	49	2	1	460	319	778	3.96e-161	568	tax=d:Bacteria,p:Bacteroidetes,c:Sphingobacteriia,o:Sphingobacteriales,f:Sphingobacteriaceae,g:Sphingobacterium,s:Sphingobacterium zeae
ASV1672	88.937	461	49	2	1	460	311	770	3.96e-161	568	tax=d:Bacteria,p:Bacteroidetes,c:Sphingobacteriia,o:Sphingobacteriales,f:Sphingobacteriaceae,g:Sphingobacterium,s:Sphingobacterium mucilaginosum
ASV1672	88.985	463	45	5	1	460	319	778	3.96e-161	568	tax=d:Bacteria,p:Bacteroidetes,c:Sphingobacteriia,o:Sphingobacteriales,f:Sphingobacteriaceae,g:Sphingobacterium,s:JQ186263_s
ASV1672	88.961	462	47	3	1	460	317	776	3.96e-161	568	tax=d:Bacteria,p:Bacteroidetes,c:Sphingobacteriia,o:Sphingobacteriales,f:Sphingobacteriaceae,g:Sphingobacterium,s:Sphingobacterium composti2
ASV1672	88.937	461	49	2	1	460	293	752	3.96e-161	568	tax=d:Bacteria,p:Bacteroidetes,c:Sphingobacteriia,o:Sphingobacteriales,f:Sphingobacteriaceae,g:Sphingobacterium,s:Sphingobacterium ginsenosidimutans
ASV1672	88.937	461	49	2	1	460	319	778	3.96e-161	568	tax=d:Bacteria,p:Bacteroidetes,c:Sphingobacteriia,o:Sphingobacteriales,f:Sphingobacteriaceae,g:Sphingobacterium,s:CP009278_s
ASV1672	88.937	461	49	2	1	460	320	779	3.96e-161	568	tax=d:Bacteria,p:Bacteroidetes,c:Sphingobacteriia,o:Sphingobacteriales,f:Sphingobacteriaceae,g:Sphingobacterium,s:Sphingobacterium pakistanense
ASV1672	88.985	463	45	5	1	460	319	778	3.96e-161	568	tax=d:Bacteria,p:Bacteroidetes,c:Sphingobacteriia,o:Sphingobacteriales,f:Sphingobacteriaceae,g:Sphingobacterium,s:Sphingobacterium thermophilum
ASV1672	88.865	467	42	10	1	460	318	781	1.43e-160	566	tax=d:Bacteria,p:Bacteroidetes,c:Sphingobacteriia,o:Sphingobacteriales,f:Sphingobacteriaceae,g:Sphingobacterium,s:HM557634_s
ASV1672	88.889	459	49	2	3	460	286	743	5.13e-160	564	tax=d:Bacteria,p:Bacteroidetes,c:Sphingobacteriia,o:NVQB_o,f:PAC000134_f,g:HM129857_g,s:AY509379_s
ASV1672	88.817	465	42	10	1	460	307	766	1.84e-159	562	tax=d:Bacteria,p:Bacteroidetes,c:Sphingobacteriia,o:Sphingobacteriales,f:Sphingobacteriaceae,g:Sphingobacterium,s:Sphingobacterium corticis
ASV1672	88.793	464	44	8	1	460	313	772	1.84e-159	562	tax=d:Bacteria,p:Bacteroidetes,c:Sphingobacteriia,o:NVQB_o,f:PAC000536_f,g:FJ947131_g,s:JX114505_s
ASV1672	88.720	461	50	2	1	460	319	778	1.84e-159	562	tax=d:Bacteria,p:Bacteroidetes,c:Sphingobacteriia,o:Sphingobacteriales,f:Sphingobacteriaceae,g:Sphingobacterium,s:Sphingobacterium caeni
ASV1672	88.720	461	50	2	1	460	319	778	1.84e-159	562	tax=d:Bacteria,p:Bacteroidetes,c:Sphingobacteriia,o:Sphingobacteriales,f:Sphingobacteriaceae,g:Sphingobacterium,s:Sphingobacterium siyangense
ASV1672	88.720	461	50	2	1	460	319	778	1.84e-159	562	tax=d:Bacteria,p:Bacteroidetes,c:Sphingobacteriia,o:Sphingobacteriales,f:Sphingobacteriaceae,g:Sphingobacterium,s:DQ336988_s
ASV1672	88.553	463	47	6	1	460	311	770	8.58e-158	556	tax=d:Bacteria,p:Bacteroidetes,c:Sphingobacteriia,o:CP012155_o,f:CP012155_f,g:PAC002427_g,s:PAC002427_s
ASV1672	88.478	460	53	0	1	460	319	778	8.58e-158	556	tax=d:Bacteria,p:Bacteroidetes,c:Sphingobacteriia,o:Sphingobacteriales,f:Sphingobacteriaceae,g:Sphingobacterium,s:Sphingobacterium jejuense
ASV1672	88.578	464	45	5	1	460	309	768	8.58e-158	556	tax=d:Bacteria,p:Bacteroidetes,c:Sphingobacteriia,o:Sphingobacteriales,f:Sphingobacteriaceae,g:HQ827923_g,s:HQ827923_s
ASV1672	88.553	463	47	6	1	460	317	776	8.58e-158	556	tax=d:Bacteria,p:Bacteroidetes,c:Sphingobacteriia,o:Sphingobacteriales,f:Sphingobacteriaceae,g:Sphingobacterium,s:FJ892930_s
ASV1672	88.478	460	53	0	1	460	317	776	8.58e-158	556	tax=d:Bacteria,p:Bacteroidetes,c:Sphingobacteriia,o:Sphingobacteriales,f:Sphingobacteriaceae,g:Sphingobacterium,s:Sphingobacterium thalpophilum
ASV1672	88.553	463	46	7	1	460	313	771	3.09e-157	555	tax=d:Bacteria,p:Bacteroidetes,c:Flavobacteria,o:Flavobacteriales,f:Cryomorphaceae,g:EF174263_g,s:EF174263_s
ASV1672	88.261	460	54	0	1	460	311	770	3.99e-156	551	tax=d:Bacteria,p:Bacteroidetes,c:Flavobacteria,o:Flavobacteriales,f:Cryomorphaceae,g:Phaeocystidibacter,s:Phaeocystidibacter marisrubri
ASV1672	88.312	462	50	4	1	460	311	770	3.99e-156	551	tax=d:Bacteria,p:Bacteroidetes,c:Flavobacteria,o:Flavobacteriales,f:Cryomorphaceae,g:Phaeocystidibacter,s:JQ824951_s
ASV1672	88.286	461	52	2	1	460	309	768	3.99e-156	551	tax=d:Bacteria,p:Bacteroidetes,c:Sphingobacteriia,o:NVQB_o,f:PAC000134_f,g:HM129857_g,s:JF115351_s
ASV1672	88.717	452	49	2	1	451	311	761	3.99e-156	551	tax=d:Bacteria,p:Bacteroidetes,c:Sphingobacteriia,o:Sphingobacteriales,f:Sphingobacteriaceae,g:Pedobacter,s:GQ389204_s
ASV1672	88.286	461	52	2	1	460	313	772	3.99e-156	551	tax=d:Bacteria,p:Bacteroidetes,c:Flavobacteria,o:Flavobacteriales,f:Flavobacteriaceae,g:EU801860_g,s:EU801860_s
ASV1672	88.362	464	46	8	1	460	312	771	3.99e-156	551	tax=d:Bacteria,p:Bacteroidetes,c:Flavobacteria,o:Flavobacteriales,f:Cryomorphaceae,g:EU703423_g,s:EU703423_s
ASV1672	88.337	463	48	6	1	460	311	770	3.99e-156	551	tax=d:Bacteria,p:Bacteroidetes,c:Bacteroidia,o:Bacteroidales,f:AJ853611_f,g:AJ853611_g,s:EU592366_s
ASV1672	88.286	461	52	2	1	460	317	776	3.99e-156	551	tax=d:Bacteria,p:Bacteroidetes,c:Sphingobacteriia,o:Sphingobacteriales,f:Sphingobacteriaceae,g:Sphingobacterium,s:DQ346466_s
ASV1672	88.095	462	51	3	1	460	317	776	1.86e-154	545	tax=d:Bacteria,p:Bacteroidetes,c:Sphingobacteriia,o:Sphingobacteriales,f:Sphingobacteriaceae,g:Sphingobacterium,s:Sphingobacterium chuzhouense
ASV1672	88.069	461	53	2	1	460	311	770	1.86e-154	545	tax=d:Bacteria,p:Bacteroidetes,c:Sphingobacteriia,o:NVQB_o,f:PAC000134_f,g:HM129857_g,s:HM129857_s
ASV1672	88.095	462	51	4	1	460	313	772	1.86e-154	545	tax=d:Bacteria,p:Bacteroidetes,c:Bacteroidia,o:Bacteroidales,f:Lentimicrobiaceae,g:Lentimicrobium,s:EU358741_s
ASV1672	88.095	462	51	4	1	460	302	761	1.86e-154	545	tax=d:Bacteria,p:Bacteroidetes,c:Sphingobacteriia,o:NVQB_o,f:PAC000536_f,g:FJ947131_g,s:EU104053_s
ASV1672	87.852	461	54	2	1	460	311	770	2.40e-153	542	tax=d:Bacteria,p:Bacteroidetes,c:Flavobacteria,o:Flavobacteriales,f:Cryomorphaceae,g:Owenweeksia,s:EU592346_s
ASV1672	87.879	462	52	3	1	460	317	776	8.64e-153	540	tax=d:Bacteria,p:Bacteroidetes,c:Sphingobacteriia,o:Sphingobacteriales,f:Sphingobacteriaceae,g:Sphingobacterium,s:Sphingobacterium terrae
ASV1672	87.879	462	53	3	1	460	320	780	8.64e-153	540	tax=d:Bacteria,p:Bacteroidetes,c:Sphingobacteriia,o:Sphingobacteriales,f:Sphingobacteriaceae,g:HQ661311_g,s:HQ661311_s
ASV1672	87.852	461	54	2	1	460	317	776	8.64e-153	540	tax=d:Bacteria,p:Bacteroidetes,c:Sphingobacteriia,o:Sphingobacteriales,f:Sphingobacteriaceae,g:Sphingobacterium,s:FJ868763_s
ASV1672	87.826	460	56	0	1	460	311	770	8.64e-153	540	tax=d:Bacteria,p:Bacteroidetes,c:Flavobacteria,o:Flavobacteriales,f:Cryomorphaceae,g:EU037316_g,s:EU037316_s
ASV1672	87.826	460	56	0	1	460	313	772	8.64e-153	540	tax=d:Bacteria,p:Bacteroidetes,c:Bacteroidia,o:Bacteroidales,f:GQ357022_f,g:EF632712_g,s:EF632712_s
ASV1672	87.852	461	49	7	1	460	317	771	4.02e-151	534	tax=d:Bacteria,p:Bacteroidetes,c:Sphingobacteriia,o:Sphingobacteriales,f:Sphingobacteriaceae,g:Sphingobacterium,s:JX024319_s
ASV1672	87.636	461	55	2	1	460	297	756	4.02e-151	534	tax=d:Bacteria,p:Bacteroidetes,c:Bacteroidia,o:Bacteroidales,f:GQ357022_f,g:EU245095_g,s:JN538084_s
ASV1672	87.662	462	53	4	1	460	313	772	4.02e-151	534	tax=d:Bacteria,p:Bacteroidetes,c:Bacteroidia,o:Bacteroidales,f:Lentimicrobiaceae,g:Lentimicrobium,s:Lentimicrobium saccharophilum
ASV1672	87.662	462	51	6	1	460	312	769	1.45e-150	532	tax=d:Bacteria,p:Bacteroidetes,c:Bacteroidia,o:Bacteroidales,f:Lentimicrobiaceae,g:Lentimicrobium,s:AY218574_s
ASV1672	87.419	461	56	2	1	460	288	747	1.87e-149	529	tax=d:Bacteria,p:Bacteroidetes,c:Sphingobacteriia,o:Sphingobacteriales,f:Sphingobacteriaceae,g:Sphingobacterium,s:Sphingobacterium arenae
ASV1672	87.446	462	54	4	1	460	313	772	1.87e-149	529	tax=d:Bacteria,p:Bacteroidetes,c:Bacteroidia,o:Bacteroidales,f:AJ853611_f,g:AJ853611_g,s:JX434236_s
ASV1672	87.446	462	55	3	1	460	313	773	1.87e-149	529	tax=d:Bacteria,p:Bacteroidetes,c:Bacteroidia,o:Bacteroidales,f:AJ853611_f,g:AJ853611_g,s:HQ703871_s
ASV1672	87.446	462	54	4	1	460	311	770	1.87e-149	529	tax=d:Bacteria,p:Bacteroidetes,c:Sphingobacteriia,o:NVQB_o,f:PAC000134_f,g:HQ324879_g,s:HQ324879_s
ASV1672	87.446	462	54	4	1	460	313	772	1.87e-149	529	tax=d:Bacteria,p:Bacteroidetes,c:Bacteroidia,o:Bacteroidales,f:Lentimicrobiaceae,g:Lentimicrobium,s:CU922640_s
ASV1672	87.229	462	56	3	1	460	313	773	8.70e-148	523	tax=d:Bacteria,p:Bacteroidetes,c:Bacteroidia,o:Bacteroidales,f:Lentimicrobiaceae,g:EF562574_g,s:JF775643_s
ASV1672	87.257	463	54	4	1	460	312	772	8.70e-148	523	tax=d:Bacteria,p:Bacteroidetes,c:Sphingobacteriia,o:NVQB_o,f:PAC000134_f,g:HQ324879_g,s:EF516127_s
ASV1672	87.202	461	57	2	1	460	315	774	8.70e-148	523	tax=d:Bacteria,p:Bacteroidetes,c:Flavobacteria,o:Flavobacteriales,f:Cryomorphaceae,g:EF471466_g,s:EF471466_s
ASV1672	87.229	462	55	2	1	460	311	770	8.70e-148	523	tax=d:Bacteria,p:Bacteroidetes,c:Sphingobacteriia,o:Sphingobacteriales,f:Sphingobacteriaceae,g:Olivibacter,s:Olivibacter sitiensis
ASV1672	87.202	461	57	2	1	460	308	767	8.70e-148	523	tax=d:Bacteria,p:Bacteroidetes,c:Sphingobacteriia,o:NVQB_o,f:PAC000134_f,g:PAC000134_g,s:DQ128513_s
ASV1672	87.229	462	55	4	1	460	311	770	8.70e-148	523	tax=d:Bacteria,p:Bacteroidetes,c:Flavobacteria,o:Flavobacteriales,f:Cryomorphaceae,g:Owenweeksia,s:Owenweeksia hongkongensis
ASV1672	87.174	460	59	0	1	460	311	770	8.70e-148	523	tax=d:Bacteria,p:Bacteroidetes,c:Bacteroidia,o:Bacteroidales,f:Lentimicrobiaceae,g:GQ356975_g,s:AY216454_s
ASV1672	87.097	465	50	9	1	460	311	770	4.05e-146	518	tax=d:Bacteria,p:Bacteroidetes,c:Sphingobacteriia,o:CP012155_o,f:CP012155_f,g:PAC002223_g,s:PAC002223_s
ASV1672	86.957	460	60	0	1	460	293	752	4.05e-146	518	tax=d:Bacteria,p:Bacteroidetes,c:Flavobacteria,o:Flavobacteriales,f:Cryomorphaceae,g:Owenweeksia,s:JN534862_s
ASV1672	86.957	460	60	0	1	460	313	772	4.05e-146	518	tax=d:Bacteria,p:Bacteroidetes,c:Bacteroidia,o:Bacteroidales,f:GQ357022_f,g:JN469143_g,s:JN469143_s
ASV1672	86.985	461	59	1	1	460	313	773	4.05e-146	518	tax=d:Bacteria,p:Bacteroidetes,c:Bacteroidia,o:Bacteroidales,f:Lentimicrobiaceae,g:EF562574_g,s:JF775642_s
ASV1672	86.985	461	58	2	1	460	309	768	4.05e-146	518	tax=d:Bacteria,p:Bacteroidetes,c:Bacteroidia,o:Marinilabiliales,f:Marinilabiliaceae,g:Mangroviflexus,s:Mangroviflexus xiamenensis
ASV1672	87.041	463	54	6	1	460	317	776	4.05e-146	518	tax=d:Bacteria,p:Bacteroidetes,c:Flavobacteria,o:Flavobacteriales,f:FQ032823_f,g:DQ153135_g,s:GU119232_s
ASV1672	86.957	460	60	0	1	460	313	772	4.05e-146	518	tax=d:Bacteria,p:Bacteroidetes,c:Bacteroidia,o:Bacteroidales,f:GQ357022_f,g:FJ716939_g,s:FJ517041_s
ASV1672	86.957	460	60	0	1	460	312	771	4.05e-146	518	tax=d:Bacteria,p:Bacteroidetes,c:Sphingobacteriia,o:NVQB_o,f:NVQB_f,g:EU431801_g,s:EU431801_s
ASV1672	86.957	460	60	0	1	460	311	770	4.05e-146	518	tax=d:Bacteria,p:Bacteroidetes,c:Flavobacteria,o:Flavobacteriales,f:Cryomorphaceae,g:Owenweeksia,s:EU328017_s
ASV1672	86.957	460	60	0	1	460	308	767	4.05e-146	518	tax=d:Bacteria,p:Bacteroidetes,c:Sphingobacteriia,o:NVQB_o,f:PAC000536_f,g:FN811185_g,s:EF516038_s
ASV1672	87.013	462	57	3	1	460	313	773	4.05e-146	518	tax=d:Bacteria,p:Bacteroidetes,c:Bacteroidia,o:Bacteroidales,f:Lentimicrobiaceae,g:EF562574_g,s:AM086105_s
ASV1672	86.797	462	57	4	1	460	313	772	1.88e-144	512	tax=d:Bacteria,p:Bacteroidetes,c:Bacteroidia,o:Bacteroidales,f:GQ357022_f,g:EF632712_g,s:JX240627_s
ASV1672	86.739	460	61	0	1	460	305	764	1.88e-144	512	tax=d:Bacteria,p:Bacteroidetes,c:Sphingobacteriia,o:NVQB_o,f:PAC000134_f,g:FJ793180_g,s:JQ311885_s
ASV1672	86.768	461	60	1	1	460	289	749	1.88e-144	512	tax=d:Bacteria,p:Bacteroidetes,c:Bacteroidia,o:Bacteroidales,f:GQ357022_f,g:EU245095_g,s:JN440702_s
ASV1672	86.739	460	61	0	1	460	310	769	1.88e-144	512	tax=d:Bacteria,p:Bacteroidetes,c:Flavobacteria,o:Flavobacteriales,f:Cryomorphaceae,g:Owenweeksia,s:JN431132_s
ASV1672	86.768	461	59	2	1	460	313	772	1.88e-144	512	tax=d:Bacteria,p:Bacteroidetes,c:Sphingobacteriia,o:CP012155_o,f:CP012155_f,g:JN409234_g,s:JN409234_s
ASV1672	86.739	460	61	0	1	460	313	772	1.88e-144	512	tax=d:Bacteria,p:Bacteroidetes,c:Bacteroidia,o:Bacteroidales,f:GQ357022_f,g:GQ357022_g,s:GQ357022_s
ASV1672	86.739	460	61	0	1	460	313	772	1.88e-144	512	tax=d:Bacteria,p:Bacteroidetes,c:Sphingobacteriia,o:CP012155_o,f:CP012155_f,g:FJ529921_g,s:FJ529921_s
ASV1672	86.739	460	61	0	1	460	313	772	1.88e-144	512	tax=d:Bacteria,p:Bacteroidetes,c:Sphingobacteriia,o:NVQB_o,f:PAC000134_f,g:HQ324879_g,s:EU283347_s
ASV1672	86.739	460	61	0	1	460	317	776	1.88e-144	512	tax=d:Bacteria,p:Bacteroidetes,c:Flavobacteria,o:Flavobacteriales,f:FQ032823_f,g:DQ153135_g,s:DQ153135_s
ASV1672	86.797	462	58	3	1	460	313	773	1.88e-144	512	tax=d:Bacteria,p:Bacteroidetes,c:Bacteroidia,o:Bacteroidales,f:Lentimicrobiaceae,g:EF562574_g,s:AM162484_s
ASV1672	86.609	463	57	5	1	460	313	773	2.44e-143	508	tax=d:Bacteria,p:Bacteroidetes,c:Bacteroidia,o:Bacteroidales,f:Lentimicrobiaceae,g:FJ437992_g,s:HQ178796_s
ASV1672	86.580	462	58	3	1	460	314	773	2.44e-143	508	tax=d:Bacteria,p:Bacteroidetes,c:Sphingobacteriia,o:NVQB_o,f:PAC000536_f,g:FJ947131_g,s:DQ066988_s
ASV1672	86.580	462	58	4	1	460	310	769	8.76e-143	507	tax=d:Bacteria,p:Bacteroidetes,c:Bacteroidia,o:Bacteroidales,f:Lentimicrobiaceae,g:Lentimicrobium,s:JN540114_s
ASV1672	86.522	460	62	0	1	460	305	764	8.76e-143	507	tax=d:Bacteria,p:Bacteroidetes,c:Flavobacteria,o:Flavobacteriales,f:Cryomorphaceae,g:Owenweeksia,s:JN454907_s
ASV1672	86.522	460	62	0	1	460	311	770	8.76e-143	507	tax=d:Bacteria,p:Bacteroidetes,c:Flavobacteria,o:Flavobacteriales,f:Cryomorphaceae,g:Owenweeksia,s:JN430104_s
ASV1672	86.609	463	56	6	1	460	309	768	8.76e-143	507	tax=d:Bacteria,p:Bacteroidetes,c:Bacteroidia,o:Bacteroidales,f:Lentimicrobiaceae,g:FJ628299_g,s:JF344395_s
ASV1672	86.551	461	60	2	1	460	313	772	8.76e-143	507	tax=d:Bacteria,p:Bacteroidetes,c:Sphingobacteriia,o:NVQB_o,f:PAC000536_f,g:FJ947131_g,s:JF183963_s
ASV1672	86.522	460	62	0	1	460	317	776	8.76e-143	507	tax=d:Bacteria,p:Bacteroidetes,c:Flavobacteria,o:Flavobacteriales,f:Cryomorphaceae,g:AJ224942_g,s:HQ190478_s
ASV1672	86.580	462	58	4	1	460	311	770	8.76e-143	507	tax=d:Bacteria,p:Bacteroidetes,c:Bacteroidia,o:Bacteroidales,f:AJ853611_f,g:AJ853611_g,s:HQ183945_s
ASV1672	86.551	461	60	2	1	460	305	764	8.76e-143	507	tax=d:Bacteria,p:Bacteroidetes,c:Sphingobacteriia,o:FJ437920_o,f:FJ437920_f,g:HQ178838_g,s:HQ178838_s
ASV1672	86.580	462	59	3	1	460	313	773	8.76e-143	507	tax=d:Bacteria,p:Bacteroidetes,c:Sphingobacteriia,o:FJ437920_o,f:FJ437920_f,g:FJ437920_g,s:FQ660100_s
ASV1672	86.522	460	62	0	1	460	311	770	8.76e-143	507	tax=d:Bacteria,p:Bacteroidetes,c:Flavobacteria,o:Flavobacteriales,f:Cryomorphaceae,g:Owenweeksia,s:DQ103639_s
ASV1672	86.522	460	62	0	1	460	292	751	8.76e-143	507	tax=d:Bacteria,p:Bacteroidetes,c:Flavobacteria,o:Flavobacteriales,f:Cryomorphaceae,g:Owenweeksia,s:AY258122_s
ASV1672	86.609	463	57	5	1	460	313	773	8.76e-143	507	tax=d:Bacteria,p:Bacteroidetes,c:Sphingobacteriia,o:NVQB_o,f:PAC000134_f,g:HQ324879_g,s:AM991273_s
ASV1672	86.580	462	58	4	1	460	311	770	8.76e-143	507	tax=d:Bacteria,p:Bacteroidetes,c:Bacteroidia,o:Bacteroidales,f:AJ853611_f,g:AJ853611_g,s:AM950258_s
ASV1672	86.522	460	61	1	1	460	313	771	3.15e-142	505	tax=d:Bacteria,p:Bacteroidetes,c:Sphingobacteriia,o:NVQB_o,f:PAC000134_f,g:FJ793180_g,s:DQ066987_s
ASV1672	86.393	463	59	4	1	460	313	774	1.13e-141	503	tax=d:Bacteria,p:Bacteroidetes,c:Bacteroidia,o:Bacteroidales,f:Lentimicrobiaceae,g:EF562574_g,s:JQ079828_s
ASV1672	86.481	466	53	10	1	460	313	774	1.13e-141	503	tax=d:Bacteria,p:Bacteroidetes,c:Sphingobacteriia,o:FJ437920_o,f:FJ437920_f,g:HM243808_g,s:HM243808_s
ASV1672	86.580	462	55	4	1	460	313	769	1.13e-141	503	tax=d:Bacteria,p:Bacteroidetes,c:Sphingobacteriia,o:FJ612278_o,f:FJ612278_f,g:FJ529983_g,s:FJ529983_s
ASV1672	86.393	463	57	5	1	460	315	774	4.08e-141	501	tax=d:Bacteria,p:Bacteroidetes,c:Flavobacteria,o:Flavobacteriales,f:Cryomorphaceae,g:Salibacter,s:Salibacter halophilus
ASV1672	86.304	460	63	0	1	460	315	774	4.08e-141	501	tax=d:Bacteria,p:Bacteroidetes,c:Flavobacteria,o:Flavobacteriales,f:Cryomorphaceae,g:Luteibaculum,s:Luteibaculum oceani
ASV1672	86.304	460	63	0	1	460	293	752	4.08e-141	501	tax=d:Bacteria,p:Bacteroidetes,c:Bacteroidia,o:Bacteroidales,f:GQ357022_f,g:EU487965_g,s:JN536939_s
ASV1672	95.268	317	14	1	145	460	436	752	4.08e-141	501	tax=d:Bacteria,p:Bacteroidetes,c:Sphingobacteriia,o:Sphingobacteriales,f:Sphingobacteriaceae,g:Mucilaginibacter,s:JF176953_s
ASV1672	86.481	466	51	8	1	460	315	774	4.08e-141	501	tax=d:Bacteria,p:Bacteroidetes,c:Sphingobacteriia,o:NVQB_o,f:NVQB_f,g:EF520590_g,s:HQ674887_s
ASV1672	86.334	461	61	2	1	460	315	774	4.08e-141	501	tax=d:Bacteria,p:Bacteroidetes,c:Bacteroidia,o:Marinilabiliales,f:Marinifilaceae,g:Marinifilum,s:GQ356977_s
ASV1672	86.364	462	59	2	1	460	311	770	4.08e-141	501	tax=d:Bacteria,p:Bacteroidetes,c:Sphingobacteriia,o:NVQB_o,f:PAC000536_f,g:FJ947131_g,s:GQ246362_s
ASV1672	86.422	464	56	6	1	460	279	739	4.08e-141	501	tax=d:Bacteria,p:Bacteroidetes,c:Bacteroidia,o:Bacteroidales,f:Lentimicrobiaceae,g:EF562574_g,s:FJ901842_s
ASV1672	86.304	460	63	0	1	460	313	772	4.08e-141	501	tax=d:Bacteria,p:Bacteroidetes,c:Sphingobacteriia,o:NVQB_o,f:PAC000134_f,g:FJ793180_g,s:FJ719051_s
ASV1672	86.364	462	60	3	1	460	313	773	4.08e-141	501	tax=d:Bacteria,p:Bacteroidetes,c:Sphingobacteriia,o:FJ437920_o,f:FJ437920_f,g:FJ437920_g,s:FJ437920_s
ASV1672	86.364	462	60	3	1	460	313	773	4.08e-141	501	tax=d:Bacteria,p:Bacteroidetes,c:Sphingobacteriia,o:FJ437920_o,f:FJ437920_f,g:AY570626_g,s:FJ437900_s
ASV1672	86.304	460	63	0	1	460	309	768	4.08e-141	501	tax=d:Bacteria,p:Bacteroidetes,c:Flavobacteria,o:Flavobacteriales,f:Cryomorphaceae,g:EU800913_g,s:EU801403_s
ASV1672	86.304	460	63	0	1	460	315	774	4.08e-141	501	tax=d:Bacteria,p:Bacteroidetes,c:Flavobacteria,o:Flavobacteriales,f:Cryomorphaceae,g:EF572459_g,s:EF573660_s
ASV1672	86.364	462	60	3	1	460	313	773	4.08e-141	501	tax=d:Bacteria,p:Bacteroidetes,c:Bacteroidia,o:Bacteroidales,f:Lentimicrobiaceae,g:FJ437992_g,s:DQ066985_s
ASV1672	86.422	464	55	8	1	460	313	772	4.08e-141	501	tax=d:Bacteria,p:Bacteroidetes,c:Bacteroidia,o:Bacteroidales,f:Lentimicrobiaceae,g:Lentimicrobium,s:AY570585_s
ASV1672	86.393	463	58	5	1	460	302	762	4.08e-141	501	tax=d:Bacteria,p:Bacteroidetes,c:Bacteroidia,o:Bacteroidales,f:Lentimicrobiaceae,g:EF562574_g,s:AM162485_s
ASV1672	86.207	464	59	5	1	460	313	775	4.08e-141	501	tax=d:Bacteria,p:Bacteroidetes,c:Bacteroidia,o:Bacteroidales,f:Lentimicrobiaceae,g:EF562574_g,s:AM086137_s
ASV1672	86.364	462	59	4	1	460	311	770	4.08e-141	501	tax=d:Bacteria,p:Bacteroidetes,c:Bacteroidia,o:Bacteroidales,f:AJ853611_f,g:AJ853611_g,s:AJ853611_s
ASV1672	86.304	460	62	1	1	460	305	763	1.47e-140	499	tax=d:Bacteria,p:Bacteroidetes,c:Bacteroidia,o:Bacteroidales,f:GQ357022_f,g:HQ178935_g,s:HQ178935_s
ASV1672	86.304	460	62	1	1	460	313	771	1.47e-140	499	tax=d:Bacteria,p:Bacteroidetes,c:Bacteroidia,o:Bacteroidales,f:GQ357022_f,g:FJ716939_g,s:HQ178809_s
ASV1672	86.393	463	56	7	1	460	299	757	1.47e-140	499	tax=d:Bacteria,p:Bacteroidetes,c:Sphingobacteriia,o:NVQB_o,f:PAC000536_f,g:FN811185_g,s:DQ298005_s
ASV1672	86.087	460	64	0	1	460	311	770	1.47e-140	499	tax=d:Bacteria,p:Bacteroidetes,c:Bacteroidia,o:Bacteroidales,f:GQ357022_f,g:EU245095_g,s:DQ154858_s
ASV1672	86.207	464	57	4	1	460	315	775	5.27e-140	497	tax=d:Bacteria,p:Bacteroidetes,c:Sphingobacteriia,o:FJ612278_o,f:FJ612278_f,g:HM128531_g,s:FJ820408_s
ASV1672	86.117	461	62	2	1	460	318	777	1.90e-139	496	tax=d:Bacteria,p:Bacteroidetes,c:Bacteroidia,o:Bacteroidales,f:Rikenellaceae,g:Alistipes,s:PAC002444_s
ASV1672	86.117	461	62	2	1	460	313	772	1.90e-139	496	tax=d:Bacteria,p:Bacteroidetes,c:Sphingobacteriia,o:NVQB_o,f:PAC000134_f,g:PAC000134_g,s:PAC000134_s
ASV1672	86.177	463	58	6	1	460	314	773	1.90e-139	496	tax=d:Bacteria,p:Bacteroidetes,c:Flavobacteria,o:Flavobacteriales,f:GU454927_f,g:GU454927_g,s:JQ407911_s
ASV1672	86.087	460	64	0	1	460	303	762	1.90e-139	496	tax=d:Bacteria,p:Bacteroidetes,c:Bacteroidia,o:Bacteroidales,f:GQ357022_f,g:GQ357022_g,s:JN538897_s
ASV1672	86.087	460	64	0	1	460	303	762	1.90e-139	496	tax=d:Bacteria,p:Bacteroidetes,c:Bacteroidia,o:Bacteroidales,f:GQ357022_f,g:FN658701_g,s:JN524025_s
ASV1672	86.087	460	64	0	1	460	315	774	1.90e-139	496	tax=d:Bacteria,p:Bacteroidetes,c:Bacteroidia,o:Bacteroidales,f:GQ357022_f,g:GQ357022_g,s:JN447911_s
ASV1672	86.087	460	64	0	1	460	311	770	1.90e-139	496	tax=d:Bacteria,p:Bacteroidetes,c:Bacteroidia,o:Bacteroidales,f:GQ357022_f,g:EU245095_g,s:JN442166_s
ASV1672	86.237	465	54	7	1	460	311	770	1.90e-139	496	tax=d:Bacteria,p:Bacteroidetes,c:Bacteroidia,o:Bacteroidales,f:AJ853611_f,g:AJ853611_g,s:JF747958_s
ASV1672	86.117	461	62	2	1	460	309	768	1.90e-139	496	tax=d:Bacteria,p:Bacteroidetes,c:Bacteroidia,o:Bacteroidales,f:Lentimicrobiaceae,g:FJ628299_g,s:JF344485_s
ASV1672	86.117	461	62	2	1	460	309	768	1.90e-139	496	tax=d:Bacteria,p:Bacteroidetes,c:Bacteroidia,o:Marinilabiliales,f:Prolixibacteraceae,g:Draconibacterium,s:HQ703796_s
ASV1672	86.177	463	58	6	1	460	314	773	1.90e-139	496	tax=d:Bacteria,p:Bacteroidetes,c:Flavobacteria,o:Flavobacteriales,f:GU454927_f,g:GU454927_g,s:HQ010812_s
ASV1672	86.147	462	60	4	1	460	314	773	1.90e-139	496	tax=d:Bacteria,p:Bacteroidetes,c:Sphingobacteriia,o:FJ612278_o,f:FJ612278_f,g:HM128531_g,s:HM128531_s
ASV1672	86.087	460	64	0	1	460	313	772	1.90e-139	496	tax=d:Bacteria,p:Bacteroidetes,c:Flavobacteria,o:Flavobacteriales,f:Cryomorphaceae,g:GU235130_g,s:GU235130_s
ASV1672	86.087	460	64	0	1	460	311	770	1.90e-139	496	tax=d:Bacteria,p:Bacteroidetes,c:Bacteroidia,o:Marinilabiliales,f:Marinilabiliaceae,g:Alkalitalea,s:Natronoflexus pectinivorans
ASV1672	86.117	461	62	2	1	460	313	772	1.90e-139	496	tax=d:Bacteria,p:Bacteroidetes,c:Bacteroidia,o:Bacteroidales,f:GQ357022_f,g:GQ357022_g,s:GQ354963_s
ASV1672	86.117	461	62	2	1	460	313	772	1.90e-139	496	tax=d:Bacteria,p:Bacteroidetes,c:Bacteroidia,o:Marinilabiliales,f:Marinifilaceae,g:Marinifilum,s:FN773285_s
ASV1672	86.087	460	64	0	1	460	313	772	1.90e-139	496	tax=d:Bacteria,p:Bacteroidetes,c:Sphingobacteriia,o:NVQB_o,f:PAC000134_f,g:FJ793180_g,s:FJ793180_s
ASV1672	86.087	460	64	0	1	460	305	764	1.90e-139	496	tax=d:Bacteria,p:Bacteroidetes,c:Bacteroidia,o:Marinilabiliales,f:Marinilabiliaceae,g:Cytophaga_g2,s:FJ516921_s
ASV1672	86.087	460	64	0	1	460	315	774	1.90e-139	496	tax=d:Bacteria,p:Bacteroidetes,c:Flavobacteria,o:Flavobacteriales,f:AM997541_f,g:AM997541_g,s:FJ516771_s
ASV1672	86.147	462	61	3	1	460	280	740	1.90e-139	496	tax=d:Bacteria,p:Bacteroidetes,c:Bacteroidia,o:Bacteroidales,f:Lentimicrobiaceae,g:EF562574_g,s:FJ484700_s
ASV1672	86.147	462	60	4	1	460	279	738	1.90e-139	496	tax=d:Bacteria,p:Bacteroidetes,c:Sphingobacteriia,o:Saprospirales,f:Saprospiraceae,g:EU245993_g,s:EU246799_s
ASV1672	86.117	461	62	2	1	460	314	773	1.90e-139	496	tax=d:Bacteria,p:Bacteroidetes,c:Flavobacteria,o:Flavobacteriales,f:GU454927_f,g:GU454927_g,s:EU234268_s
ASV1672	86.087	460	64	0	1	460	315	774	1.90e-139	496	tax=d:Bacteria,p:Bacteroidetes,c:Flavobacteria,o:Flavobacteriales,f:Cryomorphaceae,g:EF659422_g,s:EF659422_s
ASV1672	86.087	460	64	0	1	460	315	774	1.90e-139	496	tax=d:Bacteria,p:Bacteroidetes,c:Flavobacteria,o:Flavobacteriales,f:GU061842_f,g:EF572066_g,s:EF572066_s
ASV1672	86.117	461	62	2	1	460	313	772	1.90e-139	496	tax=d:Bacteria,p:Bacteroidetes,c:Sphingobacteriia,o:NVQB_o,f:PAC000134_f,g:DQ490027_g,s:DQ513009_s
ASV1672	86.087	460	64	0	1	460	313	772	1.90e-139	496	tax=d:Bacteria,p:Bacteroidetes,c:Bacteroidia,o:Bacteroidales,f:GQ357022_f,g:DQ415815_g,s:DQ415815_s
ASV1672	86.087	460	64	0	1	460	313	772	1.90e-139	496	tax=d:Bacteria,p:Bacteroidetes,c:Bacteroidia,o:Bacteroidales,f:DQ415754_f,g:DQ415754_g,s:DQ415754_s
ASV1672	86.404	456	54	6	1	452	320	771	2.45e-138	492	tax=d:Bacteria,p:Bacteroidetes,c:Bacteroidia,o:Bacteroidales,f:Rikenellaceae,g:Alistipes,s:EU794220_s
ASV1672	85.870	460	65	0	1	460	315	774	2.45e-138	492	tax=d:Bacteria,p:Bacteroidetes,c:Flavobacteria,o:Flavobacteriales,f:Cryomorphaceae,g:EF572459_g,s:DQ395551_s
ASV1672	85.870	460	65	0	1	460	291	750	8.82e-138	490	tax=d:Bacteria,p:Bacteroidetes,c:Bacteroidia,o:Marinilabiliales,f:Marinilabiliaceae,g:Carboxylicivirga,s:Carboxylicivirga flava
ASV1672	85.870	460	65	0	1	460	313	772	8.82e-138	490	tax=d:Bacteria,p:Bacteroidetes,c:Bacteroidia,o:Marinilabiliales,f:Marinilabiliaceae,g:Carboxylicivirga,s:JX391591_s
ASV1672	85.961	463	59	6	1	460	311	770	8.82e-138	490	tax=d:Bacteria,p:Bacteroidetes,c:Bacteroidia,o:Marinilabiliales,f:Prolixibacteraceae,g:Draconibacterium,s:JX391488_s
ASV1672	85.931	462	61	4	1	460	312	771	8.82e-138	490	tax=d:Bacteria,p:Bacteroidetes,c:Flavobacteria,o:Flavobacteriales,f:Cryomorphaceae,g:JN685491_g,s:JQ798490_s
ASV1672	85.931	462	61	4	1	460	305	764	8.82e-138	490	tax=d:Bacteria,p:Bacteroidetes,c:Bacteroidia,o:Marinilabiliales,f:Prolixibacteraceae,g:HQ178936_g,s:JN656842_s
ASV1672	85.870	460	65	0	1	460	282	741	8.82e-138	490	tax=d:Bacteria,p:Bacteroidetes,c:Flavobacteria,o:Flavobacteriales,f:Cryomorphaceae,g:Owenweeksia,s:JN431657_s
ASV1672	85.931	462	61	3	1	460	311	770	8.82e-138	490	tax=d:Bacteria,p:Bacteroidetes,c:Bacteroidia,o:Bacteroidales,f:GQ357022_f,g:JN468027_g,s:JN429514_s
ASV1672	85.931	462	61	4	1	460	315	774	8.82e-138	490	tax=d:Bacteria,p:Bacteroidetes,c:Bacteroidia,o:Marinilabiliales,f:Marinifilaceae,g:Marinifilum,s:GQ261810_s
ASV1672	85.931	462	61	4	1	460	315	774	8.82e-138	490	tax=d:Bacteria,p:Bacteroidetes,c:Bacteroidia,o:Bacteroidales,f:GQ357022_f,g:FN658701_g,s:GQ261765_s
ASV1672	85.961	463	59	6	1	460	313	772	8.82e-138	490	tax=d:Bacteria,p:Bacteroidetes,c:Bacteroidia,o:Bacteroidales,f:GQ357022_f,g:FJ517118_g,s:FJ517118_s
ASV1672	85.931	462	62	3	1	460	313	773	8.82e-138	490	tax=d:Bacteria,p:Bacteroidetes,c:Bacteroidia,o:Bacteroidales,f:Lentimicrobiaceae,g:FJ437992_g,s:FJ437992_s
ASV1672	85.961	463	60	4	1	460	313	773	8.82e-138	490	tax=d:Bacteria,p:Bacteroidetes,c:Bacteroidia,o:Bacteroidales,f:Lentimicrobiaceae,g:EF562574_g,s:FJ437856_s
ASV1672	85.991	464	57	5	1	460	313	772	8.82e-138	490	tax=d:Bacteria,p:Bacteroidetes,c:Sphingobacteriia,o:NVQB_o,f:PAC000536_f,g:FJ947131_g,s:EU925903_s
ASV1672	85.900	461	63	2	1	460	316	775	8.82e-138	490	tax=d:Bacteria,p:Bacteroidetes,c:Flavobacteria,o:Flavobacteriales,f:FQ032823_f,g:DQ153135_g,s:EU050903_s
ASV1672	85.870	460	65	0	1	460	315	774	8.82e-138	490	tax=d:Bacteria,p:Bacteroidetes,c:Flavobacteria,o:Flavobacteriales,f:GU061842_f,g:EF646127_g,s:EF646127_s
ASV1672	85.900	461	64	1	1	460	315	775	8.82e-138	490	tax=d:Bacteria,p:Bacteroidetes,c:Flavobacteria,o:Flavobacteriales,f:Cryomorphaceae,g:EF572459_g,s:EF572459_s
ASV1672	85.870	460	65	0	1	460	315	774	8.82e-138	490	tax=d:Bacteria,p:Bacteroidetes,c:Flavobacteria,o:Flavobacteriales,f:GU061842_f,g:EF572066_g,s:DQ009096_s
ASV1672	85.991	464	57	7	1	460	307	766	8.82e-138	490	tax=d:Bacteria,p:Bacteroidetes,c:Flavobacteria,o:Flavobacteriales,f:Flavobacteriaceae,g:Flavobacterium,s:AY468453_s
ASV1672	85.931	462	62	3	1	460	311	771	8.82e-138	490	tax=d:Bacteria,p:Bacteroidetes,c:Bacteroidia,o:Marinilabiliales,f:Prolixibacteraceae,g:Draconibacterium,s:AM883180_s
ASV1672	85.931	462	61	3	1	460	311	770	8.82e-138	490	tax=d:Bacteria,p:Bacteroidetes,c:Sphingobacteriia,o:Saprospirales,f:Saprospiraceae,g:AB630517_g,s:AB630517_s
ASV1672	85.870	460	65	0	1	460	290	749	8.82e-138	490	tax=d:Bacteria,p:Bacteroidetes,c:Bacteroidia,o:Bacteroidales,f:Porphyromonadaceae,g:AB307635_g,s:AB307635_s
ASV1672	85.961	463	59	6	1	460	311	770	8.82e-138	490	tax=d:Bacteria,p:Bacteroidetes,c:Bacteroidia,o:Bacteroidales,f:GQ357022_f,g:FJ437930_g,s:AB234243_s
ASV1672	85.714	462	64	2	1	460	313	774	1.14e-136	486	tax=d:Bacteria,p:Bacteroidetes,c:Bacteroidia,o:Bacteroidales,f:Lentimicrobiaceae,g:EF562574_g,s:FJ755748_s
ASV1672	85.652	460	66	0	1	460	317	776	4.11e-136	484	tax=d:Bacteria,p:Bacteroidetes,c:Flavobacteria,o:Flavobacteriales,f:Cryomorphaceae,g:Vicingus,s:Vicingus serpentipes
