ASV1585	97.124	452	13	0	1	452	298	749	0.0	763	tax=d:Bacteria,p:Planctomycetes,c:Planctomycetia,o:Planctomycetales,f:Isosphaeraceae,g:Singulisphaera,s:Singulisphaera acidiphila
ASV1585	96.681	452	15	0	1	452	298	749	0.0	752	tax=d:Bacteria,p:Planctomycetes,c:Planctomycetia,o:Planctomycetales,f:Isosphaeraceae,g:Singulisphaera,s:FSRB_s
ASV1585	96.018	452	18	0	1	452	272	723	0.0	736	tax=d:Bacteria,p:Planctomycetes,c:Planctomycetia,o:Planctomycetales,f:Isosphaeraceae,g:Singulisphaera,s:GQ889439_s
ASV1585	95.815	454	17	2	1	452	298	751	0.0	732	tax=d:Bacteria,p:Planctomycetes,c:Planctomycetia,o:Planctomycetales,f:Isosphaeraceae,g:Singulisphaera,s:AM935032_s
ASV1585	95.354	452	21	0	1	452	298	749	0.0	721	tax=d:Bacteria,p:Planctomycetes,c:Planctomycetia,o:Planctomycetales,f:Isosphaeraceae,g:Singulisphaera,s:X81959_s
ASV1585	95.133	452	22	0	1	452	297	748	0.0	713	tax=d:Bacteria,p:Planctomycetes,c:Planctomycetia,o:Planctomycetales,f:Isosphaeraceae,g:Singulisphaera,s:PAC000113_s
ASV1585	95.133	452	22	0	1	452	297	748	0.0	713	tax=d:Bacteria,p:Planctomycetes,c:Planctomycetia,o:Planctomycetales,f:Isosphaeraceae,g:Singulisphaera,s:JF028564_s
ASV1585	95.133	452	20	1	3	452	299	750	0.0	712	tax=d:Bacteria,p:Planctomycetes,c:Planctomycetia,o:Planctomycetales,f:Isosphaeraceae,g:Singulisphaera,s:PAC000120_s
ASV1585	95.133	452	18	3	1	452	297	744	0.0	710	tax=d:Bacteria,p:Planctomycetes,c:Planctomycetia,o:Planctomycetales,f:Isosphaeraceae,g:Singulisphaera,s:PAC000011_s
ASV1585	94.934	454	21	2	1	452	297	750	0.0	710	tax=d:Bacteria,p:Planctomycetes,c:Planctomycetia,o:Planctomycetales,f:Isosphaeraceae,g:Aquisphaera,s:HQ674909_s
ASV1585	94.945	455	19	4	1	452	233	686	0.0	710	tax=d:Bacteria,p:Planctomycetes,c:Planctomycetia,o:Planctomycetales,f:Isosphaeraceae,g:Singulisphaera,s:EF516307_s
ASV1585	94.714	454	22	2	1	452	288	741	0.0	704	tax=d:Bacteria,p:Planctomycetes,c:Planctomycetia,o:Planctomycetales,f:Isosphaeraceae,g:Singulisphaera,s:HM748671_s
ASV1585	94.690	452	24	0	1	452	297	748	0.0	702	tax=d:Bacteria,p:Planctomycetes,c:Planctomycetia,o:Planctomycetales,f:Isosphaeraceae,g:Singulisphaera,s:PAC001332_s
ASV1585	94.714	454	21	3	1	452	297	749	0.0	702	tax=d:Bacteria,p:Planctomycetes,c:Planctomycetia,o:Planctomycetales,f:Isosphaeraceae,g:Singulisphaera,s:PAC000564_s
ASV1585	94.273	454	24	2	1	452	307	760	0.0	693	tax=d:Bacteria,p:Planctomycetes,c:Planctomycetia,o:Planctomycetales,f:Isosphaeraceae,g:Aquisphaera,s:GU172184_s
ASV1585	94.311	457	18	7	1	452	299	752	0.0	693	tax=d:Bacteria,p:Planctomycetes,c:Planctomycetia,o:Planctomycetales,f:Isosphaeraceae,g:EU289510_g,s:EU289510_s
ASV1585	94.273	454	24	2	1	452	247	700	0.0	693	tax=d:Bacteria,p:Planctomycetes,c:Planctomycetia,o:Planctomycetales,f:Isosphaeraceae,g:Aquisphaera,s:AF523999_s
ASV1585	94.248	452	24	1	1	452	297	746	0.0	689	tax=d:Bacteria,p:Planctomycetes,c:Planctomycetia,o:Planctomycetales,f:Isosphaeraceae,g:Singulisphaera,s:AF244749_s
ASV1585	94.248	452	22	3	1	452	297	744	0.0	688	tax=d:Bacteria,p:Planctomycetes,c:Planctomycetia,o:Planctomycetales,f:Isosphaeraceae,g:Singulisphaera,s:JX505224_s
ASV1585	94.079	456	22	5	1	452	299	753	0.0	688	tax=d:Bacteria,p:Planctomycetes,c:Planctomycetia,o:Planctomycetales,f:Isosphaeraceae,g:EU289510_g,s:HM366483_s
ASV1585	93.913	460	19	6	1	452	300	758	0.0	686	tax=d:Bacteria,p:Planctomycetes,c:Planctomycetia,o:Planctomycetales,f:Isosphaeraceae,g:PAC002015_g,s:HQ674911_s
ASV1585	94.027	452	27	0	1	452	297	748	0.0	686	tax=d:Bacteria,p:Planctomycetes,c:Planctomycetia,o:Planctomycetales,f:Isosphaeraceae,g:Singulisphaera,s:HQ119606_s
ASV1585	94.027	452	27	0	1	452	296	747	0.0	686	tax=d:Bacteria,p:Planctomycetes,c:Planctomycetia,o:Planctomycetales,f:Isosphaeraceae,g:Singulisphaera,s:GQ402682_s
ASV1585	93.833	454	26	2	1	452	307	760	0.0	682	tax=d:Bacteria,p:Planctomycetes,c:Planctomycetia,o:Planctomycetales,f:Isosphaeraceae,g:Singulisphaera,s:EF515969_s
ASV1585	93.860	456	22	6	1	452	304	757	0.0	682	tax=d:Bacteria,p:Planctomycetes,c:Planctomycetia,o:Planctomycetales,f:Isosphaeraceae,g:Paludisphaera,s:CP011273_s
ASV1585	94.000	450	23	3	3	452	299	744	0.0	678	tax=d:Bacteria,p:Planctomycetes,c:Planctomycetia,o:Planctomycetales,f:Isosphaeraceae,g:Singulisphaera,s:PAC000563_s
ASV1585	93.640	456	23	6	1	452	305	758	0.0	676	tax=d:Bacteria,p:Planctomycetes,c:Planctomycetia,o:Planctomycetales,f:Isosphaeraceae,g:Paludisphaera,s:JF032228_s
ASV1585	93.612	454	27	2	1	452	307	760	0.0	676	tax=d:Bacteria,p:Planctomycetes,c:Planctomycetia,o:Planctomycetales,f:Isosphaeraceae,g:Aquisphaera,s:GU127745_s
ASV1585	93.805	452	24	4	1	452	301	748	0.0	676	tax=d:Bacteria,p:Planctomycetes,c:Planctomycetia,o:Planctomycetales,f:Isosphaeraceae,g:Aquisphaera,s:Aquisphaera giovannonii
ASV1585	93.598	453	28	1	1	452	297	749	0.0	675	tax=d:Bacteria,p:Planctomycetes,c:Planctomycetia,o:Planctomycetales,f:Isosphaeraceae,g:Singulisphaera,s:HQ119662_s
ASV1585	93.584	452	29	0	1	452	297	748	0.0	675	tax=d:Bacteria,p:Planctomycetes,c:Planctomycetia,o:Planctomycetales,f:Isosphaeraceae,g:Singulisphaera,s:EU861926_s
ASV1585	93.584	452	28	1	1	452	297	747	0.0	673	tax=d:Bacteria,p:Planctomycetes,c:Planctomycetia,o:Planctomycetales,f:Isosphaeraceae,g:Singulisphaera,s:Singulisphaera rosea
ASV1585	93.584	452	25	3	1	452	297	744	0.0	671	tax=d:Bacteria,p:Planctomycetes,c:Planctomycetia,o:Planctomycetales,f:Isosphaeraceae,g:Singulisphaera,s:PAC000427_s
ASV1585	93.407	455	26	4	1	452	307	760	0.0	671	tax=d:Bacteria,p:Planctomycetes,c:Planctomycetia,o:Planctomycetales,f:Isosphaeraceae,g:Aquisphaera,s:JF198274_s
ASV1585	93.392	454	28	2	1	452	297	750	0.0	671	tax=d:Bacteria,p:Planctomycetes,c:Planctomycetia,o:Planctomycetales,f:Isosphaeraceae,g:Singulisphaera,s:JF016786_s
ASV1585	93.584	452	25	4	1	452	307	754	0.0	671	tax=d:Bacteria,p:Planctomycetes,c:Planctomycetia,o:Planctomycetales,f:Isosphaeraceae,g:Aquisphaera,s:FJ228314_s
ASV1585	93.435	457	23	6	1	452	299	753	0.0	671	tax=d:Bacteria,p:Planctomycetes,c:Planctomycetia,o:Planctomycetales,f:Isosphaeraceae,g:EU289510_g,s:DQ532192_s
ASV1585	93.392	454	28	2	1	452	297	750	0.0	671	tax=d:Bacteria,p:Planctomycetes,c:Planctomycetia,o:Planctomycetales,f:Isosphaeraceae,g:Singulisphaera,s:AF244750_s
ASV1585	93.363	452	30	0	1	452	297	748	0.0	669	tax=d:Bacteria,p:Planctomycetes,c:Planctomycetia,o:Planctomycetales,f:Isosphaeraceae,g:Singulisphaera,s:JF016724_s
ASV1585	93.584	452	24	4	1	452	297	743	0.0	669	tax=d:Bacteria,p:Planctomycetes,c:Planctomycetia,o:Planctomycetales,f:Isosphaeraceae,g:Singulisphaera,s:AF244751_s
ASV1585	93.363	452	29	1	1	452	296	746	0.0	667	tax=d:Bacteria,p:Planctomycetes,c:Planctomycetia,o:Planctomycetales,f:Isosphaeraceae,g:Singulisphaera,s:FJ466378_s
ASV1585	93.187	455	27	4	1	452	297	750	0.0	665	tax=d:Bacteria,p:Planctomycetes,c:Planctomycetia,o:Planctomycetales,f:Isosphaeraceae,g:Singulisphaera,s:JF175588_s
ASV1585	93.172	454	29	2	1	452	297	750	0.0	665	tax=d:Bacteria,p:Planctomycetes,c:Planctomycetia,o:Planctomycetales,f:Isosphaeraceae,g:Singulisphaera,s:FR749821_s
ASV1585	93.363	452	26	4	1	452	307	754	0.0	665	tax=d:Bacteria,p:Planctomycetes,c:Planctomycetia,o:Planctomycetales,f:Isosphaeraceae,g:Aquisphaera,s:DQ451486_s
ASV1585	93.363	452	26	3	1	452	297	744	0.0	665	tax=d:Bacteria,p:Planctomycetes,c:Planctomycetia,o:Planctomycetales,f:Isosphaeraceae,g:Singulisphaera,s:AF239692_s
ASV1585	93.028	459	25	5	1	452	300	758	0.0	664	tax=d:Bacteria,p:Planctomycetes,c:Planctomycetia,o:Planctomycetales,f:Isosphaeraceae,g:PAC002015_g,s:PAC002015_s
ASV1585	93.377	453	23	5	1	452	297	743	0.0	664	tax=d:Bacteria,p:Planctomycetes,c:Planctomycetia,o:Planctomycetales,f:Isosphaeraceae,g:PAC000638_g,s:PAC000638_s
ASV1585	93.043	460	23	8	1	452	300	758	0.0	664	tax=d:Bacteria,p:Planctomycetes,c:Planctomycetia,o:Planctomycetales,f:Isosphaeraceae,g:AY234711_g,s:JF033723_s
ASV1585	93.043	460	23	9	1	452	300	758	0.0	664	tax=d:Bacteria,p:Planctomycetes,c:Planctomycetia,o:Planctomycetales,f:Isosphaeraceae,g:AY234711_g,s:HM238163_s
ASV1585	93.363	452	25	4	1	452	301	747	0.0	664	tax=d:Bacteria,p:Planctomycetes,c:Planctomycetia,o:Planctomycetales,f:Isosphaeraceae,g:Singulisphaera,s:AJ231192_s
ASV1585	93.172	454	23	8	1	452	297	744	0.0	660	tax=d:Bacteria,p:Planctomycetes,c:Planctomycetia,o:Planctomycetales,f:Isosphaeraceae,g:PAC000638_g,s:FJ542905_s
ASV1585	92.967	455	28	4	1	452	305	758	0.0	660	tax=d:Bacteria,p:Planctomycetes,c:Planctomycetia,o:Planctomycetales,f:Isosphaeraceae,g:Paludisphaera,s:AF239699_s
ASV1585	92.826	460	24	8	1	452	300	758	0.0	658	tax=d:Bacteria,p:Planctomycetes,c:Planctomycetia,o:Planctomycetales,f:Isosphaeraceae,g:PAC002015_g,s:PAC002020_s
ASV1585	92.952	454	29	3	1	452	307	759	0.0	658	tax=d:Bacteria,p:Planctomycetes,c:Planctomycetia,o:Planctomycetales,f:Isosphaeraceae,g:Aquisphaera,s:FJ624889_s
ASV1585	92.920	452	29	2	1	452	297	745	0.0	654	tax=d:Bacteria,p:Planctomycetes,c:Planctomycetia,o:Planctomycetales,f:Isosphaeraceae,g:Singulisphaera,s:PAC002240_s
ASV1585	92.920	452	28	2	1	452	307	754	0.0	654	tax=d:Bacteria,p:Planctomycetes,c:Planctomycetia,o:Planctomycetales,f:Isosphaeraceae,g:Aquisphaera,s:PAC000164_s
ASV1585	92.936	453	27	3	1	452	297	745	0.0	654	tax=d:Bacteria,p:Planctomycetes,c:Planctomycetia,o:Planctomycetales,f:Isosphaeraceae,g:Tundrisphaera,s:Tundrisphaera lichenicola
ASV1585	92.920	452	28	2	1	452	289	736	0.0	654	tax=d:Bacteria,p:Planctomycetes,c:Planctomycetia,o:Planctomycetales,f:Isosphaeraceae,g:Aquisphaera,s:JN867685_s
ASV1585	92.920	452	28	2	1	452	307	754	0.0	654	tax=d:Bacteria,p:Planctomycetes,c:Planctomycetia,o:Planctomycetales,f:Isosphaeraceae,g:Aquisphaera,s:JF027069_s
ASV1585	92.747	455	30	2	1	452	297	751	0.0	654	tax=d:Bacteria,p:Planctomycetes,c:Planctomycetia,o:Planctomycetales,f:Isosphaeraceae,g:Singulisphaera,s:HM366468_s
ASV1585	92.593	459	27	6	1	452	300	758	0.0	652	tax=d:Bacteria,p:Planctomycetes,c:Planctomycetia,o:Planctomycetales,f:Isosphaeraceae,g:PAC002015_g,s:PAC002123_s
ASV1585	92.609	460	25	5	1	452	268	726	0.0	652	tax=d:Bacteria,p:Planctomycetes,c:Planctomycetia,o:Planctomycetales,f:Isosphaeraceae,g:FN984872_g,s:FN984872_s
ASV1585	92.560	457	29	5	1	452	297	753	0.0	651	tax=d:Bacteria,p:Planctomycetes,c:Planctomycetia,o:Planctomycetales,f:Isosphaeraceae,g:Aquisphaera,s:HE604050_s
ASV1585	92.699	452	30	2	1	452	297	745	0.0	649	tax=d:Bacteria,p:Planctomycetes,c:Planctomycetia,o:Planctomycetales,f:Isosphaeraceae,g:Singulisphaera,s:PAC000646_s
ASV1585	92.715	453	27	6	1	452	305	752	0.0	649	tax=d:Bacteria,p:Planctomycetes,c:Planctomycetia,o:Planctomycetales,f:Isosphaeraceae,g:Aquisphaera,s:PAC000639_s
ASV1585	92.715	453	27	4	1	452	297	744	0.0	649	tax=d:Bacteria,p:Planctomycetes,c:Planctomycetia,o:Planctomycetales,f:Isosphaeraceae,g:PAC000638_g,s:JN867693_s
ASV1585	92.715	453	27	4	1	452	307	754	0.0	649	tax=d:Bacteria,p:Planctomycetes,c:Planctomycetia,o:Planctomycetales,f:Isosphaeraceae,g:Aquisphaera,s:JF922508_s
ASV1585	92.699	452	29	2	1	452	305	752	0.0	649	tax=d:Bacteria,p:Planctomycetes,c:Planctomycetia,o:Planctomycetales,f:Isosphaeraceae,g:Aquisphaera,s:JF184589_s
ASV1585	92.715	453	27	6	1	452	297	744	0.0	649	tax=d:Bacteria,p:Planctomycetes,c:Planctomycetia,o:Planctomycetales,f:Isosphaeraceae,g:PAC000638_g,s:HQ674913_s
ASV1585	92.699	452	29	2	1	452	307	754	0.0	649	tax=d:Bacteria,p:Planctomycetes,c:Planctomycetia,o:Planctomycetales,f:Isosphaeraceae,g:Aquisphaera,s:FJ228315_s
ASV1585	92.715	453	27	5	1	452	297	744	0.0	649	tax=d:Bacteria,p:Planctomycetes,c:Planctomycetia,o:Planctomycetales,f:Isosphaeraceae,g:PAC000638_g,s:AY234714_s
ASV1585	92.391	460	26	8	1	452	300	758	0.0	647	tax=d:Bacteria,p:Planctomycetes,c:Planctomycetia,o:Planctomycetales,f:Isosphaeraceae,g:AY234711_g,s:JF176746_s
ASV1585	92.358	458	29	5	1	452	303	760	0.0	647	tax=d:Bacteria,p:Planctomycetes,c:Planctomycetia,o:Planctomycetales,f:Isosphaeraceae,g:Singulisphaera,s:HQ119138_s
ASV1585	92.391	460	25	9	1	452	303	760	0.0	647	tax=d:Bacteria,p:Planctomycetes,c:Planctomycetia,o:Planctomycetales,f:Isosphaeraceae,g:PAC002015_g,s:EF492942_s
ASV1585	92.715	453	26	7	1	452	297	743	0.0	647	tax=d:Bacteria,p:Planctomycetes,c:Planctomycetia,o:Planctomycetales,f:Isosphaeraceae,g:PAC000638_g,s:AY963321_s
ASV1585	92.325	456	31	4	1	452	307	762	0.0	645	tax=d:Bacteria,p:Planctomycetes,c:Planctomycetia,o:Planctomycetales,f:Isosphaeraceae,g:Aquisphaera,s:PAC001957_s
ASV1585	92.291	454	33	2	1	452	297	750	0.0	643	tax=d:Bacteria,p:Planctomycetes,c:Planctomycetia,o:Planctomycetales,f:Isosphaeraceae,g:Singulisphaera,s:HQ674910_s
ASV1585	92.478	452	30	4	1	452	298	745	0.0	643	tax=d:Bacteria,p:Planctomycetes,c:Planctomycetia,o:Planctomycetales,f:Isosphaeraceae,g:Aquisphaera,s:GU983333_s
ASV1585	92.511	454	26	8	1	452	297	744	0.0	643	tax=d:Bacteria,p:Planctomycetes,c:Planctomycetia,o:Planctomycetales,f:Isosphaeraceae,g:GQ480109_g,s:GQ480109_s
ASV1585	92.478	452	30	4	1	452	305	752	0.0	643	tax=d:Bacteria,p:Planctomycetes,c:Planctomycetia,o:Planctomycetales,f:Isosphaeraceae,g:Aquisphaera,s:GQ009000_s
ASV1585	92.291	454	33	1	1	452	297	750	0.0	643	tax=d:Bacteria,p:Planctomycetes,c:Planctomycetia,o:Planctomycetales,f:Isosphaeraceae,g:PAC000488_g,s:EU289425_s
ASV1585	92.157	459	29	6	1	452	300	758	0.0	641	tax=d:Bacteria,p:Planctomycetes,c:Planctomycetia,o:Planctomycetales,f:Isosphaeraceae,g:AY234711_g,s:JF016583_s
ASV1585	92.191	461	25	9	1	452	300	758	0.0	641	tax=d:Bacteria,p:Planctomycetes,c:Planctomycetia,o:Planctomycetales,f:Isosphaeraceae,g:AY234711_g,s:EU861965_s
ASV1585	92.478	452	29	3	1	452	307	753	0.0	641	tax=d:Bacteria,p:Planctomycetes,c:Planctomycetia,o:Planctomycetales,f:Isosphaeraceae,g:Paludisphaera,s:EU861958_s
ASV1585	92.494	453	27	7	1	452	297	743	0.0	641	tax=d:Bacteria,p:Planctomycetes,c:Planctomycetia,o:Planctomycetales,f:Isosphaeraceae,g:PAC000638_g,s:AJ292683_s
ASV1585	92.257	452	33	2	1	452	297	746	0.0	640	tax=d:Bacteria,p:Planctomycetes,c:Planctomycetia,o:Planctomycetales,f:Isosphaeraceae,g:Singulisphaera,s:EU861870_s
ASV1585	92.444	450	30	2	3	452	310	755	0.0	640	tax=d:Bacteria,p:Planctomycetes,c:Planctomycetia,o:Planctomycetales,f:Isosphaeraceae,g:Paludisphaera,s:Paludisphaera borealis
ASV1585	92.274	453	29	5	1	452	297	744	0.0	638	tax=d:Bacteria,p:Planctomycetes,c:Planctomycetia,o:Planctomycetales,f:Isosphaeraceae,g:PAC000638_g,s:AY234528_s
ASV1585	92.088	455	31	5	1	452	295	747	0.0	636	tax=d:Bacteria,p:Planctomycetes,c:Planctomycetia,o:Planctomycetales,f:Isosphaeraceae,g:Singulisphaera,s:FJ466129_s
ASV1585	92.035	452	32	2	1	452	297	744	1.36e-180	632	tax=d:Bacteria,p:Planctomycetes,c:Planctomycetia,o:Planctomycetales,f:Isosphaeraceae,g:PAC000488_g,s:PAC000488_s
ASV1585	91.868	455	33	3	1	452	296	749	1.36e-180	632	tax=d:Bacteria,p:Planctomycetes,c:Planctomycetia,o:Planctomycetales,f:Isosphaeraceae,g:Singulisphaera,s:JQ957822_s
ASV1585	92.035	452	32	2	1	452	307	754	1.36e-180	632	tax=d:Bacteria,p:Planctomycetes,c:Planctomycetia,o:Planctomycetales,f:Isosphaeraceae,g:Aquisphaera,s:AB238776_s
ASV1585	91.850	454	29	6	1	452	306	753	6.33e-179	627	tax=d:Bacteria,p:Planctomycetes,c:Planctomycetia,o:Planctomycetales,f:Isosphaeraceae,g:Paludisphaera,s:JX898122_s
ASV1585	91.558	462	27	8	1	452	301	760	6.33e-179	627	tax=d:Bacteria,p:Planctomycetes,c:Planctomycetia,o:Planctomycetales,f:Isosphaeraceae,g:AY234711_g,s:JF188928_s
ASV1585	91.814	452	33	2	1	452	305	752	6.33e-179	627	tax=d:Bacteria,p:Planctomycetes,c:Planctomycetia,o:Planctomycetales,f:Isosphaeraceae,g:Aquisphaera,s:JF171583_s
ASV1585	91.648	455	35	2	1	452	305	759	6.33e-179	627	tax=d:Bacteria,p:Planctomycetes,c:Planctomycetia,o:Planctomycetales,f:Isosphaeraceae,g:Aquisphaera,s:GQ402639_s
ASV1585	91.540	461	28	8	1	452	300	758	2.28e-178	625	tax=d:Bacteria,p:Planctomycetes,c:Planctomycetia,o:Planctomycetales,f:Isosphaeraceae,g:AY234711_g,s:HM238182_s
ASV1585	91.522	460	30	8	1	452	300	758	2.28e-178	625	tax=d:Bacteria,p:Planctomycetes,c:Planctomycetia,o:Planctomycetales,f:Isosphaeraceae,g:PAC002015_g,s:EF018946_s
ASV1585	91.503	459	31	7	1	452	300	757	2.28e-178	625	tax=d:Bacteria,p:Planctomycetes,c:Planctomycetia,o:Planctomycetales,f:Isosphaeraceae,g:AY234711_g,s:AB473920_s
ASV1585	91.611	453	33	4	1	452	297	745	2.94e-177	621	tax=d:Bacteria,p:Planctomycetes,c:Planctomycetia,o:Planctomycetales,f:Isosphaeraceae,g:PAC000488_g,s:HQ119613_s
ASV1585	91.611	453	32	6	1	452	297	744	2.94e-177	621	tax=d:Bacteria,p:Planctomycetes,c:Planctomycetia,o:Planctomycetales,f:Isosphaeraceae,g:PAC000488_g,s:AF465649_s
ASV1585	91.285	459	33	6	1	452	300	758	1.06e-176	619	tax=d:Bacteria,p:Planctomycetes,c:Planctomycetia,o:Planctomycetales,f:Isosphaeraceae,g:PAC002574_g,s:PAC002574_s
ASV1585	91.323	461	28	11	1	452	300	757	1.06e-176	619	tax=d:Bacteria,p:Planctomycetes,c:Planctomycetia,o:Planctomycetales,f:Isosphaeraceae,g:AY234711_g,s:PAC000640_s
ASV1585	91.304	460	31	5	1	452	300	758	1.06e-176	619	tax=d:Bacteria,p:Planctomycetes,c:Planctomycetia,o:Planctomycetales,f:Isosphaeraceae,g:AY234711_g,s:JX133395_s
ASV1585	91.285	459	33	6	1	452	300	758	1.06e-176	619	tax=d:Bacteria,p:Planctomycetes,c:Planctomycetia,o:Planctomycetales,f:Isosphaeraceae,g:AY234711_g,s:JF042099_s
ASV1585	91.342	462	27	12	1	452	300	758	1.06e-176	619	tax=d:Bacteria,p:Planctomycetes,c:Planctomycetia,o:Planctomycetales,f:Isosphaeraceae,g:AY234711_g,s:AY345496_s
ASV1585	91.106	461	30	9	1	452	300	758	4.93e-175	614	tax=d:Bacteria,p:Planctomycetes,c:Planctomycetia,o:Planctomycetales,f:Isosphaeraceae,g:AY234711_g,s:PAC002503_s
ASV1585	91.106	461	30	10	1	452	300	758	4.93e-175	614	tax=d:Bacteria,p:Planctomycetes,c:Planctomycetia,o:Planctomycetales,f:Isosphaeraceae,g:AY234711_g,s:JQ323129_s
ASV1585	91.068	459	34	3	1	452	300	758	4.93e-175	614	tax=d:Bacteria,p:Planctomycetes,c:Planctomycetia,o:Planctomycetales,f:Isosphaeraceae,g:AY234711_g,s:JN537385_s
ASV1585	91.087	460	32	8	1	452	300	758	4.93e-175	614	tax=d:Bacteria,p:Planctomycetes,c:Planctomycetia,o:Planctomycetales,f:Isosphaeraceae,g:AY234711_g,s:AY234711_s
ASV1585	90.870	460	34	4	1	452	300	759	6.37e-174	610	tax=d:Bacteria,p:Planctomycetes,c:Planctomycetia,o:Planctomycetales,f:Isosphaeraceae,g:PAC000414_g,s:PAC000414_s
ASV1585	91.170	453	34	4	1	452	306	753	6.37e-174	610	tax=d:Bacteria,p:Planctomycetes,c:Planctomycetia,o:Planctomycetales,f:Isosphaeraceae,g:Paludisphaera,s:HQ014635_s
ASV1585	90.969	454	39	2	1	452	296	749	6.37e-174	610	tax=d:Bacteria,p:Planctomycetes,c:Planctomycetia,o:Planctomycetales,f:Isosphaeraceae,g:PAC000488_g,s:EF516492_s
ASV1585	90.870	460	33	8	1	452	300	758	2.29e-173	608	tax=d:Bacteria,p:Planctomycetes,c:Planctomycetia,o:Planctomycetales,f:Isosphaeraceae,g:AY234711_g,s:JF028034_s
ASV1585	90.850	459	30	9	3	452	303	758	2.96e-172	604	tax=d:Bacteria,p:Planctomycetes,c:Planctomycetia,o:Planctomycetales,f:Isosphaeraceae,g:X81960_g,s:X81960_s
ASV1585	90.693	462	31	11	1	452	300	759	2.96e-172	604	tax=d:Bacteria,p:Planctomycetes,c:Planctomycetia,o:Planctomycetales,f:Isosphaeraceae,g:AY234711_g,s:JF081728_s
ASV1585	90.652	460	34	8	1	452	300	758	1.07e-171	603	tax=d:Bacteria,p:Planctomycetes,c:Planctomycetia,o:Planctomycetales,f:Isosphaeraceae,g:AY234711_g,s:JF049135_s
ASV1585	90.000	460	37	7	1	452	303	761	3.84e-171	601	tax=d:Bacteria,p:Planctomycetes,c:Planctomycetia,o:Planctomycetales,f:Isosphaeraceae,g:AY234711_g,s:FQ658729_s
ASV1585	90.414	459	36	7	1	452	300	757	4.96e-170	597	tax=d:Bacteria,p:Planctomycetes,c:Planctomycetia,o:Planctomycetales,f:Isosphaeraceae,g:JN430138_g,s:JN484231_s
ASV1585	90.435	460	35	8	1	452	302	760	4.96e-170	597	tax=d:Bacteria,p:Planctomycetes,c:Planctomycetia,o:Planctomycetales,f:Isosphaeraceae,g:AY234711_g,s:FM253642_s
ASV1585	90.435	460	35	8	1	452	300	758	4.96e-170	597	tax=d:Bacteria,p:Planctomycetes,c:Planctomycetia,o:Planctomycetales,f:Isosphaeraceae,g:AY234711_g,s:AB630606_s
ASV1585	90.570	456	34	8	3	450	303	757	1.78e-169	595	tax=d:Bacteria,p:Planctomycetes,c:Planctomycetia,o:Planctomycetales,f:Isosphaeraceae,g:AY234711_g,s:GU437562_s
ASV1585	90.508	453	37	6	1	452	299	746	6.42e-169	593	tax=d:Bacteria,p:Planctomycetes,c:Planctomycetia,o:Planctomycetales,f:Isosphaeraceae,g:EU289510_g,s:HM277182_s
ASV1585	90.217	460	36	9	1	452	300	758	2.31e-168	592	tax=d:Bacteria,p:Planctomycetes,c:Planctomycetia,o:Planctomycetales,f:Isosphaeraceae,g:AY234711_g,s:JQ323128_s
ASV1585	89.978	459	39	6	1	452	300	758	1.07e-166	586	tax=d:Bacteria,p:Planctomycetes,c:Planctomycetia,o:Planctomycetales,f:Isosphaeraceae,g:AY234711_g,s:PAC002028_s
ASV1585	89.978	459	38	7	1	452	291	748	1.07e-166	586	tax=d:Bacteria,p:Planctomycetes,c:Planctomycetia,o:Planctomycetales,f:Isosphaeraceae,g:JN430138_g,s:JN430138_s
ASV1585	90.065	463	31	13	1	452	303	761	1.07e-166	586	tax=d:Bacteria,p:Planctomycetes,c:Planctomycetia,o:Planctomycetales,f:Isosphaeraceae,g:AY234711_g,s:JF070402_s
ASV1585	89.760	459	40	5	1	452	303	761	5.00e-165	580	tax=d:Bacteria,p:Planctomycetes,c:Planctomycetia,o:Planctomycetales,f:Isosphaeraceae,g:EU223954_g,s:EU223954_s
ASV1585	89.849	463	29	16	1	452	300	755	5.00e-165	580	tax=d:Bacteria,p:Planctomycetes,c:Planctomycetia,o:Planctomycetales,f:Isosphaeraceae,g:AB473900_g,s:AB473900_s
ASV1585	89.610	462	35	12	1	452	300	758	2.32e-163	575	tax=d:Bacteria,p:Planctomycetes,c:Planctomycetia,o:Planctomycetales,f:Isosphaeraceae,g:AY234711_g,s:JN656908_s
ASV1585	89.565	460	39	8	1	452	300	758	2.32e-163	575	tax=d:Bacteria,p:Planctomycetes,c:Planctomycetia,o:Planctomycetales,f:Isosphaeraceae,g:N_limicola_III_g,s:DQ814799_s
ASV1585	89.542	459	40	5	1	452	300	757	2.32e-163	575	tax=d:Bacteria,p:Planctomycetes,c:Planctomycetia,o:Planctomycetales,f:Isosphaeraceae,g:N_limicola_III_g,s:Nostocoida limicola_III
ASV1585	89.325	459	41	7	1	452	300	757	8.36e-163	573	tax=d:Bacteria,p:Planctomycetes,c:Planctomycetia,o:Planctomycetales,f:Isosphaeraceae,g:X81960_g,s:AJ252623_s
ASV1585	89.348	460	40	7	1	452	300	758	1.08e-161	569	tax=d:Bacteria,p:Planctomycetes,c:Planctomycetia,o:Planctomycetales,f:Isosphaeraceae,g:Isosphaera,s:Isosphaera pallida
ASV1585	88.132	455	47	7	1	452	311	761	3.95e-151	534	tax=d:Bacteria,p:Planctomycetes,c:Planctomycetia,o:Planctomycetales,f:Gemmataceae,g:PAC000017_g,s:EU135258_s
ASV1585	88.069	461	38	17	1	452	298	750	1.42e-150	532	tax=d:Bacteria,p:Planctomycetes,c:Planctomycetia,o:Planctomycetales,f:Isosphaeraceae,g:AY234711_g,s:AF234712_s
ASV1585	87.638	453	51	5	1	452	312	760	3.07e-147	521	tax=d:Bacteria,p:Planctomycetes,c:Planctomycetia,o:Planctomycetales,f:Gemmataceae,g:PAC002228_g,s:PAC002228_s
ASV1585	87.473	455	50	7	1	452	311	761	3.97e-146	518	tax=d:Bacteria,p:Planctomycetes,c:Planctomycetia,o:Planctomycetales,f:Gemmataceae,g:PAC002228_g,s:EF019897_s
ASV1585	87.445	454	47	8	1	452	303	748	5.14e-145	514	tax=d:Bacteria,p:Planctomycetes,c:Planctomycetia,o:Planctomycetales,f:Gemmataceae,g:Gemmata,s:EU335417_s
ASV1585	87.253	455	47	9	1	452	318	764	2.39e-143	508	tax=d:Bacteria,p:Planctomycetes,c:Planctomycetia,o:Planctomycetales,f:Gemmataceae,g:EF580956_g,s:HQ118949_s
ASV1585	87.168	452	53	5	1	452	310	756	2.39e-143	508	tax=d:Bacteria,p:Planctomycetes,c:Planctomycetia,o:Planctomycetales,f:Gemmataceae,g:PAC000017_g,s:AF234744_s
ASV1585	87.004	454	53	6	1	452	311	760	8.60e-143	507	tax=d:Bacteria,p:Planctomycetes,c:Planctomycetia,o:Planctomycetales,f:Gemmataceae,g:PAC000017_g,s:PAC000017_s
ASV1585	86.976	453	53	5	1	452	288	735	3.09e-142	505	tax=d:Bacteria,p:Planctomycetes,c:Planctomycetia,o:Planctomycetales,f:Gemmataceae,g:Gemmata,s:JF026970_s
ASV1585	87.004	454	51	8	1	452	327	774	3.09e-142	505	tax=d:Bacteria,p:Planctomycetes,c:Planctomycetia,o:Planctomycetales,f:Gemmataceae,g:PAC000017_g,s:FJ205306_s
ASV1585	87.033	455	48	7	1	452	309	755	1.11e-141	503	tax=d:Bacteria,p:Planctomycetes,c:Planctomycetia,o:Planctomycetales,f:Gemmataceae,g:PAC000017_g,s:HM584320_s
ASV1585	86.784	454	55	5	1	452	295	745	4.00e-141	501	tax=d:Bacteria,p:Planctomycetes,c:Planctomycetia,o:Planctomycetales,f:Gemmataceae,g:PAC000486_g,s:JN867703_s
ASV1585	86.871	457	45	14	1	452	286	732	5.18e-140	497	tax=d:Bacteria,p:Planctomycetes,c:Planctomycetia,o:Planctomycetales,f:Gemmataceae,g:Gemmata,s:PAC002573_s
ASV1585	86.580	462	49	12	1	452	300	758	5.18e-140	497	tax=d:Bacteria,p:Planctomycetes,c:Planctomycetia,o:Planctomycetales,f:Isosphaeraceae,g:FR691523_g,s:FJ437884_s
ASV1585	86.784	454	51	9	1	452	309	755	5.18e-140	497	tax=d:Bacteria,p:Planctomycetes,c:Planctomycetia,o:Planctomycetales,f:Gemmataceae,g:PAC000017_g,s:AF234727_s
ASV1585	86.534	453	56	5	1	452	301	749	6.70e-139	494	tax=d:Bacteria,p:Planctomycetes,c:Planctomycetia,o:Planctomycetales,f:Gemmataceae,g:AM902603_g,s:GQ261312_s
ASV1585	86.534	453	54	6	1	452	319	765	2.41e-138	492	tax=d:Bacteria,p:Planctomycetes,c:Planctomycetia,o:Planctomycetales,f:Gemmataceae,g:PAC002335_g,s:PAC002335_s
ASV1585	86.652	457	46	14	1	452	310	756	2.41e-138	492	tax=d:Bacteria,p:Planctomycetes,c:Planctomycetia,o:Planctomycetales,f:Gemmataceae,g:PAC000083_g,s:PAC000643_s
ASV1585	86.593	455	50	9	1	452	318	764	2.41e-138	492	tax=d:Bacteria,p:Planctomycetes,c:Planctomycetia,o:Planctomycetales,f:Gemmataceae,g:EF580956_g,s:JF183965_s
ASV1585	86.334	461	52	11	1	452	300	758	2.41e-138	492	tax=d:Bacteria,p:Planctomycetes,c:Planctomycetia,o:Planctomycetales,f:Isosphaeraceae,g:FR691523_g,s:GU305750_s
ASV1585	86.344	454	57	5	1	452	320	770	8.66e-138	490	tax=d:Bacteria,p:Planctomycetes,c:Planctomycetia,o:Planctomycetales,f:Gemmataceae,g:FJ479427_g,s:FJ478856_s
ASV1585	86.374	455	55	7	1	452	311	761	8.66e-138	490	tax=d:Bacteria,p:Planctomycetes,c:Planctomycetia,o:Planctomycetales,f:Gemmataceae,g:HQ120623_g,s:EU135145_s
ASV1585	86.344	454	54	7	1	452	286	733	3.12e-137	488	tax=d:Bacteria,p:Planctomycetes,c:Planctomycetia,o:Planctomycetales,f:Gemmataceae,g:Gemmata,s:PAC000642_s
ASV1585	86.313	453	57	5	1	452	318	766	3.12e-137	488	tax=d:Bacteria,p:Planctomycetes,c:Planctomycetia,o:Planctomycetales,f:Gemmataceae,g:PAC000083_g,s:EU881276_s
ASV1585	86.374	455	53	9	1	452	314	762	3.12e-137	488	tax=d:Bacteria,p:Planctomycetes,c:Planctomycetia,o:Planctomycetales,f:Gemmataceae,g:PAC000017_g,s:EU135223_s
ASV1585	86.374	455	51	10	1	452	310	756	1.12e-136	486	tax=d:Bacteria,p:Planctomycetes,c:Planctomycetia,o:Planctomycetales,f:Gemmataceae,g:EU135259_g,s:EU135259_s
ASV1585	86.374	455	51	9	1	452	311	757	1.12e-136	486	tax=d:Bacteria,p:Planctomycetes,c:Planctomycetia,o:Planctomycetales,f:Gemmataceae,g:AB179519_g,s:AB179519_s
ASV1585	86.062	452	62	1	1	452	313	763	4.03e-136	484	tax=d:Bacteria,p:Planctomycetes,c:Planctomycetia,o:Planctomycetales,f:Gemmataceae,g:PAC002611_g,s:JF188917_s
ASV1585	86.123	454	58	5	1	452	311	761	4.03e-136	484	tax=d:Bacteria,p:Planctomycetes,c:Planctomycetia,o:Planctomycetales,f:Gemmataceae,g:HQ120623_g,s:HQ120623_s
ASV1585	86.123	454	58	5	1	452	319	769	4.03e-136	484	tax=d:Bacteria,p:Planctomycetes,c:Planctomycetia,o:Planctomycetales,f:Gemmataceae,g:PAC000483_g,s:EU135289_s
ASV1585	86.093	453	58	5	1	452	313	761	1.45e-135	483	tax=d:Bacteria,p:Planctomycetes,c:Planctomycetia,o:Planctomycetales,f:Gemmataceae,g:PAC000302_g,s:JF108121_s
ASV1585	86.093	453	56	6	1	452	311	757	5.21e-135	481	tax=d:Bacteria,p:Planctomycetes,c:Planctomycetia,o:Planctomycetales,f:Gemmataceae,g:PAC000486_g,s:PAC000486_s
ASV1585	86.062	452	58	4	1	452	311	757	5.21e-135	481	tax=d:Bacteria,p:Planctomycetes,c:Planctomycetia,o:Planctomycetales,f:Gemmataceae,g:PAC000136_g,s:PAC000426_s
ASV1585	86.184	456	50	12	1	452	315	761	5.21e-135	481	tax=d:Bacteria,p:Planctomycetes,c:Planctomycetia,o:Planctomycetales,f:Gemmataceae,g:JN860407_g,s:JN860407_s
ASV1585	85.996	457	55	9	1	452	318	770	5.21e-135	481	tax=d:Bacteria,p:Planctomycetes,c:Planctomycetia,o:Planctomycetales,f:Gemmataceae,g:EF580956_g,s:HQ119290_s
ASV1585	86.245	458	46	15	1	452	311	757	5.21e-135	481	tax=d:Bacteria,p:Planctomycetes,c:Planctomycetia,o:Planctomycetales,f:Gemmataceae,g:PAC000481_g,s:HQ119148_s
ASV1585	85.996	457	55	7	1	452	318	770	5.21e-135	481	tax=d:Bacteria,p:Planctomycetes,c:Planctomycetia,o:Planctomycetales,f:Gemmataceae,g:EU344925_g,s:HM187306_s
ASV1585	86.093	453	56	7	1	452	319	765	5.21e-135	481	tax=d:Bacteria,p:Planctomycetes,c:Planctomycetia,o:Planctomycetales,f:Gemmataceae,g:PAC002335_g,s:EF018919_s
ASV1585	86.184	456	50	13	1	452	289	735	5.21e-135	481	tax=d:Bacteria,p:Planctomycetes,c:Planctomycetia,o:Planctomycetales,f:Gemmataceae,g:PAC002023_g,s:AM902593_s
ASV1585	86.214	457	48	15	1	452	286	732	5.21e-135	481	tax=d:Bacteria,p:Planctomycetes,c:Planctomycetia,o:Planctomycetales,f:Gemmataceae,g:Gemmata,s:AB630885_s
ASV1585	86.154	455	50	11	1	452	313	757	1.87e-134	479	tax=d:Bacteria,p:Planctomycetes,c:Planctomycetia,o:Planctomycetales,f:Gemmataceae,g:PAC000302_g,s:PAC000357_s
ASV1585	85.965	456	55	9	1	452	318	768	1.87e-134	479	tax=d:Bacteria,p:Planctomycetes,c:Planctomycetia,o:Planctomycetales,f:Gemmataceae,g:EF580956_g,s:JN869163_s
ASV1585	85.996	457	53	10	1	452	293	743	1.87e-134	479	tax=d:Bacteria,p:Planctomycetes,c:Planctomycetia,o:Planctomycetales,f:Gemmataceae,g:Gemmata,s:HQ697730_s
ASV1585	85.996	457	52	11	1	452	288	737	1.87e-134	479	tax=d:Bacteria,p:Planctomycetes,c:Planctomycetia,o:Planctomycetales,f:Gemmataceae,g:Gemmata,s:HQ119024_s
ASV1585	85.996	457	52	11	1	452	315	764	1.87e-134	479	tax=d:Bacteria,p:Planctomycetes,c:Planctomycetia,o:Planctomycetales,f:Gemmataceae,g:PAC000083_g,s:EU881120_s
ASV1585	85.903	454	59	5	1	452	291	741	1.87e-134	479	tax=d:Bacteria,p:Planctomycetes,c:Planctomycetia,o:Planctomycetales,f:Gemmataceae,g:PAC000017_g,s:AF391976_s
ASV1585	85.996	457	51	12	1	452	286	734	6.74e-134	477	tax=d:Bacteria,p:Planctomycetes,c:Planctomycetia,o:Planctomycetales,f:Gemmataceae,g:Gemmata,s:HQ119127_s
ASV1585	85.965	456	51	11	1	452	319	765	2.43e-133	475	tax=d:Bacteria,p:Planctomycetes,c:Planctomycetia,o:Planctomycetales,f:Gemmataceae,g:PAC000017_g,s:PAC002572_s
ASV1585	85.965	456	51	12	1	452	319	765	2.43e-133	475	tax=d:Bacteria,p:Planctomycetes,c:Planctomycetia,o:Planctomycetales,f:Gemmataceae,g:PAC000559_g,s:PAC000561_s
ASV1585	85.872	453	57	5	1	452	313	759	2.43e-133	475	tax=d:Bacteria,p:Planctomycetes,c:Planctomycetia,o:Planctomycetales,f:Gemmataceae,g:PAC000425_g,s:PAC000425_s
ASV1585	85.965	456	51	11	1	452	313	759	2.43e-133	475	tax=d:Bacteria,p:Planctomycetes,c:Planctomycetia,o:Planctomycetales,f:Gemmataceae,g:PAC000302_g,s:PAC000302_s
ASV1585	85.965	456	51	12	1	452	287	733	2.43e-133	475	tax=d:Bacteria,p:Planctomycetes,c:Planctomycetia,o:Planctomycetales,f:Gemmataceae,g:Gemmata,s:HQ119506_s
ASV1585	85.934	455	53	9	1	452	313	759	2.43e-133	475	tax=d:Bacteria,p:Planctomycetes,c:Planctomycetia,o:Planctomycetales,f:Gemmataceae,g:PAC000136_g,s:FJ479158_s
ASV1585	85.777	457	55	10	1	452	313	764	2.43e-133	475	tax=d:Bacteria,p:Planctomycetes,c:Planctomycetia,o:Planctomycetales,f:Gemmataceae,g:PAC002611_g,s:FJ479035_s
ASV1585	85.903	454	55	8	1	452	318	764	2.43e-133	475	tax=d:Bacteria,p:Planctomycetes,c:Planctomycetia,o:Planctomycetales,f:Gemmataceae,g:FJ479427_g,s:EU135205_s
ASV1585	85.839	459	52	12	1	452	286	738	2.43e-133	475	tax=d:Bacteria,p:Planctomycetes,c:Planctomycetia,o:Planctomycetales,f:Gemmataceae,g:Gemmata,s:EU135100_s
ASV1585	85.903	454	54	10	1	452	285	730	2.43e-133	475	tax=d:Bacteria,p:Planctomycetes,c:Planctomycetia,o:Planctomycetales,f:Gemmataceae,g:PAC000483_g,s:EU044223_s
ASV1585	85.683	454	60	5	1	452	313	763	8.72e-133	473	tax=d:Bacteria,p:Planctomycetes,c:Planctomycetia,o:Planctomycetales,f:Gemmataceae,g:PAC000017_g,s:PAC002562_s
ASV1585	85.746	456	56	7	1	452	320	770	8.72e-133	473	tax=d:Bacteria,p:Planctomycetes,c:Planctomycetia,o:Planctomycetales,f:Gemmataceae,g:PAC000017_g,s:PAC002340_s
ASV1585	85.839	459	50	12	1	452	313	763	8.72e-133	473	tax=d:Bacteria,p:Planctomycetes,c:Planctomycetia,o:Planctomycetales,f:Gemmataceae,g:PAC000017_g,s:PAC001894_s
ASV1585	85.651	453	62	3	1	452	312	762	8.72e-133	473	tax=d:Bacteria,p:Planctomycetes,c:Planctomycetia,o:Planctomycetales,f:Gemmataceae,g:PAC000412_g,s:PAC000558_s
ASV1585	85.683	454	60	5	1	452	313	763	8.72e-133	473	tax=d:Bacteria,p:Planctomycetes,c:Planctomycetia,o:Planctomycetales,f:Gemmataceae,g:PAC000017_g,s:PAC000424_s
ASV1585	85.714	455	58	7	1	452	312	762	8.72e-133	473	tax=d:Bacteria,p:Planctomycetes,c:Planctomycetia,o:Planctomycetales,f:Gemmataceae,g:PAC000017_g,s:PAC000423_s
ASV1585	85.714	455	58	7	1	452	314	764	8.72e-133	473	tax=d:Bacteria,p:Planctomycetes,c:Planctomycetia,o:Planctomycetales,f:Gemmataceae,g:PAC000305_g,s:PAC000305_s
ASV1585	85.808	458	52	10	1	452	313	763	8.72e-133	473	tax=d:Bacteria,p:Planctomycetes,c:Planctomycetia,o:Planctomycetales,f:Gemmataceae,g:PAC000715_g,s:JN868963_s
ASV1585	85.903	454	53	8	1	452	274	718	8.72e-133	473	tax=d:Bacteria,p:Planctomycetes,c:Planctomycetia,o:Planctomycetales,f:Gemmataceae,g:Gemmata,s:JN825565_s
ASV1585	85.651	453	61	4	1	452	317	766	8.72e-133	473	tax=d:Bacteria,p:Planctomycetes,c:Planctomycetia,o:Planctomycetales,f:Gemmataceae,g:EU344925_g,s:HM187165_s
ASV1585	85.683	454	60	5	1	452	313	763	8.72e-133	473	tax=d:Bacteria,p:Planctomycetes,c:Planctomycetia,o:Planctomycetales,f:Gemmataceae,g:PAC002611_g,s:FR863675_s
ASV1585	85.714	455	58	7	1	452	319	769	8.72e-133	473	tax=d:Bacteria,p:Planctomycetes,c:Planctomycetia,o:Planctomycetales,f:Gemmataceae,g:PAC000017_g,s:EU669642_s
ASV1585	85.714	455	58	6	1	452	318	768	8.72e-133	473	tax=d:Bacteria,p:Planctomycetes,c:Planctomycetia,o:Planctomycetales,f:Gemmataceae,g:EU344925_g,s:EU344925_s
ASV1585	85.714	455	58	7	1	452	319	769	8.72e-133	473	tax=d:Bacteria,p:Planctomycetes,c:Planctomycetia,o:Planctomycetales,f:Gemmataceae,g:PAC002611_g,s:EF494332_s
ASV1585	85.619	452	62	3	1	452	286	734	3.14e-132	472	tax=d:Bacteria,p:Planctomycetes,c:Planctomycetia,o:Planctomycetales,f:Gemmataceae,g:Gemmata,s:JF319225_s
ASV1585	85.651	453	60	5	1	452	309	757	3.14e-132	472	tax=d:Bacteria,p:Planctomycetes,c:Planctomycetia,o:Planctomycetales,f:Gemmataceae,g:PAC000715_g,s:HM259262_s
ASV1585	85.714	455	56	9	1	452	313	761	3.14e-132	472	tax=d:Bacteria,p:Planctomycetes,c:Planctomycetia,o:Planctomycetales,f:Gemmataceae,g:PAC000086_g,s:GQ339148_s
ASV1585	85.651	453	60	5	1	452	297	745	3.14e-132	472	tax=d:Bacteria,p:Planctomycetes,c:Planctomycetia,o:Planctomycetales,f:Gemmataceae,g:PAC002611_g,s:EU881227_s
ASV1585	85.714	455	54	10	1	452	311	757	1.13e-131	470	tax=d:Bacteria,p:Planctomycetes,c:Planctomycetia,o:Planctomycetales,f:Gemmataceae,g:PAC000017_g,s:PAC001838_s
ASV1585	85.683	454	56	9	1	452	303	749	1.13e-131	470	tax=d:Bacteria,p:Planctomycetes,c:Planctomycetia,o:Planctomycetales,f:Gemmataceae,g:Gemmata,s:PAC000562_s
ASV1585	85.683	454	56	9	1	452	319	765	1.13e-131	470	tax=d:Bacteria,p:Planctomycetes,c:Planctomycetia,o:Planctomycetales,f:Gemmataceae,g:PAC000483_g,s:PAC000483_s
ASV1585	85.619	452	59	5	1	452	311	756	1.13e-131	470	tax=d:Bacteria,p:Planctomycetes,c:Planctomycetia,o:Planctomycetales,f:Gemmataceae,g:PAC000136_g,s:PAC000136_s
ASV1585	85.746	456	52	12	1	452	312	758	1.13e-131	470	tax=d:Bacteria,p:Planctomycetes,c:Planctomycetia,o:Planctomycetales,f:Gemmataceae,g:PAC000083_g,s:PAC000083_s
ASV1585	85.777	457	50	14	1	452	256	702	1.13e-131	470	tax=d:Bacteria,p:Planctomycetes,c:Planctomycetia,o:Planctomycetales,f:Gemmataceae,g:Gemmata,s:FR667435_s
ASV1585	85.619	452	60	4	1	452	310	756	1.13e-131	470	tax=d:Bacteria,p:Planctomycetes,c:Planctomycetia,o:Planctomycetales,f:Gemmataceae,g:PAC000412_g,s:EU135267_s
ASV1585	85.872	453	51	8	1	452	312	752	1.13e-131	470	tax=d:Bacteria,p:Planctomycetes,c:Planctomycetia,o:Planctomycetales,f:Planctomycetaceae,g:PAC002504_g,s:AY375065_s
ASV1585	85.683	454	55	10	1	452	291	736	1.13e-131	470	tax=d:Bacteria,p:Planctomycetes,c:Planctomycetia,o:Planctomycetales,f:Gemmataceae,g:PAC000483_g,s:AM774203_s
ASV1585	85.526	456	57	8	1	452	319	769	4.06e-131	468	tax=d:Bacteria,p:Planctomycetes,c:Planctomycetia,o:Planctomycetales,f:Gemmataceae,g:PAC000017_g,s:PAC002610_s
ASV1585	85.398	452	65	1	1	452	310	760	4.06e-131	468	tax=d:Bacteria,p:Planctomycetes,c:Planctomycetia,o:Planctomycetales,f:Gemmataceae,g:PAC000017_g,s:PAC002227_s
ASV1585	85.430	453	63	3	1	452	309	759	4.06e-131	468	tax=d:Bacteria,p:Planctomycetes,c:Planctomycetia,o:Planctomycetales,f:Gemmataceae,g:PAC000715_g,s:PAC000715_s
ASV1585	85.495	455	59	7	1	452	311	761	4.06e-131	468	tax=d:Bacteria,p:Planctomycetes,c:Planctomycetia,o:Planctomycetales,f:Gemmataceae,g:PAC000017_g,s:JX133373_s
ASV1585	85.526	456	56	10	1	452	313	762	4.06e-131	468	tax=d:Bacteria,p:Planctomycetes,c:Planctomycetia,o:Planctomycetales,f:Gemmataceae,g:PAC000412_g,s:JN178061_s
ASV1585	85.495	455	59	7	1	452	306	756	4.06e-131	468	tax=d:Bacteria,p:Planctomycetes,c:Planctomycetia,o:Planctomycetales,f:Gemmataceae,g:PAC000017_g,s:JF833923_s
ASV1585	85.430	453	63	3	1	452	321	771	4.06e-131	468	tax=d:Bacteria,p:Planctomycetes,c:Planctomycetia,o:Planctomycetales,f:Gemmataceae,g:HQ190559_g,s:HQ190559_s
ASV1585	85.398	452	64	2	1	452	311	760	4.06e-131	468	tax=d:Bacteria,p:Planctomycetes,c:Planctomycetia,o:Planctomycetales,f:Gemmataceae,g:HQ119435_g,s:HQ119435_s
ASV1585	85.439	467	48	14	1	452	311	772	4.06e-131	468	tax=d:Bacteria,p:Planctomycetes,c:Planctomycetia,o:Planctomycetales,f:Planctomycetaceae,g:EU669616_g,s:HM187199_s
ASV1585	85.526	456	57	7	1	452	315	765	4.06e-131	468	tax=d:Bacteria,p:Planctomycetes,c:Planctomycetia,o:Planctomycetales,f:Gemmataceae,g:GU172185_g,s:GU172185_s
ASV1585	85.470	468	46	13	1	452	313	774	4.06e-131	468	tax=d:Bacteria,p:Planctomycetes,c:Planctomycetia,o:Planctomycetales,f:Planctomycetaceae,g:EU669616_g,s:EU135273_s
ASV1585	85.495	455	59	7	1	452	321	771	4.06e-131	468	tax=d:Bacteria,p:Planctomycetes,c:Planctomycetia,o:Planctomycetales,f:Gemmataceae,g:HQ190559_g,s:EU135238_s
ASV1585	85.495	455	59	6	1	452	311	761	4.06e-131	468	tax=d:Bacteria,p:Planctomycetes,c:Planctomycetia,o:Planctomycetales,f:Gemmataceae,g:AB179519_g,s:AY963411_s
ASV1585	85.498	462	52	13	1	452	306	762	4.06e-131	468	tax=d:Bacteria,p:Planctomycetes,c:Planctomycetia,o:Planctomycetales,f:Gemmataceae,g:AM749743_g,s:AM749743_s
ASV1585	85.495	455	56	10	1	452	312	759	1.46e-130	466	tax=d:Bacteria,p:Planctomycetes,c:Planctomycetia,o:Planctomycetales,f:Gemmataceae,g:PAC000412_g,s:PAC000412_s
ASV1585	85.526	456	55	11	1	452	287	735	1.46e-130	466	tax=d:Bacteria,p:Planctomycetes,c:Planctomycetia,o:Planctomycetales,f:Gemmataceae,g:Gemmata,s:JF167754_s
ASV1585	85.683	454	52	7	1	452	307	749	1.46e-130	466	tax=d:Bacteria,p:Planctomycetes,c:Planctomycetia,o:Planctomycetales,f:Planctomycetaceae,g:PAC002504_g,s:HQ697746_s
ASV1585	85.526	456	55	10	1	452	319	767	1.46e-130	466	tax=d:Bacteria,p:Planctomycetes,c:Planctomycetia,o:Planctomycetales,f:Gemmataceae,g:HQ121097_g,s:HQ121097_s
ASV1585	85.558	457	53	13	1	452	296	744	1.46e-130	466	tax=d:Bacteria,p:Planctomycetes,c:Planctomycetia,o:Planctomycetales,f:Gemmataceae,g:PAC000302_g,s:FM253565_s
ASV1585	85.495	455	55	10	1	452	311	757	5.25e-130	464	tax=d:Bacteria,p:Planctomycetes,c:Planctomycetia,o:Planctomycetales,f:Gemmataceae,g:PAC000017_g,s:PAC002121_s
ASV1585	85.495	455	55	10	1	452	311	757	5.25e-130	464	tax=d:Bacteria,p:Planctomycetes,c:Planctomycetia,o:Planctomycetales,f:Gemmataceae,g:PAC000017_g,s:PAC002098_s
ASV1585	85.526	456	53	11	1	452	319	765	5.25e-130	464	tax=d:Bacteria,p:Planctomycetes,c:Planctomycetia,o:Planctomycetales,f:Gemmataceae,g:PAC000017_g,s:PAC002033_s
ASV1585	85.403	459	54	12	1	452	321	773	5.25e-130	464	tax=d:Bacteria,p:Planctomycetes,c:Planctomycetia,o:Planctomycetales,f:Gemmataceae,g:PAC000017_g,s:PAC001895_s
ASV1585	85.463	454	57	9	1	452	292	738	5.25e-130	464	tax=d:Bacteria,p:Planctomycetes,c:Planctomycetia,o:Planctomycetales,f:Gemmataceae,g:PAC000017_g,s:JN825572_s
ASV1585	85.275	455	61	5	1	452	287	738	5.25e-130	464	tax=d:Bacteria,p:Planctomycetes,c:Planctomycetia,o:Planctomycetales,f:Gemmataceae,g:Gemmata,s:HQ119065_s
ASV1585	85.463	454	57	8	1	452	311	757	5.25e-130	464	tax=d:Bacteria,p:Planctomycetes,c:Planctomycetia,o:Planctomycetales,f:Gemmataceae,g:PAC000425_g,s:HQ118961_s
ASV1585	85.307	456	60	7	1	452	313	765	5.25e-130	464	tax=d:Bacteria,p:Planctomycetes,c:Planctomycetia,o:Planctomycetales,f:Gemmataceae,g:PAC000017_g,s:HM595378_s
ASV1585	85.307	456	59	8	1	452	308	759	5.25e-130	464	tax=d:Bacteria,p:Planctomycetes,c:Planctomycetia,o:Planctomycetales,f:Gemmataceae,g:PAC002023_g,s:HM187112_s
ASV1585	85.435	460	52	12	1	452	321	773	5.25e-130	464	tax=d:Bacteria,p:Planctomycetes,c:Planctomycetia,o:Planctomycetales,f:Gemmataceae,g:PAC000017_g,s:FJ405890_s
ASV1585	85.526	456	53	11	1	452	313	759	5.25e-130	464	tax=d:Bacteria,p:Planctomycetes,c:Planctomycetia,o:Planctomycetales,f:Gemmataceae,g:PAC000302_g,s:AY963357_s
ASV1585	85.307	456	58	9	1	452	313	763	1.89e-129	462	tax=d:Bacteria,p:Planctomycetes,c:Planctomycetia,o:Planctomycetales,f:Gemmataceae,g:PAC000017_g,s:PAC002416_s
ASV1585	85.275	455	60	7	1	452	320	770	1.89e-129	462	tax=d:Bacteria,p:Planctomycetes,c:Planctomycetia,o:Planctomycetales,f:Gemmataceae,g:PAC000017_g,s:PAC002024_s
ASV1585	85.242	454	62	5	1	452	283	733	1.89e-129	462	tax=d:Bacteria,p:Planctomycetes,c:Planctomycetia,o:Planctomycetales,f:Gemmataceae,g:Gemmata,s:JN825563_s
ASV1585	85.307	456	58	8	1	452	311	761	1.89e-129	462	tax=d:Bacteria,p:Planctomycetes,c:Planctomycetia,o:Planctomycetales,f:Gemmataceae,g:PAC000017_g,s:JF833869_s
ASV1585	85.495	455	53	9	1	452	317	761	1.89e-129	462	tax=d:Bacteria,p:Planctomycetes,c:Planctomycetia,o:Planctomycetales,f:Gemmataceae,g:EF580956_g,s:JF027933_s
ASV1585	85.256	468	47	16	1	452	312	773	1.89e-129	462	tax=d:Bacteria,p:Planctomycetes,c:Planctomycetia,o:Planctomycetales,f:Planctomycetaceae,g:EU669616_g,s:HM186575_s
ASV1585	85.210	453	64	3	1	452	313	763	1.89e-129	462	tax=d:Bacteria,p:Planctomycetes,c:Planctomycetia,o:Planctomycetales,f:Gemmataceae,g:PAC000302_g,s:FJ478962_s
ASV1585	85.307	456	58	8	1	452	286	736	1.89e-129	462	tax=d:Bacteria,p:Planctomycetes,c:Planctomycetia,o:Planctomycetales,f:Gemmataceae,g:Gemmata,s:EU135224_s
ASV1585	85.210	453	64	3	1	452	309	759	1.89e-129	462	tax=d:Bacteria,p:Planctomycetes,c:Planctomycetia,o:Planctomycetales,f:Gemmataceae,g:HQ120623_g,s:EU135127_s
ASV1585	85.275	455	60	7	1	452	311	761	1.89e-129	462	tax=d:Bacteria,p:Planctomycetes,c:Planctomycetia,o:Planctomycetales,f:Gemmataceae,g:PAC000017_g,s:EF494342_s
ASV1585	85.210	453	64	3	1	452	311	761	1.89e-129	462	tax=d:Bacteria,p:Planctomycetes,c:Planctomycetia,o:Planctomycetales,f:Gemmataceae,g:PAC000038_g,s:EF019180_s
ASV1585	85.307	456	56	10	1	452	311	759	6.79e-129	460	tax=d:Bacteria,p:Planctomycetes,c:Planctomycetia,o:Planctomycetales,f:Gemmataceae,g:PAC000017_g,s:PAC002093_s
ASV1585	85.242	454	60	7	1	452	313	761	6.79e-129	460	tax=d:Bacteria,p:Planctomycetes,c:Planctomycetia,o:Planctomycetales,f:Gemmataceae,g:PAC000083_g,s:PAC000644_s
ASV1585	85.242	454	60	7	1	452	313	761	6.79e-129	460	tax=d:Bacteria,p:Planctomycetes,c:Planctomycetia,o:Planctomycetales,f:Gemmataceae,g:PAC000302_g,s:JQ825218_s
ASV1585	85.177	452	64	3	1	452	312	760	6.79e-129	460	tax=d:Bacteria,p:Planctomycetes,c:Planctomycetia,o:Planctomycetales,f:Gemmataceae,g:JF123936_g,s:JF123936_s
ASV1585	85.242	454	60	7	1	452	313	761	6.79e-129	460	tax=d:Bacteria,p:Planctomycetes,c:Planctomycetia,o:Planctomycetales,f:Gemmataceae,g:PAC000302_g,s:JF086093_s
ASV1585	85.463	454	52	9	1	452	313	754	6.79e-129	460	tax=d:Bacteria,p:Planctomycetes,c:Planctomycetia,o:Planctomycetales,f:Gemmataceae,g:HQ121003_g,s:HQ121003_s
ASV1585	85.307	456	56	11	1	452	319	767	6.79e-129	460	tax=d:Bacteria,p:Planctomycetes,c:Planctomycetia,o:Planctomycetales,f:Gemmataceae,g:PAC000017_g,s:HM445419_s
ASV1585	85.249	461	53	11	1	452	278	732	6.79e-129	460	tax=d:Bacteria,p:Planctomycetes,c:Planctomycetia,o:Planctomycetales,f:Gemmataceae,g:PAC000017_g,s:EU044304_s
ASV1585	85.339	457	52	13	1	452	284	730	2.44e-128	459	tax=d:Bacteria,p:Planctomycetes,c:Planctomycetia,o:Planctomycetales,f:Gemmataceae,g:Gemmata,s:PAC000480_s
ASV1585	85.307	456	54	11	1	452	286	732	2.44e-128	459	tax=d:Bacteria,p:Planctomycetes,c:Planctomycetia,o:Planctomycetales,f:Gemmataceae,g:Gemmata,s:JN038591_s
ASV1585	85.055	455	62	5	1	452	310	761	2.44e-128	459	tax=d:Bacteria,p:Planctomycetes,c:Planctomycetia,o:Planctomycetales,f:Gemmataceae,g:GU172185_g,s:GU727722_s
ASV1585	85.275	455	56	10	1	452	307	753	2.44e-128	459	tax=d:Bacteria,p:Planctomycetes,c:Planctomycetia,o:Planctomycetales,f:Gemmataceae,g:PAC000412_g,s:EU135255_s
ASV1585	85.242	454	58	8	1	452	319	765	2.44e-128	459	tax=d:Bacteria,p:Planctomycetes,c:Planctomycetia,o:Planctomycetales,f:Gemmataceae,g:PAC000017_g,s:AY963397_s
ASV1585	85.088	456	60	7	1	452	275	726	2.44e-128	459	tax=d:Bacteria,p:Planctomycetes,c:Planctomycetia,o:Planctomycetales,f:Gemmataceae,g:PAC000715_g,s:AB486049_s
ASV1585	85.088	456	59	8	1	452	313	763	8.79e-128	457	tax=d:Bacteria,p:Planctomycetes,c:Planctomycetia,o:Planctomycetales,f:Gemmataceae,g:PAC000017_g,s:PAC001837_s
ASV1585	85.055	455	61	7	1	452	287	737	8.79e-128	457	tax=d:Bacteria,p:Planctomycetes,c:Planctomycetia,o:Planctomycetales,f:Gemmataceae,g:Gemmata,s:JN825568_s
ASV1585	85.055	455	61	7	1	452	313	763	8.79e-128	457	tax=d:Bacteria,p:Planctomycetes,c:Planctomycetia,o:Planctomycetales,f:Gemmataceae,g:PAC000302_g,s:JF922432_s
ASV1585	85.088	456	59	8	1	452	313	763	8.79e-128	457	tax=d:Bacteria,p:Planctomycetes,c:Planctomycetia,o:Planctomycetales,f:Gemmataceae,g:PAC000017_g,s:JF429067_s
ASV1585	85.153	458	55	12	1	452	290	740	8.79e-128	457	tax=d:Bacteria,p:Planctomycetes,c:Planctomycetia,o:Planctomycetales,f:Gemmataceae,g:Gemmata,s:HQ119272_s
ASV1585	85.088	456	59	8	1	452	260	710	8.79e-128	457	tax=d:Bacteria,p:Planctomycetes,c:Planctomycetia,o:Planctomycetales,f:Gemmataceae,g:Gemmata,s:GQ889431_s
ASV1585	85.055	455	60	8	1	452	313	762	8.79e-128	457	tax=d:Bacteria,p:Planctomycetes,c:Planctomycetia,o:Planctomycetales,f:Gemmataceae,g:PAC000017_g,s:EU881243_s
ASV1585	85.210	453	57	8	1	452	310	753	8.79e-128	457	tax=d:Bacteria,p:Planctomycetes,c:Planctomycetia,o:Planctomycetales,f:Gemmataceae,g:EF580956_g,s:EF580956_s
ASV1585	85.242	454	55	11	1	452	283	726	8.79e-128	457	tax=d:Bacteria,p:Planctomycetes,c:Planctomycetia,o:Planctomycetales,f:Gemmataceae,g:Gemmata,s:AF312220_s
ASV1585	85.242	454	54	8	1	452	310	752	3.16e-127	455	tax=d:Bacteria,p:Planctomycetes,c:Planctomycetia,o:Planctomycetales,f:Planctomycetaceae,g:PAC002504_g,s:HQ114122_s
ASV1585	84.934	458	59	10	1	452	318	771	3.16e-127	455	tax=d:Bacteria,p:Planctomycetes,c:Planctomycetia,o:Planctomycetales,f:Gemmataceae,g:PAC000083_g,s:HM558904_s
ASV1585	85.055	455	57	10	1	452	319	765	1.14e-126	453	tax=d:Bacteria,p:Planctomycetes,c:Planctomycetia,o:Planctomycetales,f:Gemmataceae,g:PAC002611_g,s:PAC002611_s
ASV1585	84.989	453	61	6	1	452	313	759	1.14e-126	453	tax=d:Bacteria,p:Planctomycetes,c:Planctomycetia,o:Planctomycetales,f:Gemmataceae,g:PAC002435_g,s:PAC002435_s
ASV1585	85.153	458	51	15	1	452	284	730	1.14e-126	453	tax=d:Bacteria,p:Planctomycetes,c:Planctomycetia,o:Planctomycetales,f:Gemmataceae,g:Gemmata,s:PAC000360_s
ASV1585	85.022	454	59	6	1	452	313	759	1.14e-126	453	tax=d:Bacteria,p:Planctomycetes,c:Planctomycetia,o:Planctomycetales,f:Gemmataceae,g:PAC000086_g,s:PAC000086_s
ASV1585	85.022	454	59	7	1	452	288	734	1.14e-126	453	tax=d:Bacteria,p:Planctomycetes,c:Planctomycetia,o:Planctomycetales,f:Gemmataceae,g:Fimbriiglobus,s:Fimbriiglobus ruber
ASV1585	84.956	452	63	4	1	452	313	759	1.14e-126	453	tax=d:Bacteria,p:Planctomycetes,c:Planctomycetia,o:Planctomycetales,f:Gemmataceae,g:JF175051_g,s:JF175051_s
ASV1585	85.022	454	59	8	1	452	319	765	1.14e-126	453	tax=d:Bacteria,p:Planctomycetes,c:Planctomycetia,o:Planctomycetales,f:Gemmataceae,g:EU669599_g,s:HM187203_s
ASV1585	84.835	455	64	5	1	452	309	761	1.14e-126	453	tax=d:Bacteria,p:Planctomycetes,c:Planctomycetia,o:Planctomycetales,f:Gemmataceae,g:PAC000017_g,s:HM187136_s
ASV1585	85.210	453	54	8	1	452	312	752	1.14e-126	453	tax=d:Bacteria,p:Planctomycetes,c:Planctomycetia,o:Planctomycetales,f:Planctomycetaceae,g:PAC002504_g,s:GU118191_s
ASV1585	85.022	454	59	9	1	452	303	749	1.14e-126	453	tax=d:Bacteria,p:Planctomycetes,c:Planctomycetia,o:Planctomycetales,f:Gemmataceae,g:Gemmata,s:GQ500794_s
ASV1585	85.120	457	53	12	1	452	283	729	1.14e-126	453	tax=d:Bacteria,p:Planctomycetes,c:Planctomycetia,o:Planctomycetales,f:Gemmataceae,g:Gemmata,s:GQ487924_s
ASV1585	84.956	452	63	4	1	452	312	758	1.14e-126	453	tax=d:Bacteria,p:Planctomycetes,c:Planctomycetia,o:Planctomycetales,f:Gemmataceae,g:PAC000412_g,s:EU135044_s
ASV1585	85.055	455	57	9	1	452	313	759	1.14e-126	453	tax=d:Bacteria,p:Planctomycetes,c:Planctomycetia,o:Planctomycetales,f:Gemmataceae,g:EF018875_g,s:EF018875_s
ASV1585	85.022	454	59	9	1	452	313	759	1.14e-126	453	tax=d:Bacteria,p:Planctomycetes,c:Planctomycetia,o:Planctomycetales,f:Gemmataceae,g:PAC000086_g,s:EF018393_s
ASV1585	84.956	452	63	4	1	452	312	758	1.14e-126	453	tax=d:Bacteria,p:Planctomycetes,c:Planctomycetia,o:Planctomycetales,f:Gemmataceae,g:PAC000038_g,s:DQ413082_s
ASV1585	84.683	457	61	9	1	452	317	769	1.14e-126	453	tax=d:Bacteria,p:Planctomycetes,c:Planctomycetia,o:Planctomycetales,f:Gemmataceae,g:PAC000302_g,s:AY326526_s
ASV1585	85.120	457	53	15	1	452	300	746	1.14e-126	453	tax=d:Bacteria,p:Planctomycetes,c:Planctomycetia,o:Planctomycetales,f:Gemmataceae,g:PAC002023_g,s:AF407717_s
ASV1585	84.902	457	59	10	1	452	285	736	1.14e-126	453	tax=d:Bacteria,p:Planctomycetes,c:Planctomycetia,o:Planctomycetales,f:Gemmataceae,g:Gemmata,s:AF121889_s
ASV1585	85.088	456	55	11	1	452	313	759	1.14e-126	453	tax=d:Bacteria,p:Planctomycetes,c:Planctomycetia,o:Planctomycetales,f:Gemmataceae,g:PAC000302_g,s:AB757748_s
ASV1585	85.022	454	59	8	1	452	313	759	1.14e-126	453	tax=d:Bacteria,p:Planctomycetes,c:Planctomycetia,o:Planctomycetales,f:Gemmataceae,g:PAC000302_g,s:AB672304_s
ASV1585	84.802	454	64	5	1	452	313	763	4.09e-126	451	tax=d:Bacteria,p:Planctomycetes,c:Planctomycetia,o:Planctomycetales,f:Gemmataceae,g:PAC000481_g,s:PAC000481_s
ASV1585	84.735	452	68	1	1	452	309	759	4.09e-126	451	tax=d:Bacteria,p:Planctomycetes,c:Planctomycetia,o:Planctomycetales,f:Gemmataceae,g:HQ114130_g,s:HQ114130_s
ASV1585	84.934	458	56	12	1	452	279	729	4.09e-126	451	tax=d:Bacteria,p:Planctomycetes,c:Planctomycetia,o:Planctomycetales,f:Gemmataceae,g:Gemmata,s:GQ889442_s
ASV1585	84.768	453	65	4	1	452	310	759	4.09e-126	451	tax=d:Bacteria,p:Planctomycetes,c:Planctomycetia,o:Planctomycetales,f:Gemmataceae,g:PAC002611_g,s:EU881289_s
ASV1585	84.802	454	64	5	1	452	313	763	4.09e-126	451	tax=d:Bacteria,p:Planctomycetes,c:Planctomycetia,o:Planctomycetales,f:Gemmataceae,g:EU335333_g,s:EU335333_s
ASV1585	84.802	454	62	7	1	452	313	761	1.47e-125	449	tax=d:Bacteria,p:Planctomycetes,c:Planctomycetia,o:Planctomycetales,f:Gemmataceae,g:PAC000083_g,s:PAC002095_s
ASV1585	84.768	453	64	5	1	452	319	767	1.47e-125	449	tax=d:Bacteria,p:Planctomycetes,c:Planctomycetia,o:Planctomycetales,f:Gemmataceae,g:PAC000017_g,s:PAC001974_s
ASV1585	84.749	459	58	11	1	452	289	742	1.47e-125	449	tax=d:Bacteria,p:Planctomycetes,c:Planctomycetia,o:Planctomycetales,f:Gemmataceae,g:Gemmata,s:JQ738788_s
ASV1585	84.868	456	58	10	1	452	286	734	1.47e-125	449	tax=d:Bacteria,p:Planctomycetes,c:Planctomycetia,o:Planctomycetales,f:Gemmataceae,g:Gemmata,s:JF176808_s
ASV1585	84.768	453	64	5	1	452	313	761	1.47e-125	449	tax=d:Bacteria,p:Planctomycetes,c:Planctomycetia,o:Planctomycetales,f:Gemmataceae,g:PAC000302_g,s:GQ500837_s
ASV1585	84.835	455	60	9	1	452	311	759	1.47e-125	449	tax=d:Bacteria,p:Planctomycetes,c:Planctomycetia,o:Planctomycetales,f:Gemmataceae,g:PAC000017_g,s:GQ402760_s
ASV1585	84.835	455	60	8	1	452	271	719	1.47e-125	449	tax=d:Bacteria,p:Planctomycetes,c:Planctomycetia,o:Planctomycetales,f:Gemmataceae,g:PAC000302_g,s:FJ824049_s
ASV1585	84.783	460	57	12	1	452	289	743	1.47e-125	449	tax=d:Bacteria,p:Planctomycetes,c:Planctomycetia,o:Planctomycetales,f:Gemmataceae,g:Gemmata,s:EU289496_s
ASV1585	84.768	453	64	5	1	452	318	766	1.47e-125	449	tax=d:Bacteria,p:Planctomycetes,c:Planctomycetia,o:Planctomycetales,f:Gemmataceae,g:EU344925_g,s:EU135171_s
ASV1585	84.802	454	61	7	1	452	273	720	1.47e-125	449	tax=d:Bacteria,p:Planctomycetes,c:Planctomycetia,o:Planctomycetales,f:Gemmataceae,g:EU044240_g,s:EU044240_s
ASV1585	84.902	457	54	11	1	452	319	765	5.29e-125	448	tax=d:Bacteria,p:Planctomycetes,c:Planctomycetia,o:Planctomycetales,f:Gemmataceae,g:PAC000017_g,s:PAC002415_s
ASV1585	84.868	456	56	11	1	452	319	765	5.29e-125	448	tax=d:Bacteria,p:Planctomycetes,c:Planctomycetia,o:Planctomycetales,f:Gemmataceae,g:PAC000083_g,s:PAC000304_s
ASV1585	84.868	456	56	10	1	452	286	732	5.29e-125	448	tax=d:Bacteria,p:Planctomycetes,c:Planctomycetia,o:Planctomycetales,f:Gemmataceae,g:Gemmata,s:PAC000172_s
ASV1585	84.768	453	62	6	1	452	311	757	5.29e-125	448	tax=d:Bacteria,p:Planctomycetes,c:Planctomycetia,o:Planctomycetales,f:Gemmataceae,g:PAC000038_g,s:JX406226_s
ASV1585	84.835	455	58	10	1	452	287	733	5.29e-125	448	tax=d:Bacteria,p:Planctomycetes,c:Planctomycetia,o:Planctomycetales,f:Gemmataceae,g:Gemmata,s:JX133495_s
ASV1585	84.902	457	54	14	1	452	286	732	5.29e-125	448	tax=d:Bacteria,p:Planctomycetes,c:Planctomycetia,o:Planctomycetales,f:Gemmataceae,g:Gemmata,s:GQ016493_s
ASV1585	84.835	455	58	9	1	452	313	759	5.29e-125	448	tax=d:Bacteria,p:Planctomycetes,c:Planctomycetia,o:Planctomycetales,f:Gemmataceae,g:PAC000017_g,s:FR687536_s
ASV1585	84.802	454	60	8	1	452	347	793	5.29e-125	448	tax=d:Bacteria,p:Planctomycetes,c:Planctomycetia,o:Planctomycetales,f:Gemmataceae,g:PAC000038_g,s:EU881105_s
ASV1585	84.802	454	60	6	1	452	318	764	5.29e-125	448	tax=d:Bacteria,p:Planctomycetes,c:Planctomycetia,o:Planctomycetales,f:Gemmataceae,g:PAC000038_g,s:EU135074_s
ASV1585	84.835	455	56	13	1	452	319	763	1.90e-124	446	tax=d:Bacteria,p:Planctomycetes,c:Planctomycetia,o:Planctomycetales,f:Gemmataceae,g:PAC000559_g,s:PAC000645_s
ASV1585	84.615	455	63	7	1	452	313	763	1.90e-124	446	tax=d:Bacteria,p:Planctomycetes,c:Planctomycetia,o:Planctomycetales,f:Gemmataceae,g:PAC000017_g,s:PAC000487_s
ASV1585	84.649	456	61	7	1	452	313	763	1.90e-124	446	tax=d:Bacteria,p:Planctomycetes,c:Planctomycetia,o:Planctomycetales,f:Gemmataceae,g:PAC000017_g,s:PAC000485_s
ASV1585	84.649	456	60	9	1	452	313	762	1.90e-124	446	tax=d:Bacteria,p:Planctomycetes,c:Planctomycetia,o:Planctomycetales,f:Gemmataceae,g:PAC000481_g,s:PAC000484_s
ASV1585	84.615	455	63	7	1	452	282	732	1.90e-124	446	tax=d:Bacteria,p:Planctomycetes,c:Planctomycetia,o:Planctomycetales,f:Gemmataceae,g:Gemmata,s:JF185859_s
ASV1585	84.615	468	51	18	1	452	312	774	1.90e-124	446	tax=d:Bacteria,p:Planctomycetes,c:Planctomycetia,o:Planctomycetales,f:Planctomycetaceae,g:EU669616_g,s:HM186403_s
ASV1585	84.549	466	55	12	1	452	323	785	1.90e-124	446	tax=d:Bacteria,p:Planctomycetes,c:Planctomycetia,o:Planctomycetales,f:Gemmataceae,g:EU135246_g,s:EU135246_s
ASV1585	84.615	455	63	7	1	452	313	763	1.90e-124	446	tax=d:Bacteria,p:Planctomycetes,c:Planctomycetia,o:Planctomycetales,f:Gemmataceae,g:EU135163_g,s:EU135163_s
ASV1585	84.749	459	55	15	1	452	286	736	1.90e-124	446	tax=d:Bacteria,p:Planctomycetes,c:Planctomycetia,o:Planctomycetales,f:Gemmataceae,g:Gemmata,s:EF580983_s
ASV1585	84.581	454	65	5	1	452	313	763	1.90e-124	446	tax=d:Bacteria,p:Planctomycetes,c:Planctomycetia,o:Planctomycetales,f:Gemmataceae,g:EU335333_g,s:AB630872_s
ASV1585	84.547	453	65	5	1	452	318	766	6.84e-124	444	tax=d:Bacteria,p:Planctomycetes,c:Planctomycetia,o:Planctomycetales,f:Gemmataceae,g:PAC000017_g,s:JX133452_s
ASV1585	84.835	455	53	11	1	452	313	754	6.84e-124	444	tax=d:Bacteria,p:Planctomycetes,c:Planctomycetia,o:Planctomycetales,f:Planctomycetaceae,g:PAC002504_g,s:HQ673088_s
ASV1585	84.547	453	65	5	1	452	289	737	6.84e-124	444	tax=d:Bacteria,p:Planctomycetes,c:Planctomycetia,o:Planctomycetales,f:Gemmataceae,g:Gemmata,s:GQ016370_s
ASV1585	84.716	458	55	12	1	452	309	757	6.84e-124	444	tax=d:Bacteria,p:Planctomycetes,c:Planctomycetia,o:Planctomycetales,f:Gemmataceae,g:PAC002611_g,s:EU135211_s
ASV1585	84.649	456	59	10	1	452	312	760	6.84e-124	444	tax=d:Bacteria,p:Planctomycetes,c:Planctomycetia,o:Planctomycetales,f:Gemmataceae,g:PAC000302_g,s:EU135159_s
ASV1585	84.581	454	63	7	1	452	320	768	6.84e-124	444	tax=d:Bacteria,p:Planctomycetes,c:Planctomycetia,o:Planctomycetales,f:Gemmataceae,g:EU669599_g,s:EU135086_s
ASV1585	84.581	454	61	9	1	452	286	732	2.46e-123	442	tax=d:Bacteria,p:Planctomycetes,c:Planctomycetia,o:Planctomycetales,f:Gemmataceae,g:Fimbriiglobus,s:PAC001331_s
ASV1585	84.649	456	57	12	1	452	349	795	2.46e-123	442	tax=d:Bacteria,p:Planctomycetes,c:Planctomycetia,o:Planctomycetales,f:Gemmataceae,g:FJ479427_g,s:JQ769724_s
ASV1585	84.683	457	55	13	1	452	288	734	2.46e-123	442	tax=d:Bacteria,p:Planctomycetes,c:Planctomycetia,o:Planctomycetales,f:Gemmataceae,g:Gemmata,s:GU454961_s
ASV1585	84.683	457	55	14	1	452	294	740	2.46e-123	442	tax=d:Bacteria,p:Planctomycetes,c:Planctomycetia,o:Planctomycetales,f:Gemmataceae,g:EU669599_g,s:GU208295_s
ASV1585	84.581	454	61	9	1	452	319	765	2.46e-123	442	tax=d:Bacteria,p:Planctomycetes,c:Planctomycetia,o:Planctomycetales,f:Gemmataceae,g:PAC000483_g,s:GU172177_s
ASV1585	84.581	454	61	8	1	452	319	765	2.46e-123	442	tax=d:Bacteria,p:Planctomycetes,c:Planctomycetia,o:Planctomycetales,f:Gemmataceae,g:PAC000151_g,s:GQ402825_s
ASV1585	84.615	455	59	10	1	452	286	732	2.46e-123	442	tax=d:Bacteria,p:Planctomycetes,c:Planctomycetia,o:Planctomycetales,f:Gemmataceae,g:Gemmata,s:FJ810568_s
ASV1585	84.683	457	55	13	1	452	313	759	2.46e-123	442	tax=d:Bacteria,p:Planctomycetes,c:Planctomycetia,o:Planctomycetales,f:Gemmataceae,g:FJ479411_g,s:FJ479411_s
ASV1585	84.749	459	51	17	1	452	273	719	2.46e-123	442	tax=d:Bacteria,p:Planctomycetes,c:Planctomycetia,o:Planctomycetales,f:Planctomycetaceae,g:GQ488008_g,s:AM902622_s
ASV1585	84.532	459	57	13	1	452	289	740	2.46e-123	442	tax=d:Bacteria,p:Planctomycetes,c:Planctomycetia,o:Planctomycetales,f:Gemmataceae,g:Gemmata,s:AF407691_s
ASV1585	84.396	455	64	7	1	452	317	767	8.85e-123	440	tax=d:Bacteria,p:Planctomycetes,c:Planctomycetia,o:Planctomycetales,f:Gemmataceae,g:PAC000017_g,s:PAC002345_s
ASV1585	84.430	456	62	8	1	452	313	763	8.85e-123	440	tax=d:Bacteria,p:Planctomycetes,c:Planctomycetia,o:Planctomycetales,f:Gemmataceae,g:PAC000412_g,s:PAC002229_s
ASV1585	84.368	467	53	14	1	452	309	770	8.85e-123	440	tax=d:Bacteria,p:Planctomycetes,c:Planctomycetia,o:Planctomycetales,f:Planctomycetaceae,g:EU669616_g,s:HM187384_s
ASV1585	84.581	454	59	8	1	452	267	711	8.85e-123	440	tax=d:Bacteria,p:Planctomycetes,c:Planctomycetia,o:Planctomycetales,f:Gemmataceae,g:Gemmata,s:GQ356129_s
ASV1585	84.301	465	57	15	1	452	316	777	8.85e-123	440	tax=d:Bacteria,p:Planctomycetes,c:Planctomycetia,o:Planctomycetales,f:Planctomycetaceae,g:EU669616_g,s:GQ246365_s
ASV1585	84.327	453	68	3	1	452	311	761	8.85e-123	440	tax=d:Bacteria,p:Planctomycetes,c:Planctomycetia,o:Planctomycetales,f:Gemmataceae,g:EU135163_g,s:FJ479162_s
ASV1585	84.565	460	54	15	1	452	313	763	8.85e-123	440	tax=d:Bacteria,p:Planctomycetes,c:Planctomycetia,o:Planctomycetales,f:Gemmataceae,g:PAC000083_g,s:EU861824_s
ASV1585	84.396	455	64	7	1	452	280	730	8.85e-123	440	tax=d:Bacteria,p:Planctomycetes,c:Planctomycetia,o:Planctomycetales,f:Gemmataceae,g:PAC000086_g,s:EU043973_s
ASV1585	84.430	456	62	9	1	452	313	763	8.85e-123	440	tax=d:Bacteria,p:Planctomycetes,c:Planctomycetia,o:Planctomycetales,f:Gemmataceae,g:PAC000017_g,s:AF465657_s
ASV1585	84.430	456	59	11	1	452	313	760	3.18e-122	438	tax=d:Bacteria,p:Planctomycetes,c:Planctomycetia,o:Planctomycetales,f:Gemmataceae,g:JN860407_g,s:JN869039_s
ASV1585	84.547	453	58	7	1	452	313	754	3.18e-122	438	tax=d:Bacteria,p:Planctomycetes,c:Planctomycetia,o:Planctomycetales,f:Planctomycetaceae,g:PAC002504_g,s:JN860364_s
ASV1585	84.292	452	68	3	1	452	286	734	3.18e-122	438	tax=d:Bacteria,p:Planctomycetes,c:Planctomycetia,o:Planctomycetales,f:Gemmataceae,g:Gemmata,s:JN825569_s
ASV1585	84.464	457	58	12	1	452	309	757	3.18e-122	438	tax=d:Bacteria,p:Planctomycetes,c:Planctomycetia,o:Planctomycetales,f:Gemmataceae,g:PAC000302_g,s:JF016543_s
ASV1585	84.396	455	62	7	1	452	319	767	3.18e-122	438	tax=d:Bacteria,p:Planctomycetes,c:Planctomycetia,o:Planctomycetales,f:Gemmataceae,g:EU344925_g,s:DQ499325_s
ASV1585	84.430	456	60	11	1	452	268	716	3.18e-122	438	tax=d:Bacteria,p:Planctomycetes,c:Planctomycetia,o:Planctomycetales,f:Gemmataceae,g:Gemmata,s:AM902596_s
ASV1585	84.314	459	58	13	1	452	303	754	1.14e-121	436	tax=d:Bacteria,p:Planctomycetes,c:Planctomycetia,o:Planctomycetales,f:Gemmataceae,g:Gemmata,s:HQ119090_s
ASV1585	84.245	457	63	8	1	452	316	768	1.14e-121	436	tax=d:Bacteria,p:Planctomycetes,c:Planctomycetia,o:Planctomycetales,f:Gemmataceae,g:EU344925_g,s:HM186663_s
ASV1585	84.314	459	59	12	1	452	319	771	1.14e-121	436	tax=d:Bacteria,p:Planctomycetes,c:Planctomycetia,o:Planctomycetales,f:Gemmataceae,g:FJ479427_g,s:HM186648_s
ASV1585	84.211	456	64	7	1	452	305	756	1.14e-121	436	tax=d:Bacteria,p:Planctomycetes,c:Planctomycetia,o:Planctomycetales,f:Gemmataceae,g:Gemmata,s:HM186489_s
ASV1585	84.327	453	64	6	1	452	311	757	1.14e-121	436	tax=d:Bacteria,p:Planctomycetes,c:Planctomycetia,o:Planctomycetales,f:Gemmataceae,g:PAC000038_g,s:EU881267_s
ASV1585	84.396	455	60	8	1	452	320	766	1.14e-121	436	tax=d:Bacteria,p:Planctomycetes,c:Planctomycetia,o:Planctomycetales,f:Gemmataceae,g:EU669599_g,s:EU669599_s
ASV1585	84.361	454	62	9	1	452	283	729	1.14e-121	436	tax=d:Bacteria,p:Planctomycetes,c:Planctomycetia,o:Planctomycetales,f:Gemmataceae,g:Gemmata,s:EU283557_s
ASV1585	84.245	457	62	9	1	452	320	771	1.14e-121	436	tax=d:Bacteria,p:Planctomycetes,c:Planctomycetia,o:Planctomycetales,f:Gemmataceae,g:EU669599_g,s:EU135122_s
ASV1585	84.327	453	64	6	1	452	317	763	1.14e-121	436	tax=d:Bacteria,p:Planctomycetes,c:Planctomycetia,o:Planctomycetales,f:Gemmataceae,g:PAC000038_g,s:EU135101_s
ASV1585	84.327	453	64	6	1	452	283	729	1.14e-121	436	tax=d:Bacteria,p:Planctomycetes,c:Planctomycetia,o:Planctomycetales,f:Gemmataceae,g:EU043957_g,s:EU043957_s
ASV1585	84.430	456	58	12	1	452	289	735	1.14e-121	436	tax=d:Bacteria,p:Planctomycetes,c:Planctomycetia,o:Planctomycetales,f:Gemmataceae,g:Gemmata,s:DQ532212_s
ASV1585	84.165	461	59	13	1	452	286	741	4.12e-121	435	tax=d:Bacteria,p:Planctomycetes,c:Planctomycetia,o:Planctomycetales,f:Gemmataceae,g:Gemmata,s:JQ978938_s
ASV1585	84.165	461	59	13	1	452	313	768	4.12e-121	435	tax=d:Bacteria,p:Planctomycetes,c:Planctomycetia,o:Planctomycetales,f:Gemmataceae,g:PAC000302_g,s:HM559033_s
ASV1585	84.176	455	65	5	1	452	320	770	4.12e-121	435	tax=d:Bacteria,p:Planctomycetes,c:Planctomycetia,o:Planctomycetales,f:Gemmataceae,g:PAC000017_g,s:FJ479310_s
ASV1585	84.141	454	67	5	1	452	288	738	4.12e-121	435	tax=d:Bacteria,p:Planctomycetes,c:Planctomycetia,o:Planctomycetales,f:Gemmataceae,g:PAC002435_g,s:EU044249_s
ASV1585	84.120	466	56	14	1	452	305	766	4.12e-121	435	tax=d:Bacteria,p:Planctomycetes,c:Planctomycetia,o:Planctomycetales,f:Planctomycetaceae,g:Planctopirus,s:CU927823_s
ASV1585	84.141	454	65	7	1	452	313	761	1.48e-120	433	tax=d:Bacteria,p:Planctomycetes,c:Planctomycetia,o:Planctomycetales,f:Gemmataceae,g:PAC000302_g,s:PAC000358_s
ASV1585	84.211	456	61	11	1	452	311	759	1.48e-120	433	tax=d:Bacteria,p:Planctomycetes,c:Planctomycetia,o:Planctomycetales,f:Gemmataceae,g:PAC000017_g,s:JQ624948_s
ASV1585	84.211	456	61	10	1	452	286	734	1.48e-120	433	tax=d:Bacteria,p:Planctomycetes,c:Planctomycetia,o:Planctomycetales,f:Gemmataceae,g:Gemmata,s:GQ402611_s
ASV1585	84.211	456	60	10	1	452	312	759	1.48e-120	433	tax=d:Bacteria,p:Planctomycetes,c:Planctomycetia,o:Planctomycetales,f:Gemmataceae,g:PAC000412_g,s:FJ625346_s
ASV1585	84.141	454	65	7	1	452	290	738	1.48e-120	433	tax=d:Bacteria,p:Planctomycetes,c:Planctomycetia,o:Planctomycetales,f:Gemmataceae,g:AM902623_g,s:AM902623_s
ASV1585	84.176	455	61	10	1	452	307	753	5.32e-120	431	tax=d:Bacteria,p:Planctomycetes,c:Planctomycetia,o:Planctomycetales,f:Gemmataceae,g:PAC002023_g,s:PAC002023_s
ASV1585	84.382	461	49	20	1	452	259	705	5.32e-120	431	tax=d:Bacteria,p:Planctomycetes,c:Planctomycetia,o:Planctomycetales,f:Gemmataceae,g:Gemmata,s:JN825567_s
ASV1585	84.106	453	65	7	1	452	349	795	5.32e-120	431	tax=d:Bacteria,p:Planctomycetes,c:Planctomycetia,o:Planctomycetales,f:Gemmataceae,g:GQ261307_g,s:GQ261307_s
ASV1585	84.176	455	61	10	1	452	318	764	5.32e-120	431	tax=d:Bacteria,p:Planctomycetes,c:Planctomycetia,o:Planctomycetales,f:Gemmataceae,g:PAC000038_g,s:GQ093878_s
ASV1585	84.211	456	59	12	1	452	318	764	5.32e-120	431	tax=d:Bacteria,p:Planctomycetes,c:Planctomycetia,o:Planctomycetales,f:Gemmataceae,g:PAC002335_g,s:EU881099_s
ASV1585	84.176	455	61	10	1	452	317	763	5.32e-120	431	tax=d:Bacteria,p:Planctomycetes,c:Planctomycetia,o:Planctomycetales,f:Gemmataceae,g:PAC000017_g,s:EU374001_s
ASV1585	84.071	452	67	4	1	452	318	764	5.32e-120	431	tax=d:Bacteria,p:Planctomycetes,c:Planctomycetia,o:Planctomycetales,f:Gemmataceae,g:PAC000038_g,s:EU135177_s
ASV1585	84.071	452	67	3	1	452	311	757	5.32e-120	431	tax=d:Bacteria,p:Planctomycetes,c:Planctomycetia,o:Planctomycetales,f:Gemmataceae,g:PAC000017_g,s:EU135154_s
ASV1585	84.141	454	63	7	1	452	320	766	5.32e-120	431	tax=d:Bacteria,p:Planctomycetes,c:Planctomycetia,o:Planctomycetales,f:Gemmataceae,g:EU669599_g,s:EF492919_s
ASV1585	84.211	456	59	13	1	452	296	742	5.32e-120	431	tax=d:Bacteria,p:Planctomycetes,c:Planctomycetia,o:Planctomycetales,f:Gemmataceae,g:EF019625_g,s:EF019625_s
ASV1585	84.106	453	63	5	1	452	319	763	1.92e-119	429	tax=d:Bacteria,p:Planctomycetes,c:Planctomycetia,o:Planctomycetales,f:Gemmataceae,g:JN868920_g,s:JN868920_s
ASV1585	84.026	457	59	13	1	452	313	760	1.92e-119	429	tax=d:Bacteria,p:Planctomycetes,c:Planctomycetia,o:Planctomycetales,f:Gemmataceae,g:PAC000302_g,s:JF189045_s
ASV1585	84.176	455	59	9	1	452	281	725	1.92e-119	429	tax=d:Bacteria,p:Planctomycetes,c:Planctomycetia,o:Planctomycetales,f:Gemmataceae,g:Gemmata,s:HQ157214_s
ASV1585	84.211	456	57	12	1	452	303	747	1.92e-119	429	tax=d:Bacteria,p:Planctomycetes,c:Planctomycetia,o:Planctomycetales,f:Gemmataceae,g:Gemmata,s:GU437467_s
ASV1585	84.314	459	50	15	1	452	308	751	1.92e-119	429	tax=d:Bacteria,p:Planctomycetes,c:Planctomycetia,o:Planctomycetales,f:Planctomycetaceae,g:PAC002504_g,s:FJ444641_s
ASV1585	84.026	457	62	9	1	452	318	768	1.92e-119	429	tax=d:Bacteria,p:Planctomycetes,c:Planctomycetia,o:Planctomycetales,f:Gemmataceae,g:FJ479427_g,s:EU881150_s
ASV1585	83.878	459	62	12	1	452	303	756	6.89e-119	427	tax=d:Bacteria,p:Planctomycetes,c:Planctomycetia,o:Planctomycetales,f:Gemmataceae,g:PAC002226_g,s:JX133298_s
ASV1585	83.885	453	66	6	1	452	311	757	2.48e-118	425	tax=d:Bacteria,p:Planctomycetes,c:Planctomycetia,o:Planctomycetales,f:Gemmataceae,g:PAC000038_g,s:PAC000411_s
ASV1585	83.921	454	64	7	1	452	313	759	2.48e-118	425	tax=d:Bacteria,p:Planctomycetes,c:Planctomycetia,o:Planctomycetales,f:Gemmataceae,g:PAC000038_g,s:PAC000038_s
ASV1585	83.878	459	61	11	1	452	311	763	2.48e-118	425	tax=d:Bacteria,p:Planctomycetes,c:Planctomycetia,o:Planctomycetales,f:Gemmataceae,g:EU135163_g,s:JX133456_s
ASV1585	83.991	456	60	12	1	452	305	751	2.48e-118	425	tax=d:Bacteria,p:Planctomycetes,c:Planctomycetia,o:Planctomycetales,f:Gemmataceae,g:PAC002023_g,s:JQ923548_s
ASV1585	83.878	459	61	11	1	452	311	763	2.48e-118	425	tax=d:Bacteria,p:Planctomycetes,c:Planctomycetia,o:Planctomycetales,f:Gemmataceae,g:EU135163_g,s:JQ738899_s
ASV1585	84.026	457	58	15	1	452	286	732	2.48e-118	425	tax=d:Bacteria,p:Planctomycetes,c:Planctomycetia,o:Planctomycetales,f:Gemmataceae,g:Gemmata,s:HQ120419_s
ASV1585	83.921	454	63	8	1	452	313	758	2.48e-118	425	tax=d:Bacteria,p:Planctomycetes,c:Planctomycetia,o:Planctomycetales,f:Gemmataceae,g:PAC000302_g,s:HQ119021_s
ASV1585	83.772	456	67	6	1	452	320	772	2.48e-118	425	tax=d:Bacteria,p:Planctomycetes,c:Planctomycetia,o:Planctomycetales,f:Gemmataceae,g:FJ479427_g,s:FJ479427_s
ASV1585	83.956	455	60	10	1	452	311	755	8.91e-118	424	tax=d:Bacteria,p:Planctomycetes,c:Planctomycetia,o:Planctomycetales,f:Gemmataceae,g:JF500994_g,s:JF500994_s
ASV1585	83.772	456	65	9	1	452	297	747	8.91e-118	424	tax=d:Bacteria,p:Planctomycetes,c:Planctomycetia,o:Planctomycetales,f:Gemmataceae,g:Gemmata,s:GQ116231_s
ASV1585	83.807	457	63	11	1	452	286	736	8.91e-118	424	tax=d:Bacteria,p:Planctomycetes,c:Planctomycetia,o:Planctomycetales,f:Gemmataceae,g:Gemmata,s:EU861911_s
ASV1585	83.480	454	69	5	1	452	319	768	8.91e-118	424	tax=d:Bacteria,p:Planctomycetes,c:Planctomycetia,o:Planctomycetales,f:Gemmataceae,g:PAC000483_g,s:DQ450804_s
ASV1585	83.700	454	69	5	1	452	319	769	8.91e-118	424	tax=d:Bacteria,p:Planctomycetes,c:Planctomycetia,o:Planctomycetales,f:Gemmataceae,g:PAC000017_g,s:AY921762_s
ASV1585	83.921	454	62	9	1	452	313	757	8.91e-118	424	tax=d:Bacteria,p:Planctomycetes,c:Planctomycetia,o:Planctomycetales,f:Gemmataceae,g:PAC000302_g,s:AB630878_s
ASV1585	83.700	454	67	7	1	452	285	733	3.20e-117	422	tax=d:Bacteria,p:Planctomycetes,c:Planctomycetia,o:Planctomycetales,f:Gemmataceae,g:Gemmata,s:CP011271_s
ASV1585	83.736	455	65	9	1	452	311	759	3.20e-117	422	tax=d:Bacteria,p:Planctomycetes,c:Planctomycetia,o:Planctomycetales,f:Gemmataceae,g:AM902603_g,s:AM902603_s
ASV1585	83.772	456	61	10	1	452	319	765	1.15e-116	420	tax=d:Bacteria,p:Planctomycetes,c:Planctomycetia,o:Planctomycetales,f:Gemmataceae,g:PAC000559_g,s:PAC000559_s
ASV1585	83.652	471	52	17	1	452	314	778	1.15e-116	420	tax=d:Bacteria,p:Planctomycetes,c:Planctomycetia,o:Planctomycetales,f:Planctomycetaceae,g:EU669616_g,s:JN881593_s
ASV1585	83.736	455	63	9	1	452	294	740	1.15e-116	420	tax=d:Bacteria,p:Planctomycetes,c:Planctomycetia,o:Planctomycetales,f:Gemmataceae,g:PAC000412_g,s:AM902599_s
ASV1585	83.772	456	59	12	1	452	286	730	4.15e-116	418	tax=d:Bacteria,p:Planctomycetes,c:Planctomycetia,o:Planctomycetales,f:Gemmataceae,g:Gemmata,s:FJ623353_s
ASV1585	83.405	464	63	12	1	452	313	774	4.15e-116	418	tax=d:Bacteria,p:Planctomycetes,c:Planctomycetia,o:Planctomycetales,f:Planctomycetaceae,g:EU669616_g,s:AY555789_s
ASV1585	83.553	456	64	11	1	452	286	734	1.49e-115	416	tax=d:Bacteria,p:Planctomycetes,c:Planctomycetia,o:Planctomycetales,f:Gemmataceae,g:Gemmata,s:PAC002225_s
ASV1585	83.553	456	64	11	1	452	283	731	1.49e-115	416	tax=d:Bacteria,p:Planctomycetes,c:Planctomycetia,o:Planctomycetales,f:Gemmataceae,g:Gemmata,s:PAC000641_s
ASV1585	83.516	455	66	8	1	452	286	734	1.49e-115	416	tax=d:Bacteria,p:Planctomycetes,c:Planctomycetia,o:Planctomycetales,f:Gemmataceae,g:Gemmata,s:PAC000413_s
ASV1585	83.516	455	66	9	1	452	282	730	1.49e-115	416	tax=d:Bacteria,p:Planctomycetes,c:Planctomycetia,o:Planctomycetales,f:Gemmataceae,g:Gemmata,s:FM873515_s
ASV1585	83.772	456	54	12	1	452	303	742	5.36e-115	414	tax=d:Bacteria,p:Planctomycetes,c:Planctomycetia,o:Planctomycetales,f:Gemmataceae,g:Gemmata,s:JN825566_s
ASV1585	83.660	459	56	17	1	452	291	737	5.36e-115	414	tax=d:Bacteria,p:Planctomycetes,c:Planctomycetia,o:Planctomycetales,f:Planctomycetaceae,g:GQ488008_g,s:FJ660498_s
ASV1585	83.516	455	64	11	1	452	311	757	5.36e-115	414	tax=d:Bacteria,p:Planctomycetes,c:Planctomycetia,o:Planctomycetales,f:Gemmataceae,g:EU234279_g,s:EU234279_s
ASV1585	83.624	458	58	15	1	452	290	736	5.36e-115	414	tax=d:Bacteria,p:Planctomycetes,c:Planctomycetia,o:Planctomycetales,f:Planctomycetaceae,g:PAC000075_g,s:AM902615_s
ASV1585	83.333	456	67	9	1	452	286	736	1.93e-114	412	tax=d:Bacteria,p:Planctomycetes,c:Planctomycetia,o:Planctomycetales,f:Gemmataceae,g:Gemmata,s:HQ592603_s
ASV1585	83.297	455	68	8	1	452	308	757	1.93e-114	412	tax=d:Bacteria,p:Planctomycetes,c:Planctomycetia,o:Planctomycetales,f:Gemmataceae,g:PAC002023_g,s:HM186661_s
ASV1585	83.772	456	53	19	1	452	309	747	1.93e-114	412	tax=d:Bacteria,p:Planctomycetes,c:Planctomycetia,o:Planctomycetales,f:Gemmataceae,g:GU119051_g,s:GU119051_s
ASV1585	83.262	466	60	12	1	452	306	767	1.93e-114	412	tax=d:Bacteria,p:Planctomycetes,c:Planctomycetia,o:Planctomycetales,f:Planctomycetaceae,g:Planctopirus,s:FJ542858_s
ASV1585	83.262	466	60	15	1	452	311	772	1.93e-114	412	tax=d:Bacteria,p:Planctomycetes,c:Planctomycetia,o:Planctomycetales,f:Planctomycetaceae,g:EU669616_g,s:EU669616_s
ASV1585	83.370	457	65	9	1	452	305	755	1.93e-114	412	tax=d:Bacteria,p:Planctomycetes,c:Planctomycetia,o:Planctomycetales,f:Gemmataceae,g:PAC002023_g,s:EU135292_s
ASV1585	83.333	468	56	19	1	452	306	767	1.93e-114	412	tax=d:Bacteria,p:Planctomycetes,c:Planctomycetia,o:Planctomycetales,f:Planctomycetaceae,g:EU669616_g,s:EU135275_s
ASV1585	83.480	454	64	8	1	452	303	747	1.93e-114	412	tax=d:Bacteria,p:Planctomycetes,c:Planctomycetia,o:Planctomycetales,f:Gemmataceae,g:Gemmata,s:AB630616_s
ASV1585	83.297	455	67	9	1	452	286	734	6.94e-114	411	tax=d:Bacteria,p:Planctomycetes,c:Planctomycetia,o:Planctomycetales,f:Gemmataceae,g:Gemmata,s:EU662598_s
ASV1585	83.442	459	56	18	1	452	286	731	2.50e-113	409	tax=d:Bacteria,p:Planctomycetes,c:Planctomycetia,o:Planctomycetales,f:Gemmataceae,g:Gemmata,s:GU305817_s
ASV1585	83.553	456	55	15	1	452	312	751	2.50e-113	409	tax=d:Bacteria,p:Planctomycetes,c:Planctomycetia,o:Planctomycetales,f:Gemmataceae,g:PAC000302_g,s:EU135176_s
ASV1585	83.151	457	66	11	1	452	307	757	8.97e-113	407	tax=d:Bacteria,p:Planctomycetes,c:Planctomycetia,o:Planctomycetales,f:Gemmataceae,g:PAC002023_g,s:HM187229_s
ASV1585	83.114	456	68	8	1	452	313	763	8.97e-113	407	tax=d:Bacteria,p:Planctomycetes,c:Planctomycetia,o:Planctomycetales,f:Gemmataceae,g:PAC000017_g,s:EU335249_s
ASV1585	83.047	466	61	13	1	452	318	779	8.97e-113	407	tax=d:Bacteria,p:Planctomycetes,c:Planctomycetia,o:Planctomycetales,f:Gemmataceae,g:EU135219_g,s:EU135219_s
ASV1585	83.114	456	68	9	1	452	288	738	8.97e-113	407	tax=d:Bacteria,p:Planctomycetes,c:Planctomycetia,o:Planctomycetales,f:Gemmataceae,g:Gemmata,s:AB630880_s
ASV1585	83.444	453	58	16	1	452	288	724	3.23e-112	405	tax=d:Bacteria,p:Planctomycetes,c:Planctomycetia,o:Planctomycetales,f:Gemmataceae,g:PAC000083_g,s:EU044095_s
ASV1585	83.114	456	66	11	1	452	290	738	3.23e-112	405	tax=d:Bacteria,p:Planctomycetes,c:Planctomycetia,o:Planctomycetales,f:Planctomycetaceae,g:AB630617_g,s:AB630617_s
ASV1585	83.077	455	66	11	1	452	308	754	1.16e-111	403	tax=d:Bacteria,p:Planctomycetes,c:Planctomycetia,o:Planctomycetales,f:Planctomycetaceae,g:Planctomicrobium,s:HF558609_s
ASV1585	83.261	460	56	17	1	452	293	739	1.16e-111	403	tax=d:Bacteria,p:Planctomycetes,c:Planctomycetia,o:Planctomycetales,f:Planctomycetaceae,g:Planctomicrobium,s:GQ487907_s
ASV1585	83.007	459	65	12	1	452	301	753	1.16e-111	403	tax=d:Bacteria,p:Planctomycetes,c:Planctomycetia,o:Planctomycetales,f:Gemmataceae,g:PAC002226_g,s:DQ404706_s
ASV1585	83.040	454	66	8	1	452	298	742	1.16e-111	403	tax=d:Bacteria,p:Planctomycetes,c:Planctomycetia,o:Planctomycetales,f:Gemmataceae,g:Gemmata,s:AY168744_s
ASV1585	83.002	453	70	7	1	452	283	729	1.16e-111	403	tax=d:Bacteria,p:Planctomycetes,c:Planctomycetia,o:Planctomycetales,f:Gemmataceae,g:Gemmata,s:AB757746_s
ASV1585	82.869	467	60	16	1	452	306	767	4.18e-111	401	tax=d:Bacteria,p:Planctomycetes,c:Planctomycetia,o:Planctomycetales,f:Planctomycetaceae,g:GQ263992_g,s:JQ684262_s
ASV1585	82.759	464	66	12	1	452	307	768	4.18e-111	401	tax=d:Bacteria,p:Planctomycetes,c:Planctomycetia,o:Planctomycetales,f:Planctomycetaceae,g:EU669616_g,s:HM187276_s
ASV1585	82.833	466	62	15	1	452	311	772	4.18e-111	401	tax=d:Bacteria,p:Planctomycetes,c:Planctomycetia,o:Planctomycetales,f:Planctomycetaceae,g:EU669616_g,s:FJ755772_s
ASV1585	83.077	455	63	11	1	452	313	756	4.18e-111	401	tax=d:Bacteria,p:Planctomycetes,c:Planctomycetia,o:Planctomycetales,f:Gemmataceae,g:EU135106_g,s:EU135106_s
ASV1585	82.857	455	71	7	1	452	282	732	4.18e-111	401	tax=d:Bacteria,p:Planctomycetes,c:Planctomycetia,o:Planctomycetales,f:Gemmataceae,g:AY963421_g,s:EU043877_s
ASV1585	82.743	452	77	1	1	452	309	759	4.18e-111	401	tax=d:Bacteria,p:Planctomycetes,c:Planctomycetia,o:Planctomycetales,f:Gemmataceae,g:AY963421_g,s:AY963421_s
ASV1585	82.895	456	67	11	1	452	307	755	1.50e-110	399	tax=d:Bacteria,p:Planctomycetes,c:Planctomycetia,o:Planctomycetales,f:Gemmataceae,g:PAC002023_g,s:PAC002083_s
ASV1585	82.979	470	53	23	1	452	293	753	1.50e-110	399	tax=d:Bacteria,p:Planctomycetes,c:Planctomycetia,o:Planctomycetales,f:Planctomycetaceae,g:AJ306767_g,s:JN518535_s
ASV1585	83.223	453	59	12	1	452	319	755	1.50e-110	399	tax=d:Bacteria,p:Planctomycetes,c:Planctomycetia,o:Planctomycetales,f:Gemmataceae,g:PAC002335_g,s:JF815519_s
ASV1585	82.857	455	69	8	1	452	286	734	1.50e-110	399	tax=d:Bacteria,p:Planctomycetes,c:Planctomycetia,o:Planctomycetales,f:Gemmataceae,g:Gemmata,s:HQ119424_s
ASV1585	82.819	454	69	8	1	452	311	757	5.40e-110	398	tax=d:Bacteria,p:Planctomycetes,c:Planctomycetia,o:Planctomycetales,f:Gemmataceae,g:EU234279_g,s:FJ612288_s
ASV1585	82.766	470	55	20	1	452	296	757	1.94e-109	396	tax=d:Bacteria,p:Planctomycetes,c:Planctomycetia,o:Planctomycetales,f:Planctomycetaceae,g:EF123574_g,s:JN537328_s
ASV1585	82.637	455	72	7	1	452	286	736	1.94e-109	396	tax=d:Bacteria,p:Planctomycetes,c:Planctomycetia,o:Planctomycetales,f:Gemmataceae,g:Gemmata,s:HQ121041_s
ASV1585	82.675	456	70	9	1	452	288	738	1.94e-109	396	tax=d:Bacteria,p:Planctomycetes,c:Planctomycetia,o:Planctomycetales,f:Gemmataceae,g:Gemmata,s:DQ298002_s
ASV1585	82.721	463	60	15	1	452	288	741	6.99e-109	394	tax=d:Bacteria,p:Planctomycetes,c:Planctomycetia,o:Planctomycetales,f:Gemmataceae,g:Gemmata,s:HE798166_s
ASV1585	82.819	454	62	12	1	452	296	735	2.51e-108	392	tax=d:Bacteria,p:Planctomycetes,c:Planctomycetia,o:Planctomycetales,f:Gemmataceae,g:PAC002224_g,s:JQ323126_s
ASV1585	82.675	456	66	10	1	452	319	765	2.51e-108	392	tax=d:Bacteria,p:Planctomycetes,c:Planctomycetia,o:Planctomycetales,f:Gemmataceae,g:PAC000151_g,s:EU881097_s
ASV1585	82.789	459	57	20	1	452	286	729	9.04e-108	390	tax=d:Bacteria,p:Planctomycetes,c:Planctomycetia,o:Planctomycetales,f:Gemmataceae,g:Gemmata,s:PAC000301_s
ASV1585	82.456	456	71	9	1	452	286	736	9.04e-108	390	tax=d:Bacteria,p:Planctomycetes,c:Planctomycetia,o:Planctomycetales,f:Gemmataceae,g:Gemmata,s:FJ478935_s
ASV1585	82.599	454	65	9	1	452	313	754	3.25e-107	388	tax=d:Bacteria,p:Planctomycetes,c:Planctomycetia,o:Planctomycetales,f:Gemmataceae,g:Zavarzinella,s:JQ408008_s
ASV1585	82.571	459	62	16	1	452	286	733	3.25e-107	388	tax=d:Bacteria,p:Planctomycetes,c:Planctomycetia,o:Planctomycetales,f:Gemmataceae,g:Gemmata,s:HQ119231_s
ASV1585	82.418	455	71	9	1	452	311	759	3.25e-107	388	tax=d:Bacteria,p:Planctomycetes,c:Planctomycetia,o:Planctomycetales,f:Gemmataceae,g:PAC002023_g,s:EU881297_s
ASV1585	82.675	456	61	14	1	452	313	754	3.25e-107	388	tax=d:Bacteria,p:Planctomycetes,c:Planctomycetia,o:Planctomycetales,f:Gemmataceae,g:Zavarzinella,s:EU881255_s
ASV1585	82.609	460	59	18	1	452	291	737	1.17e-106	387	tax=d:Bacteria,p:Planctomycetes,c:Planctomycetia,o:Planctomycetales,f:Planctomycetaceae,g:GQ488008_g,s:GQ488008_s
ASV1585	82.456	456	67	11	1	452	296	742	1.17e-106	387	tax=d:Bacteria,p:Planctomycetes,c:Planctomycetia,o:Planctomycetales,f:Gemmataceae,g:EF580943_g,s:FJ439835_s
ASV1585	82.479	468	57	18	2	452	297	756	1.17e-106	387	tax=d:Bacteria,p:Planctomycetes,c:Planctomycetia,o:Planctomycetales,f:Planctomycetaceae,g:AJ306767_g,s:EU487954_s
ASV1585	82.198	455	74	7	1	452	275	725	4.20e-106	385	tax=d:Bacteria,p:Planctomycetes,c:Planctomycetia,o:Planctomycetales,f:Gemmataceae,g:Gemmata,s:EU135260_s
ASV1585	82.328	464	62	14	1	449	307	765	4.20e-106	385	tax=d:Bacteria,p:Planctomycetes,c:Planctomycetia,o:Planctomycetales,f:Planctomycetaceae,g:Planctopirus,s:EF540420_s
ASV1585	82.418	455	64	11	1	452	314	755	1.51e-105	383	tax=d:Bacteria,p:Planctomycetes,c:Planctomycetia,o:Planctomycetales,f:Gemmataceae,g:Zavarzinella,s:JF176809_s
ASV1585	82.495	457	60	16	1	452	307	748	1.51e-105	383	tax=d:Bacteria,p:Planctomycetes,c:Planctomycetia,o:Planctomycetales,f:Gemmataceae,g:Tuwongella,s:EF205440_s
ASV1585	82.353	459	61	18	1	452	286	731	5.44e-105	381	tax=d:Bacteria,p:Planctomycetes,c:Planctomycetia,o:Planctomycetales,f:Gemmataceae,g:Gemmata,s:JX406270_s
ASV1585	82.198	455	69	6	1	452	279	724	5.44e-105	381	tax=d:Bacteria,p:Planctomycetes,c:Planctomycetia,o:Planctomycetales,f:Gemmataceae,g:EF580943_g,s:FJ232674_s
ASV1585	82.276	457	66	15	1	452	290	736	5.44e-105	381	tax=d:Bacteria,p:Planctomycetes,c:Planctomycetia,o:Planctomycetales,f:Planctomycetaceae,g:AB630617_g,s:AM935300_s
ASV1585	82.128	470	58	21	1	452	294	755	1.96e-104	379	tax=d:Bacteria,p:Planctomycetes,c:Planctomycetia,o:Planctomycetales,f:Planctomycetaceae,g:EF123574_g,s:JN537339_s
ASV1585	82.096	458	68	13	1	452	297	746	1.96e-104	379	tax=d:Bacteria,p:Planctomycetes,c:Planctomycetia,o:Planctomycetales,f:Planctomycetaceae,g:GU083668_g,s:AB630612_s
ASV1585	82.198	455	65	14	1	452	313	754	7.04e-104	377	tax=d:Bacteria,p:Planctomycetes,c:Planctomycetia,o:Planctomycetales,f:Gemmataceae,g:Zavarzinella,s:DQ404708_s
ASV1585	82.174	460	61	18	1	452	267	713	2.53e-103	375	tax=d:Bacteria,p:Planctomycetes,c:Planctomycetia,o:Planctomycetales,f:Planctomycetaceae,g:EU385884_g,s:JN532360_s
ASV1585	81.978	455	71	10	1	452	283	729	2.53e-103	375	tax=d:Bacteria,p:Planctomycetes,c:Planctomycetia,o:Planctomycetales,f:Gemmataceae,g:Gemmata,s:EF580961_s
ASV1585	81.917	459	65	16	1	452	288	735	3.27e-102	372	tax=d:Bacteria,p:Planctomycetes,c:Planctomycetia,o:Planctomycetales,f:Gemmataceae,g:Gemmata,s:PAC002500_s
ASV1585	81.798	456	72	10	1	452	288	736	3.27e-102	372	tax=d:Bacteria,p:Planctomycetes,c:Planctomycetia,o:Planctomycetales,f:Gemmataceae,g:Gemmata,s:PAC002239_s
ASV1585	81.978	455	66	13	1	452	286	727	3.27e-102	372	tax=d:Bacteria,p:Planctomycetes,c:Planctomycetia,o:Planctomycetales,f:Gemmataceae,g:Zavarzinella,s:AF239695_s
ASV1585	81.978	455	66	12	1	452	263	704	3.27e-102	372	tax=d:Bacteria,p:Planctomycetes,c:Planctomycetia,o:Planctomycetales,f:Gemmataceae,g:PAC002224_g,s:AB286407_s
