KS-06	99.236	1309	7	3	24	1329	1	1309	0.0	2370	tax=d:Bacteria,p:Proteobacteria,c:Betaproteobacteria,o:Burkholderiales,f:Alcaligenaceae,g:Achromobacter,s:Achromobacter insolitus
KS-06	98.930	1309	11	3	24	1329	1	1309	0.0	2350	tax=d:Bacteria,p:Proteobacteria,c:Betaproteobacteria,o:Burkholderiales,f:Alcaligenaceae,g:Achromobacter,s:Achromobacter deleyi
KS-06	98.930	1309	11	3	24	1329	1	1309	0.0	2348	tax=d:Bacteria,p:Proteobacteria,c:Betaproteobacteria,o:Burkholderiales,f:Alcaligenaceae,g:Achromobacter,s:Achromobacter insuavis
KS-06	98.930	1309	11	3	24	1329	1	1309	0.0	2348	tax=d:Bacteria,p:Proteobacteria,c:Betaproteobacteria,o:Burkholderiales,f:Alcaligenaceae,g:Achromobacter,s:Achromobacter spanius
KS-06	98.854	1309	12	3	24	1329	1	1309	0.0	2344	tax=d:Bacteria,p:Proteobacteria,c:Betaproteobacteria,o:Burkholderiales,f:Alcaligenaceae,g:Achromobacter,s:Achromobacter kerstersii
KS-06	98.854	1309	12	3	24	1329	1	1309	0.0	2342	tax=d:Bacteria,p:Proteobacteria,c:Betaproteobacteria,o:Burkholderiales,f:Alcaligenaceae,g:Achromobacter,s:Achromobacter xylosoxidans
KS-06	98.778	1309	12	4	24	1329	1	1308	0.0	2337	tax=d:Bacteria,p:Proteobacteria,c:Betaproteobacteria,o:Burkholderiales,f:Alcaligenaceae,g:Achromobacter,s:Achromobacter denitrificans
KS-06	98.701	1309	14	3	24	1329	1	1309	0.0	2331	tax=d:Bacteria,p:Proteobacteria,c:Betaproteobacteria,o:Burkholderiales,f:Alcaligenaceae,g:Achromobacter,s:Achromobacter pulmonis
KS-06	98.701	1309	13	4	24	1329	1	1308	0.0	2331	tax=d:Bacteria,p:Proteobacteria,c:Betaproteobacteria,o:Burkholderiales,f:Alcaligenaceae,g:Achromobacter,s:Achromobacter animicus
KS-06	98.701	1309	14	3	24	1329	1	1309	0.0	2331	tax=d:Bacteria,p:Proteobacteria,c:Betaproteobacteria,o:Burkholderiales,f:Alcaligenaceae,g:Achromobacter,s:Achromobacter mucicolens
KS-06	98.701	1309	14	3	24	1329	1	1309	0.0	2331	tax=d:Bacteria,p:Proteobacteria,c:Betaproteobacteria,o:Burkholderiales,f:Alcaligenaceae,g:Achromobacter,s:Achromobacter piechaudii
KS-06	98.625	1309	15	3	24	1329	1	1309	0.0	2329	tax=d:Bacteria,p:Proteobacteria,c:Betaproteobacteria,o:Burkholderiales,f:Alcaligenaceae,g:Achromobacter,s:Achromobacter dolens
KS-06	98.625	1309	15	3	24	1329	1	1309	0.0	2329	tax=d:Bacteria,p:Proteobacteria,c:Betaproteobacteria,o:Burkholderiales,f:Alcaligenaceae,g:Achromobacter,s:Achromobacter anxifer
KS-06	98.625	1309	15	3	24	1329	1	1309	0.0	2329	tax=d:Bacteria,p:Proteobacteria,c:Betaproteobacteria,o:Burkholderiales,f:Alcaligenaceae,g:Achromobacter,s:Achromobacter aegrifaciens
KS-06	98.625	1309	15	3	24	1329	1	1309	0.0	2326	tax=d:Bacteria,p:Proteobacteria,c:Betaproteobacteria,o:Burkholderiales,f:Alcaligenaceae,g:Achromobacter,s:Achromobacter agilis
KS-06	98.472	1309	17	3	24	1329	1	1309	0.0	2314	tax=d:Bacteria,p:Proteobacteria,c:Betaproteobacteria,o:Burkholderiales,f:Alcaligenaceae,g:Achromobacter,s:Achromobacter pestifer
KS-06	98.824	1276	12	3	57	1329	1	1276	0.0	2281	tax=d:Bacteria,p:Proteobacteria,c:Betaproteobacteria,o:Burkholderiales,f:Alcaligenaceae,g:Achromobacter,s:Achromobacter marplatensis
KS-06	97.937	1309	24	3	24	1329	1	1309	0.0	2276	tax=d:Bacteria,p:Proteobacteria,c:Betaproteobacteria,o:Burkholderiales,f:Alcaligenaceae,g:Achromobacter,s:Achromobacter aloeverae
KS-06	98.221	1293	16	7	40	1329	1	1289	0.0	2270	tax=d:Bacteria,p:Proteobacteria,c:Betaproteobacteria,o:Burkholderiales,f:Alcaligenaceae,g:Achromobacter,s:Achromobacter ruhlandii
KS-06	97.708	1309	27	3	24	1329	1	1309	0.0	2259	tax=d:Bacteria,p:Proteobacteria,c:Betaproteobacteria,o:Burkholderiales,f:Alcaligenaceae,g:Bordetella,s:NEVU_s
KS-06	97.632	1309	28	3	24	1329	1	1309	0.0	2254	tax=d:Bacteria,p:Proteobacteria,c:Betaproteobacteria,o:Burkholderiales,f:Alcaligenaceae,g:Bordetella,s:NEVN_s
KS-06	97.555	1309	29	3	24	1329	1	1309	0.0	2248	tax=d:Bacteria,p:Proteobacteria,c:Betaproteobacteria,o:Burkholderiales,f:Alcaligenaceae,g:Bordetella,s:Bordetella pseudohinzii
KS-06	97.479	1309	30	3	24	1329	1	1309	0.0	2242	tax=d:Bacteria,p:Proteobacteria,c:Betaproteobacteria,o:Burkholderiales,f:Alcaligenaceae,g:Bordetella,s:Bordetella avium
KS-06	97.403	1309	31	3	24	1329	1	1309	0.0	2237	tax=d:Bacteria,p:Proteobacteria,c:Betaproteobacteria,o:Burkholderiales,f:Alcaligenaceae,g:Bordetella,s:NEVR_s
KS-06	97.403	1309	31	3	24	1329	1	1309	0.0	2237	tax=d:Bacteria,p:Proteobacteria,c:Betaproteobacteria,o:Burkholderiales,f:Alcaligenaceae,g:Bordetella,s:Bordetella hinzii
KS-06	97.403	1309	31	3	24	1329	1	1309	0.0	2237	tax=d:Bacteria,p:Proteobacteria,c:Betaproteobacteria,o:Burkholderiales,f:Alcaligenaceae,g:Bordetella,s:Bordetella flabilis
KS-06	97.097	1309	35	3	24	1329	1	1309	0.0	2215	tax=d:Bacteria,p:Proteobacteria,c:Betaproteobacteria,o:Burkholderiales,f:Alcaligenaceae,g:Bordetella,s:Bordetella trematum
KS-06	97.021	1309	36	3	24	1329	1	1309	0.0	2209	tax=d:Bacteria,p:Proteobacteria,c:Betaproteobacteria,o:Burkholderiales,f:Alcaligenaceae,g:Bordetella,s:Bordetella parapertussis
KS-06	97.021	1309	36	3	24	1329	1	1309	0.0	2209	tax=d:Bacteria,p:Proteobacteria,c:Betaproteobacteria,o:Burkholderiales,f:Alcaligenaceae,g:Bordetella,s:Bordetella tumulicola
KS-06	97.021	1309	36	3	24	1329	1	1309	0.0	2209	tax=d:Bacteria,p:Proteobacteria,c:Betaproteobacteria,o:Burkholderiales,f:Alcaligenaceae,g:Bordetella,s:Bordetella bronchialis
KS-06	96.868	1309	38	3	24	1329	1	1309	0.0	2198	tax=d:Bacteria,p:Proteobacteria,c:Betaproteobacteria,o:Burkholderiales,f:Alcaligenaceae,g:Bordetella,s:CP021111_s
KS-06	96.791	1309	39	3	24	1329	1	1309	0.0	2193	tax=d:Bacteria,p:Proteobacteria,c:Betaproteobacteria,o:Burkholderiales,f:Alcaligenaceae,g:Orrella,s:Orrella dioscoreae
KS-06	96.791	1309	39	3	24	1329	1	1309	0.0	2193	tax=d:Bacteria,p:Proteobacteria,c:Betaproteobacteria,o:Burkholderiales,f:Alcaligenaceae,g:Bordetella,s:Bordetella pertussis
KS-06	96.562	1309	42	3	24	1329	1	1309	0.0	2189	tax=d:Bacteria,p:Proteobacteria,c:Betaproteobacteria,o:Burkholderiales,f:Alcaligenaceae,g:Bordetella,s:Bordetella bronchiseptica
KS-06	96.639	1309	41	3	24	1329	1	1309	0.0	2182	tax=d:Bacteria,p:Proteobacteria,c:Betaproteobacteria,o:Burkholderiales,f:Alcaligenaceae,g:Bordetella,s:Bordetella muralis
KS-06	96.639	1309	41	3	24	1329	1	1309	0.0	2182	tax=d:Bacteria,p:Proteobacteria,c:Betaproteobacteria,o:Burkholderiales,f:Alcaligenaceae,g:Bordetella,s:JAEP_s
KS-06	96.639	1309	41	3	24	1329	1	1309	0.0	2182	tax=d:Bacteria,p:Proteobacteria,c:Betaproteobacteria,o:Burkholderiales,f:Alcaligenaceae,g:Bordetella,s:Bordetella ansorpii
KS-06	96.644	1311	37	6	24	1329	1	1309	0.0	2182	tax=d:Bacteria,p:Proteobacteria,c:Betaproteobacteria,o:Burkholderiales,f:Alcaligenaceae,g:Bordetella,s:Bordetella petrii
KS-06	96.565	1310	41	4	24	1329	1	1310	0.0	2178	tax=d:Bacteria,p:Proteobacteria,c:Betaproteobacteria,o:Burkholderiales,f:Alcaligenaceae,g:Bordetella,s:Bordetella holmesii
KS-06	96.570	1312	36	8	24	1329	1	1309	0.0	2176	tax=d:Bacteria,p:Proteobacteria,c:Betaproteobacteria,o:Burkholderiales,f:Alcaligenaceae,g:GQ249353_g,s:GQ249353_s
KS-06	96.486	1309	43	3	24	1329	1	1309	0.0	2170	tax=d:Bacteria,p:Proteobacteria,c:Betaproteobacteria,o:Burkholderiales,f:Alcaligenaceae,g:Bordetella,s:Bordetella tumbae
KS-06	96.491	1311	39	6	24	1329	1	1309	0.0	2170	tax=d:Bacteria,p:Proteobacteria,c:Betaproteobacteria,o:Burkholderiales,f:Alcaligenaceae,g:Bordetella,s:JAEJ_s
KS-06	96.409	1309	44	3	24	1329	1	1309	0.0	2165	tax=d:Bacteria,p:Proteobacteria,c:Betaproteobacteria,o:Burkholderiales,f:Alcaligenaceae,g:Bordetella,s:FKIF_s
KS-06	96.333	1309	45	3	24	1329	1	1309	0.0	2159	tax=d:Bacteria,p:Proteobacteria,c:Betaproteobacteria,o:Burkholderiales,f:Alcaligenaceae,g:Candidimonas,s:Candidimonas nitroreducens
KS-06	97.087	1270	34	3	63	1329	1	1270	0.0	2148	tax=d:Bacteria,p:Proteobacteria,c:Betaproteobacteria,o:Burkholderiales,f:Alcaligenaceae,g:Bordetella,s:Bordetella sputigena
KS-06	96.192	1313	39	10	24	1329	1	1309	0.0	2148	tax=d:Bacteria,p:Proteobacteria,c:Betaproteobacteria,o:Burkholderiales,f:Alcaligenaceae,g:Verticiella,s:Verticiella sediminum
KS-06	95.878	1310	49	5	24	1329	1	1309	0.0	2126	tax=d:Bacteria,p:Proteobacteria,c:Betaproteobacteria,o:Burkholderiales,f:Alcaligenaceae,g:Bordetella,s:KB907784_s
KS-06	95.875	1309	51	3	24	1329	1	1309	0.0	2126	tax=d:Bacteria,p:Proteobacteria,c:Betaproteobacteria,o:Burkholderiales,f:Alcaligenaceae,g:EU592403_g,s:EU592403_s
KS-06	95.875	1309	51	3	24	1329	1	1309	0.0	2126	tax=d:Bacteria,p:Proteobacteria,c:Betaproteobacteria,o:Burkholderiales,f:Alcaligenaceae,g:Pigmentiphaga,s:Pigmentiphaga daeguensis
KS-06	95.798	1309	52	3	24	1329	1	1309	0.0	2121	tax=d:Bacteria,p:Proteobacteria,c:Betaproteobacteria,o:Burkholderiales,f:Alcaligenaceae,g:Eoetvoesia,s:Eoetvoesia caeni
KS-06	95.798	1309	52	3	24	1329	1	1309	0.0	2121	tax=d:Bacteria,p:Proteobacteria,c:Betaproteobacteria,o:Burkholderiales,f:Alcaligenaceae,g:Parapusillimonas,s:Parapusillimonas granuli
KS-06	95.802	1310	50	5	24	1329	1	1309	0.0	2121	tax=d:Bacteria,p:Proteobacteria,c:Betaproteobacteria,o:Burkholderiales,f:Alcaligenaceae,g:ATZQ_g,s:ATZQ_s
KS-06	95.738	1314	45	8	26	1329	2	1314	0.0	2117	tax=d:Bacteria,p:Proteobacteria,c:Betaproteobacteria,o:Burkholderiales,f:Alcaligenaceae,g:Achromobacter,s:FJ849600_s
KS-06	95.646	1309	54	3	24	1329	1	1309	0.0	2109	tax=d:Bacteria,p:Proteobacteria,c:Betaproteobacteria,o:Burkholderiales,f:Alcaligenaceae,g:Pigmentiphaga,s:Pigmentiphaga kullae
KS-06	95.500	1311	54	5	24	1329	1	1311	0.0	2100	tax=d:Bacteria,p:Proteobacteria,c:Betaproteobacteria,o:Burkholderiales,f:Alcaligenaceae,g:Candidimonas,s:Candidimonas bauzanensis
KS-06	95.500	1311	54	5	24	1329	1	1311	0.0	2100	tax=d:Bacteria,p:Proteobacteria,c:Betaproteobacteria,o:Burkholderiales,f:Alcaligenaceae,g:Eiseniicola,s:Eiseniicola composti
KS-06	95.493	1309	55	4	24	1329	1	1308	0.0	2098	tax=d:Bacteria,p:Proteobacteria,c:Betaproteobacteria,o:Burkholderiales,f:Alcaligenaceae,g:PAC000711_g,s:PAC000711_s
KS-06	95.351	1312	52	8	24	1329	1	1309	0.0	2087	tax=d:Bacteria,p:Proteobacteria,c:Betaproteobacteria,o:Burkholderiales,f:Alcaligenaceae,g:Caenimicrobium,s:Caenimicrobium hargitense
KS-06	95.148	1319	51	9	24	1329	1	1319	0.0	2080	tax=d:Bacteria,p:Proteobacteria,c:Betaproteobacteria,o:Burkholderiales,f:Alcaligenaceae,g:Paralcaligenes,s:Paralcaligenes ginsengisoli
KS-06	95.202	1313	54	8	24	1329	1	1311	0.0	2078	tax=d:Bacteria,p:Proteobacteria,c:Betaproteobacteria,o:Burkholderiales,f:Alcaligenaceae,g:Bordetella,s:AB039335_s
KS-06	95.187	1309	60	3	24	1329	1	1309	0.0	2076	tax=d:Bacteria,p:Proteobacteria,c:Betaproteobacteria,o:Burkholderiales,f:Alcaligenaceae,g:Pigmentiphaga,s:Pigmentiphaga soli
KS-06	95.713	1283	52	3	50	1329	1	1283	0.0	2076	tax=d:Bacteria,p:Proteobacteria,c:Betaproteobacteria,o:Burkholderiales,f:Alcaligenaceae,g:Candidimonas,s:Candidimonas humi
KS-06	95.249	1305	59	3	28	1329	1	1305	0.0	2074	tax=d:Bacteria,p:Proteobacteria,c:Betaproteobacteria,o:Burkholderiales,f:Alcaligenaceae,g:Pigmentiphaga,s:Pigmentiphaga aceris
KS-06	95.118	1311	57	6	24	1329	1	1309	0.0	2071	tax=d:Bacteria,p:Proteobacteria,c:Betaproteobacteria,o:Burkholderiales,f:Alcaligenaceae,g:Kinetoplastibacterium,s:Kinetoplastibacterium desouzaii
KS-06	95.639	1284	50	6	52	1329	1	1284	0.0	2067	tax=d:Bacteria,p:Proteobacteria,c:Betaproteobacteria,o:Burkholderiales,f:Alcaligenaceae,g:Achromobacter,s:FJ204460_s
KS-06	95.176	1306	56	5	28	1329	1	1303	0.0	2067	tax=d:Bacteria,p:Proteobacteria,c:Betaproteobacteria,o:Burkholderiales,f:Alcaligenaceae,g:Pigmentiphaga,s:Pigmentiphaga litoralis
KS-06	95.370	1296	49	10	42	1329	3	1295	0.0	2061	tax=d:Bacteria,p:Proteobacteria,c:Betaproteobacteria,o:Burkholderiales,f:Alcaligenaceae,g:Saccharedens,s:Saccharedens versatilis
KS-06	94.962	1310	61	5	24	1329	1	1309	0.0	2060	tax=d:Bacteria,p:Proteobacteria,c:Betaproteobacteria,o:Burkholderiales,f:Alcaligenaceae,g:Kinetoplastibacterium,s:Kinetoplastibacterium blastocrithidii
KS-06	95.169	1304	52	10	35	1329	1	1302	0.0	2060	tax=d:Bacteria,p:Proteobacteria,c:Betaproteobacteria,o:Burkholderiales,f:Alcaligenaceae,g:Kerstersia,s:Kerstersia gyiorum
KS-06	94.605	1316	58	10	24	1329	1	1313	0.0	2050	tax=d:Bacteria,p:Proteobacteria,c:Betaproteobacteria,o:Burkholderiales,f:Alcaligenaceae,g:Kerstersia,s:Kerstersia similis
KS-06	95.405	1284	49	9	52	1329	1	1280	0.0	2047	tax=d:Bacteria,p:Proteobacteria,c:Betaproteobacteria,o:Burkholderiales,f:Alcaligenaceae,g:Paracandidimonas,s:Paracandidimonas soli
KS-06	94.733	1310	64	5	24	1329	1	1309	0.0	2043	tax=d:Bacteria,p:Proteobacteria,c:Betaproteobacteria,o:Burkholderiales,f:Alcaligenaceae,g:Kinetoplastibacterium,s:Kinetoplastibacterium oncopeltii
KS-06	94.669	1313	59	10	24	1329	1	1309	0.0	2037	tax=d:Bacteria,p:Proteobacteria,c:Betaproteobacteria,o:Burkholderiales,f:Alcaligenaceae,g:Verticiella,s:HQ183865_s
KS-06	94.541	1319	59	11	24	1329	1	1319	0.0	2036	tax=d:Bacteria,p:Proteobacteria,c:Betaproteobacteria,o:Burkholderiales,f:Alcaligenaceae,g:Pusillimonas,s:Pusillimonas noertemannii
KS-06	94.541	1319	57	13	24	1329	1	1317	0.0	2034	tax=d:Bacteria,p:Proteobacteria,c:Betaproteobacteria,o:Burkholderiales,f:Alcaligenaceae,g:Pusillimonas,s:Pusillimonas ginsengisoli
KS-06	94.713	1305	58	11	35	1329	1	1304	0.0	2028	tax=d:Bacteria,p:Proteobacteria,c:Betaproteobacteria,o:Burkholderiales,f:Alcaligenaceae,g:Pelistega,s:Pelistega suis
KS-06	94.360	1312	65	8	24	1329	1	1309	0.0	2015	tax=d:Bacteria,p:Proteobacteria,c:Betaproteobacteria,o:Burkholderiales,f:Alcaligenaceae,g:Kinetoplastibacterium,s:Kinetoplastibacterium galatii
KS-06	94.297	1315	66	7	24	1329	1	1315	0.0	2015	tax=d:Bacteria,p:Proteobacteria,c:Betaproteobacteria,o:Burkholderiales,f:Alcaligenaceae,g:Alcaligenes,s:AKMR_s
KS-06	94.238	1319	63	9	24	1329	1	1319	0.0	2013	tax=d:Bacteria,p:Proteobacteria,c:Betaproteobacteria,o:Burkholderiales,f:Alcaligenaceae,g:Paralcaligenes,s:Paralcaligenes ureilyticus
KS-06	94.247	1321	59	13	24	1329	1	1319	0.0	2013	tax=d:Bacteria,p:Proteobacteria,c:Betaproteobacteria,o:Burkholderiales,f:Alcaligenaceae,g:Pusillimonas,s:CP002663_s
KS-06	94.194	1309	73	3	24	1329	1	1309	0.0	2004	tax=d:Bacteria,p:Proteobacteria,c:Betaproteobacteria,o:Burkholderiales,f:Alcaligenaceae,g:Kinetoplastibacterium,s:Kinetoplastibacterium crithidii
KS-06	94.212	1313	64	9	28	1329	1	1312	0.0	2004	tax=d:Bacteria,p:Proteobacteria,c:Betaproteobacteria,o:Burkholderiales,f:Alcaligenaceae,g:Castellaniella,s:Castellaniella defragrans
KS-06	94.655	1291	57	10	50	1329	1	1290	0.0	2002	tax=d:Bacteria,p:Proteobacteria,c:Betaproteobacteria,o:Burkholderiales,f:Alcaligenaceae,g:Pusillimonas,s:Pusillimonas soli
KS-06	94.127	1311	72	5	24	1329	1	1311	0.0	2001	tax=d:Bacteria,p:Proteobacteria,c:Betaproteobacteria,o:Burkholderiales,f:Alcaligenaceae,g:Verticiella,s:AM930293_s
KS-06	94.118	1309	74	3	24	1329	1	1309	0.0	1999	tax=d:Bacteria,p:Proteobacteria,c:Betaproteobacteria,o:Burkholderiales,f:Alcaligenaceae,g:Eoetvoesia,s:AJ318125_s
KS-06	93.930	1318	65	12	24	1329	1	1315	0.0	1988	tax=d:Bacteria,p:Proteobacteria,c:Betaproteobacteria,o:Burkholderiales,f:Alcaligenaceae,g:Alcaligenes,s:Alcaligenes faecalis
KS-06	93.930	1318	65	10	24	1329	1	1315	0.0	1988	tax=d:Bacteria,p:Proteobacteria,c:Betaproteobacteria,o:Burkholderiales,f:Alcaligenaceae,g:Alcaligenes,s:Alcaligenes faecalis
KS-06	93.793	1321	65	14	24	1329	1	1319	0.0	1980	tax=d:Bacteria,p:Proteobacteria,c:Betaproteobacteria,o:Burkholderiales,f:Alcaligenaceae,g:DQ346474_g,s:DQ346474_s
KS-06	94.337	1289	62	9	52	1329	1	1289	0.0	1977	tax=d:Bacteria,p:Proteobacteria,c:Betaproteobacteria,o:Burkholderiales,f:Alcaligenaceae,g:Pusillimonas,s:Pusillimonas caeni
KS-06	93.636	1320	67	12	24	1329	1	1317	0.0	1971	tax=d:Bacteria,p:Proteobacteria,c:Betaproteobacteria,o:Burkholderiales,f:Alcaligenaceae,g:Alcaligenes,s:Alcaligenes aquatilis
KS-06	93.656	1324	63	14	24	1329	1	1321	0.0	1971	tax=d:Bacteria,p:Proteobacteria,c:Betaproteobacteria,o:Burkholderiales,f:Alcaligenaceae,g:Advenella,s:Advenella kashmirensis
KS-06	94.009	1302	62	11	44	1329	2	1303	0.0	1969	tax=d:Bacteria,p:Proteobacteria,c:Betaproteobacteria,o:Burkholderiales,f:Alcaligenaceae,g:Castellaniella,s:Castellaniella denitrificans
KS-06	93.580	1324	66	19	24	1329	1	1323	0.0	1967	tax=d:Bacteria,p:Proteobacteria,c:Betaproteobacteria,o:Burkholderiales,f:Alcaligenaceae,g:Pelistega,s:Pelistega indica
KS-06	93.505	1324	65	14	24	1329	1	1321	0.0	1960	tax=d:Bacteria,p:Proteobacteria,c:Betaproteobacteria,o:Burkholderiales,f:Alcaligenaceae,g:Advenella,s:KI650982_s
KS-06	93.509	1325	63	16	24	1329	1	1321	0.0	1960	tax=d:Bacteria,p:Proteobacteria,c:Betaproteobacteria,o:Burkholderiales,f:Alcaligenaceae,g:Advenella,s:Advenella mimigardefordensis
KS-06	94.812	1253	58	7	83	1329	39	1290	0.0	1958	tax=d:Bacteria,p:Proteobacteria,c:Betaproteobacteria,o:Burkholderiales,f:Alcaligenaceae,g:Pusillimonas,s:Pusillimonas harenae
KS-06	93.252	1319	74	14	24	1329	1	1317	0.0	1943	tax=d:Bacteria,p:Proteobacteria,c:Betaproteobacteria,o:Burkholderiales,f:Alcaligenaceae,g:Pelistega,s:Pelistega europaea
KS-06	93.182	1320	75	12	24	1329	1	1319	0.0	1936	tax=d:Bacteria,p:Proteobacteria,c:Betaproteobacteria,o:Burkholderiales,f:Alcaligenaceae,g:Castellaniella,s:Castellaniella ginsengisoli
KS-06	93.658	1293	69	10	50	1329	1	1293	0.0	1934	tax=d:Bacteria,p:Proteobacteria,c:Betaproteobacteria,o:Burkholderiales,f:Alcaligenaceae,g:Castellaniella,s:Castellaniella daejeonensis
KS-06	94.409	1252	58	10	87	1329	45	1293	0.0	1925	tax=d:Bacteria,p:Proteobacteria,c:Betaproteobacteria,o:Burkholderiales,f:Alcaligenaceae,g:Advenella,s:Advenella kashmirensis
KS-06	93.009	1316	80	11	24	1329	1	1314	0.0	1921	tax=d:Bacteria,p:Proteobacteria,c:Betaproteobacteria,o:Burkholderiales,f:Alcaligenaceae,g:Pelistega,s:GQ358913_s
KS-06	92.955	1320	78	11	24	1329	1	1319	0.0	1919	tax=d:Bacteria,p:Proteobacteria,c:Betaproteobacteria,o:Burkholderiales,f:Alcaligenaceae,g:Castellaniella,s:Castellaniella caeni
KS-06	93.536	1284	65	15	60	1329	1	1280	0.0	1908	tax=d:Bacteria,p:Proteobacteria,c:Betaproteobacteria,o:Burkholderiales,f:Alcaligenaceae,g:Alcaligenes,s:Alcaligenes faecalis
KS-06	92.733	1321	81	12	24	1329	1	1321	0.0	1905	tax=d:Bacteria,p:Proteobacteria,c:Betaproteobacteria,o:Burkholderiales,f:Alcaligenaceae,g:DQ346482_g,s:DQ346482_s
KS-06	94.089	1252	63	9	87	1329	19	1268	0.0	1903	tax=d:Bacteria,p:Proteobacteria,c:Betaproteobacteria,o:Burkholderiales,f:Alcaligenaceae,g:Advenella,s:Advenella incenata
KS-06	93.805	1259	62	12	83	1329	19	1273	0.0	1890	tax=d:Bacteria,p:Proteobacteria,c:Betaproteobacteria,o:Burkholderiales,f:Alcaligenaceae,g:Castellaniella,s:Castellaniella hirudinis
KS-06	92.430	1321	85	12	24	1329	1	1321	0.0	1882	tax=d:Bacteria,p:Proteobacteria,c:Betaproteobacteria,o:Burkholderiales,f:Alcaligenaceae,g:Taylorella,s:Taylorella asinigenitalis
KS-06	92.302	1325	82	17	24	1329	1	1324	0.0	1875	tax=d:Bacteria,p:Proteobacteria,c:Betaproteobacteria,o:Burkholderiales,f:Alcaligenaceae,g:Taylorella,s:Taylorella equigenitalis
KS-06	92.313	1327	77	20	24	1329	1	1323	0.0	1873	tax=d:Bacteria,p:Proteobacteria,c:Betaproteobacteria,o:Burkholderiales,f:Alcaligenaceae,g:Castellaniella,s:Castellaniella fermenti
KS-06	92.331	1317	89	10	24	1329	1	1316	0.0	1873	tax=d:Bacteria,p:Proteobacteria,c:Betaproteobacteria,o:Burkholderiales,f:Alcaligenaceae,g:Paenalcaligenes,s:Paenalcaligenes hominis
KS-06	92.250	1329	75	19	24	1329	1	1324	0.0	1869	tax=d:Bacteria,p:Proteobacteria,c:Betaproteobacteria,o:Burkholderiales,f:Alcaligenaceae,g:Advenella,s:Advenella faeciporci
KS-06	93.317	1257	66	14	87	1329	46	1298	0.0	1851	tax=d:Bacteria,p:Proteobacteria,c:Betaproteobacteria,o:Burkholderiales,f:Alcaligenaceae,g:Advenella,s:Advenella alkanexedens
KS-06	91.761	1323	89	17	24	1329	1	1320	0.0	1832	tax=d:Bacteria,p:Proteobacteria,c:Betaproteobacteria,o:Burkholderiales,f:Alcaligenaceae,g:Basilea,s:Basilea psittacipulmonis
KS-06	91.190	1328	94	13	24	1329	1	1327	0.0	1794	tax=d:Bacteria,p:Proteobacteria,c:Betaproteobacteria,o:Burkholderiales,f:Alcaligenaceae,g:Paenalcaligenes,s:Paenalcaligenes hermetiae
KS-06	91.221	1310	110	5	24	1329	1	1309	0.0	1788	tax=d:Bacteria,p:Proteobacteria,c:Betaproteobacteria,o:Burkholderiales,f:Sutterellaceae,g:AP014683_g,s:HM187249_s
KS-06	91.179	1315	99	17	24	1329	1	1307	0.0	1781	tax=d:Bacteria,p:Proteobacteria,c:Betaproteobacteria,o:Burkholderiales,f:Oxalobacteraceae,g:Paucimonas,s:EU802136_s
KS-06	91.013	1313	109	8	24	1329	1	1311	0.0	1779	tax=d:Bacteria,p:Proteobacteria,c:Betaproteobacteria,o:Burkholderiales,f:Oxalobacteraceae,g:Paucimonas,s:Paucimonas lemoignei
KS-06	91.385	1300	97	15	42	1329	6	1302	0.0	1777	tax=d:Bacteria,p:Proteobacteria,c:Betaproteobacteria,o:Burkholderiales,f:Alcaligenaceae,g:Alcaligenes,s:HM222943_s
KS-06	90.999	1311	111	7	24	1329	1	1309	0.0	1773	tax=d:Bacteria,p:Proteobacteria,c:Betaproteobacteria,o:Burkholderiales,f:Oxalobacteraceae,g:Noviherbaspirillum,s:Noviherbaspirillum soli
KS-06	91.033	1316	103	15	24	1329	1	1311	0.0	1773	tax=d:Bacteria,p:Proteobacteria,c:Betaproteobacteria,o:Burkholderiales,f:Oxalobacteraceae,g:Herbaspirillum,s:CP022736_s
KS-06	91.020	1314	105	13	24	1329	1	1309	0.0	1772	tax=d:Bacteria,p:Proteobacteria,c:Betaproteobacteria,o:Burkholderiales,f:Oxalobacteraceae,g:Noviherbaspirillum,s:Herbaspirillum denitrificans
KS-06	91.054	1319	95	20	24	1329	1	1309	0.0	1772	tax=d:Bacteria,p:Proteobacteria,c:Betaproteobacteria,o:Burkholderiales,f:Quisquiliibacterium_f,g:FJ820419_g,s:FJ820419_s
KS-06	91.020	1314	105	13	24	1329	1	1309	0.0	1772	tax=d:Bacteria,p:Proteobacteria,c:Betaproteobacteria,o:Burkholderiales,f:Sutterellaceae,g:AP014683_g,s:AP014683_s
KS-06	91.040	1317	97	17	24	1329	1	1307	0.0	1770	tax=d:Bacteria,p:Proteobacteria,c:Betaproteobacteria,o:Burkholderiales,f:Limnobacter_f,g:Limnobacter,s:Limnobacter thiooxidans
KS-06	90.847	1311	113	7	24	1329	1	1309	0.0	1768	tax=d:Bacteria,p:Proteobacteria,c:Betaproteobacteria,o:Burkholderiales,f:Oxalobacteraceae,g:Noviherbaspirillum,s:Noviherbaspirillum canariense
KS-06	90.964	1317	102	16	24	1329	1	1311	0.0	1768	tax=d:Bacteria,p:Proteobacteria,c:Betaproteobacteria,o:Burkholderiales,f:Oxalobacteraceae,g:Herbaspirillum,s:Herbaspirillum lusitanum
KS-06	90.944	1314	106	13	24	1329	1	1309	0.0	1766	tax=d:Bacteria,p:Proteobacteria,c:Betaproteobacteria,o:Burkholderiales,f:Derxia_f,g:JF697555_g,s:JF697555_s
KS-06	90.937	1313	108	11	24	1329	1	1309	0.0	1766	tax=d:Bacteria,p:Proteobacteria,c:Betaproteobacteria,o:Burkholderiales,f:OM156_f,g:OM156_g,s:FJ820386_s
KS-06	90.895	1318	103	15	24	1329	1	1313	0.0	1764	tax=d:Bacteria,p:Proteobacteria,c:Betaproteobacteria,o:Burkholderiales,f:Derxia_f,g:Derxia,s:PAC000713_s
KS-06	90.881	1316	105	15	24	1329	1	1311	0.0	1762	tax=d:Bacteria,p:Proteobacteria,c:Betaproteobacteria,o:Burkholderiales,f:Oxalobacteraceae,g:Herbaspirillum,s:Herbaspirillum autotrophicum
KS-06	90.854	1312	111	9	24	1329	1	1309	0.0	1762	tax=d:Bacteria,p:Proteobacteria,c:Betaproteobacteria,o:Burkholderiales,f:Oxalobacteraceae,g:Noviherbaspirillum,s:Noviherbaspirillum aurantiacum
KS-06	90.888	1317	103	16	24	1329	1	1311	0.0	1762	tax=d:Bacteria,p:Proteobacteria,c:Betaproteobacteria,o:Burkholderiales,f:Oxalobacteraceae,g:Herbaspirillum,s:Herbaspirillum hiltneri
KS-06	90.868	1314	107	11	24	1329	1	1309	0.0	1760	tax=d:Bacteria,p:Proteobacteria,c:Betaproteobacteria,o:Burkholderiales,f:Quisquiliibacterium_f,g:Quisquiliibacterium,s:Quisquiliibacterium transsilvanicum
KS-06	90.854	1312	111	8	24	1329	1	1309	0.0	1760	tax=d:Bacteria,p:Proteobacteria,c:Betaproteobacteria,o:Burkholderiales,f:Lautropia_f,g:Lautropia,s:JN713340_s
KS-06	90.854	1312	111	9	24	1329	1	1309	0.0	1760	tax=d:Bacteria,p:Proteobacteria,c:Betaproteobacteria,o:Burkholderiales,f:Oxalobacteraceae,g:Paucimonas,s:DQ337029_s
KS-06	90.812	1317	104	16	24	1329	1	1311	0.0	1757	tax=d:Bacteria,p:Proteobacteria,c:Betaproteobacteria,o:Burkholderiales,f:Oxalobacteraceae,g:Herbaspirillum,s:Herbaspirillum seropedicae
KS-06	90.798	1315	108	13	24	1329	1	1311	0.0	1757	tax=d:Bacteria,p:Proteobacteria,c:Betaproteobacteria,o:Burkholderiales,f:Oxalobacteraceae,g:Herbaspirillum,s:Herbaspirillum frisingense
KS-06	90.819	1318	100	17	24	1329	1	1309	0.0	1755	tax=d:Bacteria,p:Proteobacteria,c:Betaproteobacteria,o:Burkholderiales,f:Limnobacter_f,g:Limnobacter,s:Limnobacter litoralis
KS-06	90.744	1318	103	18	24	1329	1	1311	0.0	1751	tax=d:Bacteria,p:Proteobacteria,c:Betaproteobacteria,o:Burkholderiales,f:Oxalobacteraceae,g:Herbaspirillum,s:Herbaspirillum chlorophenolicum
KS-06	90.737	1317	103	18	24	1329	1	1309	0.0	1751	tax=d:Bacteria,p:Proteobacteria,c:Betaproteobacteria,o:Burkholderiales,f:Oxalobacteraceae,g:GU563773_g,s:GU563773_s
KS-06	90.729	1316	107	15	24	1329	1	1311	0.0	1751	tax=d:Bacteria,p:Proteobacteria,c:Betaproteobacteria,o:Burkholderiales,f:Oxalobacteraceae,g:Herbaspirillum,s:CP018845_s
KS-06	90.653	1316	108	15	24	1329	1	1311	0.0	1746	tax=d:Bacteria,p:Proteobacteria,c:Betaproteobacteria,o:Burkholderiales,f:Oxalobacteraceae,g:Herbaspirillum,s:Herbaspirillum rhizosphaerae
KS-06	90.639	1314	110	13	24	1329	1	1309	0.0	1744	tax=d:Bacteria,p:Proteobacteria,c:Betaproteobacteria,o:Burkholderiales,f:Oxalobacteraceae,g:Noviherbaspirillum,s:Noviherbaspirillum agri
KS-06	90.625	1312	114	8	24	1329	1	1309	0.0	1744	tax=d:Bacteria,p:Proteobacteria,c:Betaproteobacteria,o:Burkholderiales,f:Sutterellaceae,g:AP014683_g,s:EU700155_s
KS-06	90.625	1312	114	9	24	1329	1	1309	0.0	1744	tax=d:Bacteria,p:Proteobacteria,c:Betaproteobacteria,o:Burkholderiales,f:Oxalobacteraceae,g:Noviherbaspirillum,s:Noviherbaspirillum massiliense
KS-06	90.556	1313	112	12	24	1329	1	1308	0.0	1738	tax=d:Bacteria,p:Proteobacteria,c:Betaproteobacteria,o:Burkholderiales,f:Oxalobacteraceae,g:Massilia,s:Massilia solisilvae
KS-06	90.549	1312	115	9	24	1329	1	1309	0.0	1738	tax=d:Bacteria,p:Proteobacteria,c:Betaproteobacteria,o:Burkholderiales,f:Comamonadaceae,g:Schlegelella,s:Schlegelella thermodepolymerans
KS-06	90.537	1321	104	20	24	1329	1	1315	0.0	1738	tax=d:Bacteria,p:Proteobacteria,c:Betaproteobacteria,o:Burkholderiales,f:Oxalobacteraceae,g:Oxalicibacterium,s:Oxalicibacterium faecigallinarum
KS-06	90.502	1316	110	15	24	1329	1	1311	0.0	1735	tax=d:Bacteria,p:Proteobacteria,c:Betaproteobacteria,o:Burkholderiales,f:OM156_f,g:OM156_g,s:FJ612332_s
KS-06	90.440	1318	111	13	24	1329	1	1315	0.0	1733	tax=d:Bacteria,p:Proteobacteria,c:Betaproteobacteria,o:Burkholderiales,f:Alcaligenaceae,g:Oligella,s:Oligella ureolytica
KS-06	90.447	1319	107	17	24	1329	1	1313	0.0	1731	tax=d:Bacteria,p:Proteobacteria,c:Betaproteobacteria,o:Burkholderiales,f:Oxalobacteraceae,g:Paucimonas,s:PAC001919_s
KS-06	90.426	1316	111	13	24	1329	1	1311	0.0	1729	tax=d:Bacteria,p:Proteobacteria,c:Betaproteobacteria,o:Burkholderiales,f:Quisquiliibacterium_f,g:Quisquiliibacterium,s:HQ904198_s
KS-06	90.404	1313	117	9	24	1329	1	1311	0.0	1729	tax=d:Bacteria,p:Proteobacteria,c:Betaproteobacteria,o:Burkholderiales,f:Oxalobacteraceae,g:Glaciimonas,s:Glaciimonas immobilis
KS-06	90.418	1315	113	13	24	1329	1	1311	0.0	1729	tax=d:Bacteria,p:Proteobacteria,c:Betaproteobacteria,o:Burkholderiales,f:OM156_f,g:OM156_g,s:OM156_s
KS-06	90.418	1315	110	15	24	1329	1	1308	0.0	1727	tax=d:Bacteria,p:Proteobacteria,c:Betaproteobacteria,o:Burkholderiales,f:Oxalobacteraceae,g:Undibacterium,s:AJ863277_s
KS-06	90.404	1313	115	11	24	1329	1	1309	0.0	1727	tax=d:Bacteria,p:Proteobacteria,c:Betaproteobacteria,o:Burkholderiales,f:Oxalobacteraceae,g:Noviherbaspirillum,s:Noviherbaspirillum autotrophicum
KS-06	90.371	1319	109	17	24	1329	1	1314	0.0	1727	tax=d:Bacteria,p:Proteobacteria,c:Betaproteobacteria,o:Burkholderiales,f:Oxalobacteraceae,g:Oxalicibacterium,s:Oxalicibacterium solurbis
KS-06	90.382	1310	119	7	26	1329	1	1309	0.0	1725	tax=d:Bacteria,p:Proteobacteria,c:Betaproteobacteria,o:Burkholderiales,f:Quisquiliibacterium_f,g:Quisquiliibacterium,s:EU639298_s
KS-06	90.374	1309	121	5	25	1329	1	1308	0.0	1725	tax=d:Bacteria,p:Proteobacteria,c:Betaproteobacteria,o:Burkholderiales,f:Oxalobacteraceae,g:Oxalobacter,s:EF454731_s
KS-06	90.357	1317	107	16	24	1329	1	1308	0.0	1722	tax=d:Bacteria,p:Proteobacteria,c:Betaproteobacteria,o:Burkholderiales,f:Limnobacter_f,g:Limnobacter,s:Limnobacter humi
KS-06	90.153	1310	124	5	24	1329	1	1309	0.0	1722	tax=d:Bacteria,p:Proteobacteria,c:Betaproteobacteria,o:Burkholderiales,f:Sutterellaceae,g:AP014683_g,s:FJ755754_s
KS-06	90.327	1313	116	11	24	1329	1	1309	0.0	1722	tax=d:Bacteria,p:Proteobacteria,c:Betaproteobacteria,o:Burkholderiales,f:Comamonadaceae,g:Caldimonas,s:Caldimonas taiwanensis
KS-06	90.327	1313	116	11	24	1329	1	1309	0.0	1722	tax=d:Bacteria,p:Proteobacteria,c:Betaproteobacteria,o:Burkholderiales,f:Comamonadaceae,g:Caldimonas,s:Caldimonas manganoxidans
KS-06	90.930	1279	105	11	57	1329	1	1274	0.0	1720	tax=d:Bacteria,p:Proteobacteria,c:Betaproteobacteria,o:Burkholderiales,f:Piscinibacterium_f,g:Piscinibacterium,s:Piscinibacterium candidicorallinum
KS-06	90.491	1304	109	14	38	1329	1	1301	0.0	1720	tax=d:Bacteria,p:Proteobacteria,c:Betaproteobacteria,o:Burkholderiales,f:Alcaligenaceae,g:Oligella,s:Oligella urethralis
KS-06	90.335	1314	110	17	27	1329	4	1311	0.0	1718	tax=d:Bacteria,p:Proteobacteria,c:Betaproteobacteria,o:Burkholderiales,f:OM156_f,g:EU803579_g,s:EU803579_s
KS-06	90.327	1313	109	13	24	1329	1	1302	0.0	1716	tax=d:Bacteria,p:Proteobacteria,c:Betaproteobacteria,o:Burkholderiales,f:Comamonadaceae,g:Pelomonas,s:Pelomonas puraquae
KS-06	90.251	1313	117	11	24	1329	1	1309	0.0	1716	tax=d:Bacteria,p:Proteobacteria,c:Betaproteobacteria,o:Burkholderiales,f:Oxalobacteraceae,g:Massilia,s:Massilia agilis
KS-06	90.244	1312	119	9	24	1329	1	1309	0.0	1716	tax=d:Bacteria,p:Proteobacteria,c:Betaproteobacteria,o:Burkholderiales,f:Oxalobacteraceae,g:Noviherbaspirillum,s:Noviherbaspirillum suwonense
KS-06	90.259	1314	115	13	24	1329	1	1309	0.0	1716	tax=d:Bacteria,p:Proteobacteria,c:Betaproteobacteria,o:Burkholderiales,f:Burkholderiaceae,g:Burkholderia,s:jgi.1071268_s
KS-06	90.259	1314	115	12	24	1329	1	1309	0.0	1716	tax=d:Bacteria,p:Proteobacteria,c:Betaproteobacteria,o:Burkholderiales,f:Oxalobacteraceae,g:Collimonas,s:CP009962_s
KS-06	90.183	1314	118	10	24	1329	1	1311	0.0	1712	tax=d:Bacteria,p:Proteobacteria,c:Betaproteobacteria,o:Burkholderiales,f:Burkholderiaceae,g:Paraburkholderia,s:CP002218_s
KS-06	90.214	1308	121	7	27	1329	4	1309	0.0	1712	tax=d:Bacteria,p:Proteobacteria,c:Betaproteobacteria,o:Burkholderiales,f:Quisquiliibacterium_f,g:Quisquiliibacterium,s:AB247482_s
KS-06	90.153	1310	124	5	24	1329	1	1309	0.0	1711	tax=d:Bacteria,p:Proteobacteria,c:Betaproteobacteria,o:Burkholderiales,f:Sutterellaceae,g:AP014683_g,s:PAC001802_s
KS-06	90.183	1314	116	12	24	1329	1	1309	0.0	1711	tax=d:Bacteria,p:Proteobacteria,c:Betaproteobacteria,o:Burkholderiales,f:Oxalobacteraceae,g:Noviherbaspirillum,s:LMHZ_s
KS-06	90.550	1291	113	9	45	1329	1	1288	0.0	1711	tax=d:Bacteria,p:Proteobacteria,c:Betaproteobacteria,o:Burkholderiales,f:Oxalobacteraceae,g:GU295961_g,s:GU295961_s
KS-06	90.190	1315	114	14	24	1329	1	1309	0.0	1711	tax=d:Bacteria,p:Proteobacteria,c:Betaproteobacteria,o:Burkholderiales,f:Oxalobacteraceae,g:EU362137_g,s:EU362137_s
KS-06	90.122	1316	112	17	26	1329	1	1310	0.0	1705	tax=d:Bacteria,p:Proteobacteria,c:Betaproteobacteria,o:Burkholderiales,f:OM156_f,g:OM156_g,s:HM127446_s
KS-06	90.114	1315	115	15	24	1329	1	1309	0.0	1705	tax=d:Bacteria,p:Proteobacteria,c:Betaproteobacteria,o:Burkholderiales,f:Oxalobacteraceae,g:Paucimonas,s:GU134931_s
KS-06	90.122	1316	113	15	24	1329	1	1309	0.0	1705	tax=d:Bacteria,p:Proteobacteria,c:Betaproteobacteria,o:Burkholderiales,f:Quisquiliibacterium_f,g:HQ910358_g,s:FJ167467_s
KS-06	90.293	1298	121	5	35	1329	3	1298	0.0	1705	tax=d:Bacteria,p:Proteobacteria,c:Betaproteobacteria,o:Burkholderiales,f:Sutterellaceae,g:DQ196633_g,s:DQ196633_s
KS-06	90.122	1316	113	13	24	1329	1	1309	0.0	1705	tax=d:Bacteria,p:Proteobacteria,c:Betaproteobacteria,o:Burkholderiales,f:Oxalobacteraceae,g:Collimonas,s:Collimonas pratensis
KS-06	90.107	1314	115	11	24	1329	1	1307	0.0	1703	tax=d:Bacteria,p:Proteobacteria,c:Betaproteobacteria,o:Burkholderiales,f:Comamonadaceae,g:JZUE_g,s:JZUE_s
KS-06	90.091	1312	117	13	24	1329	1	1305	0.0	1703	tax=d:Bacteria,p:Proteobacteria,c:Betaproteobacteria,o:Burkholderiales,f:Oxalobacteraceae,g:FM178829_g,s:FM178829_s
KS-06	90.562	1282	116	5	52	1329	1	1281	0.0	1703	tax=d:Bacteria,p:Proteobacteria,c:Betaproteobacteria,o:Burkholderiales,f:Oxalobacteraceae,g:Paraherbaspirillum,s:Paraherbaspirillum soli
KS-06	90.030	1314	120	11	24	1329	1	1311	0.0	1701	tax=d:Bacteria,p:Proteobacteria,c:Betaproteobacteria,o:Burkholderiales,f:Oxalobacteraceae,g:Glaciimonas,s:Glaciimonas frigoris
KS-06	90.038	1315	118	11	24	1329	1	1311	0.0	1701	tax=d:Bacteria,p:Proteobacteria,c:Betaproteobacteria,o:Burkholderiales,f:Oxalobacteraceae,g:Glaciimonas,s:Glaciimonas singularis
KS-06	90.023	1313	120	11	24	1329	1	1309	0.0	1700	tax=d:Bacteria,p:Proteobacteria,c:Betaproteobacteria,o:Burkholderiales,f:Burkholderiaceae,g:Caballeronia,s:Caballeronia choica
KS-06	90.030	1314	118	12	24	1329	1	1309	0.0	1700	tax=d:Bacteria,p:Proteobacteria,c:Betaproteobacteria,o:Burkholderiales,f:Oxalobacteraceae,g:Collimonas,s:Collimonas arenae
KS-06	90.015	1312	122	9	24	1329	1	1309	0.0	1700	tax=d:Bacteria,p:Proteobacteria,c:Betaproteobacteria,o:Burkholderiales,f:Oxalobacteraceae,g:AVCC_g,s:AVCC_s
KS-06	89.970	1316	119	11	24	1329	1	1313	0.0	1698	tax=d:Bacteria,p:Proteobacteria,c:Betaproteobacteria,o:Burkholderiales,f:Burkholderiaceae,g:Paraburkholderia,s:FM872738_s
KS-06	90.030	1314	116	11	24	1329	1	1307	0.0	1698	tax=d:Bacteria,p:Proteobacteria,c:Betaproteobacteria,o:Burkholderiales,f:Comamonadaceae,g:Inhella,s:Inhella inkyongensis
KS-06	90.362	1297	108	17	44	1329	1	1291	0.0	1698	tax=d:Bacteria,p:Proteobacteria,c:Betaproteobacteria,o:Burkholderiales,f:Oxalobacteraceae,g:Herbaspirillum,s:Herbaspirillum rubrisubalbicans
KS-06	90.030	1314	114	13	24	1329	1	1305	0.0	1696	tax=d:Bacteria,p:Proteobacteria,c:Betaproteobacteria,o:Burkholderiales,f:Comamonadaceae,g:Leptothrix,s:Leptothrix discophora
KS-06	89.962	1315	119	12	24	1329	1	1311	0.0	1696	tax=d:Bacteria,p:Proteobacteria,c:Betaproteobacteria,o:Burkholderiales,f:Burkholderiaceae,g:Burkholderia,s:Burkholderia rinojensis
KS-06	89.954	1314	121	11	24	1329	1	1311	0.0	1696	tax=d:Bacteria,p:Proteobacteria,c:Betaproteobacteria,o:Burkholderiales,f:Oxalobacteraceae,g:Glaciimonas,s:Glaciimonas alpina
KS-06	89.939	1312	123	8	24	1329	1	1309	0.0	1694	tax=d:Bacteria,p:Proteobacteria,c:Betaproteobacteria,o:Burkholderiales,f:Sutterellaceae,g:AP014683_g,s:FJ936833_s
KS-06	89.962	1315	117	13	24	1329	1	1309	0.0	1694	tax=d:Bacteria,p:Proteobacteria,c:Betaproteobacteria,o:Burkholderiales,f:Quisquiliibacterium_f,g:HQ910358_g,s:DQ256353_s
KS-06	89.954	1314	119	12	24	1329	1	1309	0.0	1694	tax=d:Bacteria,p:Proteobacteria,c:Betaproteobacteria,o:Burkholderiales,f:Burkholderiaceae,g:Paraburkholderia,s:Paraburkholderia fungorum
KS-06	89.947	1313	121	11	24	1329	1	1309	0.0	1694	tax=d:Bacteria,p:Proteobacteria,c:Betaproteobacteria,o:Burkholderiales,f:Burkholderiaceae,g:Paraburkholderia,s:Paraburkholderia megapolitana
KS-06	90.031	1304	123	7	31	1329	1	1302	0.0	1692	tax=d:Bacteria,p:Proteobacteria,c:Betaproteobacteria,o:Burkholderiales,f:Oxalobacteraceae,g:JF833519_g,s:JF833519_s
KS-06	89.901	1317	118	13	24	1329	1	1313	0.0	1692	tax=d:Bacteria,p:Proteobacteria,c:Betaproteobacteria,o:Burkholderiales,f:Burkholderiaceae,g:Pandoraea,s:Pandoraea thiooxydans
KS-06	89.962	1315	115	15	24	1329	1	1307	0.0	1692	tax=d:Bacteria,p:Proteobacteria,c:Betaproteobacteria,o:Burkholderiales,f:Comamonadaceae,g:Ideonella,s:Ideonella sakaiensis
KS-06	89.878	1314	122	9	24	1329	1	1311	0.0	1690	tax=d:Bacteria,p:Proteobacteria,c:Betaproteobacteria,o:Burkholderiales,f:Oxalobacteraceae,g:Undibacterium,s:Undibacterium squillarum
KS-06	89.878	1314	122	10	24	1329	1	1311	0.0	1690	tax=d:Bacteria,p:Proteobacteria,c:Betaproteobacteria,o:Burkholderiales,f:Burkholderiaceae,g:Paraburkholderia,s:Paraburkholderia ginsengisoli
KS-06	89.894	1316	118	13	24	1329	1	1311	0.0	1690	tax=d:Bacteria,p:Proteobacteria,c:Betaproteobacteria,o:Burkholderiales,f:Burkholderiaceae,g:Paraburkholderia,s:Paraburkholderia phenoliruptrix
KS-06	89.886	1315	117	16	24	1329	1	1308	0.0	1688	tax=d:Bacteria,p:Proteobacteria,c:Betaproteobacteria,o:Burkholderiales,f:Oxalobacteraceae,g:Paucimonas,s:PAC000247_s
KS-06	89.871	1313	122	11	24	1329	1	1309	0.0	1688	tax=d:Bacteria,p:Proteobacteria,c:Betaproteobacteria,o:Burkholderiales,f:Burkholderiaceae,g:Paraburkholderia,s:FSRU_s
KS-06	89.878	1314	119	14	24	1329	1	1308	0.0	1688	tax=d:Bacteria,p:Proteobacteria,c:Betaproteobacteria,o:Burkholderiales,f:Burkholderiaceae,g:Paraburkholderia,s:FSRM_s
KS-06	89.871	1313	122	11	24	1329	1	1309	0.0	1688	tax=d:Bacteria,p:Proteobacteria,c:Betaproteobacteria,o:Burkholderiales,f:Burkholderiaceae,g:Caballeronia,s:Caballeronia udeis
KS-06	89.894	1316	116	15	24	1329	1	1309	0.0	1688	tax=d:Bacteria,p:Proteobacteria,c:Betaproteobacteria,o:Burkholderiales,f:Oxalobacteraceae,g:AJ012069_g,s:DQ469209_s
KS-06	89.901	1317	114	16	24	1329	1	1309	0.0	1688	tax=d:Bacteria,p:Proteobacteria,c:Betaproteobacteria,o:Burkholderiales,f:Quisquiliibacterium_f,g:HQ910358_g,s:AB186830_s
KS-06	89.863	1312	122	11	25	1329	1	1308	0.0	1687	tax=d:Bacteria,p:Proteobacteria,c:Betaproteobacteria,o:Burkholderiales,f:Oxalobacteraceae,g:EF516828_g,s:EF516828_s
KS-06	89.787	1312	125	9	24	1329	1	1309	0.0	1685	tax=d:Bacteria,p:Proteobacteria,c:Betaproteobacteria,o:Burkholderiales,f:Comamonadaceae,g:Ramlibacter,s:LMQL_s
KS-06	89.802	1314	122	12	24	1329	1	1310	0.0	1685	tax=d:Bacteria,p:Proteobacteria,c:Betaproteobacteria,o:Burkholderiales,f:Burkholderiaceae,g:Caballeronia,s:Caballeronia temeraria
KS-06	89.802	1314	123	10	24	1329	1	1311	0.0	1685	tax=d:Bacteria,p:Proteobacteria,c:Betaproteobacteria,o:Burkholderiales,f:Burkholderiaceae,g:Pandoraea,s:Pandoraea oxalativorans
KS-06	89.802	1314	123	10	24	1329	1	1311	0.0	1685	tax=d:Bacteria,p:Proteobacteria,c:Betaproteobacteria,o:Burkholderiales,f:Burkholderiaceae,g:Pandoraea,s:Pandoraea pnomenusa
KS-06	89.810	1315	119	13	24	1329	1	1309	0.0	1683	tax=d:Bacteria,p:Proteobacteria,c:Betaproteobacteria,o:Burkholderiales,f:Quisquiliibacterium_f,g:HQ910358_g,s:HQ910358_s
KS-06	89.802	1314	121	13	24	1329	1	1309	0.0	1683	tax=d:Bacteria,p:Proteobacteria,c:Betaproteobacteria,o:Burkholderiales,f:Burkholderiaceae,g:Caballeronia,s:Caballeronia humi
KS-06	89.794	1313	123	11	24	1329	1	1309	0.0	1683	tax=d:Bacteria,p:Proteobacteria,c:Betaproteobacteria,o:Burkholderiales,f:Oxalobacteraceae,g:DQ264588_g,s:DQ264588_s
KS-06	89.794	1313	122	12	24	1329	1	1308	0.0	1683	tax=d:Bacteria,p:Proteobacteria,c:Betaproteobacteria,o:Burkholderiales,f:Burkholderiaceae,g:Caballeronia,s:Burkholderia nigropunctata
KS-06	89.771	1310	129	5	24	1329	1	1309	0.0	1683	tax=d:Bacteria,p:Proteobacteria,c:Betaproteobacteria,o:Burkholderiales,f:Oxalobacteraceae,g:Oxalobacter,s:AB288876_s
KS-06	90.031	1304	110	19	36	1329	3	1296	0.0	1681	tax=d:Bacteria,p:Proteobacteria,c:Betaproteobacteria,o:Burkholderiales,f:Oxalobacteraceae,g:Undibacterium,s:Undibacterium arcticum
KS-06	89.757	1318	117	16	24	1329	1	1312	0.0	1681	tax=d:Bacteria,p:Proteobacteria,c:Betaproteobacteria,o:Burkholderiales,f:Burkholderiaceae,g:Caballeronia,s:Caballeronia jiangsuensis
KS-06	89.794	1313	121	9	24	1329	1	1307	0.0	1681	tax=d:Bacteria,p:Proteobacteria,c:Betaproteobacteria,o:Burkholderiales,f:Comamonadaceae,g:Mitsuaria,s:FOZE_s
KS-06	89.847	1310	120	12	29	1329	1	1306	0.0	1681	tax=d:Bacteria,p:Proteobacteria,c:Betaproteobacteria,o:Burkholderiales,f:Oxalobacteraceae,g:Herminiimonas,s:AF407411_s
KS-06	89.749	1317	118	16	24	1329	1	1311	0.0	1679	tax=d:Bacteria,p:Proteobacteria,c:Betaproteobacteria,o:Burkholderiales,f:Burkholderiaceae,g:Burkholderia,s:Burkholderia plantarii
KS-06	89.718	1313	124	11	24	1329	1	1309	0.0	1677	tax=d:Bacteria,p:Proteobacteria,c:Betaproteobacteria,o:Burkholderiales,f:Oxalobacteraceae,g:Noviherbaspirillum,s:PAC002036_s
KS-06	89.893	1306	117	13	32	1329	1	1299	0.0	1677	tax=d:Bacteria,p:Proteobacteria,c:Betaproteobacteria,o:Burkholderiales,f:Comamonadaceae,g:Inhella,s:Inhella fonticola
KS-06	89.718	1313	124	11	24	1329	1	1309	0.0	1677	tax=d:Bacteria,p:Proteobacteria,c:Betaproteobacteria,o:Burkholderiales,f:Burkholderiaceae,g:Caballeronia,s:Caballeronia arationis
KS-06	89.710	1312	126	9	24	1329	1	1309	0.0	1677	tax=d:Bacteria,p:Proteobacteria,c:Betaproteobacteria,o:Burkholderiales,f:Burkholderiaceae,g:Paraburkholderia,s:Paraburkholderia soli
KS-06	90.257	1283	114	11	54	1329	1	1279	0.0	1677	tax=d:Bacteria,p:Proteobacteria,c:Betaproteobacteria,o:Burkholderiales,f:Comamonadaceae,g:Schlegelella,s:Schlegelella aquatica
KS-06	89.718	1313	124	11	24	1329	1	1309	0.0	1677	tax=d:Bacteria,p:Proteobacteria,c:Betaproteobacteria,o:Burkholderiales,f:Burkholderiaceae,g:Caballeronia,s:Caballeronia glathei
KS-06	89.832	1308	119	12	28	1329	1	1300	0.0	1677	tax=d:Bacteria,p:Proteobacteria,c:Betaproteobacteria,o:Burkholderiales,f:Comamonadaceae,g:Paucibacter,s:Paucibacter toxinivorans
KS-06	89.734	1315	118	13	24	1329	1	1307	0.0	1676	tax=d:Bacteria,p:Proteobacteria,c:Betaproteobacteria,o:Burkholderiales,f:Comamonadaceae,g:Roseateles,s:Roseateles aquatilis
KS-06	89.794	1313	115	18	29	1329	1	1306	0.0	1676	tax=d:Bacteria,p:Proteobacteria,c:Betaproteobacteria,o:Burkholderiales,f:Oxalobacteraceae,g:Herminiimonas,s:Herminiimonas contaminans
KS-06	89.726	1314	115	15	24	1329	1	1302	0.0	1676	tax=d:Bacteria,p:Proteobacteria,c:Betaproteobacteria,o:Burkholderiales,f:Comamonadaceae,g:Pelomonas,s:Pelomonas saccharophila
KS-06	89.642	1313	127	8	24	1329	1	1311	0.0	1674	tax=d:Bacteria,p:Proteobacteria,c:Betaproteobacteria,o:Burkholderiales,f:Burkholderiaceae,g:Pandoraea,s:Pandoraea terrae
KS-06	89.710	1312	121	11	24	1329	1	1304	0.0	1674	tax=d:Bacteria,p:Proteobacteria,c:Betaproteobacteria,o:Burkholderiales,f:Burkholderiaceae,g:Paraburkholderia,s:Paraburkholderia kirstenboschensis
KS-06	89.650	1314	125	10	24	1329	1	1311	0.0	1674	tax=d:Bacteria,p:Proteobacteria,c:Betaproteobacteria,o:Burkholderiales,f:Burkholderiaceae,g:Pandoraea,s:Pandoraea vervacti
KS-06	89.650	1314	125	10	24	1329	1	1311	0.0	1674	tax=d:Bacteria,p:Proteobacteria,c:Betaproteobacteria,o:Burkholderiales,f:Burkholderiaceae,g:Pandoraea,s:Pandoraea sputorum
KS-06	89.650	1314	125	10	24	1329	1	1311	0.0	1674	tax=d:Bacteria,p:Proteobacteria,c:Betaproteobacteria,o:Burkholderiales,f:Burkholderiaceae,g:Pandoraea,s:Pandoraea apista
KS-06	89.666	1316	121	14	24	1329	1	1311	0.0	1674	tax=d:Bacteria,p:Proteobacteria,c:Betaproteobacteria,o:Burkholderiales,f:Burkholderiaceae,g:Paraburkholderia,s:Paraburkholderia caledonica
KS-06	89.681	1318	117	18	24	1329	1	1311	0.0	1674	tax=d:Bacteria,p:Proteobacteria,c:Betaproteobacteria,o:Burkholderiales,f:Oxalobacteraceae,g:Herminiimonas,s:Herminiimonas saxobsidens
KS-06	89.658	1315	121	15	24	1329	1	1309	0.0	1672	tax=d:Bacteria,p:Proteobacteria,c:Betaproteobacteria,o:Burkholderiales,f:Burkholderiaceae,g:Robbsia,s:Robbsia andropogonis
KS-06	89.658	1315	121	15	24	1329	1	1309	0.0	1672	tax=d:Bacteria,p:Proteobacteria,c:Betaproteobacteria,o:Burkholderiales,f:Comamonadaceae,g:Zhizhongheella,s:Caldimonas meghalayensis
KS-06	89.634	1312	127	9	24	1329	1	1309	0.0	1672	tax=d:Bacteria,p:Proteobacteria,c:Betaproteobacteria,o:Thiobacillus_o,f:Thiobacillaceae,g:FJ437813_g,s:FJ712609_s
KS-06	89.605	1318	121	14	24	1329	1	1314	0.0	1672	tax=d:Bacteria,p:Proteobacteria,c:Betaproteobacteria,o:Burkholderiales,f:Sutterellaceae,g:Sutterella,s:EF401611_s
KS-06	89.681	1318	114	20	24	1329	1	1308	0.0	1672	tax=d:Bacteria,p:Proteobacteria,c:Betaproteobacteria,o:Burkholderiales,f:Oxalobacteraceae,g:DQ351915_g,s:DQ351915_s
KS-06	89.710	1312	120	13	27	1329	2	1307	0.0	1672	tax=d:Bacteria,p:Proteobacteria,c:Betaproteobacteria,o:Burkholderiales,f:Comamonadaceae,g:AY429712_g,s:AY429712_s
KS-06	89.613	1319	120	16	24	1329	1	1315	0.0	1672	tax=d:Bacteria,p:Proteobacteria,c:Betaproteobacteria,o:Burkholderiales,f:Oxalobacteraceae,g:AJ012069_g,s:AJ012069_s
KS-06	89.637	1322	114	22	24	1329	1	1315	0.0	1672	tax=d:Bacteria,p:Proteobacteria,c:Betaproteobacteria,o:Burkholderiales,f:Oxalobacteraceae,g:Oxalicibacterium,s:Oxalicibacterium horti
KS-06	89.605	1318	120	15	24	1329	1	1313	0.0	1670	tax=d:Bacteria,p:Proteobacteria,c:Betaproteobacteria,o:Burkholderiales,f:Burkholderiaceae,g:Caballeronia,s:Burkholderia kirkii
KS-06	89.658	1315	119	13	24	1329	1	1307	0.0	1670	tax=d:Bacteria,p:Proteobacteria,c:Betaproteobacteria,o:Burkholderiales,f:Comamonadaceae,g:Mitsuaria,s:Mitsuaria chitosanitabida
KS-06	89.634	1312	125	9	24	1329	1	1307	0.0	1670	tax=d:Bacteria,p:Proteobacteria,c:Betaproteobacteria,o:Burkholderiales,f:Comamonadaceae,g:LJID_g,s:AJ964894_s
KS-06	90.000	1300	110	18	24	1309	1	1294	0.0	1670	tax=d:Bacteria,p:Proteobacteria,c:Betaproteobacteria,o:Burkholderiales,f:Oxalobacteraceae,g:Oxalicibacterium,s:AB696494_s
KS-06	89.605	1318	118	17	24	1329	1	1311	0.0	1668	tax=d:Bacteria,p:Proteobacteria,c:Betaproteobacteria,o:Burkholderiales,f:Oxalobacteraceae,g:Actimicrobium,s:Actimicrobium antarcticum
KS-06	89.574	1314	126	10	24	1329	1	1311	0.0	1668	tax=d:Bacteria,p:Proteobacteria,c:Betaproteobacteria,o:Burkholderiales,f:Burkholderiaceae,g:Paraburkholderia,s:Paraburkholderia phytofirmans
KS-06	89.566	1313	126	11	24	1329	1	1309	0.0	1666	tax=d:Bacteria,p:Proteobacteria,c:Betaproteobacteria,o:Burkholderiales,f:Burkholderiaceae,g:Paraburkholderia,s:Paraburkholderia ginsengiterrae
KS-06	89.550	1311	130	6	24	1329	1	1309	0.0	1666	tax=d:Bacteria,p:Proteobacteria,c:Betaproteobacteria,o:Burkholderiales,f:Comamonadaceae,g:Ramlibacter,s:Ramlibacter rhizophilus
KS-06	89.566	1313	126	9	24	1329	1	1309	0.0	1666	tax=d:Bacteria,p:Proteobacteria,c:Betaproteobacteria,o:Burkholderiales,f:Oxalobacteraceae,g:Oxalobacter,s:KI392030_s
KS-06	89.566	1313	126	10	24	1329	1	1309	0.0	1666	tax=d:Bacteria,p:Proteobacteria,c:Betaproteobacteria,o:Burkholderiales,f:OM156_f,g:OM156_g,s:EU805093_s
KS-06	90.101	1283	114	12	57	1329	1	1280	0.0	1664	tax=d:Bacteria,p:Proteobacteria,c:Betaproteobacteria,o:Burkholderiales,f:Oxalobacteraceae,g:Undibacterium,s:Undibacterium macrobrachii
KS-06	89.558	1312	126	11	24	1329	1	1307	0.0	1664	tax=d:Bacteria,p:Proteobacteria,c:Betaproteobacteria,o:Burkholderiales,f:Comamonadaceae,g:Rubrivivax,s:Rubrivivax gelatinosus
KS-06	89.582	1315	120	13	24	1329	1	1307	0.0	1664	tax=d:Bacteria,p:Proteobacteria,c:Betaproteobacteria,o:Burkholderiales,f:Comamonadaceae,g:Roseateles,s:Roseateles depolymerans
KS-06	89.558	1312	126	11	24	1329	1	1307	0.0	1664	tax=d:Bacteria,p:Proteobacteria,c:Betaproteobacteria,o:Burkholderiales,f:Comamonadaceae,g:Rubrivivax,s:Rubrivivax benzoatilyticus
KS-06	89.498	1314	126	12	24	1329	1	1310	0.0	1663	tax=d:Bacteria,p:Proteobacteria,c:Betaproteobacteria,o:Burkholderiales,f:Burkholderiaceae,g:Caballeronia,s:Paraburkholderia schumannianae
KS-06	89.506	1315	125	12	24	1329	1	1311	0.0	1663	tax=d:Bacteria,p:Proteobacteria,c:Betaproteobacteria,o:Burkholderiales,f:Burkholderiaceae,g:Paraburkholderia,s:CP022990_s
KS-06	89.506	1315	125	10	24	1329	1	1311	0.0	1663	tax=d:Bacteria,p:Proteobacteria,c:Betaproteobacteria,o:Burkholderiales,f:Burkholderiaceae,g:Paraburkholderia,s:Paraburkholderia bannensis
KS-06	89.610	1309	123	13	29	1329	3	1306	0.0	1663	tax=d:Bacteria,p:Proteobacteria,c:Betaproteobacteria,o:Burkholderiales,f:Oxalobacteraceae,g:Massilia,s:Massilia dura
KS-06	89.514	1316	121	17	24	1329	1	1309	0.0	1661	tax=d:Bacteria,p:Proteobacteria,c:Betaproteobacteria,o:Burkholderiales,f:Comamonadaceae,g:Zhizhongheella,s:Zhizhongheella caldifontis
KS-06	89.498	1314	125	13	24	1329	1	1309	0.0	1661	tax=d:Bacteria,p:Proteobacteria,c:Betaproteobacteria,o:Burkholderiales,f:Oxalobacteraceae,g:Janthinobacterium,s:Janthinobacterium agaricidamnosum
KS-06	89.430	1315	126	12	24	1329	1	1311	0.0	1661	tax=d:Bacteria,p:Proteobacteria,c:Betaproteobacteria,o:Burkholderiales,f:Burkholderiaceae,g:Burkholderia,s:Burkholderia pseudomultivorans
KS-06	89.482	1312	129	9	24	1329	1	1309	0.0	1661	tax=d:Bacteria,p:Proteobacteria,c:Betaproteobacteria,o:Burkholderiales,f:Comamonadaceae,g:Ramlibacter,s:DQ354711_s
KS-06	89.506	1315	123	15	24	1329	1	1309	0.0	1661	tax=d:Bacteria,p:Proteobacteria,c:Betaproteobacteria,o:Burkholderiales,f:Oxalobacteraceae,g:Janthinobacterium,s:CP019510_s
KS-06	89.545	1320	109	24	28	1329	1	1309	0.0	1659	tax=d:Bacteria,p:Proteobacteria,c:Betaproteobacteria,o:Burkholderiales,f:Oxalobacteraceae,g:Undibacterium,s:Undibacterium seohonense
KS-06	90.518	1255	108	9	82	1329	23	1273	0.0	1659	tax=d:Bacteria,p:Proteobacteria,c:Betaproteobacteria,o:Burkholderiales,f:Comamonadaceae,g:Kinneretia,s:Kinneretia asaccharophila
KS-06	89.414	1313	128	11	24	1329	1	1309	0.0	1659	tax=d:Bacteria,p:Proteobacteria,c:Betaproteobacteria,o:Burkholderiales,f:Burkholderiaceae,g:Paraburkholderia,s:Paraburkholderia nodosa
KS-06	89.422	1314	128	10	24	1329	1	1311	0.0	1657	tax=d:Bacteria,p:Proteobacteria,c:Betaproteobacteria,o:Burkholderiales,f:Burkholderiaceae,g:Pandoraea,s:Pandoraea faecigallinarum
KS-06	89.422	1314	128	10	24	1329	1	1311	0.0	1657	tax=d:Bacteria,p:Proteobacteria,c:Betaproteobacteria,o:Burkholderiales,f:Burkholderiaceae,g:Pandoraea,s:Pandoraea pulmonicola
KS-06	89.422	1314	128	10	24	1329	1	1311	0.0	1657	tax=d:Bacteria,p:Proteobacteria,c:Betaproteobacteria,o:Burkholderiales,f:Burkholderiaceae,g:Paraburkholderia,s:CP002013_s
KS-06	89.422	1314	128	10	24	1329	1	1311	0.0	1657	tax=d:Bacteria,p:Proteobacteria,c:Betaproteobacteria,o:Burkholderiales,f:Burkholderiaceae,g:Paraburkholderia,s:Paraburkholderia oxyphila
KS-06	89.746	1297	120	13	42	1329	1	1293	0.0	1657	tax=d:Bacteria,p:Proteobacteria,c:Betaproteobacteria,o:Burkholderiales,f:Oxalobacteraceae,g:Massilia,s:Massilia lutea
KS-06	89.760	1289	123	9	47	1329	1	1286	0.0	1655	tax=d:Bacteria,p:Proteobacteria,c:Betaproteobacteria,o:Burkholderiales,f:Oxalobacteraceae,g:Pseudoduganella,s:Pseudoduganella danionis
KS-06	89.430	1315	124	15	24	1329	1	1309	0.0	1655	tax=d:Bacteria,p:Proteobacteria,c:Betaproteobacteria,o:Burkholderiales,f:Oxalobacteraceae,g:Janthinobacterium,s:JFYR_s
KS-06	89.402	1321	118	19	24	1329	1	1314	0.0	1655	tax=d:Bacteria,p:Proteobacteria,c:Betaproteobacteria,o:Nitrosomonadales,f:Nitrosomonadaceae,g:Nitrosospira,s:FOHI_s
KS-06	89.414	1313	128	11	24	1329	1	1309	0.0	1655	tax=d:Bacteria,p:Proteobacteria,c:Betaproteobacteria,o:Burkholderiales,f:Burkholderiaceae,g:Burkholderia,s:Burkholderia pseudomallei
KS-06	89.430	1315	124	15	24	1329	1	1309	0.0	1655	tax=d:Bacteria,p:Proteobacteria,c:Betaproteobacteria,o:Burkholderiales,f:Oxalobacteraceae,g:Janthinobacterium,s:CP011319_s
KS-06	89.422	1314	124	15	25	1329	1	1308	0.0	1653	tax=d:Bacteria,p:Proteobacteria,c:Betaproteobacteria,o:Burkholderiales,f:Oxalobacteraceae,g:Janthinobacterium,s:Janthinobacterium lividum
KS-06	89.775	1291	120	12	47	1329	1	1287	0.0	1653	tax=d:Bacteria,p:Proteobacteria,c:Betaproteobacteria,o:Burkholderiales,f:Burkholderiaceae,g:Paraburkholderia,s:Burkholderia dabaoshanensis
KS-06	89.329	1312	131	9	24	1329	1	1309	0.0	1652	tax=d:Bacteria,p:Proteobacteria,c:Betaproteobacteria,o:Burkholderiales,f:Comamonadaceae,g:HM769658_g,s:HM769658_s
KS-06	89.354	1315	126	14	24	1329	1	1310	0.0	1652	tax=d:Bacteria,p:Proteobacteria,c:Betaproteobacteria,o:Burkholderiales,f:Burkholderiaceae,g:Caballeronia,s:Caballeronia arvi
KS-06	89.354	1315	127	12	24	1329	1	1311	0.0	1652	tax=d:Bacteria,p:Proteobacteria,c:Betaproteobacteria,o:Burkholderiales,f:Burkholderiaceae,g:Paraburkholderia,s:Paraburkholderia unamae
KS-06	89.354	1315	125	13	24	1329	1	1309	0.0	1650	tax=d:Bacteria,p:Proteobacteria,c:Betaproteobacteria,o:Burkholderiales,f:Burkholderiaceae,g:PAC001916_g,s:PAC001916_s
KS-06	89.354	1315	125	15	24	1329	1	1309	0.0	1650	tax=d:Bacteria,p:Proteobacteria,c:Betaproteobacteria,o:Burkholderiales,f:Oxalobacteraceae,g:Janthinobacterium,s:LBCO_s
KS-06	89.821	1287	118	12	52	1329	1	1283	0.0	1650	tax=d:Bacteria,p:Proteobacteria,c:Betaproteobacteria,o:Burkholderiales,f:Burkholderiaceae,g:Paraburkholderia,s:Paraburkholderia dipogonis
KS-06	89.329	1312	131	9	24	1329	1	1309	0.0	1650	tax=d:Bacteria,p:Proteobacteria,c:Betaproteobacteria,o:Burkholderiales,f:Burkholderiaceae,g:Paraburkholderia,s:Paraburkholderia mimosarum
KS-06	89.286	1316	126	14	24	1329	1	1311	0.0	1648	tax=d:Bacteria,p:Proteobacteria,c:Betaproteobacteria,o:Burkholderiales,f:Burkholderiaceae,g:Burkholderia,s:Burkholderia dolosa
KS-06	89.346	1314	125	11	24	1329	1	1307	0.0	1648	tax=d:Bacteria,p:Proteobacteria,c:Betaproteobacteria,o:Burkholderiales,f:Comamonadaceae,g:Aquincola,s:Aquincola tertiaricarbonis
KS-06	89.852	1281	119	11	56	1329	1	1277	0.0	1646	tax=d:Bacteria,p:Proteobacteria,c:Betaproteobacteria,o:Burkholderiales,f:Burkholderiaceae,g:Paraburkholderia,s:Paraburkholderia phenazinium
KS-06	89.302	1318	122	18	24	1329	1	1311	0.0	1646	tax=d:Bacteria,p:Proteobacteria,c:Betaproteobacteria,o:Burkholderiales,f:Burkholderiaceae,g:Burkholderia,s:Burkholderia gladioli
KS-06	89.286	1316	126	14	24	1329	1	1311	0.0	1646	tax=d:Bacteria,p:Proteobacteria,c:Betaproteobacteria,o:Burkholderiales,f:Burkholderiaceae,g:Burkholderia,s:Burkholderia latens
KS-06	89.261	1313	130	11	24	1329	1	1309	0.0	1646	tax=d:Bacteria,p:Proteobacteria,c:Betaproteobacteria,o:Burkholderiales,f:Burkholderiaceae,g:Paraburkholderia,s:Paraburkholderia bryophila
KS-06	89.278	1315	126	14	24	1329	1	1309	0.0	1644	tax=d:Bacteria,p:Proteobacteria,c:Betaproteobacteria,o:Burkholderiales,f:Comamonadaceae,g:Ramlibacter,s:Ramlibacter monticola
KS-06	89.226	1318	126	13	24	1329	1	1314	0.0	1644	tax=d:Bacteria,p:Proteobacteria,c:Betaproteobacteria,o:Neisseriales,f:Neisseriaceae,g:Pseudogulbenkiania,s:AZUR_s
KS-06	89.269	1314	128	13	24	1329	1	1309	0.0	1644	tax=d:Bacteria,p:Proteobacteria,c:Betaproteobacteria,o:Burkholderiales,f:Burkholderiaceae,g:Paraburkholderia,s:Paraburkholderia rhizoxinica
KS-06	89.261	1313	130	11	24	1329	1	1309	0.0	1644	tax=d:Bacteria,p:Proteobacteria,c:Betaproteobacteria,o:Burkholderiales,f:Burkholderiaceae,g:Burkholderia,s:Burkholderia mallei
KS-06	89.559	1293	125	10	43	1329	1	1289	0.0	1642	tax=d:Bacteria,p:Proteobacteria,c:Betaproteobacteria,o:Burkholderiales,f:Burkholderiaceae,g:Paraburkholderia,s:Paraburkholderia denitrificans
KS-06	89.288	1307	133	6	29	1329	4	1309	0.0	1642	tax=d:Bacteria,p:Proteobacteria,c:Betaproteobacteria,o:Burkholderiales,f:Oxalobacteraceae,g:Actimicrobium,s:AF468349_s
KS-06	89.782	1282	118	12	56	1329	1	1277	0.0	1640	tax=d:Bacteria,p:Proteobacteria,c:Betaproteobacteria,o:Burkholderiales,f:Burkholderiaceae,g:Paraburkholderia,s:Paraburkholderia insulsa
KS-06	89.210	1316	127	14	24	1329	1	1311	0.0	1640	tax=d:Bacteria,p:Proteobacteria,c:Betaproteobacteria,o:Burkholderiales,f:Burkholderiaceae,g:Burkholderia,s:Burkholderia vietnamiensis
KS-06	89.210	1316	127	14	24	1329	1	1311	0.0	1640	tax=d:Bacteria,p:Proteobacteria,c:Betaproteobacteria,o:Burkholderiales,f:Burkholderiaceae,g:Burkholderia,s:Burkholderia diffusa
KS-06	89.210	1316	127	14	24	1329	1	1311	0.0	1640	tax=d:Bacteria,p:Proteobacteria,c:Betaproteobacteria,o:Burkholderiales,f:Burkholderiaceae,g:Burkholderia,s:Burkholderia multivorans
KS-06	89.237	1310	129	9	24	1329	1	1302	0.0	1639	tax=d:Bacteria,p:Proteobacteria,c:Betaproteobacteria,o:Burkholderiales,f:Comamonadaceae,g:Paucibacter,s:HQ003410_s
KS-06	89.150	1318	128	14	24	1329	1	1315	0.0	1639	tax=d:Bacteria,p:Proteobacteria,c:Betaproteobacteria,o:PAC002541_o,f:PAC002541_f,g:PAC002541_g,s:EF632935_s
KS-06	89.185	1313	131	10	24	1329	1	1309	0.0	1639	tax=d:Bacteria,p:Proteobacteria,c:Betaproteobacteria,o:Burkholderiales,f:Comamonadaceae,g:Ramlibacter,s:Ramlibacter tataouinensis
KS-06	89.169	1311	135	7	24	1329	1	1309	0.0	1639	tax=d:Bacteria,p:Proteobacteria,c:Betaproteobacteria,o:Burkholderiales,f:Comamonadaceae,g:Comamonas,s:Comamonas terrigena
KS-06	89.185	1313	131	9	24	1329	1	1309	0.0	1639	tax=d:Bacteria,p:Proteobacteria,c:Betaproteobacteria,o:Burkholderiales,f:Comamonadaceae,g:AB240291_g,s:AB240291_s
KS-06	89.193	1314	127	13	24	1329	1	1307	0.0	1637	tax=d:Bacteria,p:Proteobacteria,c:Betaproteobacteria,o:Burkholderiales,f:Comamonadaceae,g:LJID_g,s:FM209333_s
KS-06	89.210	1316	123	16	24	1329	1	1307	0.0	1637	tax=d:Bacteria,p:Proteobacteria,c:Betaproteobacteria,o:Burkholderiales,f:Oxalobacteraceae,g:Massilia,s:Massilia putida
KS-06	89.134	1316	128	13	24	1329	1	1311	0.0	1635	tax=d:Bacteria,p:Proteobacteria,c:Betaproteobacteria,o:Burkholderiales,f:Burkholderiaceae,g:Pandoraea,s:NGUR_s
KS-06	89.125	1315	129	14	24	1329	1	1310	0.0	1635	tax=d:Bacteria,p:Proteobacteria,c:Betaproteobacteria,o:Burkholderiales,f:Burkholderiaceae,g:Caballeronia,s:LFJI_s
KS-06	89.142	1317	126	16	24	1329	1	1311	0.0	1635	tax=d:Bacteria,p:Proteobacteria,c:Betaproteobacteria,o:Burkholderiales,f:Burkholderiaceae,g:Burkholderia,s:Burkholderia glumae
KS-06	89.101	1312	134	9	24	1329	1	1309	0.0	1633	tax=d:Bacteria,p:Proteobacteria,c:Betaproteobacteria,o:Burkholderiales,f:Burkholderiaceae,g:Paraburkholderia,s:Paraburkholderia piptadeniae
KS-06	89.066	1317	129	12	24	1329	1	1313	0.0	1631	tax=d:Bacteria,p:Proteobacteria,c:Betaproteobacteria,o:Burkholderiales,f:Sutterellaceae,g:Sutterella,s:JH815513_s
KS-06	89.058	1316	129	14	24	1329	1	1311	0.0	1629	tax=d:Bacteria,p:Proteobacteria,c:Betaproteobacteria,o:Burkholderiales,f:Burkholderiaceae,g:Burkholderia,s:Burkholderia contaminans
KS-06	89.058	1316	129	14	24	1329	1	1311	0.0	1629	tax=d:Bacteria,p:Proteobacteria,c:Betaproteobacteria,o:Burkholderiales,f:Burkholderiaceae,g:Burkholderia,s:JJOA_s
KS-06	89.527	1289	120	13	49	1329	1	1282	0.0	1629	tax=d:Bacteria,p:Proteobacteria,c:Betaproteobacteria,o:Burkholderiales,f:Oxalobacteraceae,g:Massilia,s:Massilia norwichensis
KS-06	89.058	1316	129	14	24	1329	1	1311	0.0	1629	tax=d:Bacteria,p:Proteobacteria,c:Betaproteobacteria,o:Burkholderiales,f:Burkholderiaceae,g:Burkholderia,s:Burkholderia ambifaria
KS-06	90.176	1252	110	11	86	1329	28	1274	0.0	1629	tax=d:Bacteria,p:Proteobacteria,c:Betaproteobacteria,o:Burkholderiales,f:Comamonadaceae,g:Pelomonas,s:Pelomonas aquatica
KS-06	89.058	1316	129	14	24	1329	1	1311	0.0	1629	tax=d:Bacteria,p:Proteobacteria,c:Betaproteobacteria,o:Burkholderiales,f:Burkholderiaceae,g:Burkholderia,s:Burkholderia anthina
KS-06	89.117	1314	126	15	27	1329	1	1308	0.0	1629	tax=d:Bacteria,p:Proteobacteria,c:Betaproteobacteria,o:Burkholderiales,f:Burkholderiaceae,g:Paraburkholderia,s:Paraburkholderia tuberum
KS-06	88.813	1314	134	13	24	1329	1	1309	0.0	1629	tax=d:Bacteria,p:Proteobacteria,c:Betaproteobacteria,o:Burkholderiales,f:Comamonadaceae,g:AF234753_g,s:AF234753_s
KS-06	89.041	1314	131	13	24	1329	1	1309	0.0	1628	tax=d:Bacteria,p:Proteobacteria,c:Betaproteobacteria,o:Burkholderiales,f:Oxalobacteraceae,g:Massilia,s:Massilia buxea
KS-06	89.324	1302	120	16	37	1329	1	1292	0.0	1628	tax=d:Bacteria,p:Proteobacteria,c:Betaproteobacteria,o:Burkholderiales,f:Comamonadaceae,g:Sphaerotilus,s:Sphaerotilus hippei
KS-06	89.033	1313	133	11	24	1329	1	1309	0.0	1628	tax=d:Bacteria,p:Proteobacteria,c:Betaproteobacteria,o:Burkholderiales,f:Burkholderiaceae,g:Burkholderia,s:Burkholderia thailandensis
KS-06	89.109	1313	126	15	24	1329	1	1303	0.0	1628	tax=d:Bacteria,p:Proteobacteria,c:Betaproteobacteria,o:Burkholderiales,f:Comamonadaceae,g:Sphaerotilus,s:Sphaerotilus natans
KS-06	88.990	1317	131	11	24	1329	1	1314	0.0	1628	tax=d:Bacteria,p:Proteobacteria,c:Betaproteobacteria,o:Neisseriales,f:Neisseriaceae,g:Laribacter,s:Laribacter hongkongensis
KS-06	89.049	1315	129	15	24	1329	1	1309	0.0	1628	tax=d:Bacteria,p:Proteobacteria,c:Betaproteobacteria,o:Burkholderiales,f:Comamonadaceae,g:Curvibacter,s:Curvibacter gracilis
KS-06	88.982	1316	130	14	24	1329	1	1311	0.0	1626	tax=d:Bacteria,p:Proteobacteria,c:Betaproteobacteria,o:Burkholderiales,f:Burkholderiaceae,g:Burkholderia,s:Burkholderia puraquae
KS-06	88.990	1317	129	15	24	1329	1	1312	0.0	1626	tax=d:Bacteria,p:Proteobacteria,c:Betaproteobacteria,o:Burkholderiales,f:Burkholderiaceae,g:Burkholderia,s:Burkholderia cenocepacia
KS-06	89.396	1292	124	13	45	1329	1	1286	0.0	1626	tax=d:Bacteria,p:Proteobacteria,c:Betaproteobacteria,o:Burkholderiales,f:Oxalobacteraceae,g:Duganella,s:Duganella radicis
KS-06	90.040	1255	114	10	82	1329	12	1262	0.0	1626	tax=d:Bacteria,p:Proteobacteria,c:Betaproteobacteria,o:Burkholderiales,f:Comamonadaceae,g:Ramlibacter,s:Ramlibacter henchirensis
KS-06	89.066	1317	121	19	24	1329	1	1305	0.0	1624	tax=d:Bacteria,p:Proteobacteria,c:Betaproteobacteria,o:Burkholderiales,f:Comamonadaceae,g:Leptothrix,s:Leptothrix mobilis
KS-06	88.990	1317	128	15	24	1329	1	1311	0.0	1624	tax=d:Bacteria,p:Proteobacteria,c:Betaproteobacteria,o:Burkholderiales,f:Burkholderiaceae,g:Pandoraea,s:Pandoraea norimbergensis
KS-06	88.982	1316	130	14	24	1329	1	1311	0.0	1624	tax=d:Bacteria,p:Proteobacteria,c:Betaproteobacteria,o:Burkholderiales,f:Burkholderiaceae,g:Burkholderia,s:Burkholderia pyrrocinia
KS-06	90.136	1247	114	8	89	1329	21	1264	0.0	1624	tax=d:Bacteria,p:Proteobacteria,c:Betaproteobacteria,o:Burkholderiales,f:Oxalobacteraceae,g:AB486719_g,s:AB486691_s
KS-06	89.049	1315	123	18	26	1329	1	1305	0.0	1622	tax=d:Bacteria,p:Proteobacteria,c:Betaproteobacteria,o:Burkholderiales,f:Oxalobacteraceae,g:Massilia,s:Massilia pinisoli
KS-06	89.179	1303	126	15	41	1329	1	1302	0.0	1622	tax=d:Bacteria,p:Proteobacteria,c:Betaproteobacteria,o:Burkholderiales,f:Sutterellaceae,g:AP014683_g,s:JN615987_s
KS-06	90.016	1252	116	9	84	1329	1	1249	0.0	1622	tax=d:Bacteria,p:Proteobacteria,c:Betaproteobacteria,o:Burkholderiales,f:Burkholderiaceae,g:Paraburkholderia,s:Paraburkholderia peleae
KS-06	88.973	1315	130	15	24	1329	1	1309	0.0	1622	tax=d:Bacteria,p:Proteobacteria,c:Betaproteobacteria,o:Burkholderiales,f:Oxalobacteraceae,g:Pseudoduganella,s:FNEQ_s
KS-06	89.272	1305	115	21	37	1329	1	1292	0.0	1622	tax=d:Bacteria,p:Proteobacteria,c:Betaproteobacteria,o:Burkholderiales,f:Comamonadaceae,g:Sphaerotilus,s:Sphaerotilus montanus
KS-06	89.033	1313	124	19	29	1329	1	1305	0.0	1622	tax=d:Bacteria,p:Proteobacteria,c:Betaproteobacteria,o:Burkholderiales,f:Comamonadaceae,g:Azohydromonas,s:Azohydromonas lata
KS-06	89.275	1296	124	14	44	1329	1	1291	0.0	1620	tax=d:Bacteria,p:Proteobacteria,c:Betaproteobacteria,o:Burkholderiales,f:Burkholderiaceae,g:Paraburkholderia,s:Paraburkholderia graminis
KS-06	88.948	1312	134	11	24	1329	1	1307	0.0	1620	tax=d:Bacteria,p:Proteobacteria,c:Betaproteobacteria,o:Burkholderiales,f:Oxalobacteraceae,g:Oxalobacter,s:Oxalobacter formigenes
KS-06	88.906	1316	131	14	24	1329	1	1311	0.0	1620	tax=d:Bacteria,p:Proteobacteria,c:Betaproteobacteria,o:Burkholderiales,f:Burkholderiaceae,g:Burkholderia,s:Burkholderia territorii
KS-06	88.990	1317	122	19	24	1329	1	1305	0.0	1618	tax=d:Bacteria,p:Proteobacteria,c:Betaproteobacteria,o:Burkholderiales,f:Comamonadaceae,g:Leptothrix,s:Leptothrix cholodnii
KS-06	88.923	1318	127	18	22	1329	1	1309	0.0	1618	tax=d:Bacteria,p:Proteobacteria,c:Betaproteobacteria,o:Burkholderiales,f:Comamonadaceae,g:Azohydromonas,s:Azohydromonas ureilytica
KS-06	89.408	1284	125	10	53	1329	1	1280	0.0	1618	tax=d:Bacteria,p:Proteobacteria,c:Betaproteobacteria,o:Burkholderiales,f:Comamonadaceae,g:Ramlibacter,s:Ramlibacter alkalitolerans
KS-06	89.275	1296	122	15	41	1329	1	1286	0.0	1618	tax=d:Bacteria,p:Proteobacteria,c:Betaproteobacteria,o:Burkholderiales,f:Comamonadaceae,g:Sphaerotilus,s:Sphaerotilus natans
KS-06	88.906	1316	131	14	24	1329	1	1311	0.0	1618	tax=d:Bacteria,p:Proteobacteria,c:Betaproteobacteria,o:Burkholderiales,f:Burkholderiaceae,g:Burkholderia,s:Burkholderia stabilis
KS-06	88.906	1316	131	14	24	1329	1	1311	0.0	1618	tax=d:Bacteria,p:Proteobacteria,c:Betaproteobacteria,o:Burkholderiales,f:Burkholderiaceae,g:Burkholderia,s:Burkholderia cepacia
KS-06	88.889	1314	135	10	24	1329	1	1311	0.0	1618	tax=d:Bacteria,p:Proteobacteria,c:Betaproteobacteria,o:Burkholderiales,f:Burkholderiaceae,g:Paraburkholderia,s:Paraburkholderia sacchari
KS-06	88.838	1317	133	11	24	1329	1	1314	0.0	1616	tax=d:Bacteria,p:Proteobacteria,c:Betaproteobacteria,o:PAC002541_o,f:PAC002248_f,g:PAC002248_g,s:DQ404597_s
KS-06	89.258	1294	124	12	45	1329	1	1288	0.0	1616	tax=d:Bacteria,p:Proteobacteria,c:Betaproteobacteria,o:Burkholderiales,f:Burkholderiaceae,g:Paraburkholderia,s:Paraburkholderia caryophylli
KS-06	88.813	1314	136	10	24	1329	1	1311	0.0	1613	tax=d:Bacteria,p:Proteobacteria,c:Betaproteobacteria,o:Burkholderiales,f:Burkholderiaceae,g:Paraburkholderia,s:MSDV_s
KS-06	88.754	1316	133	14	24	1329	1	1311	0.0	1613	tax=d:Bacteria,p:Proteobacteria,c:Betaproteobacteria,o:Burkholderiales,f:Burkholderiaceae,g:Burkholderia,s:Burkholderia seminalis
KS-06	89.025	1303	129	14	35	1329	2	1298	0.0	1613	tax=d:Bacteria,p:Proteobacteria,c:Betaproteobacteria,o:Burkholderiales,f:Comamonadaceae,g:Tepidimonas,s:Tepidimonas ignava
KS-06	89.294	1289	120	16	52	1329	1	1282	0.0	1611	tax=d:Bacteria,p:Proteobacteria,c:Betaproteobacteria,o:Burkholderiales,f:Oxalobacteraceae,g:Herminiimonas,s:Herminiimonas glaciei
KS-06	88.804	1313	134	12	24	1329	1	1307	0.0	1609	tax=d:Bacteria,p:Proteobacteria,c:Betaproteobacteria,o:Burkholderiales,f:Comamonadaceae,g:Acidovorax,s:NOIG_s
KS-06	88.762	1317	131	14	24	1329	1	1311	0.0	1609	tax=d:Bacteria,p:Proteobacteria,c:Betaproteobacteria,o:Burkholderiales,f:Burkholderiaceae,g:Burkholderia,s:Burkholderia stagnalis
KS-06	88.787	1311	136	9	24	1329	1	1305	0.0	1607	tax=d:Bacteria,p:Proteobacteria,c:Betaproteobacteria,o:Burkholderiales,f:Comamonadaceae,g:Leptothrix,s:HQ661361_s
KS-06	88.779	1319	125	19	24	1329	1	1309	0.0	1605	tax=d:Bacteria,p:Proteobacteria,c:Betaproteobacteria,o:CP012157_o,f:EF019596_f,g:EF019596_g,s:EF019596_s
KS-06	88.754	1316	131	17	24	1329	1	1309	0.0	1605	tax=d:Bacteria,p:Proteobacteria,c:Betaproteobacteria,o:Burkholderiales,f:Comamonadaceae,g:JN679217_g,s:DQ520187_s
KS-06	88.737	1314	135	12	24	1329	1	1309	0.0	1605	tax=d:Bacteria,p:Proteobacteria,c:Betaproteobacteria,o:Burkholderiales,f:Burkholderiaceae,g:Paraburkholderia,s:AY963445_s
KS-06	89.721	1255	118	11	82	1329	2	1252	0.0	1604	tax=d:Bacteria,p:Proteobacteria,c:Betaproteobacteria,o:Burkholderiales,f:Burkholderiaceae,g:Paraburkholderia,s:Paraburkholderia symbiotica
KS-06	88.678	1316	135	13	24	1329	1	1312	0.0	1604	tax=d:Bacteria,p:Proteobacteria,c:Betaproteobacteria,o:Burkholderiales,f:Burkholderiaceae,g:Glomeribacter,s:FJ479009_s
KS-06	89.043	1296	124	18	43	1329	1	1287	0.0	1604	tax=d:Bacteria,p:Proteobacteria,c:Betaproteobacteria,o:Burkholderiales,f:Oxalobacteraceae,g:Janthinobacterium,s:Janthinobacterium svalbardensis
KS-06	88.737	1314	133	14	24	1329	1	1307	0.0	1604	tax=d:Bacteria,p:Proteobacteria,c:Betaproteobacteria,o:Burkholderiales,f:Comamonadaceae,g:Malikia,s:Malikia spinosa
KS-06	88.762	1317	125	21	24	1329	1	1305	0.0	1602	tax=d:Bacteria,p:Proteobacteria,c:Betaproteobacteria,o:Thiobacillus_o,f:Thiobacillaceae,g:U46750_g,s:FJ660557_s
KS-06	88.958	1295	133	10	41	1329	1	1291	0.0	1602	tax=d:Bacteria,p:Proteobacteria,c:Betaproteobacteria,o:Burkholderiales,f:Comamonadaceae,g:Comamonas,s:Comamonas kerstersii
KS-06	89.603	1260	114	15	82	1329	3	1257	0.0	1600	tax=d:Bacteria,p:Proteobacteria,c:Betaproteobacteria,o:Burkholderiales,f:Oxalobacteraceae,g:Noviherbaspirillum,s:Noviherbaspirillum psychrotolerans
KS-06	88.678	1316	132	17	24	1329	1	1309	0.0	1600	tax=d:Bacteria,p:Proteobacteria,c:Betaproteobacteria,o:Burkholderiales,f:Oxalobacteraceae,g:Janthinobacterium,s:JF766456_s
KS-06	88.661	1314	135	11	24	1329	1	1308	0.0	1600	tax=d:Bacteria,p:Proteobacteria,c:Betaproteobacteria,o:PAC001907_o,f:PAC001907_f,g:PAC001906_g,s:JF697489_s
KS-06	88.661	1314	136	13	24	1329	1	1309	0.0	1600	tax=d:Bacteria,p:Proteobacteria,c:Betaproteobacteria,o:Burkholderiales,f:Comamonadaceae,g:Pseudorhodoferax,s:Pseudorhodoferax soli
KS-06	88.645	1321	128	20	24	1329	1	1314	0.0	1600	tax=d:Bacteria,p:Proteobacteria,c:Betaproteobacteria,o:PAC001921_o,f:PAC001921_f,g:PAC002247_g,s:EF032745_s
KS-06	88.678	1316	132	17	24	1329	1	1309	0.0	1600	tax=d:Bacteria,p:Proteobacteria,c:Betaproteobacteria,o:Burkholderiales,f:Comamonadaceae,g:Curvibacter,s:AY947979_s
KS-06	88.718	1303	132	13	35	1329	11	1306	0.0	1598	tax=d:Bacteria,p:Proteobacteria,c:Betaproteobacteria,o:Burkholderiales,f:Oxalobacteraceae,g:Duganella,s:LMNW_s
KS-06	88.619	1318	130	19	24	1329	1	1310	0.0	1596	tax=d:Bacteria,p:Proteobacteria,c:Betaproteobacteria,o:Burkholderiales,f:Comamonadaceae,g:Azohydromonas,s:Azohydromonas riparia
KS-06	88.652	1313	134	13	26	1329	1	1307	0.0	1596	tax=d:Bacteria,p:Proteobacteria,c:Betaproteobacteria,o:Burkholderiales,f:Comamonadaceae,g:Ramlibacter,s:HQ817679_s
KS-06	88.661	1314	131	18	24	1329	1	1304	0.0	1596	tax=d:Bacteria,p:Proteobacteria,c:Betaproteobacteria,o:Rhodocyclales,f:Zoogloeaceae,g:Zoogloea,s:HQ403247_s
KS-06	88.593	1315	137	12	24	1329	1	1311	0.0	1596	tax=d:Bacteria,p:Proteobacteria,c:Betaproteobacteria,o:PAC001907_o,f:PAC001907_f,g:PAC001907_g,s:CU924961_s
KS-06	89.070	1290	122	16	50	1329	11	1291	0.0	1594	tax=d:Bacteria,p:Proteobacteria,c:Betaproteobacteria,o:Burkholderiales,f:Oxalobacteraceae,g:Massilia,s:Massilia arvi
KS-06	88.569	1321	130	20	24	1329	1	1315	0.0	1594	tax=d:Bacteria,p:Proteobacteria,c:Betaproteobacteria,o:PAC002541_o,f:PAC002541_f,g:PAC002541_g,s:EF520485_s
KS-06	88.576	1313	139	11	24	1329	1	1309	0.0	1594	tax=d:Bacteria,p:Proteobacteria,c:Betaproteobacteria,o:Burkholderiales,f:Burkholderiaceae,g:Paraburkholderia,s:Paraburkholderia kururiensis
KS-06	88.576	1313	139	11	24	1329	1	1309	0.0	1594	tax=d:Bacteria,p:Proteobacteria,c:Betaproteobacteria,o:Burkholderiales,f:Comamonadaceae,g:Pseudorhodoferax,s:Pseudorhodoferax caeni
KS-06	88.602	1316	129	19	24	1329	1	1305	0.0	1591	tax=d:Bacteria,p:Proteobacteria,c:Betaproteobacteria,o:Burkholderiales,f:Comamonadaceae,g:Leptothrix,s:Leptothrix ochracea
KS-06	88.552	1319	128	16	24	1329	1	1309	0.0	1589	tax=d:Bacteria,p:Proteobacteria,c:Betaproteobacteria,o:PAC001907_o,f:PAC001907_f,g:PAC001906_g,s:EU669638_s
KS-06	89.608	1251	117	10	89	1329	27	1274	0.0	1589	tax=d:Bacteria,p:Proteobacteria,c:Betaproteobacteria,o:Burkholderiales,f:Oxalobacteraceae,g:AB486719_g,s:AB486719_s
KS-06	88.482	1311	142	9	24	1329	1	1307	0.0	1587	tax=d:Bacteria,p:Proteobacteria,c:Betaproteobacteria,o:Burkholderiales,f:Comamonadaceae,g:Hydrogenophaga,s:Hydrogenophaga aquatica
KS-06	88.609	1308	131	15	31	1329	1	1299	0.0	1585	tax=d:Bacteria,p:Proteobacteria,c:Betaproteobacteria,o:Burkholderiales,f:Comamonadaceae,g:Vitreoscilla_g1,s:Vitreoscilla filiformis
KS-06	88.441	1315	139	13	24	1329	1	1311	0.0	1585	tax=d:Bacteria,p:Proteobacteria,c:Betaproteobacteria,o:PAC001907_o,f:PAC001907_f,g:PAC001907_g,s:EU223963_s
KS-06	88.500	1313	135	13	24	1329	1	1304	0.0	1585	tax=d:Bacteria,p:Proteobacteria,c:Betaproteobacteria,o:PAC001907_o,f:PAC001907_f,g:PAC001907_g,s:DQ395954_s
KS-06	88.406	1311	143	9	24	1329	1	1307	0.0	1581	tax=d:Bacteria,p:Proteobacteria,c:Betaproteobacteria,o:Burkholderiales,f:Comamonadaceae,g:Acidovorax,s:Acidovorax konjaci
KS-06	88.812	1296	124	16	45	1329	2	1287	0.0	1581	tax=d:Bacteria,p:Proteobacteria,c:Betaproteobacteria,o:Burkholderiales,f:Comamonadaceae,g:Hydrogenophaga,s:HQ755357_s
KS-06	88.406	1311	143	8	24	1329	1	1307	0.0	1581	tax=d:Bacteria,p:Proteobacteria,c:Betaproteobacteria,o:Burkholderiales,f:Comamonadaceae,g:Acidovorax,s:Acidovorax caeni
KS-06	88.415	1312	141	11	24	1329	1	1307	0.0	1581	tax=d:Bacteria,p:Proteobacteria,c:Betaproteobacteria,o:Burkholderiales,f:Comamonadaceae,g:Hydrogenophaga,s:CP016449_s
KS-06	88.388	1309	147	5	24	1329	1	1307	0.0	1581	tax=d:Bacteria,p:Proteobacteria,c:Betaproteobacteria,o:Burkholderiales,f:Comamonadaceae,g:Comamonas,s:Comamonas aquatica
KS-06	88.432	1314	137	14	24	1329	1	1307	0.0	1581	tax=d:Bacteria,p:Proteobacteria,c:Betaproteobacteria,o:Burkholderiales,f:Comamonadaceae,g:Acidovorax,s:Acidovorax temperans
KS-06	88.346	1330	123	24	24	1329	1	1322	0.0	1580	tax=d:Bacteria,p:Proteobacteria,c:Betaproteobacteria,o:PAC002541_o,f:PAC002248_f,g:PAC002248_g,s:FJ466376_s
KS-06	88.374	1316	138	13	24	1329	1	1311	0.0	1580	tax=d:Bacteria,p:Proteobacteria,c:Betaproteobacteria,o:Burkholderiales,f:Burkholderiaceae,g:Paraburkholderia,s:Paraburkholderia sprentiae
KS-06	88.415	1312	137	13	24	1329	1	1303	0.0	1580	tax=d:Bacteria,p:Proteobacteria,c:Betaproteobacteria,o:Burkholderiales,f:Comamonadaceae,g:Acidovorax,s:Acidovorax anthurii
KS-06	88.307	1317	140	11	24	1329	1	1314	0.0	1578	tax=d:Bacteria,p:Proteobacteria,c:Betaproteobacteria,o:Neisseriales,f:Neisseriaceae,g:Pseudogulbenkiania,s:Pseudogulbenkiania subflava
KS-06	88.333	1320	134	18	24	1329	1	1314	0.0	1578	tax=d:Bacteria,p:Proteobacteria,c:Betaproteobacteria,o:PAC002541_o,f:EF157188_f,g:EF157188_g,s:EF157188_s
KS-06	88.338	1312	142	11	24	1329	1	1307	0.0	1576	tax=d:Bacteria,p:Proteobacteria,c:Betaproteobacteria,o:Burkholderiales,f:Comamonadaceae,g:Hydrogenophaga,s:LMIE_s
KS-06	88.316	1318	136	16	24	1329	1	1312	0.0	1576	tax=d:Bacteria,p:Proteobacteria,c:Betaproteobacteria,o:PAC002541_o,f:PAC002541_f,g:AF467301_g,s:EF126238_s
KS-06	88.347	1313	140	12	24	1329	1	1307	0.0	1576	tax=d:Bacteria,p:Proteobacteria,c:Betaproteobacteria,o:Burkholderiales,f:Comamonadaceae,g:Malikia,s:Malikia granosa
KS-06	88.266	1321	135	16	24	1329	1	1316	0.0	1574	tax=d:Bacteria,p:Proteobacteria,c:Betaproteobacteria,o:Neisseriales,f:Neisseriaceae,g:Chromobacterium,s:Chromobacterium amazonense
KS-06	88.316	1318	135	15	24	1329	1	1311	0.0	1574	tax=d:Bacteria,p:Proteobacteria,c:Betaproteobacteria,o:Burkholderiales,f:Comamonadaceae,g:HQ178927_g,s:HQ178927_s
KS-06	88.374	1316	132	20	24	1329	1	1305	0.0	1574	tax=d:Bacteria,p:Proteobacteria,c:Betaproteobacteria,o:Thiobacillus_o,f:Thiobacillaceae,g:U46750_g,s:HQ003511_s
KS-06	89.440	1250	117	13	89	1329	22	1265	0.0	1574	tax=d:Bacteria,p:Proteobacteria,c:Betaproteobacteria,o:Burkholderiales,f:Quisquiliibacterium_f,g:HQ910358_g,s:EU083484_s
KS-06	88.547	1301	134	15	38	1329	5	1299	0.0	1574	tax=d:Bacteria,p:Proteobacteria,c:Betaproteobacteria,o:Burkholderiales,f:Oxalobacteraceae,g:Massilia,s:Massilia plicata
KS-06	88.258	1320	135	17	24	1329	1	1314	0.0	1572	tax=d:Bacteria,p:Proteobacteria,c:Betaproteobacteria,o:Neisseriales,f:Neisseriaceae,g:Vogesella,s:Vogesella oryzae
KS-06	88.298	1316	137	16	24	1329	1	1309	0.0	1572	tax=d:Bacteria,p:Proteobacteria,c:Betaproteobacteria,o:Burkholderiales,f:Oxalobacteraceae,g:Massilia,s:Massilia lurida
KS-06	88.271	1313	143	11	24	1329	1	1309	0.0	1572	tax=d:Bacteria,p:Proteobacteria,c:Betaproteobacteria,o:Burkholderiales,f:Burkholderiaceae,g:Paraburkholderia,s:Paraburkholderia susongensis
KS-06	88.275	1322	132	19	24	1329	1	1315	0.0	1572	tax=d:Bacteria,p:Proteobacteria,c:Betaproteobacteria,o:PAC002541_o,f:PAC002248_f,g:PAC002248_g,s:FJ478717_s
KS-06	88.347	1313	136	16	27	1329	4	1309	0.0	1572	tax=d:Bacteria,p:Proteobacteria,c:Betaproteobacteria,o:Burkholderiales,f:Comamonadaceae,g:EU735703_g,s:EU735703_s
KS-06	88.271	1313	141	13	24	1329	1	1307	0.0	1570	tax=d:Bacteria,p:Proteobacteria,c:Betaproteobacteria,o:Burkholderiales,f:Comamonadaceae,g:Hydrogenophaga,s:MIYM_s
KS-06	88.716	1285	131	14	52	1329	1	1278	0.0	1568	tax=d:Bacteria,p:Proteobacteria,c:Betaproteobacteria,o:Burkholderiales,f:Comamonadaceae,g:Acidovorax,s:Acidovorax lacteus
KS-06	88.725	1286	128	14	53	1329	1	1278	0.0	1568	tax=d:Bacteria,p:Proteobacteria,c:Betaproteobacteria,o:Burkholderiales,f:Oxalobacteraceae,g:Massilia,s:Massilia niastensis
KS-06	88.200	1322	135	14	24	1329	1	1317	0.0	1568	tax=d:Bacteria,p:Proteobacteria,c:Betaproteobacteria,o:Neisseriales,f:Neisseriaceae,g:Snodgrassella,s:Snodgrassella alvi
KS-06	88.160	1326	131	19	24	1329	1	1320	0.0	1567	tax=d:Bacteria,p:Proteobacteria,c:Betaproteobacteria,o:Neisseriales,f:Neisseriaceae,g:Vitreoscilla,s:EU370420_s
KS-06	88.173	1319	138	17	24	1329	1	1314	0.0	1567	tax=d:Bacteria,p:Proteobacteria,c:Betaproteobacteria,o:PAC002541_o,f:PAC002541_f,g:PAC002541_g,s:DQ223206_s
KS-06	88.191	1321	135	18	24	1329	1	1315	0.0	1567	tax=d:Bacteria,p:Proteobacteria,c:Betaproteobacteria,o:Sterolibacterium_o,f:Sterolibacteriaceae,g:AY770957_g,s:AY762631_s
KS-06	88.186	1312	144	11	24	1329	1	1307	0.0	1565	tax=d:Bacteria,p:Proteobacteria,c:Betaproteobacteria,o:Burkholderiales,f:Comamonadaceae,g:Hydrogenophaga,s:Hydrogenophaga laconesensis
KS-06	88.271	1313	134	17	31	1329	1	1307	0.0	1565	tax=d:Bacteria,p:Proteobacteria,c:Betaproteobacteria,o:CP012157_o,f:CP012157_f,g:DQ450770_g,s:DQ450770_s
KS-06	88.195	1313	142	12	24	1329	1	1307	0.0	1565	tax=d:Bacteria,p:Proteobacteria,c:Betaproteobacteria,o:Burkholderiales,f:Comamonadaceae,g:Tepidimonas,s:Tepidimonas thermarum
KS-06	89.181	1257	119	16	82	1329	27	1275	0.0	1563	tax=d:Bacteria,p:Proteobacteria,c:Betaproteobacteria,o:Burkholderiales,f:Oxalobacteraceae,g:Massilia,s:Massilia kyonggiensis
KS-06	88.173	1319	135	18	24	1329	1	1311	0.0	1563	tax=d:Bacteria,p:Proteobacteria,c:Betaproteobacteria,o:PAC002541_o,f:PAC002541_f,g:AF467301_g,s:EU803713_s
KS-06	88.271	1313	132	15	35	1329	2	1310	0.0	1563	tax=d:Bacteria,p:Proteobacteria,c:Betaproteobacteria,o:Burkholderiales,f:Comamonadaceae,g:Tepidimonas,s:Tepidimonas aquatica
KS-06	88.133	1323	133	21	24	1329	1	1316	0.0	1563	tax=d:Bacteria,p:Proteobacteria,c:Betaproteobacteria,o:PAC002541_o,f:PAC002541_f,g:AF467301_g,s:AB294330_s
KS-06	88.115	1321	136	18	24	1329	1	1315	0.0	1561	tax=d:Bacteria,p:Proteobacteria,c:Betaproteobacteria,o:PAC001921_o,f:PAC001921_f,g:PAC002247_g,s:PAC002247_s
KS-06	88.106	1320	138	15	24	1329	1	1315	0.0	1561	tax=d:Bacteria,p:Proteobacteria,c:Betaproteobacteria,o:Burkholderiales,f:Sutterellaceae,g:Parasutterella,s:PAC002211_s
KS-06	88.115	1321	135	20	26	1329	1	1316	0.0	1561	tax=d:Bacteria,p:Proteobacteria,c:Betaproteobacteria,o:PAC002541_o,f:PAC002248_f,g:PAC002248_g,s:HM557430_s
KS-06	88.106	1320	136	19	24	1329	1	1313	0.0	1559	tax=d:Bacteria,p:Proteobacteria,c:Betaproteobacteria,o:Burkholderiales,f:Comamonadaceae,g:Caenimonas,s:Caenimonas koreensis
KS-06	88.620	1283	132	14	55	1329	1	1277	0.0	1559	tax=d:Bacteria,p:Proteobacteria,c:Betaproteobacteria,o:Burkholderiales,f:Comamonadaceae,g:Tepidimonas,s:Tepidimonas taiwanensis
KS-06	88.137	1315	139	15	24	1329	1	1307	0.0	1559	tax=d:Bacteria,p:Proteobacteria,c:Betaproteobacteria,o:Burkholderiales,f:Comamonadaceae,g:Hydrogenophaga,s:Hydrogenophaga defluvii
KS-06	88.137	1315	139	15	24	1329	1	1307	0.0	1559	tax=d:Bacteria,p:Proteobacteria,c:Betaproteobacteria,o:Burkholderiales,f:Comamonadaceae,g:Hydrogenophaga,s:Hydrogenophaga atypica
KS-06	88.066	1324	133	18	24	1329	1	1317	0.0	1557	tax=d:Bacteria,p:Proteobacteria,c:Betaproteobacteria,o:Neisseriales,f:Neisseriaceae,g:Snodgrassella,s:JFZW_s
KS-06	88.476	1293	131	16	50	1329	1	1288	0.0	1557	tax=d:Bacteria,p:Proteobacteria,c:Betaproteobacteria,o:Neisseriales,f:Neisseriaceae,g:Aquitalea,s:Aquitalea denitrificans
KS-06	88.088	1318	138	16	24	1329	1	1311	0.0	1557	tax=d:Bacteria,p:Proteobacteria,c:Betaproteobacteria,o:Burkholderiales,f:Comamonadaceae,g:Acidovorax,s:CP003872_s
KS-06	88.101	1311	143	11	24	1329	1	1303	0.0	1555	tax=d:Bacteria,p:Proteobacteria,c:Betaproteobacteria,o:Burkholderiales,f:Comamonadaceae,g:Malikia,s:JUEA_s
KS-06	89.004	1255	128	10	82	1329	1	1252	0.0	1555	tax=d:Bacteria,p:Proteobacteria,c:Betaproteobacteria,o:Burkholderiales,f:Burkholderiaceae,g:Paraburkholderia,s:Paraburkholderia paradisi
KS-06	88.052	1314	142	15	24	1329	1	1307	0.0	1554	tax=d:Bacteria,p:Proteobacteria,c:Betaproteobacteria,o:Burkholderiales,f:Comamonadaceae,g:Hydrogenophaga,s:Hydrogenophaga palleronii
KS-06	88.536	1291	123	25	52	1329	1	1279	0.0	1552	tax=d:Bacteria,p:Proteobacteria,c:Betaproteobacteria,o:Burkholderiales,f:Comamonadaceae,g:JN679217_g,s:JN679217_s
KS-06	88.012	1318	139	16	24	1329	1	1311	0.0	1552	tax=d:Bacteria,p:Proteobacteria,c:Betaproteobacteria,o:Burkholderiales,f:Comamonadaceae,g:Acidovorax,s:Acidovorax delafieldii
KS-06	87.994	1316	143	13	24	1329	1	1311	0.0	1552	tax=d:Bacteria,p:Proteobacteria,c:Betaproteobacteria,o:Burkholderiales,f:Oxalobacteraceae,g:Massilia,s:HQ450148_s
KS-06	87.945	1319	139	16	24	1329	1	1312	0.0	1552	tax=d:Bacteria,p:Proteobacteria,c:Betaproteobacteria,o:Neisseriales,f:Neisseriaceae,g:Vogesella,s:Vogesella mureinivorans
KS-06	87.955	1320	140	17	24	1329	1	1315	0.0	1550	tax=d:Bacteria,p:Proteobacteria,c:Betaproteobacteria,o:Burkholderiales,f:Comamonadaceae,g:Albidiferax,s:FNJA_s
KS-06	88.024	1311	144	11	24	1329	1	1303	0.0	1550	tax=d:Bacteria,p:Proteobacteria,c:Betaproteobacteria,o:Burkholderiales,f:Comamonadaceae,g:Malikia,s:AP014569_s
KS-06	87.930	1309	151	7	25	1329	2	1307	0.0	1548	tax=d:Bacteria,p:Proteobacteria,c:Betaproteobacteria,o:Burkholderiales,f:Comamonadaceae,g:Melaminivora,s:FJ445211_s
KS-06	87.976	1314	143	15	24	1329	1	1307	0.0	1548	tax=d:Bacteria,p:Proteobacteria,c:Betaproteobacteria,o:Burkholderiales,f:Comamonadaceae,g:Hydrogenophaga,s:Hydrogenophaga intermedia
KS-06	87.909	1315	146	12	24	1329	1	1311	0.0	1546	tax=d:Bacteria,p:Proteobacteria,c:Betaproteobacteria,o:Burkholderiales,f:Comamonadaceae,g:Comamonas,s:Comamonas jiangduensis
KS-06	87.918	1316	144	13	24	1329	1	1311	0.0	1546	tax=d:Bacteria,p:Proteobacteria,c:Betaproteobacteria,o:Burkholderiales,f:Comamonadaceae,g:Hydrogenophaga,s:Hydrogenophaga taeniospiralis
KS-06	87.927	1317	142	14	24	1329	1	1311	0.0	1546	tax=d:Bacteria,p:Proteobacteria,c:Betaproteobacteria,o:Burkholderiales,f:Comamonadaceae,g:Acidovorax,s:Acidovorax radicis
KS-06	88.092	1310	135	19	32	1329	1	1301	0.0	1546	tax=d:Bacteria,p:Proteobacteria,c:Betaproteobacteria,o:Burkholderiales,f:Comamonadaceae,g:Azohydromonas,s:Azohydromonas australica
KS-06	88.349	1296	126	21	49	1329	1	1286	0.0	1544	tax=d:Bacteria,p:Proteobacteria,c:Betaproteobacteria,o:Burkholderiales,f:Oxalobacteraceae,g:Massilia,s:Massilia aerilata
KS-06	89.014	1247	126	11	91	1329	66	1309	0.0	1544	tax=d:Bacteria,p:Proteobacteria,c:Betaproteobacteria,o:PAC001907_o,f:PAC001907_f,g:PAC001907_g,s:EF019945_s
KS-06	87.842	1316	147	11	24	1329	1	1313	0.0	1543	tax=d:Bacteria,p:Proteobacteria,c:Betaproteobacteria,o:Burkholderiales,f:Comamonadaceae,g:EU801607_g,s:EU801607_s
KS-06	88.295	1290	133	16	50	1329	1	1282	0.0	1543	tax=d:Bacteria,p:Proteobacteria,c:Betaproteobacteria,o:Burkholderiales,f:Comamonadaceae,g:JN679217_g,s:AB286599_s
KS-06	87.794	1319	144	15	24	1329	1	1315	0.0	1539	tax=d:Bacteria,p:Proteobacteria,c:Betaproteobacteria,o:Burkholderiales,f:Comamonadaceae,g:Albidiferax,s:LMMV_s
KS-06	88.149	1291	144	9	45	1329	2	1289	0.0	1539	tax=d:Bacteria,p:Proteobacteria,c:Betaproteobacteria,o:Burkholderiales,f:Comamonadaceae,g:Ramlibacter,s:HQ809779_s
KS-06	87.976	1314	132	21	31	1329	1	1303	0.0	1539	tax=d:Bacteria,p:Proteobacteria,c:Betaproteobacteria,o:Burkholderiales,f:Limnobacter_f,g:Limnobacter,s:HQ767575_s
KS-06	87.812	1321	138	22	24	1329	1	1313	0.0	1537	tax=d:Bacteria,p:Proteobacteria,c:Betaproteobacteria,o:PAC001921_o,f:PAC001921_f,g:PAC002247_g,s:PAC002584_s
KS-06	87.757	1315	150	9	24	1329	1	1313	0.0	1537	tax=d:Bacteria,p:Proteobacteria,c:Betaproteobacteria,o:PAC002541_o,f:PAC002248_f,g:PAC002248_g,s:PAC002248_s
KS-06	87.851	1317	137	22	30	1329	1	1311	0.0	1535	tax=d:Bacteria,p:Proteobacteria,c:Betaproteobacteria,o:PAC002541_o,f:PAC002541_f,g:PAC002541_g,s:JF703465_s
KS-06	87.803	1320	138	17	24	1329	1	1311	0.0	1535	tax=d:Bacteria,p:Proteobacteria,c:Betaproteobacteria,o:Burkholderiales,f:Comamonadaceae,g:Hydrogenophaga,s:Hydrogenophaga crassostreae
KS-06	87.785	1318	142	16	24	1329	1	1311	0.0	1535	tax=d:Bacteria,p:Proteobacteria,c:Betaproteobacteria,o:Burkholderiales,f:Comamonadaceae,g:Acidovorax,s:CP016447_s
KS-06	87.718	1319	145	15	24	1329	1	1315	0.0	1533	tax=d:Bacteria,p:Proteobacteria,c:Betaproteobacteria,o:Burkholderiales,f:Comamonadaceae,g:Albidiferax,s:Albidiferax ferrireducens
KS-06	87.805	1312	145	13	24	1329	1	1303	0.0	1533	tax=d:Bacteria,p:Proteobacteria,c:Betaproteobacteria,o:Burkholderiales,f:Comamonadaceae,g:Malikia,s:BAWN_s
KS-06	87.775	1317	140	18	24	1327	1	1309	0.0	1531	tax=d:Bacteria,p:Proteobacteria,c:Betaproteobacteria,o:Burkholderiales,f:Comamonadaceae,g:Comamonas,s:EF111109_s
KS-06	87.737	1321	137	21	24	1329	1	1311	0.0	1530	tax=d:Bacteria,p:Proteobacteria,c:Betaproteobacteria,o:PAC002541_o,f:PAC002541_f,g:PAC002541_g,s:PAC002614_s
KS-06	87.652	1312	155	7	24	1329	1	1311	0.0	1530	tax=d:Bacteria,p:Proteobacteria,c:Betaproteobacteria,o:PAC001907_o,f:PAC001907_f,g:PAC001907_g,s:JN038752_s
KS-06	87.643	1311	155	7	24	1329	1	1309	0.0	1528	tax=d:Bacteria,p:Proteobacteria,c:Betaproteobacteria,o:Burkholderiales,f:Comamonadaceae,g:Comamonas,s:EU464941_s
KS-06	87.749	1306	147	13	32	1329	1	1301	0.0	1524	tax=d:Bacteria,p:Proteobacteria,c:Betaproteobacteria,o:Burkholderiales,f:Burkholderiaceae,g:Paraburkholderia,s:HQ753692_s
KS-06	87.566	1319	146	14	24	1329	1	1314	0.0	1522	tax=d:Bacteria,p:Proteobacteria,c:Betaproteobacteria,o:Neisseriales,f:Neisseriaceae,g:Chromobacterium,s:Chromobacterium vaccinii
KS-06	87.519	1322	144	20	24	1329	1	1317	0.0	1519	tax=d:Bacteria,p:Proteobacteria,c:Betaproteobacteria,o:PAC002541_o,f:PAC002541_f,g:PAC002541_g,s:PAC002542_s
KS-06	87.528	1323	140	22	24	1329	1	1315	0.0	1517	tax=d:Bacteria,p:Proteobacteria,c:Betaproteobacteria,o:PAC002541_o,f:PAC002541_f,g:PAC002541_g,s:FM209145_s
KS-06	87.472	1317	148	14	24	1329	1	1311	0.0	1513	tax=d:Bacteria,p:Proteobacteria,c:Betaproteobacteria,o:Burkholderiales,f:Comamonadaceae,g:Comamonas,s:BAEC_s
KS-06	87.405	1318	150	13	24	1329	1	1314	0.0	1511	tax=d:Bacteria,p:Proteobacteria,c:Betaproteobacteria,o:Neisseriales,f:Neisseriaceae,g:Chromobacterium,s:Chromobacterium sphagni
KS-06	87.491	1319	141	20	24	1329	1	1308	0.0	1511	tax=d:Bacteria,p:Proteobacteria,c:Betaproteobacteria,o:Burkholderiales,f:Limnobacter_f,g:Limnobacter,s:HQ809738_s
KS-06	87.415	1319	149	16	24	1329	1	1315	0.0	1511	tax=d:Bacteria,p:Proteobacteria,c:Betaproteobacteria,o:PAC002541_o,f:PAC002541_f,g:PAC002541_g,s:EU786132_s
KS-06	87.867	1294	136	17	49	1329	1	1286	0.0	1511	tax=d:Bacteria,p:Proteobacteria,c:Betaproteobacteria,o:Burkholderiales,f:Comamonadaceae,g:Polaromonas,s:Polaromonas aquatica
KS-06	87.605	1315	136	19	35	1329	3	1310	0.0	1511	tax=d:Bacteria,p:Proteobacteria,c:Betaproteobacteria,o:Neisseriales,f:Neisseriaceae,g:Uruburuella,s:Uruburuella suis
KS-06	87.396	1317	149	14	24	1329	1	1311	0.0	1507	tax=d:Bacteria,p:Proteobacteria,c:Betaproteobacteria,o:Burkholderiales,f:Comamonadaceae,g:Comamonas,s:Comamonas thiooxydans
KS-06	87.396	1317	149	14	24	1329	1	1311	0.0	1507	tax=d:Bacteria,p:Proteobacteria,c:Betaproteobacteria,o:Burkholderiales,f:Comamonadaceae,g:Comamonas,s:Comamonas testosteroni
KS-06	87.750	1298	139	19	24	1309	1	1290	0.0	1506	tax=d:Bacteria,p:Proteobacteria,c:Betaproteobacteria,o:Burkholderiales,f:Burkholderiaceae,g:Vallotia,s:Vallotia tarda
KS-06	87.367	1314	153	10	24	1329	1	1309	0.0	1506	tax=d:Bacteria,p:Proteobacteria,c:Betaproteobacteria,o:Burkholderiales,f:Comamonadaceae,g:Aquabacterium,s:GQ092656_s
KS-06	87.348	1320	146	19	24	1329	1	1313	0.0	1504	tax=d:Bacteria,p:Proteobacteria,c:Betaproteobacteria,o:Burkholderiales,f:Comamonadaceae,g:Polaromonas,s:Polaromonas glacialis
KS-06	87.348	1320	145	19	24	1329	1	1312	0.0	1504	tax=d:Bacteria,p:Proteobacteria,c:Betaproteobacteria,o:PAC002541_o,f:PAC002541_f,g:AF467301_g,s:EU881106_s
