KS-24	99.785	465	1	0	331	795	1	465	0.0	854	ASV468-Cupriavidus plantarum
KS-24	99.570	465	2	0	331	795	1	465	0.0	848	ASV465-Cupriavidus plantarum
KS-24	99.570	465	2	0	331	795	1	465	0.0	848	ASV421-Cupriavidus metallidurans
KS-24	99.570	465	2	0	331	795	1	465	0.0	848	ASV292-Cupriavidus plantarum
KS-24	99.570	465	2	0	331	795	1	465	0.0	848	ASV285-Cupriavidus plantarum
KS-24	99.570	465	2	0	331	795	1	465	0.0	848	ASV279-Cupriavidus plantarum
KS-24	99.570	465	2	0	331	795	1	465	0.0	848	ASV178-Cupriavidus plantarum
KS-24	99.570	465	2	0	331	795	1	465	0.0	848	ASV141-Cupriavidus plantarum
KS-24	99.355	465	3	0	331	795	1	465	0.0	843	ASV526-Cupriavidus metallidurans
KS-24	99.355	465	3	0	331	795	1	465	0.0	843	ASV491-Cupriavidus metallidurans
KS-24	99.355	465	3	0	331	795	1	465	0.0	843	ASV408-Cupriavidus plantarum
KS-24	99.355	465	3	0	331	795	1	465	0.0	843	ASV358-Cupriavidus plantarum
KS-24	99.355	465	3	0	331	795	1	465	0.0	843	ASV343-Cupriavidus metallidurans
KS-24	99.355	465	3	0	331	795	1	465	0.0	843	ASV264-Cupriavidus plantarum
KS-24	99.355	465	3	0	331	795	1	465	0.0	843	ASV254-Cupriavidus metallidurans
KS-24	99.355	465	3	0	331	795	1	465	0.0	843	ASV236-Cupriavidus metallidurans
KS-24	99.355	465	3	0	331	795	1	465	0.0	843	ASV233-Cupriavidus plantarum
KS-24	99.355	465	3	0	331	795	1	465	0.0	843	ASV188-Cupriavidus metallidurans
KS-24	99.355	465	3	0	331	795	1	465	0.0	843	ASV185-Cupriavidus plantarum
KS-24	99.355	465	3	0	331	795	1	465	0.0	843	ASV144-Cupriavidus plantarum
KS-24	99.355	465	3	0	331	795	1	465	0.0	843	ASV138-Cupriavidus plantarum
KS-24	99.355	465	3	0	331	795	1	465	0.0	843	ASV52-Cupriavidus plantarum
KS-24	99.355	465	3	0	331	795	1	465	0.0	843	ASV47-Cupriavidus plantarum
KS-24	99.140	465	4	0	331	795	1	465	0.0	837	ASV384-Cupriavidus metallidurans
KS-24	99.140	465	4	0	331	795	1	465	0.0	837	ASV284-Cupriavidus metallidurans
KS-24	99.140	465	4	0	331	795	1	465	0.0	837	ASV194-Cupriavidus metallidurans
KS-24	99.140	465	4	0	331	795	1	465	0.0	837	ASV172-Cupriavidus plantarum
KS-24	99.140	465	4	0	331	795	1	465	0.0	837	ASV152-Cupriavidus metallidurans
KS-24	99.140	465	4	0	331	795	1	465	0.0	837	ASV113-Cupriavidus plantarum
KS-24	99.140	465	4	0	331	795	1	465	0.0	837	ASV111-Cupriavidus metallidurans
KS-24	99.140	465	4	0	331	795	1	465	0.0	837	ASV75-Cupriavidus plantarum
KS-24	99.140	465	4	0	331	795	1	465	0.0	837	ASV67-Cupriavidus metallidurans
KS-24	98.925	465	5	0	331	795	1	465	0.0	832	ASV349-Cupriavidus metallidurans
KS-24	98.925	465	5	0	331	795	1	465	0.0	832	ASV311-Cupriavidus metallidurans
KS-24	98.925	465	5	0	331	795	1	465	0.0	832	ASV227-Cupriavidus metallidurans
KS-24	98.925	465	5	0	331	795	1	465	0.0	832	ASV187-Cupriavidus metallidurans
KS-24	98.925	465	5	0	331	795	1	465	0.0	832	ASV76-Cupriavidus metallidurans
KS-24	98.710	465	6	0	331	795	1	465	0.0	826	ASV1171-Cupriavidus plantarum
KS-24	98.710	465	6	0	331	795	1	465	0.0	826	ASV1127-Cupriavidus plantarum
KS-24	98.495	465	7	0	331	795	1	465	0.0	821	ASV1168-Cupriavidus plantarum
KS-24	98.495	465	7	0	331	795	1	465	0.0	821	ASV1126-Cupriavidus plantarum
KS-24	98.495	465	7	0	331	795	1	465	0.0	821	ASV908-Cupriavidus plantarum
KS-24	98.280	465	8	0	331	795	1	465	0.0	815	ASV860-Cupriavidus plantarum
KS-24	98.280	465	8	0	331	795	1	465	0.0	815	ASV605-Cupriavidus plantarum
KS-24	98.280	465	8	0	331	795	1	465	0.0	815	ASV528-Cupriavidus plantarum
KS-24	98.065	465	9	0	331	795	1	465	0.0	809	ASV910-Cupriavidus plantarum
KS-24	98.065	465	9	0	331	795	1	465	0.0	809	ASV496-Cupriavidus plantarum
KS-24	97.204	465	13	0	331	795	1	465	0.0	787	ASV936-Cupriavidus necator
KS-24	96.989	465	14	0	331	795	1	465	0.0	782	ASV839-Cupriavidus sp.
KS-24	96.989	465	14	0	331	795	1	465	0.0	782	ASV773-Cupriavidus sp.
KS-24	96.989	465	14	0	331	795	1	465	0.0	782	ASV643-Cupriavidus necator
KS-24	96.774	465	15	0	331	795	1	465	0.0	776	ASV1090-Cupriavidus necator
KS-24	96.774	465	15	0	331	795	1	465	0.0	776	ASV1014-Cupriavidus sp.
KS-24	96.774	465	15	0	331	795	1	465	0.0	776	ASV981-Cupriavidus necator
KS-24	96.774	465	15	0	331	795	1	465	0.0	776	ASV903-Cupriavidus sp.
KS-24	96.774	465	15	0	331	795	1	465	0.0	776	ASV854-Cupriavidus necator
KS-24	96.774	465	15	0	331	795	1	465	0.0	776	ASV845-Cupriavidus necator
KS-24	96.774	465	15	0	331	795	1	465	0.0	776	ASV798-Cupriavidus sp.
KS-24	96.774	465	15	0	331	795	1	465	0.0	776	ASV772-Cupriavidus sp.
KS-24	96.774	465	15	0	331	795	1	465	0.0	776	ASV661-Cupriavidus sp.
KS-24	96.774	465	15	0	331	795	1	465	0.0	776	ASV641-Cupriavidus necator
KS-24	96.567	466	16	0	330	795	1	466	0.0	773	ASV960-Cupriavidus necator
KS-24	96.559	465	16	0	331	795	1	465	0.0	771	ASV1067-Cupriavidus necator
KS-24	96.559	465	16	0	331	795	1	465	0.0	771	ASV1055-Cupriavidus necator
KS-24	96.559	465	16	0	331	795	1	465	0.0	771	ASV1046-Cupriavidus necator
KS-24	96.559	465	16	0	331	795	1	465	0.0	771	ASV1045-Cupriavidus necator
KS-24	96.559	465	16	0	331	795	1	465	0.0	771	ASV1039-Cupriavidus necator
KS-24	96.559	465	16	0	331	795	1	465	0.0	771	ASV948-Cupriavidus necator
KS-24	96.559	465	16	0	331	795	2	466	0.0	771	ASV925-Cupriavidus necator
KS-24	96.559	465	16	0	331	795	1	465	0.0	771	ASV917-Cupriavidus necator
KS-24	96.559	465	16	0	331	795	1	465	0.0	771	ASV901-Cupriavidus necator
KS-24	96.559	465	16	0	331	795	1	465	0.0	771	ASV841-Cupriavidus sp.
KS-24	96.559	465	16	0	331	795	1	465	0.0	771	ASV790-Cupriavidus sp.
KS-24	96.559	465	16	0	331	795	1	465	0.0	771	ASV789-Cupriavidus sp.
KS-24	96.559	465	16	0	331	795	1	465	0.0	771	ASV688-Cupriavidus necator
KS-24	96.559	465	16	0	331	795	1	465	0.0	771	ASV648-Cupriavidus necator
KS-24	96.559	465	16	0	331	795	1	465	0.0	771	ASV625-Cupriavidus sp.
KS-24	96.559	465	16	0	331	795	1	465	0.0	771	ASV620-Cupriavidus necator
KS-24	96.559	465	16	0	331	795	1	465	0.0	771	ASV537-Cupriavidus sp.
KS-24	96.344	465	17	0	331	795	1	465	0.0	765	ASV1151-Cupriavidus sp.
KS-24	96.344	465	17	0	331	795	1	465	0.0	765	ASV1081-Cupriavidus necator
KS-24	96.344	465	17	0	331	795	1	465	0.0	765	ASV952-Cupriavidus necator
KS-24	96.344	465	17	0	331	795	1	465	0.0	765	ASV946-Cupriavidus necator
KS-24	96.344	465	17	0	331	795	1	465	0.0	765	ASV945-Cupriavidus sp.
KS-24	96.344	465	17	0	331	795	1	465	0.0	765	ASV890-Cupriavidus sp.
KS-24	96.344	465	17	0	331	795	1	465	0.0	765	ASV877-Cupriavidus necator
KS-24	96.344	465	17	0	331	795	1	465	0.0	765	ASV868-Cupriavidus sp.
KS-24	96.344	465	17	0	331	795	1	465	0.0	765	ASV828-Cupriavidus sp.
KS-24	96.344	465	17	0	331	795	1	465	0.0	765	ASV816-Cupriavidus sp.
KS-24	96.344	465	17	0	331	795	1	465	0.0	765	ASV771-Cupriavidus sp.
KS-24	96.344	465	17	0	331	795	1	465	0.0	765	ASV766-Cupriavidus necator
KS-24	96.344	465	17	0	331	795	1	465	0.0	765	ASV736-Cupriavidus sp.
KS-24	96.344	465	17	0	331	795	1	465	0.0	765	ASV734-Cupriavidus sp.
KS-24	96.344	465	17	0	331	795	1	465	0.0	765	ASV506-Cupriavidus sp.
KS-24	96.344	465	17	0	331	795	1	465	0.0	765	ASV417-Cupriavidus sp.
KS-24	96.129	465	18	0	331	795	1	465	0.0	760	ASV1606-Cupriavidus sp.
KS-24	96.129	465	18	0	331	795	1	465	0.0	760	ASV915-Cupriavidus sp.
KS-24	96.129	465	18	0	331	795	1	465	0.0	760	ASV492-Cupriavidus sp.
KS-24	93.576	467	26	4	331	795	1	465	0.0	693	ASV494-Herbaspirillum seropedicae
KS-24	93.376	468	25	5	331	795	1	465	0.0	688	ASV577-Herbaspirillum seropedicae
KS-24	93.376	468	25	5	331	795	1	465	0.0	688	ASV447-Herbaspirillum seropedicae
KS-24	93.362	467	27	4	331	795	1	465	0.0	688	ASV428-Herbaspirillum seropedicae
KS-24	93.362	467	27	4	331	795	1	465	0.0	688	ASV210-Herbaspirillum seropedicae
KS-24	93.148	467	28	4	331	795	1	465	0.0	682	ASV1198-Paraburkholderia graminis
KS-24	93.148	467	28	4	331	795	1	465	0.0	682	ASV1075-Paraburkholderia graminis
KS-24	93.148	467	28	4	331	795	1	465	0.0	682	ASV640-Herbaspirillum seropedicae
KS-24	93.148	467	28	4	331	795	1	465	0.0	682	ASV608-Herbaspirillum seropedicae
KS-24	93.148	467	28	4	331	795	1	465	0.0	682	ASV493-Herbaspirillum seropedicae
KS-24	93.148	467	28	4	331	795	1	465	0.0	682	ASV331-Herbaspirillum seropedicae
KS-24	93.148	467	28	4	331	795	1	465	0.0	682	ASV240-Herbaspirillum seropedicae
KS-24	93.148	467	28	4	331	795	1	465	0.0	682	ASV139-Herbaspirillum seropedicae
KS-24	93.148	467	28	4	331	795	1	465	0.0	682	ASV135-Herbaspirillum seropedicae
KS-24	93.148	467	28	4	331	795	1	465	0.0	682	ASV98-Herbaspirillum seropedicae
KS-24	92.934	467	29	4	331	795	1	465	0.0	676	ASV705-Paraburkholderia graminis
KS-24	92.934	467	29	4	331	795	1	465	0.0	676	ASV638-Herbaspirillum seropedicae
KS-24	92.934	467	29	4	331	795	1	465	0.0	676	ASV636-Paraburkholderia graminis
KS-24	92.934	467	29	4	331	795	1	465	0.0	676	ASV565-Paraburkholderia graminis
KS-24	92.934	467	29	4	331	795	1	465	0.0	676	ASV499-Herbaspirillum seropedicae
KS-24	92.934	467	29	4	331	795	1	465	0.0	676	ASV485-Herbaspirillum seropedicae
KS-24	92.934	467	29	4	331	795	1	465	0.0	676	ASV397-Herbaspirillum seropedicae
KS-24	92.934	467	29	4	331	795	1	465	0.0	676	ASV318-Herbaspirillum seropedicae
KS-24	92.934	467	29	4	331	795	1	465	0.0	676	ASV112-Herbaspirillum seropedicae
KS-24	92.719	467	30	4	331	795	1	465	0.0	671	ASV988-Paraburkholderia graminis
KS-24	92.719	467	30	4	331	795	1	465	0.0	671	ASV985-Paraburkholderia graminis
KS-24	92.719	467	30	4	331	795	2	466	0.0	671	ASV980-Paraburkholderia graminis
KS-24	92.719	467	30	4	331	795	1	465	0.0	671	ASV864-Paraburkholderia graminis
KS-24	92.719	467	30	4	331	795	1	465	0.0	671	ASV723-Paraburkholderia graminis
KS-24	92.688	465	34	0	331	795	1	465	0.0	671	ASV630-Herminiimonas contaminans
KS-24	92.688	465	34	0	331	795	1	465	0.0	671	ASV572-Herminiimonas contaminans
KS-24	92.719	467	30	4	331	795	1	465	0.0	671	ASV518-Paraburkholderia graminis
KS-24	92.719	467	30	4	331	795	1	465	0.0	671	ASV489-Paraburkholderia graminis
KS-24	92.719	467	30	4	331	795	1	465	0.0	671	ASV460-Paraburkholderia graminis
KS-24	92.719	467	30	4	331	795	1	465	0.0	671	ASV298-Paraburkholderia graminis
KS-24	92.505	467	31	4	331	795	1	465	0.0	665	ASV1437-Herbaspirillum aquaticum
KS-24	92.505	467	31	4	331	795	1	465	0.0	665	ASV1330-Paraburkholderia graminis
KS-24	92.505	467	31	4	331	795	1	465	0.0	665	ASV1207-Paraburkholderia graminis
KS-24	92.505	467	31	4	331	795	1	465	0.0	665	ASV1103-Paraburkholderia graminis
KS-24	92.505	467	31	4	331	795	1	465	0.0	665	ASV1098-Paraburkholderia graminis
KS-24	92.505	467	31	4	331	795	1	465	0.0	665	ASV1054-Paraburkholderia graminis
KS-24	92.505	467	31	4	331	795	1	465	0.0	665	ASV900-Paraburkholderia graminis
KS-24	92.505	467	31	4	331	795	1	465	0.0	665	ASV898-Paraburkholderia graminis
KS-24	92.505	467	31	4	331	795	1	465	0.0	665	ASV784-Paraburkholderia graminis
KS-24	92.489	466	33	2	331	795	1	465	0.0	665	ASV716-Duganella ginsengisoli
KS-24	92.473	465	35	0	331	795	1	465	0.0	665	ASV657-Herminiimonas contaminans
KS-24	92.505	467	31	4	331	795	1	465	0.0	665	ASV637-Paraburkholderia graminis
KS-24	92.473	465	35	0	331	795	1	465	0.0	665	ASV611-Herminiimonas contaminans
KS-24	92.473	465	35	0	331	795	1	465	0.0	665	ASV607-Herminiimonas contaminans
KS-24	92.473	465	35	0	331	795	1	465	0.0	665	ASV597-Herminiimonas contaminans
KS-24	92.473	465	35	0	331	795	1	465	0.0	665	ASV586-Herminiimonas contaminans
KS-24	92.473	465	35	0	331	795	1	465	0.0	665	ASV463-Herminiimonas contaminans
KS-24	92.473	465	35	0	331	795	1	465	0.0	665	ASV423-Herminiimonas contaminans
KS-24	92.473	465	35	0	331	795	1	465	0.0	665	ASV377-Herminiimonas contaminans
KS-24	92.275	466	36	0	331	796	1	466	0.0	662	ASV676-Herminiimonas contaminans
KS-24	92.308	468	30	6	331	795	1	465	0.0	660	ASV1414-Pseudoduganella eburnea
KS-24	92.291	467	32	4	331	795	1	465	0.0	660	ASV1262-Herbaspirillum aquaticum
KS-24	92.258	465	36	0	331	795	1	465	0.0	660	ASV1068-Herminiimonas glaciei
KS-24	92.308	468	30	6	331	795	1	465	0.0	660	ASV913-Pseudoduganella eburnea
KS-24	92.258	465	36	0	331	795	1	465	0.0	660	ASV902-Herminiimonas contaminans
KS-24	92.258	465	36	0	331	795	1	465	0.0	660	ASV834-Herminiimonas contaminans
KS-24	92.258	465	36	0	331	795	1	465	0.0	660	ASV713-Herminiimonas contaminans
KS-24	92.258	465	36	0	331	795	1	465	0.0	660	ASV665-Herminiimonas contaminans
KS-24	92.258	465	36	0	331	795	1	465	0.0	660	ASV663-Herminiimonas contaminans
KS-24	92.258	465	36	0	331	795	1	465	0.0	660	ASV646-Herminiimonas contaminans
KS-24	92.258	465	36	0	331	795	1	465	0.0	660	ASV581-Herminiimonas contaminans
KS-24	92.275	466	34	2	331	795	1	465	0.0	660	ASV530-Duganella ginsengisoli
KS-24	92.258	465	36	0	331	795	1	465	0.0	660	ASV497-Herminiimonas contaminans
KS-24	92.258	465	36	0	331	795	1	465	0.0	660	ASV464-Herminiimonas contaminans
KS-24	92.258	465	36	0	331	795	1	465	0.0	660	ASV416-Herminiimonas contaminans
KS-24	92.275	466	34	2	331	795	1	465	0.0	660	ASV250-Duganella ginsengisoli
KS-24	92.258	465	36	0	331	795	1	465	0.0	660	ASV243-Herminiimonas contaminans
KS-24	92.258	465	36	0	331	795	1	465	0.0	660	ASV216-Herminiimonas contaminans
KS-24	92.258	465	36	0	331	795	1	465	0.0	660	ASV170-Herminiimonas contaminans
KS-24	92.094	468	31	6	331	795	1	465	0.0	654	ASV1255-Pseudoduganella eburnea
KS-24	92.094	468	31	6	331	795	1	465	0.0	654	ASV1246-Pseudoduganella eburnea
KS-24	92.094	468	31	6	331	795	2	466	0.0	654	ASV1072-Pseudoduganella eburnea
KS-24	92.094	468	31	6	331	795	1	465	0.0	654	ASV1049-Pseudoduganella eburnea
KS-24	92.043	465	37	0	331	795	1	465	0.0	654	ASV1041-Herminiimonas glaciei
KS-24	92.094	468	31	6	331	795	2	466	0.0	654	ASV947-Pseudoduganella eburnea
KS-24	92.060	466	35	2	331	795	1	465	0.0	654	ASV905-Duganella ginsengisoli
KS-24	92.094	468	31	6	331	795	1	465	0.0	654	ASV886-Pseudoduganella eburnea
KS-24	92.060	466	35	2	331	795	1	465	0.0	654	ASV867-Duganella ginsengisoli
KS-24	92.094	468	31	6	331	795	1	465	0.0	654	ASV863-Pseudoduganella eburnea
KS-24	92.094	468	31	6	331	795	1	465	0.0	654	ASV831-Pseudoduganella eburnea
KS-24	92.094	468	31	6	331	795	1	465	0.0	654	ASV825-Pseudoduganella eburnea
KS-24	92.094	468	31	6	331	795	1	465	0.0	654	ASV786-Pseudoduganella eburnea
KS-24	92.043	465	37	0	331	795	1	465	0.0	654	ASV770-Herminiimonas glaciei
KS-24	92.094	468	31	6	331	795	2	466	0.0	654	ASV752-Pseudoduganella eburnea
KS-24	92.043	465	37	0	331	795	1	465	0.0	654	ASV592-Herminiimonas contaminans
KS-24	92.094	468	31	6	331	795	1	465	0.0	654	ASV591-Pseudoduganella eburnea
KS-24	92.060	466	35	2	331	795	1	465	0.0	654	ASV576-Duganella ginsengisoli
KS-24	92.060	466	35	2	331	795	1	465	0.0	654	ASV570-Duganella ginsengisoli
KS-24	92.094	468	31	6	331	795	1	465	0.0	654	ASV564-Pseudoduganella eburnea
KS-24	92.060	466	35	2	331	795	1	465	0.0	654	ASV555-Duganella ginsengisoli
KS-24	92.060	466	35	2	331	795	1	465	0.0	654	ASV520-Duganella ginsengisoli
KS-24	92.094	468	31	6	331	795	1	465	0.0	654	ASV512-Pseudoduganella eburnea
KS-24	92.060	466	35	2	331	795	1	465	0.0	654	ASV422-Duganella ginsengisoli
KS-24	92.043	465	37	0	331	795	1	465	0.0	654	ASV392-Herminiimonas contaminans
KS-24	92.043	465	37	0	331	795	1	465	0.0	654	ASV371-Herminiimonas contaminans
KS-24	92.043	465	37	0	331	795	1	465	0.0	654	ASV309-Herminiimonas contaminans
KS-24	92.060	466	35	2	331	795	1	465	0.0	654	ASV300-Duganella ginsengisoli
KS-24	91.880	468	32	6	331	795	2	466	0.0	649	ASV1477-Pseudoduganella eburnea
KS-24	91.880	468	32	6	331	795	1	465	0.0	649	ASV1342-Pseudoduganella eburnea
KS-24	91.880	468	32	6	331	795	1	465	0.0	649	ASV1112-Pseudoduganella eburnea
KS-24	91.880	468	32	6	331	795	1	465	0.0	649	ASV1007-Pseudoduganella eburnea
KS-24	91.880	468	32	6	331	795	1	465	0.0	649	ASV990-Pseudoduganella eburnea
KS-24	91.880	468	32	6	331	795	1	465	0.0	649	ASV931-Pseudoduganella eburnea
KS-24	91.828	465	38	0	331	795	1	465	0.0	649	ASV660-Herminiimonas glaciei
KS-24	91.828	465	38	0	331	795	1	465	0.0	649	ASV622-Herminiimonas glaciei
KS-24	91.880	468	32	6	331	795	1	465	0.0	649	ASV561-Pseudoduganella eburnea
KS-24	91.845	466	36	2	331	795	1	465	0.0	649	ASV500-Duganella ginsengisoli
KS-24	91.845	466	36	2	331	795	1	465	0.0	649	ASV424-Duganella ginsengisoli
KS-24	91.845	466	36	2	331	795	1	465	0.0	649	ASV312-Duganella ginsengisoli
KS-24	91.613	465	39	0	331	795	1	465	0.0	643	ASV722-Herminiimonas glaciei
KS-24	91.613	465	39	0	331	795	1	465	0.0	643	ASV536-Herminiimonas glaciei
KS-24	90.000	470	37	7	331	795	1	465	3.67e-172	599	ASV1720-Cupriavidus pauculus
KS-24	89.787	470	38	7	331	795	1	465	1.71e-170	593	ASV1731-Cupriavidus pauculus
KS-24	89.700	466	46	2	331	795	1	465	1.71e-170	593	ASV1104-Delftia acidovorans
KS-24	90.323	465	25	11	331	795	1	445	6.14e-170	592	ASV1734-Cupriavidus plantarum
KS-24	90.323	465	25	11	331	795	1	445	6.14e-170	592	ASV1722-Cupriavidus plantarum
KS-24	90.323	465	25	12	331	795	3	447	6.14e-170	592	ASV1716-Cupriavidus plantarum
KS-24	89.485	466	47	2	331	795	1	465	7.95e-169	588	ASV1043-Delftia acidovorans
KS-24	89.485	466	47	2	331	795	1	465	7.95e-169	588	ASV1000-Delftia acidovorans
KS-24	89.485	466	47	2	331	795	1	465	7.95e-169	588	ASV439-Acidovorax delafieldii
KS-24	89.485	466	47	2	331	795	1	465	7.95e-169	588	ASV322-Acidovorax delafieldii
KS-24	89.485	466	47	2	331	795	1	465	7.95e-169	588	ASV174-Acidovorax delafieldii
KS-24	89.485	466	47	2	331	795	1	465	7.95e-169	588	ASV127-Acidovorax delafieldii
KS-24	89.485	466	47	2	331	795	1	465	7.95e-169	588	ASV100-Acidovorax delafieldii
KS-24	90.108	465	26	11	331	795	3	447	2.86e-168	586	ASV1752-Cupriavidus metallidurans
KS-24	90.108	465	26	11	331	795	1	445	2.86e-168	586	ASV1727-Cupriavidus metallidurans
KS-24	90.108	465	26	12	331	795	3	447	2.86e-168	586	ASV1726-Cupriavidus plantarum
KS-24	89.270	466	48	2	331	795	1	465	3.70e-167	582	ASV1051-Delftia acidovorans
KS-24	89.270	466	48	2	331	795	2	466	3.70e-167	582	ASV1018-Delftia acidovorans
KS-24	89.270	466	48	2	331	795	2	466	3.70e-167	582	ASV976-Delftia acidovorans
KS-24	89.270	466	48	2	331	795	1	465	3.70e-167	582	ASV887-Delftia acidovorans
KS-24	89.270	466	48	2	331	795	1	465	3.70e-167	582	ASV764-Delftia acidovorans
KS-24	89.270	466	48	2	331	795	1	465	3.70e-167	582	ASV649-Delftia acidovorans
KS-24	89.270	466	48	2	331	795	1	465	3.70e-167	582	ASV410-Acidovorax delafieldii
KS-24	89.270	466	48	2	331	795	1	465	3.70e-167	582	ASV313-Acidovorax delafieldii
KS-24	89.270	466	48	2	331	795	1	465	3.70e-167	582	ASV231-Acidovorax delafieldii
KS-24	89.270	466	48	2	331	795	1	465	3.70e-167	582	ASV154-Acidovorax delafieldii
KS-24	89.270	466	48	2	331	795	1	465	3.70e-167	582	ASV97-Acidovorax delafieldii
KS-24	89.270	466	48	2	331	795	1	465	3.70e-167	582	ASV74-Acidovorax delafieldii
KS-24	89.270	466	48	2	331	795	1	465	3.70e-167	582	ASV58-Acidovorax delafieldii
KS-24	89.270	466	48	2	331	795	1	465	3.70e-167	582	ASV20-Acidovorax delafieldii
KS-24	89.892	465	27	11	331	795	3	447	1.33e-166	580	ASV1742-Cupriavidus metallidurans
KS-24	89.079	467	49	2	330	795	1	466	4.78e-166	579	ASV869-Delftia acidovorans
KS-24	89.056	466	49	2	331	795	1	465	1.72e-165	577	ASV1394-Delftia acidovorans
KS-24	89.056	466	49	2	331	795	1	465	1.72e-165	577	ASV1307-Delftia acidovorans
KS-24	89.056	466	49	2	331	795	1	465	1.72e-165	577	ASV502-Acidovorax delafieldii
KS-24	89.056	466	49	2	331	795	1	465	1.72e-165	577	ASV214-Acidovorax delafieldii
KS-24	89.056	466	49	2	331	795	1	465	1.72e-165	577	ASV119-Acidovorax delafieldii
KS-24	89.056	466	49	2	331	795	1	465	1.72e-165	577	ASV108-Acidovorax delafieldii
KS-24	89.056	466	49	2	331	795	1	465	1.72e-165	577	ASV73-Acidovorax delafieldii
KS-24	89.056	466	49	2	331	795	1	465	1.72e-165	577	ASV72-Acidovorax delafieldii
KS-24	88.462	468	48	5	331	795	1	465	1.73e-160	560	ASV1700-Achromobacter deleyi
KS-24	88.462	468	48	4	331	795	1	465	1.73e-160	560	ASV1466-Acidovorax soli
KS-24	88.462	468	48	5	331	795	1	465	1.73e-160	560	ASV1019-Variovorax sp.
KS-24	88.298	470	45	8	331	795	1	465	8.06e-159	555	ASV1625-Xenophilus aerolatus
KS-24	88.248	468	49	5	331	795	1	465	8.06e-159	555	ASV1011-Variovorax sp.
KS-24	88.248	468	49	5	331	795	1	465	8.06e-159	555	ASV837-Variovorax sp.
KS-24	88.248	468	49	5	331	795	1	465	8.06e-159	555	ASV829-Variovorax sp.
KS-24	88.248	468	49	5	331	795	1	465	8.06e-159	555	ASV820-Variovorax sp.
KS-24	88.248	468	49	5	331	795	1	465	8.06e-159	555	ASV726-Variovorax sp.
KS-24	88.248	468	49	5	331	795	1	465	8.06e-159	555	ASV557-Variovorax sp.
KS-24	88.248	468	49	5	331	795	1	465	8.06e-159	555	ASV480-Variovorax sp.
KS-24	88.060	469	52	4	329	795	3	469	2.90e-158	553	ASV1670-Achromobacter xylosoxidans
KS-24	88.034	468	50	5	331	795	1	465	3.75e-157	549	ASV942-Variovorax sp.
KS-24	88.034	468	50	5	331	795	1	465	3.75e-157	549	ASV874-Variovorax sp.
KS-24	88.034	468	50	5	331	795	2	466	3.75e-157	549	ASV872-Variovorax sp.
KS-24	88.034	468	50	5	331	795	1	465	3.75e-157	549	ASV822-Variovorax soli
KS-24	88.034	468	50	5	331	795	1	465	3.75e-157	549	ASV800-Variovorax sp.
KS-24	88.034	468	50	5	331	795	1	465	3.75e-157	549	ASV794-Variovorax sp.
KS-24	88.034	468	50	5	331	795	1	465	3.75e-157	549	ASV735-Variovorax sp.
KS-24	88.034	468	50	5	331	795	1	465	3.75e-157	549	ASV644-Variovorax sp.
KS-24	88.034	468	50	5	331	795	1	465	3.75e-157	549	ASV514-Variovorax sp.
KS-24	88.034	468	50	5	331	795	1	465	3.75e-157	549	ASV321-Variovorax sp.
KS-24	87.821	468	51	5	331	795	1	465	1.74e-155	544	ASV1655-Sphingobium czechense
KS-24	87.821	468	51	5	331	795	1	465	1.74e-155	544	ASV1648-Sphingobium czechense
KS-24	87.821	468	51	5	331	795	1	465	1.74e-155	544	ASV896-Variovorax sp.
KS-24	87.821	468	51	5	331	795	1	465	1.74e-155	544	ASV885-Variovorax sp.
KS-24	87.821	468	51	5	331	795	1	465	1.74e-155	544	ASV653-Variovorax sp.
KS-24	87.821	468	51	5	331	795	1	465	1.74e-155	544	ASV495-Variovorax sp.
KS-24	87.821	468	51	5	331	795	1	465	1.74e-155	544	ASV411-Variovorax sp.
KS-24	87.607	468	52	5	331	795	1	465	8.12e-154	538	ASV1679-Sphingobium czechense
KS-24	87.607	468	52	5	331	795	1	465	8.12e-154	538	ASV1667-Sphingobium czechense
KS-24	87.607	468	52	5	331	795	1	465	8.12e-154	538	ASV1661-Sphingobium czechense
KS-24	87.607	468	52	5	331	795	1	465	8.12e-154	538	ASV1624-Sphingobium czechense
KS-24	87.447	470	49	5	331	795	1	465	3.78e-152	532	ASV1754-Achromobacter mucicolens
KS-24	87.393	468	53	5	331	795	1	465	3.78e-152	532	ASV1712-Sphingobium czechense
KS-24	87.393	468	53	5	331	795	1	465	3.78e-152	532	ASV1688-Sphingobium czechense
KS-24	87.393	468	53	5	331	795	1	465	3.78e-152	532	ASV1671-Sphingobium czechense
KS-24	87.393	468	53	5	331	795	1	465	3.78e-152	532	ASV1641-Sphingobium czechense
KS-24	87.152	467	56	4	331	795	1	465	1.76e-150	527	ASV1704-Bacillus mesonae
KS-24	87.152	467	56	4	331	795	1	465	1.76e-150	527	ASV1692-Bacillus mesonae
KS-24	86.938	467	57	4	331	795	1	465	8.18e-149	521	ASV1723-Bacillus mesonae
KS-24	86.938	467	57	4	331	795	1	465	8.18e-149	521	ASV1715-Bacillus mesonae
KS-24	86.780	469	54	8	331	795	1	465	3.80e-147	516	ASV1548-Janthinobacterium sp.
KS-24	86.383	470	54	10	331	795	1	465	8.23e-144	505	ASV1269-Lysobacter panacisoli
KS-24	86.383	470	54	10	331	795	2	466	8.23e-144	505	ASV1013-Lysobacter panacisoli
KS-24	86.354	469	56	8	331	795	1	465	8.23e-144	505	ASV1003-Lysobacter korlensis
KS-24	86.170	470	57	8	330	795	1	466	1.07e-142	501	ASV1026-Lysobacter korlensis
KS-24	86.111	468	59	5	331	795	2	466	3.83e-142	499	ASV1714-Sphingobium czechense
KS-24	86.111	468	59	5	331	795	2	466	3.83e-142	499	ASV1657-Sphingobium czechense
KS-24	86.200	471	53	11	331	795	1	465	3.83e-142	499	ASV1467-Lysobacter oryzae
KS-24	86.170	470	55	10	331	795	1	465	3.83e-142	499	ASV1410-Lysobacter panacisoli
KS-24	86.200	471	53	11	331	795	1	465	3.83e-142	499	ASV1350-Lysobacter daejeonensis
KS-24	86.170	470	55	10	331	795	1	465	3.83e-142	499	ASV1331-Lysobacter soli
KS-24	86.170	470	55	10	331	795	1	465	3.83e-142	499	ASV1237-Lysobacter soli
KS-24	86.141	469	57	8	331	795	1	465	3.83e-142	499	ASV969-Lysobacter korlensis
KS-24	86.141	469	57	8	331	795	1	465	3.83e-142	499	ASV956-Lysobacter korlensis
KS-24	86.141	469	57	8	331	795	1	465	3.83e-142	499	ASV851-Lysobacter korlensis
KS-24	85.897	468	60	5	331	795	2	466	1.78e-140	494	ASV1706-Sphingobium czechense
KS-24	85.897	468	60	5	331	795	2	466	1.78e-140	494	ASV1682-Sphingobium czechense
KS-24	85.957	470	56	10	331	795	1	465	1.78e-140	494	ASV1434-Lysobacter panacisoli
KS-24	85.957	470	56	10	331	795	1	465	1.78e-140	494	ASV1336-Lysobacter panacisoli
KS-24	85.987	471	54	11	331	795	1	465	1.78e-140	494	ASV1287-Lysobacter panacisoli
KS-24	85.957	470	56	10	331	795	1	465	1.78e-140	494	ASV1111-Lysobacter mobilis
KS-24	85.928	469	58	8	331	795	1	465	1.78e-140	494	ASV989-Lysobacter korlensis
KS-24	85.928	469	58	8	331	795	1	465	1.78e-140	494	ASV914-Lysobacter korlensis
KS-24	85.928	469	58	8	331	795	1	465	1.78e-140	494	ASV873-Lysobacter korlensis
KS-24	85.928	469	58	8	331	795	1	465	1.78e-140	494	ASV865-Lysobacter korlensis
KS-24	85.928	469	58	8	331	795	1	465	1.78e-140	494	ASV776-Lysobacter korlensis
KS-24	85.928	469	58	8	331	795	1	465	1.78e-140	494	ASV642-Lysobacter korlensis
KS-24	85.928	469	58	8	331	795	1	465	1.78e-140	494	ASV600-Lysobacter korlensis
KS-24	85.928	469	58	8	331	795	1	465	1.78e-140	494	ASV453-Lysobacter korlensis
KS-24	85.928	469	58	8	331	795	1	465	1.78e-140	494	ASV413-Lysobacter korlensis
KS-24	85.928	469	58	8	331	795	1	465	1.78e-140	494	ASV404-Lysobacter korlensis
KS-24	85.928	469	58	8	331	795	1	465	1.78e-140	494	ASV357-Lysobacter korlensis
KS-24	85.745	470	59	8	330	795	1	466	2.31e-139	490	ASV1038-Lysobacter korlensis
KS-24	85.745	470	59	8	330	795	2	467	2.31e-139	490	ASV683-Lysobacter korlensis
KS-24	85.745	470	59	8	330	795	1	466	2.31e-139	490	ASV652-Lysobacter korlensis
KS-24	85.775	471	55	11	331	795	1	465	8.29e-139	488	ASV1401-Lysobacter panacisoli
KS-24	85.775	471	55	11	331	795	2	466	8.29e-139	488	ASV1283-Lysobacter daejeonensis
KS-24	85.775	471	55	12	331	795	1	465	8.29e-139	488	ASV1160-Enterobacter sp.
KS-24	85.775	471	55	11	331	795	1	465	8.29e-139	488	ASV1158-Lysobacter daejeonensis
KS-24	85.775	471	55	11	331	795	1	465	8.29e-139	488	ASV1073-Lysobacter daejeonensis
KS-24	85.714	469	59	8	331	795	1	465	8.29e-139	488	ASV979-Lysobacter korlensis
KS-24	85.775	471	55	11	331	795	1	465	8.29e-139	488	ASV964-Lysobacter daejeonensis
KS-24	85.714	469	59	8	331	795	2	466	8.29e-139	488	ASV923-Lysobacter korlensis
KS-24	85.775	471	55	11	331	795	1	465	8.29e-139	488	ASV858-Lysobacter panacisoli
KS-24	85.714	469	59	8	331	795	1	465	8.29e-139	488	ASV762-Lysobacter korlensis
KS-24	85.714	469	59	8	331	795	2	466	8.29e-139	488	ASV684-Lysobacter korlensis
KS-24	85.714	469	59	8	331	795	1	465	8.29e-139	488	ASV662-Lysobacter korlensis
KS-24	85.714	469	59	8	331	795	2	466	8.29e-139	488	ASV632-Lysobacter korlensis
KS-24	85.714	469	59	8	331	795	1	465	8.29e-139	488	ASV517-Lysobacter korlensis
KS-24	85.714	469	59	8	331	795	1	465	8.29e-139	488	ASV443-Lysobacter korlensis
KS-24	85.714	469	59	8	331	795	1	465	8.29e-139	488	ASV388-Lysobacter korlensis
KS-24	85.714	469	59	8	331	795	1	465	8.29e-139	488	ASV361-Lysobacter korlensis
KS-24	85.714	469	59	8	331	795	1	465	8.29e-139	488	ASV283-Lysobacter korlensis
KS-24	85.714	469	59	8	331	795	1	465	8.29e-139	488	ASV203-Lysobacter korlensis
KS-24	85.593	472	56	11	330	795	1	466	1.07e-137	484	ASV1206-Lysobacter daejeonensis
KS-24	85.532	470	60	8	330	795	1	466	1.07e-137	484	ASV1009-Lysobacter korlensis
KS-24	85.532	470	60	8	331	796	1	466	1.07e-137	484	ASV757-Lysobacter korlensis
KS-24	85.532	470	58	9	331	795	1	465	3.86e-137	483	ASV1705-Sphingobium czechense
KS-24	85.563	471	56	12	331	795	1	465	3.86e-137	483	ASV1690-Lysobacter tyrosinelyticus
KS-24	85.563	471	56	11	331	795	1	465	3.86e-137	483	ASV1144-Lysobacter panacisoli
KS-24	85.501	469	60	8	331	795	3	467	3.86e-137	483	ASV1086-Lysobacter korlensis
KS-24	85.501	469	60	8	331	795	2	466	3.86e-137	483	ASV953-Lysobacter korlensis
KS-24	85.563	471	56	11	331	795	1	465	3.86e-137	483	ASV950-Lysobacter daejeonensis
KS-24	85.501	469	60	8	331	795	1	465	3.86e-137	483	ASV907-Lysobacter korlensis
KS-24	85.501	469	60	8	331	795	2	466	3.86e-137	483	ASV788-Lysobacter korlensis
KS-24	85.501	469	60	8	331	795	1	465	3.86e-137	483	ASV691-Lysobacter korlensis
KS-24	85.501	469	60	8	331	795	1	465	3.86e-137	483	ASV516-Lysobacter korlensis
KS-24	85.501	469	60	8	331	795	1	465	3.86e-137	483	ASV477-Lysobacter korlensis
KS-24	85.501	469	60	8	331	795	1	465	3.86e-137	483	ASV400-Lysobacter korlensis
KS-24	85.501	469	60	8	331	795	1	465	3.86e-137	483	ASV386-Lysobacter korlensis
KS-24	85.501	469	60	8	331	795	1	465	3.86e-137	483	ASV367-Lysobacter korlensis
KS-24	85.381	472	57	12	330	795	2	467	4.99e-136	479	ASV1416-Enterobacter ludwigii
KS-24	85.319	470	59	9	331	795	1	465	1.79e-135	477	ASV1693-Sphingobium czechense
KS-24	85.319	470	59	9	331	795	1	465	1.79e-135	477	ASV1681-Sphingobium czechense
KS-24	85.319	470	59	9	331	795	1	465	1.79e-135	477	ASV1668-Sphingobium czechense
KS-24	85.350	471	57	12	331	795	1	465	1.79e-135	477	ASV1546-Enterobacter kobei
KS-24	85.350	471	57	12	331	795	1	465	1.79e-135	477	ASV1542-Enterobacter kobei
KS-24	85.350	471	57	11	331	795	1	465	1.79e-135	477	ASV1503-Enterobacter ludwigii
KS-24	85.350	471	57	12	331	795	1	465	1.79e-135	477	ASV1451-Enterobacter sp.
KS-24	85.350	471	57	12	331	795	2	466	1.79e-135	477	ASV1042-Enterobacter sp.
KS-24	85.288	469	61	8	331	795	1	465	1.79e-135	477	ASV778-Escherichia flexneri
KS-24	85.837	466	44	13	331	795	1	445	6.46e-135	475	ASV1658-Acidovorax delafieldii
KS-24	85.169	472	58	12	330	795	1	466	2.32e-134	473	ASV1417-Enterobacter ludwigii
KS-24	85.169	472	58	12	330	795	1	466	2.32e-134	473	ASV539-Enterobacter kobei
KS-24	85.106	470	60	9	331	795	1	465	8.35e-134	472	ASV1721-Sphingobium czechense
KS-24	85.106	470	60	9	331	795	1	465	8.35e-134	472	ASV1713-Sphingobium czechense
KS-24	85.138	471	58	12	331	795	1	465	8.35e-134	472	ASV1588-Enterobacter sp.
KS-24	85.138	471	58	12	331	795	1	465	8.35e-134	472	ASV1533-Enterobacter ludwigii
KS-24	85.075	469	62	8	331	795	1	465	8.35e-134	472	ASV1471-Escherichia flexneri
KS-24	85.138	471	58	12	331	795	1	465	8.35e-134	472	ASV1455-Enterobacter sp.
KS-24	85.138	471	58	12	331	795	1	465	8.35e-134	472	ASV1440-Enterobacter ludwigii
KS-24	85.138	471	58	12	331	795	1	465	8.35e-134	472	ASV1404-Enterobacter kobei
KS-24	85.138	471	58	12	331	795	1	465	8.35e-134	472	ASV1382-Enterobacter ludwigii
KS-24	85.138	471	58	12	331	795	1	465	8.35e-134	472	ASV1362-Enterobacter kobei
KS-24	85.138	471	58	12	331	795	1	465	8.35e-134	472	ASV1258-Enterobacter sp.
KS-24	85.075	469	62	8	331	795	1	465	8.35e-134	472	ASV1141-Escherichia flexneri
KS-24	85.075	469	62	8	331	795	1	465	8.35e-134	472	ASV1095-Escherichia flexneri
KS-24	85.138	471	58	12	331	795	2	466	8.35e-134	472	ASV835-Enterobacter kobei
KS-24	85.138	471	58	12	331	795	1	465	8.35e-134	472	ASV719-Enterobacter kobei
KS-24	85.138	471	58	11	331	795	1	465	8.35e-134	472	ASV718-Enterobacter ludwigii
KS-24	85.138	471	58	12	331	795	1	465	8.35e-134	472	ASV700-Enterobacter kobei
KS-24	85.138	471	58	11	331	795	1	465	8.35e-134	472	ASV575-Enterobacter ludwigii
KS-24	85.075	469	62	8	331	795	1	465	8.35e-134	472	ASV521-Escherichia flexneri
KS-24	85.138	471	58	12	331	795	1	465	8.35e-134	472	ASV474-Enterobacter ludwigii
KS-24	84.894	470	63	8	330	795	1	466	1.08e-132	468	ASV1087-Escherichia flexneri
KS-24	84.958	472	59	11	330	795	1	466	1.08e-132	468	ASV674-Enterobacter ludwigii
KS-24	84.958	472	59	12	330	795	1	466	1.08e-132	468	ASV623-Enterobacter ludwigii
KS-24	84.797	467	67	4	331	795	1	465	3.89e-132	466	ASV1654-Pseudoxanthomonas japonensis
KS-24	84.926	471	59	11	331	795	1	465	3.89e-132	466	ASV1431-Enterobacter ludwigii
KS-24	84.926	471	59	12	331	795	1	465	3.89e-132	466	ASV1386-Enterobacter sp.
KS-24	84.926	471	59	12	331	795	1	465	3.89e-132	466	ASV1368-Enterobacter ludwigii
KS-24	84.926	471	59	11	331	795	1	465	3.89e-132	466	ASV1275-Enterobacter ludwigii
KS-24	84.926	471	59	12	331	795	1	465	3.89e-132	466	ASV1244-Enterobacter kobei
KS-24	84.926	471	59	11	331	795	1	465	3.89e-132	466	ASV1159-Enterobacter tabaci
KS-24	84.926	471	59	12	331	795	1	465	3.89e-132	466	ASV1147-Enterobacter ludwigii
KS-24	84.926	471	59	12	331	795	1	465	3.89e-132	466	ASV1056-Enterobacter kobei
KS-24	84.926	471	59	12	331	795	2	466	3.89e-132	466	ASV993-Enterobacter kobei
KS-24	84.861	469	63	8	331	795	1	465	3.89e-132	466	ASV974-Escherichia flexneri
KS-24	84.926	471	59	12	331	795	1	465	3.89e-132	466	ASV855-Enterobacter ludwigii
KS-24	84.861	469	63	8	331	795	1	465	3.89e-132	466	ASV799-Escherichia flexneri
KS-24	84.926	471	59	11	331	795	1	465	3.89e-132	466	ASV767-Enterobacter ludwigii
KS-24	84.926	471	59	12	331	795	1	465	3.89e-132	466	ASV765-Enterobacter kobei
KS-24	84.926	471	59	12	331	795	1	465	3.89e-132	466	ASV724-Enterobacter ludwigii
KS-24	84.926	471	59	12	331	795	1	465	3.89e-132	466	ASV560-Enterobacter kobei
KS-24	84.926	471	59	12	331	795	1	465	3.89e-132	466	ASV559-Enterobacter ludwigii
KS-24	84.926	471	59	11	331	795	1	465	3.89e-132	466	ASV511-Enterobacter tabaci
KS-24	84.926	471	59	12	331	795	1	465	3.89e-132	466	ASV442-Enterobacter kobei
KS-24	84.926	471	59	11	331	795	1	465	3.89e-132	466	ASV409-Enterobacter ludwigii
KS-24	84.926	471	59	12	331	795	1	465	3.89e-132	466	ASV406-Enterobacter kobei
KS-24	85.408	466	46	13	331	795	1	445	1.40e-131	464	ASV1708-Acidovorax delafieldii
KS-24	84.778	473	60	12	330	796	1	467	1.40e-131	464	ASV1520-Enterobacter kobei
KS-24	84.746	472	60	11	331	796	1	466	5.03e-131	462	ASV1457-Enterobacter ludwigii
KS-24	84.746	472	60	12	331	796	1	466	5.03e-131	462	ASV1364-Enterobacter ludwigii
KS-24	84.713	471	60	11	331	795	1	465	1.81e-130	460	ASV1514-Enterobacter ludwigii
KS-24	84.582	467	68	4	331	795	1	465	1.81e-130	460	ASV1291-Pseudoxanthomonas japonensis
KS-24	84.713	471	60	12	331	795	1	465	1.81e-130	460	ASV1143-Enterobacter ludwigii
KS-24	84.582	467	68	4	331	795	1	465	1.81e-130	460	ASV1058-Pseudoxanthomonas japonensis
KS-24	84.713	471	60	11	331	795	1	465	1.81e-130	460	ASV1015-Enterobacter ludwigii
KS-24	84.582	467	68	4	331	795	1	465	1.81e-130	460	ASV987-Pseudoxanthomonas japonensis
KS-24	84.713	471	60	11	331	795	1	465	1.81e-130	460	ASV971-Enterobacter tabaci
KS-24	84.713	471	60	12	331	795	1	465	1.81e-130	460	ASV962-Enterobacter kobei
KS-24	84.713	471	60	12	331	795	1	465	1.81e-130	460	ASV930-Enterobacter ludwigii
KS-24	84.713	471	60	12	331	795	2	466	1.81e-130	460	ASV843-Enterobacter ludwigii
KS-24	84.713	471	60	11	331	795	1	465	1.81e-130	460	ASV840-Enterobacter tabaci
KS-24	84.713	471	60	12	331	795	1	465	1.81e-130	460	ASV795-Enterobacter kobei
KS-24	84.713	471	60	12	331	795	1	465	1.81e-130	460	ASV628-Enterobacter ludwigii
KS-24	84.713	471	60	11	331	795	1	465	1.81e-130	460	ASV584-Enterobacter tabaci
KS-24	84.713	471	60	11	331	795	1	465	1.81e-130	460	ASV579-Enterobacter tabaci
KS-24	84.713	471	60	12	331	795	2	466	1.81e-130	460	ASV568-Enterobacter kobei
KS-24	84.713	471	60	12	331	795	1	465	1.81e-130	460	ASV515-Enterobacter kobei
KS-24	84.713	471	60	12	331	795	1	465	1.81e-130	460	ASV475-Enterobacter kobei
KS-24	84.402	468	69	4	330	795	1	466	2.34e-129	457	ASV1169-Pseudoxanthomonas japonensis
KS-24	84.368	467	69	4	331	795	1	465	8.41e-129	455	ASV1091-Pseudoxanthomonas japonensis
KS-24	84.979	466	48	13	331	795	1	445	3.02e-128	453	ASV1617-Acidovorax temperans
KS-24	84.154	467	70	4	331	795	1	465	3.91e-127	449	ASV1517-Pseudoxanthomonas japonensis
KS-24	84.154	467	70	4	331	795	1	465	3.91e-127	449	ASV1313-Pseudoxanthomonas japonensis
KS-24	84.154	467	70	4	331	795	1	465	3.91e-127	449	ASV1309-Pseudoxanthomonas japonensis
KS-24	84.764	466	49	13	331	795	1	445	1.41e-126	448	ASV1689-Acidovorax temperans
KS-24	82.227	467	80	3	331	795	1	466	4.00e-112	399	ASV717-Acinetobacter oleivorans
KS-24	82.227	467	80	3	331	795	1	466	4.00e-112	399	ASV593-Acinetobacter oleivorans
KS-24	82.051	468	79	5	331	795	2	467	1.86e-110	394	ASV939-Acinetobacter oleivorans
KS-24	82.051	468	79	5	331	795	1	466	1.86e-110	394	ASV749-Acinetobacter oleivorans
KS-24	82.051	468	79	5	331	795	1	466	1.86e-110	394	ASV679-Acinetobacter oleivorans
KS-24	82.051	468	79	5	331	795	1	466	1.86e-110	394	ASV667-Acinetobacter oleivorans
KS-24	82.051	468	79	5	331	795	1	466	1.86e-110	394	ASV666-Acinetobacter oleivorans
KS-24	82.013	467	81	3	331	795	1	466	1.86e-110	394	ASV307-Acinetobacter oleivorans
KS-24	82.051	468	79	5	331	795	1	466	1.86e-110	394	ASV301-Acinetobacter oleivorans
KS-24	82.013	467	81	3	331	795	1	466	1.86e-110	394	ASV252-Acinetobacter oleivorans
KS-24	81.876	469	80	5	331	796	1	467	2.41e-109	390	ASV580-Acinetobacter oleivorans
KS-24	81.838	468	80	5	331	795	2	467	8.65e-109	388	ASV802-Acinetobacter oleivorans
KS-24	81.838	468	80	5	331	795	1	466	8.65e-109	388	ASV758-Acinetobacter oleivorans
KS-24	81.838	468	80	5	331	795	1	466	8.65e-109	388	ASV707-Acinetobacter oleivorans
KS-24	81.838	468	80	5	331	795	1	466	8.65e-109	388	ASV604-Acinetobacter oleivorans
KS-24	81.838	468	80	5	331	795	1	466	8.65e-109	388	ASV490-Acinetobacter oleivorans
KS-24	81.838	468	80	5	331	795	1	466	8.65e-109	388	ASV476-Acinetobacter oleivorans
KS-24	81.838	468	80	5	331	795	1	466	8.65e-109	388	ASV419-Acinetobacter oleivorans
KS-24	81.838	468	80	5	331	795	1	466	8.65e-109	388	ASV306-Acinetobacter oleivorans
KS-24	81.838	468	80	5	331	795	1	466	8.65e-109	388	ASV259-Acinetobacter oleivorans
KS-24	81.838	468	80	5	331	795	1	466	8.65e-109	388	ASV238-Acinetobacter oleivorans
KS-24	81.838	468	80	5	331	795	1	466	8.65e-109	388	ASV193-Acinetobacter oleivorans
KS-24	81.838	468	80	5	331	795	1	466	8.65e-109	388	ASV182-Acinetobacter oleivorans
KS-24	81.663	469	81	5	330	795	1	467	1.12e-107	385	ASV745-Acinetobacter oleivorans
KS-24	81.624	468	81	5	331	795	1	466	4.03e-107	383	ASV728-Acinetobacter oleivorans
KS-24	81.624	468	81	5	331	795	1	466	4.03e-107	383	ASV631-Acinetobacter oleivorans
KS-24	81.624	468	81	5	331	795	1	466	4.03e-107	383	ASV403-Acinetobacter oleivorans
KS-24	81.624	468	81	5	331	795	1	466	4.03e-107	383	ASV385-Acinetobacter oleivorans
KS-24	81.624	468	81	5	331	795	1	466	4.03e-107	383	ASV370-Acinetobacter oleivorans
KS-24	81.624	468	81	5	331	795	1	466	4.03e-107	383	ASV369-Acinetobacter oleivorans
KS-24	81.818	473	70	14	331	795	1	465	4.03e-107	383	ASV355-Pseudomonas kilonensis
KS-24	81.624	468	81	5	331	795	1	466	4.03e-107	383	ASV345-Acinetobacter oleivorans
KS-24	81.624	468	81	5	331	795	1	466	4.03e-107	383	ASV289-Acinetobacter oleivorans
KS-24	81.624	468	81	5	331	795	1	466	4.03e-107	383	ASV276-Acinetobacter oleivorans
KS-24	81.370	467	83	4	331	795	1	465	1.87e-105	377	ASV1739-Arthrobacter sp.
KS-24	81.607	473	71	14	331	795	1	465	1.87e-105	377	ASV782-Pseudomonas kilonensis
KS-24	81.607	473	71	14	331	795	1	465	1.87e-105	377	ASV678-Pseudomonas kilonensis
KS-24	81.607	473	71	14	331	795	1	465	1.87e-105	377	ASV602-Pseudomonas kilonensis
KS-24	81.607	473	71	14	331	795	1	465	1.87e-105	377	ASV328-Pseudomonas kilonensis
KS-24	81.607	473	71	14	331	795	1	465	1.87e-105	377	ASV323-Pseudomonas kilonensis
KS-24	81.607	473	71	14	331	795	1	465	1.87e-105	377	ASV207-Pseudomonas kilonensis
KS-24	81.435	474	72	14	330	795	1	466	2.42e-104	374	ASV571-Pseudomonas kilonensis
KS-24	81.156	467	84	4	331	795	1	465	8.71e-104	372	ASV1738-Arthrobacter sp.
KS-24	81.395	473	72	14	331	795	1	465	8.71e-104	372	ASV693-Pseudomonas kilonensis
KS-24	81.395	473	72	14	331	795	1	465	8.71e-104	372	ASV689-Pseudomonas kilonensis
KS-24	81.395	473	72	14	331	795	1	465	8.71e-104	372	ASV612-Pseudomonas kilonensis
