ST-B3	99.138	464	4	0	5	468	2	465	0.0	837	ASV1654-Pseudoxanthomonas japonensis
ST-B3	99.138	464	4	0	5	468	2	465	0.0	837	ASV987-Pseudoxanthomonas japonensis
ST-B3	98.922	464	5	0	5	468	2	465	0.0	832	ASV1291-Pseudoxanthomonas japonensis
ST-B3	98.922	464	5	0	5	468	3	466	0.0	832	ASV1169-Pseudoxanthomonas japonensis
ST-B3	98.922	464	5	0	5	468	2	465	0.0	832	ASV1091-Pseudoxanthomonas japonensis
ST-B3	98.922	464	5	0	5	468	2	465	0.0	832	ASV1058-Pseudoxanthomonas japonensis
ST-B3	98.707	464	6	0	5	468	2	465	0.0	826	ASV1517-Pseudoxanthomonas japonensis
ST-B3	98.707	464	6	0	5	468	2	465	0.0	826	ASV1309-Pseudoxanthomonas japonensis
ST-B3	98.491	464	7	0	5	468	2	465	0.0	821	ASV1313-Pseudoxanthomonas japonensis
ST-B3	97.216	467	13	0	2	468	4	470	0.0	793	ASV1395-Pseudoxanthomonas indica
ST-B3	97.414	464	12	0	5	468	2	465	0.0	793	ASV1231-Pseudoxanthomonas indica
ST-B3	97.414	464	12	0	5	468	2	465	0.0	793	ASV1197-Pseudoxanthomonas indica
ST-B3	97.198	464	13	0	5	468	3	466	0.0	787	ASV1459-Pseudoxanthomonas indica
ST-B3	97.198	464	13	0	5	468	2	465	0.0	787	ASV1446-Pseudoxanthomonas indica
ST-B3	97.198	464	13	0	5	468	2	465	0.0	787	ASV1441-Pseudoxanthomonas indica
ST-B3	97.198	464	13	0	5	468	3	466	0.0	787	ASV1351-Pseudoxanthomonas indica
ST-B3	97.198	464	13	0	5	468	2	465	0.0	787	ASV1317-Pseudoxanthomonas indica
ST-B3	97.198	464	13	0	5	468	2	465	0.0	787	ASV1226-Pseudoxanthomonas indica
ST-B3	97.198	464	13	0	5	468	3	466	0.0	787	ASV1222-Pseudoxanthomonas indica
ST-B3	97.198	464	13	0	5	468	2	465	0.0	787	ASV1212-Pseudoxanthomonas indica
ST-B3	97.198	464	13	0	5	468	2	465	0.0	787	ASV1199-Pseudoxanthomonas indica
ST-B3	97.198	464	13	0	5	468	3	466	0.0	787	ASV1185-Pseudoxanthomonas indica
ST-B3	97.198	464	13	0	5	468	2	465	0.0	787	ASV1130-Pseudoxanthomonas indica
ST-B3	97.198	464	13	0	5	468	2	465	0.0	787	ASV1079-Pseudoxanthomonas indica
ST-B3	97.198	464	13	0	5	468	2	465	0.0	787	ASV924-Pseudoxanthomonas indica
ST-B3	96.983	464	14	0	5	468	3	466	0.0	782	ASV1334-Pseudoxanthomonas indica
ST-B3	96.983	464	14	0	5	468	2	465	0.0	782	ASV1297-Pseudoxanthomonas indica
ST-B3	96.983	464	14	0	5	468	3	466	0.0	782	ASV1285-Pseudoxanthomonas indica
ST-B3	96.983	464	14	0	5	468	2	465	0.0	782	ASV1254-Pseudoxanthomonas indica
ST-B3	96.983	464	14	0	5	468	3	466	0.0	782	ASV1239-Pseudoxanthomonas indica
ST-B3	96.983	464	14	0	5	468	2	465	0.0	782	ASV1204-Pseudoxanthomonas indica
ST-B3	96.983	464	14	0	5	468	2	465	0.0	782	ASV1196-Pseudoxanthomonas indica
ST-B3	96.983	464	14	0	5	468	3	466	0.0	782	ASV1194-Pseudoxanthomonas indica
ST-B3	96.983	464	14	0	5	468	2	465	0.0	782	ASV1190-Pseudoxanthomonas indica
ST-B3	96.983	464	14	0	5	468	3	466	0.0	782	ASV1101-Pseudoxanthomonas indica
ST-B3	96.983	464	14	0	5	468	2	465	0.0	782	ASV940-Pseudoxanthomonas indica
ST-B3	96.983	464	14	0	5	468	2	465	0.0	782	ASV807-Pseudoxanthomonas indica
ST-B3	96.767	464	15	0	5	468	2	465	0.0	776	ASV1327-Pseudoxanthomonas indica
ST-B3	96.767	464	15	0	5	468	3	466	0.0	776	ASV1259-Pseudoxanthomonas indica
ST-B3	96.767	464	15	0	5	468	2	465	0.0	776	ASV1241-Pseudoxanthomonas indica
ST-B3	96.767	464	15	0	5	468	2	465	0.0	776	ASV1238-Pseudoxanthomonas indica
ST-B3	96.767	464	15	0	5	468	3	466	0.0	776	ASV1209-Pseudoxanthomonas indica
ST-B3	96.767	464	15	0	5	468	2	465	0.0	776	ASV1187-Pseudoxanthomonas indica
ST-B3	96.767	464	15	0	5	468	2	465	0.0	776	ASV1163-Pseudoxanthomonas indica
ST-B3	96.767	464	15	0	5	468	2	465	0.0	776	ASV1036-Pseudoxanthomonas indica
ST-B3	96.767	464	15	0	5	468	2	465	0.0	776	ASV921-Pseudoxanthomonas indica
ST-B3	92.026	464	37	0	5	468	2	465	0.0	654	ASV1350-Lysobacter daejeonensis
ST-B3	92.026	464	37	0	5	468	3	466	0.0	654	ASV1283-Lysobacter daejeonensis
ST-B3	91.810	464	38	0	5	468	2	465	0.0	649	ASV1410-Lysobacter panacisoli
ST-B3	91.810	464	38	0	5	468	2	465	0.0	649	ASV1073-Lysobacter daejeonensis
ST-B3	91.810	464	38	0	5	468	3	466	0.0	649	ASV1013-Lysobacter panacisoli
ST-B3	91.810	464	38	0	5	468	2	465	0.0	649	ASV964-Lysobacter daejeonensis
ST-B3	91.810	464	38	0	5	468	2	465	0.0	649	ASV950-Lysobacter daejeonensis
ST-B3	91.631	466	35	4	5	468	2	465	0.0	643	ASV1467-Lysobacter oryzae
ST-B3	91.595	464	39	0	5	468	2	465	0.0	643	ASV1336-Lysobacter panacisoli
ST-B3	91.595	464	39	0	5	468	2	465	0.0	643	ASV1269-Lysobacter panacisoli
ST-B3	91.595	464	39	0	5	468	3	466	0.0	643	ASV1206-Lysobacter daejeonensis
ST-B3	91.595	464	39	0	5	468	2	465	0.0	643	ASV1158-Lysobacter daejeonensis
ST-B3	91.379	464	40	0	5	468	2	465	0.0	638	ASV1434-Lysobacter panacisoli
ST-B3	91.164	464	41	0	5	468	2	465	0.0	632	ASV1401-Lysobacter panacisoli
ST-B3	91.164	464	41	0	5	468	2	465	0.0	632	ASV1287-Lysobacter panacisoli
ST-B3	91.164	464	41	0	5	468	2	465	0.0	632	ASV1144-Lysobacter panacisoli
ST-B3	91.183	465	39	2	5	468	2	465	0.0	632	ASV969-Lysobacter korlensis
ST-B3	91.183	465	39	2	5	468	2	465	0.0	632	ASV956-Lysobacter korlensis
ST-B3	91.164	464	41	0	5	468	2	465	0.0	632	ASV858-Lysobacter panacisoli
ST-B3	91.183	465	39	2	5	468	2	465	0.0	632	ASV642-Lysobacter korlensis
ST-B3	91.183	465	39	2	5	468	2	465	0.0	632	ASV413-Lysobacter korlensis
ST-B3	90.948	464	42	0	5	468	2	465	0.0	627	ASV1331-Lysobacter soli
ST-B3	90.948	464	42	0	5	468	2	465	0.0	627	ASV1237-Lysobacter soli
ST-B3	90.968	465	40	2	5	468	3	466	0.0	627	ASV1026-Lysobacter korlensis
ST-B3	90.968	465	40	2	5	468	2	465	0.0	627	ASV1003-Lysobacter korlensis
ST-B3	90.968	465	40	2	5	468	2	465	0.0	627	ASV873-Lysobacter korlensis
ST-B3	90.968	465	40	2	5	468	2	465	0.0	627	ASV851-Lysobacter korlensis
ST-B3	90.968	465	40	2	5	468	3	466	0.0	627	ASV684-Lysobacter korlensis
ST-B3	90.968	465	40	2	5	468	2	465	0.0	627	ASV600-Lysobacter korlensis
ST-B3	90.968	465	40	2	5	468	2	465	0.0	627	ASV404-Lysobacter korlensis
ST-B3	90.968	465	40	2	5	468	2	465	0.0	627	ASV361-Lysobacter korlensis
ST-B3	90.968	465	40	2	5	468	2	465	0.0	627	ASV357-Lysobacter korlensis
ST-B3	90.968	465	40	2	5	468	2	465	0.0	627	ASV283-Lysobacter korlensis
ST-B3	90.753	465	41	2	5	468	2	465	2.70e-179	621	ASV1111-Lysobacter mobilis
ST-B3	90.753	465	41	2	5	468	4	467	2.70e-179	621	ASV1086-Lysobacter korlensis
ST-B3	90.753	465	41	2	5	468	3	466	2.70e-179	621	ASV1038-Lysobacter korlensis
ST-B3	90.753	465	41	2	5	468	3	466	2.70e-179	621	ASV1009-Lysobacter korlensis
ST-B3	90.753	465	41	2	5	468	2	465	2.70e-179	621	ASV989-Lysobacter korlensis
ST-B3	90.753	465	41	2	5	468	3	466	2.70e-179	621	ASV953-Lysobacter korlensis
ST-B3	90.753	465	41	2	5	468	3	466	2.70e-179	621	ASV923-Lysobacter korlensis
ST-B3	90.753	465	41	2	5	468	2	465	2.70e-179	621	ASV914-Lysobacter korlensis
ST-B3	90.753	465	41	2	5	468	2	465	2.70e-179	621	ASV865-Lysobacter korlensis
ST-B3	90.753	465	41	2	5	468	2	465	2.70e-179	621	ASV776-Lysobacter korlensis
ST-B3	90.753	465	41	2	5	468	2	465	2.70e-179	621	ASV762-Lysobacter korlensis
ST-B3	90.753	465	41	2	5	468	2	465	2.70e-179	621	ASV757-Lysobacter korlensis
ST-B3	90.753	465	41	2	5	468	2	465	2.70e-179	621	ASV662-Lysobacter korlensis
ST-B3	90.753	465	41	2	5	468	3	466	2.70e-179	621	ASV632-Lysobacter korlensis
ST-B3	90.753	465	41	2	5	468	2	465	2.70e-179	621	ASV517-Lysobacter korlensis
ST-B3	90.753	465	41	2	5	468	2	465	2.70e-179	621	ASV477-Lysobacter korlensis
ST-B3	90.753	465	41	2	5	468	2	465	2.70e-179	621	ASV453-Lysobacter korlensis
ST-B3	90.753	465	41	2	5	468	2	465	2.70e-179	621	ASV443-Lysobacter korlensis
ST-B3	90.753	465	41	2	5	468	2	465	2.70e-179	621	ASV386-Lysobacter korlensis
ST-B3	90.753	465	41	2	5	468	2	465	2.70e-179	621	ASV203-Lysobacter korlensis
ST-B3	90.538	465	42	2	5	468	2	465	1.26e-177	616	ASV1690-Lysobacter tyrosinelyticus
ST-B3	90.538	465	42	2	5	468	2	465	1.26e-177	616	ASV979-Lysobacter korlensis
ST-B3	90.538	465	42	2	5	468	2	465	1.26e-177	616	ASV907-Lysobacter korlensis
ST-B3	90.538	465	42	2	5	468	3	466	1.26e-177	616	ASV788-Lysobacter korlensis
ST-B3	90.538	465	42	2	5	468	2	465	1.26e-177	616	ASV691-Lysobacter korlensis
ST-B3	90.538	465	42	2	5	468	4	467	1.26e-177	616	ASV683-Lysobacter korlensis
ST-B3	90.538	465	42	2	5	468	3	466	1.26e-177	616	ASV652-Lysobacter korlensis
ST-B3	90.538	465	42	2	5	468	2	465	1.26e-177	616	ASV516-Lysobacter korlensis
ST-B3	90.538	465	42	2	5	468	2	465	1.26e-177	616	ASV400-Lysobacter korlensis
ST-B3	90.538	465	42	2	5	468	2	465	1.26e-177	616	ASV388-Lysobacter korlensis
ST-B3	90.538	465	42	2	5	468	2	465	1.26e-177	616	ASV367-Lysobacter korlensis
ST-B3	86.022	465	63	2	5	468	2	465	1.32e-142	499	ASV636-Paraburkholderia graminis
ST-B3	85.806	465	64	2	5	468	2	465	6.14e-141	494	ASV1075-Paraburkholderia graminis
ST-B3	85.806	465	64	2	5	468	2	465	6.14e-141	494	ASV988-Paraburkholderia graminis
ST-B3	85.806	465	64	2	5	468	3	466	6.14e-141	494	ASV980-Paraburkholderia graminis
ST-B3	85.806	465	64	2	5	468	2	465	6.14e-141	494	ASV705-Paraburkholderia graminis
ST-B3	85.806	465	64	2	5	468	2	465	6.14e-141	494	ASV518-Paraburkholderia graminis
ST-B3	85.806	465	64	2	5	468	2	465	6.14e-141	494	ASV460-Paraburkholderia graminis
ST-B3	85.591	465	65	2	5	468	2	465	2.86e-139	488	ASV1330-Paraburkholderia graminis
ST-B3	85.591	465	65	2	5	468	2	465	2.86e-139	488	ASV1198-Paraburkholderia graminis
ST-B3	85.591	465	65	2	5	468	2	465	2.86e-139	488	ASV1103-Paraburkholderia graminis
ST-B3	85.591	465	65	2	5	468	2	465	2.86e-139	488	ASV985-Paraburkholderia graminis
ST-B3	85.591	465	65	2	5	468	2	465	2.86e-139	488	ASV864-Paraburkholderia graminis
ST-B3	85.591	465	65	2	5	468	2	465	2.86e-139	488	ASV784-Paraburkholderia graminis
ST-B3	85.591	465	65	2	5	468	2	465	2.86e-139	488	ASV770-Herminiimonas glaciei
ST-B3	85.591	465	65	2	5	468	2	465	2.86e-139	488	ASV723-Paraburkholderia graminis
ST-B3	85.591	465	65	2	5	468	2	465	2.86e-139	488	ASV660-Herminiimonas glaciei
ST-B3	85.591	465	65	2	5	468	2	465	2.86e-139	488	ASV565-Paraburkholderia graminis
ST-B3	85.591	465	65	2	5	468	2	465	2.86e-139	488	ASV489-Paraburkholderia graminis
ST-B3	85.376	465	66	2	5	468	2	465	1.33e-137	483	ASV1207-Paraburkholderia graminis
ST-B3	85.376	465	66	2	5	468	2	465	1.33e-137	483	ASV1098-Paraburkholderia graminis
ST-B3	85.376	465	66	2	5	468	2	465	1.33e-137	483	ASV1068-Herminiimonas glaciei
ST-B3	85.376	465	66	2	5	468	2	465	1.33e-137	483	ASV1054-Paraburkholderia graminis
ST-B3	85.376	465	66	2	5	468	2	465	1.33e-137	483	ASV1041-Herminiimonas glaciei
ST-B3	85.376	465	66	2	5	468	2	465	1.33e-137	483	ASV900-Paraburkholderia graminis
ST-B3	85.376	465	66	2	5	468	2	465	1.33e-137	483	ASV898-Paraburkholderia graminis
ST-B3	85.376	465	66	2	5	468	2	465	1.33e-137	483	ASV722-Herminiimonas glaciei
ST-B3	85.376	465	66	2	5	468	2	465	1.33e-137	483	ASV637-Paraburkholderia graminis
ST-B3	85.376	465	66	2	5	468	2	465	1.33e-137	483	ASV622-Herminiimonas glaciei
ST-B3	85.376	465	66	2	5	468	2	465	1.33e-137	483	ASV572-Herminiimonas contaminans
ST-B3	85.376	465	66	2	5	468	2	465	1.33e-137	483	ASV298-Paraburkholderia graminis
ST-B3	85.161	465	67	2	5	468	2	465	6.19e-136	477	ASV713-Herminiimonas contaminans
ST-B3	85.161	465	67	2	5	468	2	465	6.19e-136	477	ASV676-Herminiimonas contaminans
ST-B3	85.161	465	67	2	5	468	2	465	6.19e-136	477	ASV663-Herminiimonas contaminans
ST-B3	85.161	465	67	2	5	468	2	465	6.19e-136	477	ASV646-Herminiimonas contaminans
ST-B3	85.161	465	67	2	5	468	2	465	6.19e-136	477	ASV611-Herminiimonas contaminans
ST-B3	85.161	465	67	2	5	468	2	465	6.19e-136	477	ASV607-Herminiimonas contaminans
ST-B3	85.161	465	67	2	5	468	2	465	6.19e-136	477	ASV597-Herminiimonas contaminans
ST-B3	85.161	465	67	2	5	468	2	465	6.19e-136	477	ASV586-Herminiimonas contaminans
ST-B3	85.161	465	67	2	5	468	2	465	6.19e-136	477	ASV536-Herminiimonas glaciei
ST-B3	85.161	465	67	2	5	468	2	465	6.19e-136	477	ASV497-Herminiimonas contaminans
ST-B3	85.161	465	67	2	5	468	2	465	6.19e-136	477	ASV416-Herminiimonas contaminans
ST-B3	85.161	465	67	2	5	468	2	465	6.19e-136	477	ASV377-Herminiimonas contaminans
ST-B3	85.161	465	67	2	5	468	2	465	6.19e-136	477	ASV216-Herminiimonas contaminans
ST-B3	84.946	465	68	2	5	468	2	465	2.88e-134	472	ASV902-Herminiimonas contaminans
ST-B3	84.946	465	68	2	5	468	2	465	2.88e-134	472	ASV834-Herminiimonas contaminans
ST-B3	84.946	465	68	2	5	468	2	465	2.88e-134	472	ASV657-Herminiimonas contaminans
ST-B3	84.946	465	68	2	5	468	2	465	2.88e-134	472	ASV630-Herminiimonas contaminans
ST-B3	84.946	465	68	2	5	468	2	465	2.88e-134	472	ASV581-Herminiimonas contaminans
ST-B3	84.946	465	68	2	5	468	2	465	2.88e-134	472	ASV463-Herminiimonas contaminans
ST-B3	84.946	465	68	2	5	468	2	465	2.88e-134	472	ASV423-Herminiimonas contaminans
ST-B3	84.946	465	68	2	5	468	2	465	2.88e-134	472	ASV371-Herminiimonas contaminans
ST-B3	84.946	465	68	2	5	468	2	465	2.88e-134	472	ASV309-Herminiimonas contaminans
ST-B3	84.946	465	68	2	5	468	2	465	2.88e-134	472	ASV243-Herminiimonas contaminans
ST-B3	84.946	465	68	2	5	468	2	465	2.88e-134	472	ASV170-Herminiimonas contaminans
ST-B3	84.764	466	67	4	5	468	2	465	1.34e-132	466	ASV1168-Cupriavidus plantarum
ST-B3	84.764	466	67	4	5	468	2	465	1.34e-132	466	ASV773-Cupriavidus sp.
ST-B3	84.797	467	65	6	5	468	2	465	1.34e-132	466	ASV716-Duganella ginsengisoli
ST-B3	84.731	465	69	2	5	468	2	465	1.34e-132	466	ASV665-Herminiimonas contaminans
ST-B3	84.731	465	69	2	5	468	2	465	1.34e-132	466	ASV592-Herminiimonas contaminans
ST-B3	84.731	465	69	2	5	468	2	465	1.34e-132	466	ASV464-Herminiimonas contaminans
ST-B3	84.731	465	69	2	5	468	2	465	1.34e-132	466	ASV392-Herminiimonas contaminans
ST-B3	84.731	465	69	2	5	468	2	465	1.34e-132	466	ASV178-Cupriavidus plantarum
ST-B3	84.549	466	68	4	5	468	2	465	6.23e-131	460	ASV1342-Pseudoduganella eburnea
ST-B3	84.615	468	64	5	5	468	2	465	6.23e-131	460	ASV1262-Herbaspirillum aquaticum
ST-B3	84.549	466	68	4	5	468	2	465	6.23e-131	460	ASV1171-Cupriavidus plantarum
ST-B3	84.549	466	68	4	5	468	2	465	6.23e-131	460	ASV1127-Cupriavidus plantarum
ST-B3	84.549	466	68	4	5	468	2	465	6.23e-131	460	ASV1014-Cupriavidus sp.
ST-B3	84.549	466	68	4	5	468	2	465	6.23e-131	460	ASV990-Pseudoduganella eburnea
ST-B3	84.549	466	68	4	5	468	2	465	6.23e-131	460	ASV845-Cupriavidus necator
ST-B3	84.549	466	68	4	5	468	2	465	6.23e-131	460	ASV772-Cupriavidus sp.
ST-B3	84.549	466	68	4	5	468	2	465	6.23e-131	460	ASV661-Cupriavidus sp.
ST-B3	84.549	466	68	4	5	468	2	465	6.23e-131	460	ASV643-Cupriavidus necator
ST-B3	84.549	466	68	4	5	468	2	465	6.23e-131	460	ASV625-Cupriavidus sp.
ST-B3	84.516	465	70	2	5	468	2	465	6.23e-131	460	ASV608-Herbaspirillum seropedicae
ST-B3	84.549	466	68	4	5	468	2	465	6.23e-131	460	ASV605-Cupriavidus plantarum
ST-B3	84.582	467	66	6	5	468	2	465	6.23e-131	460	ASV576-Duganella ginsengisoli
ST-B3	84.582	467	66	6	5	468	2	465	6.23e-131	460	ASV530-Duganella ginsengisoli
ST-B3	84.516	465	70	2	5	468	2	465	6.23e-131	460	ASV468-Cupriavidus plantarum
ST-B3	84.516	465	70	2	5	468	2	465	6.23e-131	460	ASV447-Herbaspirillum seropedicae
ST-B3	84.516	465	70	2	5	468	2	465	6.23e-131	460	ASV421-Cupriavidus metallidurans
ST-B3	84.582	467	66	6	5	468	2	465	6.23e-131	460	ASV300-Duganella ginsengisoli
ST-B3	84.516	465	70	2	5	468	2	465	6.23e-131	460	ASV292-Cupriavidus plantarum
ST-B3	84.516	465	70	2	5	468	2	465	6.23e-131	460	ASV285-Cupriavidus plantarum
ST-B3	84.516	465	70	2	5	468	2	465	6.23e-131	460	ASV279-Cupriavidus plantarum
ST-B3	84.516	465	70	2	5	468	2	465	6.23e-131	460	ASV254-Cupriavidus metallidurans
ST-B3	84.516	465	70	2	5	468	2	465	6.23e-131	460	ASV240-Herbaspirillum seropedicae
ST-B3	84.516	465	70	2	5	468	2	465	6.23e-131	460	ASV236-Cupriavidus metallidurans
ST-B3	84.516	465	70	2	5	468	2	465	6.23e-131	460	ASV233-Cupriavidus plantarum
ST-B3	84.516	465	70	2	5	468	2	465	6.23e-131	460	ASV210-Herbaspirillum seropedicae
ST-B3	84.516	465	70	2	5	468	2	465	6.23e-131	460	ASV185-Cupriavidus plantarum
ST-B3	84.516	465	70	2	5	468	2	465	6.23e-131	460	ASV144-Cupriavidus plantarum
ST-B3	84.267	464	73	0	5	468	2	465	2.90e-129	455	ASV1692-Bacillus mesonae
ST-B3	84.402	468	65	5	5	468	2	465	2.90e-129	455	ASV1437-Herbaspirillum aquaticum
ST-B3	84.335	466	69	4	5	468	2	465	2.90e-129	455	ASV1414-Pseudoduganella eburnea
ST-B3	84.335	466	69	4	5	468	2	465	2.90e-129	455	ASV1126-Cupriavidus plantarum
ST-B3	84.335	466	69	4	5	468	2	465	2.90e-129	455	ASV1090-Cupriavidus necator
ST-B3	84.335	466	69	4	5	468	3	466	2.90e-129	455	ASV1072-Pseudoduganella eburnea
ST-B3	84.335	466	69	4	5	468	2	465	2.90e-129	455	ASV1055-Cupriavidus necator
ST-B3	84.335	466	69	4	5	468	2	465	2.90e-129	455	ASV1049-Pseudoduganella eburnea
ST-B3	84.335	466	69	4	5	468	2	465	2.90e-129	455	ASV1046-Cupriavidus necator
ST-B3	84.335	466	69	4	5	468	2	465	2.90e-129	455	ASV1045-Cupriavidus necator
ST-B3	84.335	466	69	4	5	468	3	466	2.90e-129	455	ASV947-Pseudoduganella eburnea
ST-B3	84.335	466	69	4	5	468	2	465	2.90e-129	455	ASV936-Cupriavidus necator
ST-B3	84.335	466	69	4	5	468	2	465	2.90e-129	455	ASV908-Cupriavidus plantarum
ST-B3	84.335	466	69	4	5	468	2	465	2.90e-129	455	ASV903-Cupriavidus sp.
ST-B3	84.335	466	69	4	5	468	2	465	2.90e-129	455	ASV860-Cupriavidus plantarum
ST-B3	84.335	466	69	4	5	468	2	465	2.90e-129	455	ASV854-Cupriavidus necator
ST-B3	84.335	466	69	4	5	468	2	465	2.90e-129	455	ASV841-Cupriavidus sp.
ST-B3	84.335	466	69	4	5	468	2	465	2.90e-129	455	ASV839-Cupriavidus sp.
ST-B3	84.335	466	69	4	5	468	2	465	2.90e-129	455	ASV831-Pseudoduganella eburnea
ST-B3	84.335	466	69	4	5	468	2	465	2.90e-129	455	ASV828-Cupriavidus sp.
ST-B3	84.335	466	69	4	5	468	2	465	2.90e-129	455	ASV816-Cupriavidus sp.
ST-B3	84.335	466	69	4	5	468	2	465	2.90e-129	455	ASV798-Cupriavidus sp.
ST-B3	84.335	466	69	4	5	468	2	465	2.90e-129	455	ASV790-Cupriavidus sp.
ST-B3	84.335	466	69	4	5	468	2	465	2.90e-129	455	ASV789-Cupriavidus sp.
ST-B3	84.335	466	69	4	5	468	3	466	2.90e-129	455	ASV752-Pseudoduganella eburnea
ST-B3	84.335	466	69	4	5	468	2	465	2.90e-129	455	ASV736-Cupriavidus sp.
ST-B3	84.335	466	69	4	5	468	2	465	2.90e-129	455	ASV641-Cupriavidus necator
ST-B3	84.301	465	71	2	5	468	2	465	2.90e-129	455	ASV640-Herbaspirillum seropedicae
ST-B3	84.335	466	69	4	5	468	2	465	2.90e-129	455	ASV591-Pseudoduganella eburnea
ST-B3	84.301	465	71	2	5	468	2	465	2.90e-129	455	ASV577-Herbaspirillum seropedicae
ST-B3	84.368	467	67	6	5	468	2	465	2.90e-129	455	ASV555-Duganella ginsengisoli
ST-B3	84.335	466	69	4	5	468	2	465	2.90e-129	455	ASV528-Cupriavidus plantarum
ST-B3	84.368	467	67	6	5	468	2	465	2.90e-129	455	ASV520-Duganella ginsengisoli
ST-B3	84.368	467	67	6	5	468	2	465	2.90e-129	455	ASV500-Duganella ginsengisoli
ST-B3	84.301	465	71	2	5	468	2	465	2.90e-129	455	ASV499-Herbaspirillum seropedicae
ST-B3	84.335	466	69	4	5	468	2	465	2.90e-129	455	ASV496-Cupriavidus plantarum
ST-B3	84.301	465	71	2	5	468	2	465	2.90e-129	455	ASV494-Herbaspirillum seropedicae
ST-B3	84.301	465	71	2	5	468	2	465	2.90e-129	455	ASV491-Cupriavidus metallidurans
ST-B3	84.301	465	71	2	5	468	2	465	2.90e-129	455	ASV485-Herbaspirillum seropedicae
ST-B3	84.301	465	71	2	5	468	2	465	2.90e-129	455	ASV465-Cupriavidus plantarum
ST-B3	84.301	465	71	2	5	468	2	465	2.90e-129	455	ASV428-Herbaspirillum seropedicae
ST-B3	84.368	467	67	6	5	468	2	465	2.90e-129	455	ASV422-Duganella ginsengisoli
ST-B3	84.301	465	71	2	5	468	2	465	2.90e-129	455	ASV408-Cupriavidus plantarum
ST-B3	84.301	465	71	2	5	468	2	465	2.90e-129	455	ASV358-Cupriavidus plantarum
ST-B3	84.301	465	71	2	5	468	2	465	2.90e-129	455	ASV343-Cupriavidus metallidurans
ST-B3	84.301	465	71	2	5	468	2	465	2.90e-129	455	ASV318-Herbaspirillum seropedicae
ST-B3	84.301	465	71	2	5	468	2	465	2.90e-129	455	ASV264-Cupriavidus plantarum
ST-B3	84.368	467	67	6	5	468	2	465	2.90e-129	455	ASV250-Duganella ginsengisoli
ST-B3	84.301	465	71	2	5	468	2	465	2.90e-129	455	ASV172-Cupriavidus plantarum
ST-B3	84.301	465	71	2	5	468	2	465	2.90e-129	455	ASV152-Cupriavidus metallidurans
ST-B3	84.301	465	71	2	5	468	2	465	2.90e-129	455	ASV141-Cupriavidus plantarum
ST-B3	84.301	465	71	2	5	468	2	465	2.90e-129	455	ASV139-Herbaspirillum seropedicae
ST-B3	84.301	465	71	2	5	468	2	465	2.90e-129	455	ASV98-Herbaspirillum seropedicae
ST-B3	84.301	465	71	2	5	468	2	465	2.90e-129	455	ASV52-Cupriavidus plantarum
ST-B3	84.301	465	71	2	5	468	2	465	2.90e-129	455	ASV47-Cupriavidus plantarum
ST-B3	84.086	465	72	2	5	468	2	465	1.35e-127	449	ASV1705-Sphingobium czechense
ST-B3	84.052	464	74	0	5	468	2	465	1.35e-127	449	ASV1704-Bacillus mesonae
ST-B3	84.086	465	72	2	5	468	2	465	1.35e-127	449	ASV1681-Sphingobium czechense
ST-B3	84.086	465	72	2	5	468	2	465	1.35e-127	449	ASV1668-Sphingobium czechense
ST-B3	84.120	466	70	4	5	468	2	465	1.35e-127	449	ASV1606-Cupriavidus sp.
ST-B3	84.120	466	70	4	5	468	3	466	1.35e-127	449	ASV1477-Pseudoduganella eburnea
ST-B3	84.120	466	70	4	5	468	2	465	1.35e-127	449	ASV1255-Pseudoduganella eburnea
ST-B3	84.120	466	70	4	5	468	2	465	1.35e-127	449	ASV1246-Pseudoduganella eburnea
ST-B3	84.120	466	70	4	5	468	2	465	1.35e-127	449	ASV1151-Cupriavidus sp.
ST-B3	84.120	466	70	4	5	468	2	465	1.35e-127	449	ASV1081-Cupriavidus necator
ST-B3	84.120	466	70	4	5	468	2	465	1.35e-127	449	ASV1007-Pseudoduganella eburnea
ST-B3	84.120	466	70	4	5	468	2	465	1.35e-127	449	ASV981-Cupriavidus necator
ST-B3	84.120	466	70	4	5	468	3	466	1.35e-127	449	ASV960-Cupriavidus necator
ST-B3	84.120	466	70	4	5	468	2	465	1.35e-127	449	ASV948-Cupriavidus necator
ST-B3	84.120	466	70	4	5	468	2	465	1.35e-127	449	ASV945-Cupriavidus sp.
ST-B3	84.120	466	70	4	5	468	3	466	1.35e-127	449	ASV925-Cupriavidus necator
ST-B3	84.120	466	70	4	5	468	2	465	1.35e-127	449	ASV917-Cupriavidus necator
ST-B3	84.120	466	70	4	5	468	2	465	1.35e-127	449	ASV915-Cupriavidus sp.
ST-B3	84.120	466	70	4	5	468	2	465	1.35e-127	449	ASV913-Pseudoduganella eburnea
ST-B3	84.120	466	70	4	5	468	2	465	1.35e-127	449	ASV910-Cupriavidus plantarum
ST-B3	84.154	467	68	6	5	468	2	465	1.35e-127	449	ASV905-Duganella ginsengisoli
ST-B3	84.120	466	70	4	5	468	2	465	1.35e-127	449	ASV901-Cupriavidus necator
ST-B3	84.120	466	70	4	5	468	2	465	1.35e-127	449	ASV886-Pseudoduganella eburnea
ST-B3	84.120	466	70	4	5	468	2	465	1.35e-127	449	ASV877-Cupriavidus necator
ST-B3	84.120	466	70	4	5	468	2	465	1.35e-127	449	ASV868-Cupriavidus sp.
ST-B3	84.154	467	68	6	5	468	2	465	1.35e-127	449	ASV867-Duganella ginsengisoli
ST-B3	84.120	466	70	4	5	468	2	465	1.35e-127	449	ASV863-Pseudoduganella eburnea
ST-B3	84.120	466	70	4	5	468	2	465	1.35e-127	449	ASV825-Pseudoduganella eburnea
ST-B3	84.120	466	70	4	5	468	2	465	1.35e-127	449	ASV771-Cupriavidus sp.
ST-B3	84.120	466	70	4	5	468	2	465	1.35e-127	449	ASV688-Cupriavidus necator
ST-B3	84.120	466	70	4	5	468	2	465	1.35e-127	449	ASV648-Cupriavidus necator
ST-B3	84.086	465	72	2	5	468	2	465	1.35e-127	449	ASV638-Herbaspirillum seropedicae
ST-B3	84.120	466	70	4	5	468	2	465	1.35e-127	449	ASV620-Cupriavidus necator
ST-B3	84.154	467	68	6	5	468	2	465	1.35e-127	449	ASV570-Duganella ginsengisoli
ST-B3	84.120	466	70	4	5	468	2	465	1.35e-127	449	ASV564-Pseudoduganella eburnea
ST-B3	84.120	466	70	4	5	468	2	465	1.35e-127	449	ASV537-Cupriavidus sp.
ST-B3	84.086	465	72	2	5	468	2	465	1.35e-127	449	ASV526-Cupriavidus metallidurans
ST-B3	84.120	466	70	4	5	468	2	465	1.35e-127	449	ASV506-Cupriavidus sp.
ST-B3	84.086	465	72	2	5	468	2	465	1.35e-127	449	ASV493-Herbaspirillum seropedicae
ST-B3	84.120	466	70	4	5	468	2	465	1.35e-127	449	ASV492-Cupriavidus sp.
ST-B3	84.154	467	68	6	5	468	2	465	1.35e-127	449	ASV424-Duganella ginsengisoli
ST-B3	84.120	466	70	4	5	468	2	465	1.35e-127	449	ASV417-Cupriavidus sp.
ST-B3	84.086	465	72	2	5	468	2	465	1.35e-127	449	ASV397-Herbaspirillum seropedicae
ST-B3	84.086	465	72	2	5	468	2	465	1.35e-127	449	ASV384-Cupriavidus metallidurans
ST-B3	84.086	465	72	2	5	468	2	465	1.35e-127	449	ASV331-Herbaspirillum seropedicae
ST-B3	84.154	467	68	6	5	468	2	465	1.35e-127	449	ASV312-Duganella ginsengisoli
ST-B3	84.086	465	72	2	5	468	2	465	1.35e-127	449	ASV311-Cupriavidus metallidurans
ST-B3	84.086	465	72	2	5	468	2	465	1.35e-127	449	ASV284-Cupriavidus metallidurans
ST-B3	84.086	465	72	2	5	468	2	465	1.35e-127	449	ASV227-Cupriavidus metallidurans
ST-B3	84.086	465	72	2	5	468	2	465	1.35e-127	449	ASV188-Cupriavidus metallidurans
ST-B3	84.086	465	72	2	5	468	2	465	1.35e-127	449	ASV138-Cupriavidus plantarum
ST-B3	84.086	465	72	2	5	468	2	465	1.35e-127	449	ASV135-Herbaspirillum seropedicae
ST-B3	84.086	465	72	2	5	468	2	465	1.35e-127	449	ASV113-Cupriavidus plantarum
ST-B3	84.086	465	72	2	5	468	2	465	1.35e-127	449	ASV112-Herbaspirillum seropedicae
ST-B3	84.086	465	72	2	5	468	2	465	1.35e-127	449	ASV111-Cupriavidus metallidurans
ST-B3	84.086	465	72	2	5	468	2	465	1.35e-127	449	ASV75-Cupriavidus plantarum
ST-B3	84.086	465	72	2	5	468	2	465	1.35e-127	449	ASV67-Cupriavidus metallidurans
ST-B3	83.836	464	75	0	5	468	2	465	6.28e-126	444	ASV1723-Bacillus mesonae
ST-B3	83.871	465	73	2	5	468	2	465	6.28e-126	444	ASV1721-Sphingobium czechense
ST-B3	83.871	465	73	2	5	468	2	465	6.28e-126	444	ASV1713-Sphingobium czechense
ST-B3	83.871	465	73	2	5	468	2	465	6.28e-126	444	ASV1693-Sphingobium czechense
ST-B3	83.906	466	71	4	5	468	2	465	6.28e-126	444	ASV1112-Pseudoduganella eburnea
ST-B3	83.906	466	71	4	5	468	2	465	6.28e-126	444	ASV1067-Cupriavidus necator
ST-B3	83.906	466	71	4	5	468	2	465	6.28e-126	444	ASV1039-Cupriavidus necator
ST-B3	83.906	466	71	4	5	468	2	465	6.28e-126	444	ASV952-Cupriavidus necator
ST-B3	83.906	466	71	4	5	468	2	465	6.28e-126	444	ASV946-Cupriavidus necator
ST-B3	83.906	466	71	4	5	468	2	465	6.28e-126	444	ASV931-Pseudoduganella eburnea
ST-B3	83.906	466	71	4	5	468	2	465	6.28e-126	444	ASV890-Cupriavidus sp.
ST-B3	83.906	466	71	4	5	468	2	465	6.28e-126	444	ASV786-Pseudoduganella eburnea
ST-B3	84.043	470	63	11	5	468	2	465	6.28e-126	444	ASV782-Pseudomonas kilonensis
ST-B3	83.906	466	71	4	5	468	2	465	6.28e-126	444	ASV766-Cupriavidus necator
ST-B3	83.906	466	71	4	5	468	2	465	6.28e-126	444	ASV734-Cupriavidus sp.
ST-B3	84.043	470	63	11	5	468	3	466	6.28e-126	444	ASV583-Pseudomonas kilonensis
ST-B3	84.043	470	63	11	5	468	3	466	6.28e-126	444	ASV571-Pseudomonas kilonensis
ST-B3	83.906	466	71	4	5	468	2	465	6.28e-126	444	ASV561-Pseudoduganella eburnea
ST-B3	84.043	470	63	11	5	468	2	465	6.28e-126	444	ASV522-Pseudomonas kilonensis
ST-B3	83.906	466	71	4	5	468	2	465	6.28e-126	444	ASV512-Pseudoduganella eburnea
ST-B3	84.043	470	63	11	5	468	2	465	6.28e-126	444	ASV355-Pseudomonas kilonensis
ST-B3	83.871	465	73	2	5	468	2	465	6.28e-126	444	ASV349-Cupriavidus metallidurans
ST-B3	84.043	470	63	11	5	468	2	465	6.28e-126	444	ASV328-Pseudomonas kilonensis
ST-B3	84.043	470	63	11	5	468	2	465	6.28e-126	444	ASV323-Pseudomonas kilonensis
ST-B3	84.043	470	63	11	5	468	2	465	6.28e-126	444	ASV221-Pseudomonas kilonensis
ST-B3	84.043	470	63	11	5	468	2	465	6.28e-126	444	ASV212-Pseudomonas kilonensis
ST-B3	83.871	465	73	2	5	468	2	465	6.28e-126	444	ASV194-Cupriavidus metallidurans
ST-B3	83.871	465	73	2	5	468	2	465	6.28e-126	444	ASV187-Cupriavidus metallidurans
ST-B3	83.940	467	69	6	5	468	2	465	6.28e-126	444	ASV174-Acidovorax delafieldii
ST-B3	83.871	465	73	2	5	468	2	465	6.28e-126	444	ASV76-Cupriavidus metallidurans
ST-B3	83.621	464	76	0	5	468	2	465	2.92e-124	438	ASV1715-Bacillus mesonae
ST-B3	83.656	465	74	2	5	468	2	465	2.92e-124	438	ASV1667-Sphingobium czechense
ST-B3	83.656	465	74	2	5	468	2	465	2.92e-124	438	ASV1661-Sphingobium czechense
ST-B3	83.656	465	74	2	5	468	2	465	2.92e-124	438	ASV1648-Sphingobium czechense
ST-B3	83.691	466	72	4	5	468	2	465	2.92e-124	438	ASV1451-Enterobacter sp.
ST-B3	83.656	465	74	2	5	468	3	466	2.92e-124	438	ASV1417-Enterobacter ludwigii
ST-B3	83.691	466	72	4	5	468	2	465	2.92e-124	438	ASV1258-Enterobacter sp.
ST-B3	83.691	466	72	4	5	468	2	465	2.92e-124	438	ASV1160-Enterobacter sp.
ST-B3	83.691	466	72	4	5	468	3	466	2.92e-124	438	ASV1042-Enterobacter sp.
ST-B3	83.830	470	64	11	5	468	2	465	2.92e-124	438	ASV693-Pseudomonas kilonensis
ST-B3	83.830	470	64	11	5	468	2	465	2.92e-124	438	ASV689-Pseudomonas kilonensis
ST-B3	83.830	470	64	11	5	468	2	465	2.92e-124	438	ASV678-Pseudomonas kilonensis
ST-B3	83.656	465	74	2	5	468	2	465	2.92e-124	438	ASV610-Pseudomonas granadensis
ST-B3	83.830	470	64	11	5	468	2	465	2.92e-124	438	ASV602-Pseudomonas kilonensis
ST-B3	83.795	469	66	6	5	468	2	465	2.92e-124	438	ASV595-Pseudomonas chlororaphis
ST-B3	83.795	469	66	6	5	468	2	465	2.92e-124	438	ASV558-Pseudomonas chlororaphis
ST-B3	83.830	470	64	11	5	468	2	465	2.92e-124	438	ASV544-Pseudomonas kilonensis
ST-B3	83.656	465	74	2	5	468	2	465	2.92e-124	438	ASV540-Pseudomonas granadensis
ST-B3	83.830	470	64	11	5	468	2	465	2.92e-124	438	ASV360-Pseudomonas kilonensis
ST-B3	83.726	467	70	6	5	468	2	465	2.92e-124	438	ASV322-Acidovorax delafieldii
ST-B3	83.830	470	64	11	5	468	2	465	2.92e-124	438	ASV272-Pseudomonas kilonensis
ST-B3	83.691	466	72	4	5	468	2	465	2.92e-124	438	ASV248-Pseudomonas granadensis
ST-B3	83.830	470	64	11	5	468	2	465	2.92e-124	438	ASV245-Pseudomonas kilonensis
ST-B3	83.830	470	64	11	5	468	2	465	2.92e-124	438	ASV207-Pseudomonas kilonensis
ST-B3	83.830	470	64	11	5	468	2	465	2.92e-124	438	ASV166-Pseudomonas kilonensis
ST-B3	83.656	465	74	2	5	468	2	465	2.92e-124	438	ASV163-Pseudomonas granadensis
ST-B3	83.656	465	74	2	5	468	2	465	2.92e-124	438	ASV142-Pseudomonas granadensis
ST-B3	83.656	465	74	2	5	468	2	465	2.92e-124	438	ASV134-Pseudomonas granadensis
ST-B3	83.830	470	64	11	5	468	2	465	2.92e-124	438	ASV132-Pseudomonas kilonensis
ST-B3	83.830	470	64	11	5	468	2	465	2.92e-124	438	ASV125-Pseudomonas kilonensis
ST-B3	83.726	467	70	6	5	468	2	465	2.92e-124	438	ASV100-Acidovorax delafieldii
ST-B3	83.726	467	70	6	5	468	2	465	2.92e-124	438	ASV97-Acidovorax delafieldii
ST-B3	83.726	467	70	6	5	468	2	465	2.92e-124	438	ASV58-Acidovorax delafieldii
ST-B3	83.476	466	73	4	5	468	3	466	1.36e-122	433	ASV1714-Sphingobium czechense
ST-B3	83.441	465	75	2	5	468	2	465	1.36e-122	433	ASV1712-Sphingobium czechense
ST-B3	83.441	465	75	2	5	468	2	465	1.36e-122	433	ASV1688-Sphingobium czechense
ST-B3	83.441	465	75	2	5	468	2	465	1.36e-122	433	ASV1679-Sphingobium czechense
ST-B3	83.476	466	73	4	5	468	3	466	1.36e-122	433	ASV1657-Sphingobium czechense
ST-B3	83.441	465	75	2	5	468	2	465	1.36e-122	433	ASV1655-Sphingobium czechense
ST-B3	83.547	468	69	5	5	468	2	465	1.36e-122	433	ASV1625-Xenophilus aerolatus
ST-B3	83.441	465	75	2	5	468	2	465	1.36e-122	433	ASV1624-Sphingobium czechense
ST-B3	83.476	466	73	4	5	468	2	465	1.36e-122	433	ASV1588-Enterobacter sp.
ST-B3	83.441	465	75	2	5	468	2	465	1.36e-122	433	ASV1533-Enterobacter ludwigii
ST-B3	83.405	464	77	0	5	468	2	465	1.36e-122	433	ASV1503-Enterobacter ludwigii
ST-B3	83.476	466	73	4	5	468	2	465	1.36e-122	433	ASV1455-Enterobacter sp.
ST-B3	83.617	470	65	11	5	468	2	465	1.36e-122	433	ASV1429-Pseudomonas brassicacearum
ST-B3	83.441	465	75	2	5	468	4	467	1.36e-122	433	ASV1416-Enterobacter ludwigii
ST-B3	83.476	466	73	4	5	468	2	465	1.36e-122	433	ASV1386-Enterobacter sp.
ST-B3	83.582	469	67	6	5	468	2	465	1.36e-122	433	ASV1153-Pseudomonas chlororaphis
ST-B3	83.441	465	75	2	5	468	2	465	1.36e-122	433	ASV1147-Enterobacter ludwigii
ST-B3	83.405	464	77	0	5	468	2	465	1.36e-122	433	ASV767-Enterobacter ludwigii
ST-B3	83.441	465	75	2	5	468	2	465	1.36e-122	433	ASV724-Enterobacter ludwigii
ST-B3	83.582	469	67	6	5	468	2	465	1.36e-122	433	ASV680-Pseudomonas chlororaphis
ST-B3	83.405	464	77	0	5	468	3	466	1.36e-122	433	ASV674-Enterobacter ludwigii
ST-B3	83.617	470	65	11	5	468	2	465	1.36e-122	433	ASV658-Pseudomonas brassicacearum
ST-B3	83.617	470	65	11	5	468	2	465	1.36e-122	433	ASV612-Pseudomonas kilonensis
ST-B3	83.582	469	67	6	5	468	2	465	1.36e-122	433	ASV589-Pseudomonas chlororaphis
ST-B3	83.405	464	77	0	5	468	2	465	1.36e-122	433	ASV575-Enterobacter ludwigii
ST-B3	83.441	465	75	2	5	468	2	465	1.36e-122	433	ASV559-Enterobacter ludwigii
ST-B3	83.512	467	71	6	5	468	2	465	1.36e-122	433	ASV502-Acidovorax delafieldii
ST-B3	83.617	470	65	11	5	468	2	465	1.36e-122	433	ASV484-Pseudomonas kilonensis
ST-B3	83.441	465	75	2	5	468	2	465	1.36e-122	433	ASV474-Enterobacter ludwigii
ST-B3	83.582	469	67	6	5	468	2	465	1.36e-122	433	ASV470-Pseudomonas chlororaphis
ST-B3	83.582	469	67	6	5	468	2	465	1.36e-122	433	ASV461-Pseudomonas chlororaphis
ST-B3	83.512	467	71	6	5	468	2	465	1.36e-122	433	ASV439-Acidovorax delafieldii
ST-B3	83.512	467	71	6	5	468	2	465	1.36e-122	433	ASV410-Acidovorax delafieldii
ST-B3	83.617	470	65	11	5	468	2	465	1.36e-122	433	ASV390-Pseudomonas kilonensis
ST-B3	83.617	470	65	11	5	468	2	465	1.36e-122	433	ASV320-Pseudomonas kilonensis
ST-B3	83.441	465	75	2	5	468	2	465	1.36e-122	433	ASV319-Pseudomonas granadensis
ST-B3	83.441	465	75	2	5	468	2	465	1.36e-122	433	ASV297-Pseudomonas granadensis
ST-B3	83.441	465	75	2	5	468	2	465	1.36e-122	433	ASV267-Pseudomonas granadensis
ST-B3	83.441	465	75	2	5	468	2	465	1.36e-122	433	ASV265-Pseudomonas granadensis
ST-B3	83.441	465	75	2	5	468	2	465	1.36e-122	433	ASV262-Pseudomonas granadensis
ST-B3	83.617	470	65	11	5	468	2	465	1.36e-122	433	ASV261-Pseudomonas kilonensis
ST-B3	83.617	470	65	11	5	468	2	465	1.36e-122	433	ASV255-Pseudomonas kilonensis
ST-B3	83.512	467	71	6	5	468	2	465	1.36e-122	433	ASV231-Acidovorax delafieldii
ST-B3	83.476	466	73	4	5	468	2	465	1.36e-122	433	ASV204-Pseudomonas granadensis
ST-B3	83.441	465	75	2	5	468	2	465	1.36e-122	433	ASV183-Pseudomonas granadensis
ST-B3	83.512	467	71	6	5	468	2	465	1.36e-122	433	ASV127-Acidovorax delafieldii
ST-B3	83.512	467	71	6	5	468	2	465	1.36e-122	433	ASV119-Acidovorax delafieldii
ST-B3	83.441	465	75	2	5	468	2	465	1.36e-122	433	ASV90-Pseudomonas granadensis
ST-B3	83.512	467	71	6	5	468	2	465	1.36e-122	433	ASV74-Acidovorax delafieldii
ST-B3	83.512	467	71	6	5	468	2	465	1.36e-122	433	ASV73-Acidovorax delafieldii
ST-B3	83.512	467	71	6	5	468	2	465	1.36e-122	433	ASV20-Acidovorax delafieldii
ST-B3	83.369	469	68	10	5	468	4	467	6.32e-121	427	ASV1786-Oryzihumus sp.
ST-B3	83.262	466	74	4	5	468	3	466	6.32e-121	427	ASV1706-Sphingobium czechense
ST-B3	83.262	466	74	4	5	468	3	466	6.32e-121	427	ASV1682-Sphingobium czechense
ST-B3	83.226	465	76	2	5	468	2	465	6.32e-121	427	ASV1671-Sphingobium czechense
ST-B3	83.226	465	76	2	5	468	2	465	6.32e-121	427	ASV1641-Sphingobium czechense
ST-B3	83.226	465	76	2	5	468	2	465	6.32e-121	427	ASV1546-Enterobacter kobei
ST-B3	83.226	465	76	2	5	468	2	465	6.32e-121	427	ASV1542-Enterobacter kobei
ST-B3	83.190	464	78	0	5	468	2	465	6.32e-121	427	ASV1457-Enterobacter ludwigii
ST-B3	83.226	465	76	2	5	468	2	465	6.32e-121	427	ASV1440-Enterobacter ludwigii
ST-B3	83.226	465	76	2	5	468	2	465	6.32e-121	427	ASV1382-Enterobacter ludwigii
ST-B3	83.226	465	76	2	5	468	2	465	6.32e-121	427	ASV1368-Enterobacter ludwigii
ST-B3	83.226	465	76	2	5	468	2	465	6.32e-121	427	ASV1364-Enterobacter ludwigii
ST-B3	83.226	465	76	2	5	468	2	465	6.32e-121	427	ASV1362-Enterobacter kobei
ST-B3	83.404	470	66	11	5	468	2	465	6.32e-121	427	ASV1305-Pseudomonas brassicacearum
ST-B3	83.190	464	78	0	5	468	2	465	6.32e-121	427	ASV1275-Enterobacter ludwigii
ST-B3	83.369	469	68	6	5	468	2	465	6.32e-121	427	ASV1261-Pseudomonas chlororaphis
ST-B3	83.226	465	76	2	5	468	2	465	6.32e-121	427	ASV1143-Enterobacter ludwigii
ST-B3	83.404	470	66	11	5	468	2	465	6.32e-121	427	ASV1120-Pseudomonas brassicacearum
ST-B3	83.369	469	68	6	5	468	2	465	6.32e-121	427	ASV1080-Pseudomonas chlororaphis
ST-B3	83.190	464	78	0	5	468	2	465	6.32e-121	427	ASV1015-Enterobacter ludwigii
ST-B3	83.369	469	68	6	5	468	2	465	6.32e-121	427	ASV997-Pseudomonas chlororaphis
ST-B3	83.226	465	76	2	5	468	2	465	6.32e-121	427	ASV930-Enterobacter ludwigii
ST-B3	83.226	465	76	2	5	468	2	465	6.32e-121	427	ASV855-Enterobacter ludwigii
ST-B3	83.369	469	68	6	5	468	2	465	6.32e-121	427	ASV791-Pseudomonas chlororaphis
ST-B3	83.190	464	78	0	5	468	2	465	6.32e-121	427	ASV718-Enterobacter ludwigii
ST-B3	83.226	465	76	2	5	468	2	465	6.32e-121	427	ASV700-Enterobacter kobei
ST-B3	83.369	469	68	6	5	468	2	465	6.32e-121	427	ASV668-Pseudomonas chlororaphis
ST-B3	83.226	465	76	2	5	468	3	466	6.32e-121	427	ASV623-Enterobacter ludwigii
ST-B3	83.369	469	68	6	5	468	2	465	6.32e-121	427	ASV619-Pseudomonas chlororaphis
ST-B3	83.369	469	68	6	5	468	2	465	6.32e-121	427	ASV513-Pseudomonas chlororaphis
ST-B3	83.404	470	66	8	5	468	2	465	6.32e-121	427	ASV501-Pseudomonas chlororaphis
ST-B3	83.226	465	76	2	5	468	2	465	6.32e-121	427	ASV402-Pseudomonas granadensis
ST-B3	83.369	469	68	6	5	468	2	465	6.32e-121	427	ASV398-Pseudomonas chlororaphis
ST-B3	83.226	465	76	2	5	468	2	465	6.32e-121	427	ASV396-Pseudomonas granadensis
ST-B3	83.369	469	68	6	5	468	2	465	6.32e-121	427	ASV394-Pseudomonas chlororaphis
ST-B3	83.262	466	74	4	5	468	2	465	6.32e-121	427	ASV317-Pseudomonas granadensis
ST-B3	83.298	467	72	6	5	468	2	465	6.32e-121	427	ASV313-Acidovorax delafieldii
ST-B3	83.226	465	76	2	5	468	2	465	6.32e-121	427	ASV303-Pseudomonas granadensis
ST-B3	83.226	465	76	2	5	468	2	465	6.32e-121	427	ASV247-Pseudomonas granadensis
ST-B3	83.298	467	72	6	5	468	2	465	6.32e-121	427	ASV214-Acidovorax delafieldii
ST-B3	83.226	465	76	2	5	468	2	465	6.32e-121	427	ASV201-Pseudomonas granadensis
ST-B3	83.369	469	68	6	5	468	2	465	6.32e-121	427	ASV180-Pseudomonas chlororaphis
ST-B3	83.226	465	76	2	5	468	2	465	6.32e-121	427	ASV171-Pseudomonas granadensis
ST-B3	83.404	470	66	9	5	468	2	465	6.32e-121	427	ASV155-Pseudomonas frederiksbergensis
ST-B3	83.298	467	72	6	5	468	2	465	6.32e-121	427	ASV154-Acidovorax delafieldii
ST-B3	83.404	470	66	9	5	468	2	465	6.32e-121	427	ASV128-Pseudomonas frederiksbergensis
ST-B3	83.404	470	66	9	5	468	2	465	6.32e-121	427	ASV124-Pseudomonas frederiksbergensis
ST-B3	83.298	467	72	6	5	468	2	465	6.32e-121	427	ASV108-Acidovorax delafieldii
ST-B3	83.298	467	72	6	5	468	2	465	6.32e-121	427	ASV72-Acidovorax delafieldii
ST-B3	83.404	470	66	9	5	468	2	465	6.32e-121	427	ASV64-Pseudomonas frederiksbergensis
ST-B3	83.404	470	66	9	5	468	2	465	6.32e-121	427	ASV32-Pseudomonas frederiksbergensis
ST-B3	83.011	465	77	2	5	468	3	466	2.94e-119	422	ASV1520-Enterobacter kobei
ST-B3	82.974	464	79	0	5	468	2	465	2.94e-119	422	ASV1514-Enterobacter ludwigii
ST-B3	82.974	464	79	0	5	468	2	465	2.94e-119	422	ASV1431-Enterobacter ludwigii
ST-B3	83.011	465	77	2	5	468	2	465	2.94e-119	422	ASV1404-Enterobacter kobei
ST-B3	83.011	465	77	2	5	468	2	465	2.94e-119	422	ASV1244-Enterobacter kobei
ST-B3	83.156	469	69	6	5	468	2	465	2.94e-119	422	ASV1225-Pseudomonas chlororaphis
ST-B3	83.011	465	77	2	5	468	2	465	2.94e-119	422	ASV1159-Enterobacter tabaci
ST-B3	83.011	465	77	2	5	468	2	465	2.94e-119	422	ASV1056-Enterobacter kobei
ST-B3	83.156	469	69	6	5	468	2	465	2.94e-119	422	ASV1037-Pseudomonas chlororaphis
ST-B3	83.156	469	69	6	5	468	2	465	2.94e-119	422	ASV1002-Pseudomonas chlororaphis
ST-B3	83.011	465	77	2	5	468	3	466	2.94e-119	422	ASV993-Enterobacter kobei
ST-B3	83.011	465	77	2	5	468	2	465	2.94e-119	422	ASV971-Enterobacter tabaci
ST-B3	83.011	465	77	2	5	468	2	465	2.94e-119	422	ASV962-Enterobacter kobei
ST-B3	83.156	469	69	6	5	468	2	465	2.94e-119	422	ASV888-Pseudomonas chlororaphis
ST-B3	83.011	465	77	2	5	468	3	466	2.94e-119	422	ASV843-Enterobacter ludwigii
ST-B3	83.011	465	77	2	5	468	3	466	2.94e-119	422	ASV835-Enterobacter kobei
ST-B3	83.047	466	75	4	5	468	2	465	2.94e-119	422	ASV822-Variovorax soli
ST-B3	83.011	465	77	2	5	468	2	465	2.94e-119	422	ASV795-Enterobacter kobei
ST-B3	83.156	469	69	6	5	468	2	465	2.94e-119	422	ASV754-Pseudomonas chlororaphis
ST-B3	83.011	465	77	2	5	468	2	465	2.94e-119	422	ASV628-Enterobacter ludwigii
ST-B3	83.011	465	77	2	5	468	2	465	2.94e-119	422	ASV579-Enterobacter tabaci
ST-B3	83.011	465	77	2	5	468	3	466	2.94e-119	422	ASV539-Enterobacter kobei
