ST-B8-2	99.142	466	2	2	4	469	7	470	0.0	841	ASV1395-Pseudoxanthomonas indica
ST-B8-2	99.142	466	2	2	4	469	2	465	0.0	841	ASV1231-Pseudoxanthomonas indica
ST-B8-2	99.142	466	2	2	4	469	2	465	0.0	841	ASV1197-Pseudoxanthomonas indica
ST-B8-2	98.929	467	3	2	4	470	2	466	0.0	837	ASV1130-Pseudoxanthomonas indica
ST-B8-2	98.927	466	3	2	4	469	3	466	0.0	835	ASV1459-Pseudoxanthomonas indica
ST-B8-2	98.927	466	3	2	4	469	2	465	0.0	835	ASV1446-Pseudoxanthomonas indica
ST-B8-2	98.927	466	3	2	4	469	2	465	0.0	835	ASV1441-Pseudoxanthomonas indica
ST-B8-2	98.927	466	3	2	4	469	3	466	0.0	835	ASV1351-Pseudoxanthomonas indica
ST-B8-2	98.927	466	3	2	4	469	2	465	0.0	835	ASV1317-Pseudoxanthomonas indica
ST-B8-2	98.927	466	3	2	4	469	2	465	0.0	835	ASV1212-Pseudoxanthomonas indica
ST-B8-2	99.562	457	1	1	4	460	2	457	0.0	833	ASV1226-Pseudoxanthomonas indica
ST-B8-2	99.562	457	1	1	4	460	3	458	0.0	833	ASV1222-Pseudoxanthomonas indica
ST-B8-2	99.562	457	1	1	4	460	2	457	0.0	833	ASV1199-Pseudoxanthomonas indica
ST-B8-2	99.562	457	1	1	4	460	3	458	0.0	833	ASV1185-Pseudoxanthomonas indica
ST-B8-2	99.562	457	1	1	4	460	2	457	0.0	833	ASV1079-Pseudoxanthomonas indica
ST-B8-2	99.562	457	1	1	4	460	2	457	0.0	833	ASV924-Pseudoxanthomonas indica
ST-B8-2	98.712	466	4	2	4	469	3	466	0.0	830	ASV1285-Pseudoxanthomonas indica
ST-B8-2	98.712	466	4	2	4	469	2	465	0.0	830	ASV1204-Pseudoxanthomonas indica
ST-B8-2	98.712	466	4	2	4	469	3	466	0.0	830	ASV1194-Pseudoxanthomonas indica
ST-B8-2	98.712	466	4	2	4	469	2	465	0.0	830	ASV1190-Pseudoxanthomonas indica
ST-B8-2	98.712	466	4	2	4	469	2	465	0.0	830	ASV807-Pseudoxanthomonas indica
ST-B8-2	99.344	457	2	1	4	460	3	458	0.0	828	ASV1334-Pseudoxanthomonas indica
ST-B8-2	99.344	457	2	1	4	460	2	457	0.0	828	ASV1297-Pseudoxanthomonas indica
ST-B8-2	99.344	457	2	1	4	460	2	457	0.0	828	ASV1254-Pseudoxanthomonas indica
ST-B8-2	99.344	457	2	1	4	460	3	458	0.0	828	ASV1239-Pseudoxanthomonas indica
ST-B8-2	99.344	457	2	1	4	460	2	457	0.0	828	ASV1196-Pseudoxanthomonas indica
ST-B8-2	99.344	457	2	1	4	460	3	458	0.0	828	ASV1101-Pseudoxanthomonas indica
ST-B8-2	99.344	457	2	1	4	460	2	457	0.0	828	ASV940-Pseudoxanthomonas indica
ST-B8-2	99.125	457	3	1	4	460	2	457	0.0	822	ASV1327-Pseudoxanthomonas indica
ST-B8-2	99.125	457	3	1	4	460	3	458	0.0	822	ASV1259-Pseudoxanthomonas indica
ST-B8-2	99.125	457	3	1	4	460	2	457	0.0	822	ASV1241-Pseudoxanthomonas indica
ST-B8-2	99.125	457	3	1	4	460	2	457	0.0	822	ASV1238-Pseudoxanthomonas indica
ST-B8-2	99.125	457	3	1	4	460	3	458	0.0	822	ASV1209-Pseudoxanthomonas indica
ST-B8-2	99.125	457	3	1	4	460	2	457	0.0	822	ASV1187-Pseudoxanthomonas indica
ST-B8-2	99.125	457	3	1	4	460	2	457	0.0	822	ASV1163-Pseudoxanthomonas indica
ST-B8-2	99.125	457	3	1	4	460	2	457	0.0	822	ASV1036-Pseudoxanthomonas indica
ST-B8-2	99.125	457	3	1	4	460	2	457	0.0	822	ASV921-Pseudoxanthomonas indica
ST-B8-2	96.567	466	14	2	4	469	2	465	0.0	774	ASV1654-Pseudoxanthomonas japonensis
ST-B8-2	96.567	466	14	2	4	469	2	465	0.0	774	ASV987-Pseudoxanthomonas japonensis
ST-B8-2	96.352	466	15	2	4	469	2	465	0.0	769	ASV1291-Pseudoxanthomonas japonensis
ST-B8-2	96.352	466	15	2	4	469	3	466	0.0	769	ASV1169-Pseudoxanthomonas japonensis
ST-B8-2	96.352	466	15	2	4	469	2	465	0.0	769	ASV1091-Pseudoxanthomonas japonensis
ST-B8-2	96.937	457	13	1	4	460	2	457	0.0	767	ASV1058-Pseudoxanthomonas japonensis
ST-B8-2	96.718	457	14	1	4	460	2	457	0.0	761	ASV1517-Pseudoxanthomonas japonensis
ST-B8-2	96.718	457	14	1	4	460	2	457	0.0	761	ASV1309-Pseudoxanthomonas japonensis
ST-B8-2	96.499	457	15	1	4	460	2	457	0.0	756	ASV1313-Pseudoxanthomonas japonensis
ST-B8-2	91.026	468	36	6	4	469	2	465	0.0	630	ASV1350-Lysobacter daejeonensis
ST-B8-2	91.026	468	36	6	4	469	3	466	0.0	630	ASV1283-Lysobacter daejeonensis
ST-B8-2	90.812	468	37	6	4	469	3	466	2.09e-180	625	ASV1013-Lysobacter panacisoli
ST-B8-2	90.812	468	37	6	4	469	2	465	2.09e-180	625	ASV964-Lysobacter daejeonensis
ST-B8-2	91.304	460	33	7	4	460	2	457	7.51e-180	623	ASV1467-Lysobacter oryzae
ST-B8-2	91.285	459	35	5	4	460	2	457	7.51e-180	623	ASV1410-Lysobacter panacisoli
ST-B8-2	91.285	459	35	5	4	460	2	457	7.51e-180	623	ASV1073-Lysobacter daejeonensis
ST-B8-2	91.285	459	35	5	4	460	2	457	7.51e-180	623	ASV950-Lysobacter daejeonensis
ST-B8-2	90.598	468	38	6	4	469	2	465	9.72e-179	619	ASV1401-Lysobacter panacisoli
ST-B8-2	90.598	468	38	6	4	469	2	465	9.72e-179	619	ASV1287-Lysobacter panacisoli
ST-B8-2	90.638	470	34	8	4	469	2	465	9.72e-179	619	ASV969-Lysobacter korlensis
ST-B8-2	90.638	470	34	8	4	469	2	465	9.72e-179	619	ASV956-Lysobacter korlensis
ST-B8-2	90.638	470	34	8	4	469	2	465	9.72e-179	619	ASV642-Lysobacter korlensis
ST-B8-2	90.638	470	34	8	4	469	2	465	9.72e-179	619	ASV413-Lysobacter korlensis
ST-B8-2	91.068	459	36	5	4	460	2	457	3.49e-178	617	ASV1336-Lysobacter panacisoli
ST-B8-2	91.068	459	36	5	4	460	2	457	3.49e-178	617	ASV1269-Lysobacter panacisoli
ST-B8-2	91.068	459	36	5	4	460	3	458	3.49e-178	617	ASV1206-Lysobacter daejeonensis
ST-B8-2	91.068	459	36	5	4	460	2	457	3.49e-178	617	ASV1158-Lysobacter daejeonensis
ST-B8-2	91.068	459	36	5	4	460	2	457	3.49e-178	617	ASV1144-Lysobacter panacisoli
ST-B8-2	91.068	459	36	5	4	460	2	457	3.49e-178	617	ASV858-Lysobacter panacisoli
ST-B8-2	90.385	468	39	6	4	469	2	465	4.52e-177	614	ASV1331-Lysobacter soli
ST-B8-2	90.426	470	35	8	4	469	3	466	4.52e-177	614	ASV1026-Lysobacter korlensis
ST-B8-2	90.426	470	35	8	4	469	2	465	4.52e-177	614	ASV1003-Lysobacter korlensis
ST-B8-2	90.426	470	35	8	4	469	2	465	4.52e-177	614	ASV873-Lysobacter korlensis
ST-B8-2	90.426	470	35	8	4	469	2	465	4.52e-177	614	ASV851-Lysobacter korlensis
ST-B8-2	90.426	470	35	8	4	469	3	466	4.52e-177	614	ASV684-Lysobacter korlensis
ST-B8-2	90.426	470	35	8	4	469	2	465	4.52e-177	614	ASV404-Lysobacter korlensis
ST-B8-2	90.426	470	35	8	4	469	2	465	4.52e-177	614	ASV361-Lysobacter korlensis
ST-B8-2	90.426	470	35	8	4	469	2	465	4.52e-177	614	ASV357-Lysobacter korlensis
ST-B8-2	90.426	470	35	8	4	469	2	465	4.52e-177	614	ASV283-Lysobacter korlensis
ST-B8-2	90.850	459	37	5	4	460	2	457	1.63e-176	612	ASV1434-Lysobacter panacisoli
ST-B8-2	90.850	459	37	5	4	460	2	457	1.63e-176	612	ASV1237-Lysobacter soli
ST-B8-2	90.889	461	33	7	4	460	2	457	1.63e-176	612	ASV600-Lysobacter korlensis
ST-B8-2	90.234	471	36	8	4	470	2	466	5.85e-176	610	ASV757-Lysobacter korlensis
ST-B8-2	90.213	470	36	8	4	469	2	465	2.10e-175	608	ASV1690-Lysobacter tyrosinelyticus
ST-B8-2	90.213	470	36	8	4	469	2	465	2.10e-175	608	ASV1111-Lysobacter mobilis
ST-B8-2	90.213	470	36	8	4	469	3	466	2.10e-175	608	ASV1038-Lysobacter korlensis
ST-B8-2	90.213	470	36	8	4	469	2	465	2.10e-175	608	ASV914-Lysobacter korlensis
ST-B8-2	90.213	470	36	8	4	469	2	465	2.10e-175	608	ASV776-Lysobacter korlensis
ST-B8-2	90.213	470	36	8	4	469	3	466	2.10e-175	608	ASV632-Lysobacter korlensis
ST-B8-2	90.213	470	36	8	4	469	2	465	2.10e-175	608	ASV453-Lysobacter korlensis
ST-B8-2	90.213	470	36	8	4	469	2	465	2.10e-175	608	ASV443-Lysobacter korlensis
ST-B8-2	90.213	470	36	8	4	469	2	465	2.10e-175	608	ASV203-Lysobacter korlensis
ST-B8-2	90.672	461	34	7	4	460	4	459	7.56e-175	606	ASV1086-Lysobacter korlensis
ST-B8-2	90.672	461	34	7	4	460	3	458	7.56e-175	606	ASV1009-Lysobacter korlensis
ST-B8-2	90.672	461	34	7	4	460	2	457	7.56e-175	606	ASV989-Lysobacter korlensis
ST-B8-2	90.672	461	34	7	4	460	3	458	7.56e-175	606	ASV953-Lysobacter korlensis
ST-B8-2	90.672	461	34	7	4	460	3	458	7.56e-175	606	ASV923-Lysobacter korlensis
ST-B8-2	90.672	461	34	7	4	460	2	457	7.56e-175	606	ASV865-Lysobacter korlensis
ST-B8-2	90.672	461	34	7	4	460	2	457	7.56e-175	606	ASV762-Lysobacter korlensis
ST-B8-2	90.672	461	34	7	4	460	2	457	7.56e-175	606	ASV662-Lysobacter korlensis
ST-B8-2	90.672	461	34	7	4	460	2	457	7.56e-175	606	ASV517-Lysobacter korlensis
ST-B8-2	90.672	461	34	7	4	460	2	457	7.56e-175	606	ASV477-Lysobacter korlensis
ST-B8-2	90.672	461	34	7	4	460	2	457	7.56e-175	606	ASV386-Lysobacter korlensis
ST-B8-2	90.456	461	35	7	4	460	2	457	3.52e-173	601	ASV979-Lysobacter korlensis
ST-B8-2	90.456	461	35	7	4	460	2	457	3.52e-173	601	ASV907-Lysobacter korlensis
ST-B8-2	90.456	461	35	7	4	460	3	458	3.52e-173	601	ASV788-Lysobacter korlensis
ST-B8-2	90.456	461	35	7	4	460	2	457	3.52e-173	601	ASV691-Lysobacter korlensis
ST-B8-2	90.456	461	35	7	4	460	4	459	3.52e-173	601	ASV683-Lysobacter korlensis
ST-B8-2	90.456	461	35	7	4	460	3	458	3.52e-173	601	ASV652-Lysobacter korlensis
ST-B8-2	90.456	461	35	7	4	460	2	457	3.52e-173	601	ASV516-Lysobacter korlensis
ST-B8-2	90.456	461	35	7	4	460	2	457	3.52e-173	601	ASV400-Lysobacter korlensis
ST-B8-2	90.456	461	35	7	4	460	2	457	3.52e-173	601	ASV388-Lysobacter korlensis
ST-B8-2	90.456	461	35	7	4	460	2	457	3.52e-173	601	ASV367-Lysobacter korlensis
ST-B8-2	85.714	469	59	8	4	469	2	465	2.21e-140	492	ASV636-Paraburkholderia graminis
ST-B8-2	85.501	469	60	8	4	469	2	465	1.03e-138	486	ASV1075-Paraburkholderia graminis
ST-B8-2	85.501	469	60	8	4	469	3	466	1.03e-138	486	ASV980-Paraburkholderia graminis
ST-B8-2	85.501	469	60	8	4	469	2	465	1.03e-138	486	ASV518-Paraburkholderia graminis
ST-B8-2	85.501	469	60	8	4	469	2	465	1.03e-138	486	ASV460-Paraburkholderia graminis
ST-B8-2	85.870	460	58	7	4	460	2	457	3.70e-138	484	ASV988-Paraburkholderia graminis
ST-B8-2	85.870	460	58	7	4	460	2	457	3.70e-138	484	ASV705-Paraburkholderia graminis
ST-B8-2	85.288	469	61	8	4	469	2	465	4.78e-137	481	ASV1198-Paraburkholderia graminis
ST-B8-2	85.288	469	61	8	4	469	2	465	4.78e-137	481	ASV985-Paraburkholderia graminis
ST-B8-2	85.288	469	61	8	4	469	2	465	4.78e-137	481	ASV565-Paraburkholderia graminis
ST-B8-2	85.288	469	61	8	4	469	2	465	4.78e-137	481	ASV489-Paraburkholderia graminis
ST-B8-2	85.652	460	59	7	4	460	2	457	1.72e-136	479	ASV1330-Paraburkholderia graminis
ST-B8-2	85.652	460	59	7	4	460	2	457	1.72e-136	479	ASV1103-Paraburkholderia graminis
ST-B8-2	85.652	460	59	7	4	460	2	457	1.72e-136	479	ASV864-Paraburkholderia graminis
ST-B8-2	85.652	460	59	7	4	460	2	457	1.72e-136	479	ASV784-Paraburkholderia graminis
ST-B8-2	85.652	460	59	7	4	460	2	457	1.72e-136	479	ASV723-Paraburkholderia graminis
ST-B8-2	85.075	469	62	7	4	469	2	465	2.23e-135	475	ASV770-Herminiimonas glaciei
ST-B8-2	85.075	469	62	7	4	469	2	465	2.23e-135	475	ASV660-Herminiimonas glaciei
ST-B8-2	85.435	460	60	7	4	460	2	457	8.01e-135	473	ASV1207-Paraburkholderia graminis
ST-B8-2	85.435	460	60	7	4	460	2	457	8.01e-135	473	ASV1098-Paraburkholderia graminis
ST-B8-2	85.435	460	60	7	4	460	2	457	8.01e-135	473	ASV1054-Paraburkholderia graminis
ST-B8-2	85.435	460	60	7	4	460	2	457	8.01e-135	473	ASV900-Paraburkholderia graminis
ST-B8-2	85.435	460	60	7	4	460	2	457	8.01e-135	473	ASV898-Paraburkholderia graminis
ST-B8-2	85.435	460	60	7	4	460	2	457	8.01e-135	473	ASV637-Paraburkholderia graminis
ST-B8-2	85.435	460	60	7	4	460	2	457	8.01e-135	473	ASV298-Paraburkholderia graminis
ST-B8-2	84.861	469	63	7	4	469	2	465	1.04e-133	470	ASV1068-Herminiimonas glaciei
ST-B8-2	84.861	469	63	7	4	469	2	465	1.04e-133	470	ASV1041-Herminiimonas glaciei
ST-B8-2	84.861	469	63	7	4	469	2	465	1.04e-133	470	ASV572-Herminiimonas contaminans
ST-B8-2	85.217	460	61	6	4	460	2	457	3.72e-133	468	ASV722-Herminiimonas glaciei
ST-B8-2	85.217	460	61	6	4	460	2	457	3.72e-133	468	ASV622-Herminiimonas glaciei
ST-B8-2	84.681	470	64	7	4	470	2	466	1.34e-132	466	ASV676-Herminiimonas contaminans
ST-B8-2	84.648	469	64	7	4	469	2	465	4.82e-132	464	ASV713-Herminiimonas contaminans
ST-B8-2	84.648	469	64	7	4	469	2	465	4.82e-132	464	ASV663-Herminiimonas contaminans
ST-B8-2	84.648	469	64	7	4	469	2	465	4.82e-132	464	ASV611-Herminiimonas contaminans
ST-B8-2	84.648	469	64	7	4	469	2	465	4.82e-132	464	ASV586-Herminiimonas contaminans
ST-B8-2	84.648	469	64	7	4	469	2	465	4.82e-132	464	ASV416-Herminiimonas contaminans
ST-B8-2	84.648	469	64	7	4	469	2	465	4.82e-132	464	ASV377-Herminiimonas contaminans
ST-B8-2	84.681	470	62	9	4	469	2	465	4.82e-132	464	ASV248-Pseudomonas granadensis
ST-B8-2	84.648	469	64	7	4	469	2	465	4.82e-132	464	ASV216-Herminiimonas contaminans
ST-B8-2	85.000	460	62	6	4	460	2	457	1.73e-131	462	ASV646-Herminiimonas contaminans
ST-B8-2	85.000	460	62	6	4	460	2	457	1.73e-131	462	ASV607-Herminiimonas contaminans
ST-B8-2	85.000	460	62	6	4	460	2	457	1.73e-131	462	ASV597-Herminiimonas contaminans
ST-B8-2	85.000	460	62	6	4	460	2	457	1.73e-131	462	ASV536-Herminiimonas glaciei
ST-B8-2	85.000	460	62	6	4	460	2	457	1.73e-131	462	ASV497-Herminiimonas contaminans
ST-B8-2	84.435	469	65	7	4	469	2	465	2.24e-130	459	ASV834-Herminiimonas contaminans
ST-B8-2	84.435	469	65	7	4	469	2	465	2.24e-130	459	ASV657-Herminiimonas contaminans
ST-B8-2	84.435	469	65	7	4	469	2	465	2.24e-130	459	ASV630-Herminiimonas contaminans
ST-B8-2	84.435	469	65	8	4	469	2	465	2.24e-130	459	ASV540-Pseudomonas granadensis
ST-B8-2	84.435	469	65	7	4	469	2	465	2.24e-130	459	ASV463-Herminiimonas contaminans
ST-B8-2	84.435	469	65	7	4	469	2	465	2.24e-130	459	ASV423-Herminiimonas contaminans
ST-B8-2	84.435	469	65	7	4	469	2	465	2.24e-130	459	ASV243-Herminiimonas contaminans
ST-B8-2	84.468	470	63	9	4	469	2	465	2.24e-130	459	ASV204-Pseudomonas granadensis
ST-B8-2	84.435	469	65	7	4	469	2	465	2.24e-130	459	ASV170-Herminiimonas contaminans
ST-B8-2	84.435	469	65	8	4	469	2	465	2.24e-130	459	ASV163-Pseudomonas granadensis
ST-B8-2	84.435	469	65	8	4	469	2	465	2.24e-130	459	ASV142-Pseudomonas granadensis
ST-B8-2	84.435	469	65	8	4	469	2	465	2.24e-130	459	ASV134-Pseudomonas granadensis
ST-B8-2	84.783	460	63	6	4	460	2	457	8.06e-130	457	ASV902-Herminiimonas contaminans
ST-B8-2	84.783	460	63	7	4	460	2	457	8.06e-130	457	ASV610-Pseudomonas granadensis
ST-B8-2	84.783	460	63	6	4	460	2	457	8.06e-130	457	ASV581-Herminiimonas contaminans
ST-B8-2	84.783	460	63	6	4	460	2	457	8.06e-130	457	ASV371-Herminiimonas contaminans
ST-B8-2	84.783	460	63	6	4	460	2	457	8.06e-130	457	ASV309-Herminiimonas contaminans
ST-B8-2	84.120	466	72	2	4	469	2	465	1.04e-128	453	ASV1723-Bacillus mesonae
ST-B8-2	84.120	466	72	2	4	469	2	465	1.04e-128	453	ASV1692-Bacillus mesonae
ST-B8-2	84.188	468	68	6	4	469	2	465	1.04e-128	453	ASV1262-Herbaspirillum aquaticum
ST-B8-2	84.222	469	66	8	4	469	2	465	1.04e-128	453	ASV319-Pseudomonas granadensis
ST-B8-2	84.222	469	66	8	4	469	2	465	1.04e-128	453	ASV183-Pseudomonas granadensis
ST-B8-2	84.222	469	66	8	4	469	2	465	1.04e-128	453	ASV90-Pseudomonas granadensis
ST-B8-2	84.565	460	64	6	4	460	2	457	3.75e-128	451	ASV665-Herminiimonas contaminans
ST-B8-2	84.565	460	64	6	4	460	2	457	3.75e-128	451	ASV592-Herminiimonas contaminans
ST-B8-2	84.565	460	64	6	4	460	2	457	3.75e-128	451	ASV464-Herminiimonas contaminans
ST-B8-2	84.565	460	64	6	4	460	2	457	3.75e-128	451	ASV392-Herminiimonas contaminans
ST-B8-2	84.599	461	62	8	4	460	2	457	3.75e-128	451	ASV317-Pseudomonas granadensis
ST-B8-2	84.565	460	64	7	4	460	2	457	3.75e-128	451	ASV297-Pseudomonas granadensis
ST-B8-2	84.565	460	64	7	4	460	2	457	3.75e-128	451	ASV267-Pseudomonas granadensis
ST-B8-2	84.565	460	64	7	4	460	2	457	3.75e-128	451	ASV265-Pseudomonas granadensis
ST-B8-2	84.565	460	64	7	4	460	2	457	3.75e-128	451	ASV262-Pseudomonas granadensis
ST-B8-2	83.974	468	69	6	4	469	2	465	4.85e-127	448	ASV1437-Herbaspirillum aquaticum
ST-B8-2	83.974	468	69	6	4	469	2	465	4.85e-127	448	ASV1414-Pseudoduganella eburnea
ST-B8-2	84.009	469	67	7	4	469	2	465	4.85e-127	448	ASV1342-Pseudoduganella eburnea
ST-B8-2	83.974	468	69	6	4	469	2	465	4.85e-127	448	ASV1049-Pseudoduganella eburnea
ST-B8-2	83.974	468	69	6	4	469	3	466	4.85e-127	448	ASV947-Pseudoduganella eburnea
ST-B8-2	84.076	471	63	9	4	469	2	465	4.85e-127	448	ASV595-Pseudomonas chlororaphis
ST-B8-2	83.974	468	69	6	4	469	2	465	4.85e-127	448	ASV591-Pseudoduganella eburnea
ST-B8-2	84.076	471	63	9	4	469	2	465	4.85e-127	448	ASV558-Pseudomonas chlororaphis
ST-B8-2	84.245	457	71	1	4	460	2	457	1.75e-126	446	ASV1715-Bacillus mesonae
ST-B8-2	84.245	457	71	1	4	460	2	457	1.75e-126	446	ASV1704-Bacillus mesonae
ST-B8-2	84.314	459	67	5	4	460	3	458	1.75e-126	446	ASV1072-Pseudoduganella eburnea
ST-B8-2	84.348	460	65	6	4	460	2	457	1.75e-126	446	ASV990-Pseudoduganella eburnea
ST-B8-2	84.314	459	67	5	4	460	2	457	1.75e-126	446	ASV831-Pseudoduganella eburnea
ST-B8-2	84.314	459	67	5	4	460	3	458	1.75e-126	446	ASV752-Pseudoduganella eburnea
ST-B8-2	84.348	460	65	7	4	460	2	457	1.75e-126	446	ASV402-Pseudomonas granadensis
ST-B8-2	84.348	460	65	7	4	460	2	457	1.75e-126	446	ASV396-Pseudomonas granadensis
ST-B8-2	84.348	460	65	7	4	460	2	457	1.75e-126	446	ASV303-Pseudomonas granadensis
ST-B8-2	84.348	460	65	7	4	460	2	457	1.75e-126	446	ASV247-Pseudomonas granadensis
ST-B8-2	84.348	460	65	7	4	460	2	457	1.75e-126	446	ASV201-Pseudomonas granadensis
ST-B8-2	84.348	460	65	7	4	460	2	457	1.75e-126	446	ASV171-Pseudomonas granadensis
ST-B8-2	83.830	470	66	10	4	469	2	465	2.26e-125	442	ASV1705-Sphingobium czechense
ST-B8-2	83.830	470	66	10	4	469	2	465	2.26e-125	442	ASV1681-Sphingobium czechense
ST-B8-2	83.830	470	66	10	4	469	2	465	2.26e-125	442	ASV1668-Sphingobium czechense
ST-B8-2	83.761	468	70	6	4	469	2	465	2.26e-125	442	ASV1255-Pseudoduganella eburnea
ST-B8-2	83.864	471	64	9	4	469	2	465	2.26e-125	442	ASV1153-Pseudomonas chlororaphis
ST-B8-2	83.761	468	70	6	4	469	2	465	2.26e-125	442	ASV886-Pseudoduganella eburnea
ST-B8-2	83.761	468	70	6	4	469	2	465	2.26e-125	442	ASV863-Pseudoduganella eburnea
ST-B8-2	83.795	469	68	8	4	469	2	465	2.26e-125	442	ASV716-Duganella ginsengisoli
ST-B8-2	83.795	469	68	7	4	469	2	465	2.26e-125	442	ASV608-Herbaspirillum seropedicae
ST-B8-2	83.864	471	64	9	4	469	2	465	2.26e-125	442	ASV589-Pseudomonas chlororaphis
ST-B8-2	83.898	472	62	10	4	469	2	465	2.26e-125	442	ASV501-Pseudomonas chlororaphis
ST-B8-2	83.864	471	64	9	4	469	2	465	2.26e-125	442	ASV470-Pseudomonas chlororaphis
ST-B8-2	83.864	471	64	9	4	469	2	465	2.26e-125	442	ASV461-Pseudomonas chlororaphis
ST-B8-2	83.795	469	68	7	4	469	2	465	2.26e-125	442	ASV447-Herbaspirillum seropedicae
ST-B8-2	83.795	469	68	7	4	469	2	465	2.26e-125	442	ASV240-Herbaspirillum seropedicae
ST-B8-2	83.795	469	68	7	4	469	2	465	2.26e-125	442	ASV210-Herbaspirillum seropedicae
ST-B8-2	83.830	470	66	10	4	469	2	465	2.26e-125	442	ASV174-Acidovorax delafieldii
ST-B8-2	84.096	459	68	5	4	460	3	458	8.12e-125	440	ASV1477-Pseudoduganella eburnea
ST-B8-2	84.096	459	68	5	4	460	2	457	8.12e-125	440	ASV1246-Pseudoduganella eburnea
ST-B8-2	84.096	459	68	5	4	460	2	457	8.12e-125	440	ASV1007-Pseudoduganella eburnea
ST-B8-2	84.096	459	68	5	4	460	2	457	8.12e-125	440	ASV913-Pseudoduganella eburnea
ST-B8-2	84.096	459	68	5	4	460	2	457	8.12e-125	440	ASV825-Pseudoduganella eburnea
ST-B8-2	84.199	462	62	8	4	460	2	457	8.12e-125	440	ASV680-Pseudomonas chlororaphis
ST-B8-2	84.096	459	68	5	4	460	2	457	8.12e-125	440	ASV564-Pseudoduganella eburnea
ST-B8-2	83.686	472	63	12	4	469	2	465	1.05e-123	436	ASV1429-Pseudomonas brassicacearum
ST-B8-2	83.652	471	65	9	4	469	2	465	1.05e-123	436	ASV791-Pseudomonas chlororaphis
ST-B8-2	83.652	471	65	9	4	469	2	465	1.05e-123	436	ASV668-Pseudomonas chlororaphis
ST-B8-2	83.686	472	63	12	4	469	2	465	1.05e-123	436	ASV658-Pseudomonas brassicacearum
ST-B8-2	83.652	471	65	11	4	469	3	466	1.05e-123	436	ASV583-Pseudomonas kilonensis
ST-B8-2	83.582	469	69	8	4	469	2	465	1.05e-123	436	ASV576-Duganella ginsengisoli
ST-B8-2	83.652	471	65	11	4	469	3	466	1.05e-123	436	ASV571-Pseudomonas kilonensis
ST-B8-2	83.582	469	69	8	4	469	2	465	1.05e-123	436	ASV530-Duganella ginsengisoli
ST-B8-2	83.582	469	69	7	4	469	2	465	1.05e-123	436	ASV494-Herbaspirillum seropedicae
ST-B8-2	83.582	469	69	7	4	469	2	465	1.05e-123	436	ASV428-Herbaspirillum seropedicae
ST-B8-2	83.652	471	65	9	4	469	2	465	1.05e-123	436	ASV394-Pseudomonas chlororaphis
ST-B8-2	83.652	471	65	11	4	469	2	465	1.05e-123	436	ASV355-Pseudomonas kilonensis
ST-B8-2	83.652	471	65	11	4	469	2	465	1.05e-123	436	ASV328-Pseudomonas kilonensis
ST-B8-2	83.652	471	65	11	4	469	2	465	1.05e-123	436	ASV323-Pseudomonas kilonensis
ST-B8-2	83.617	470	67	10	4	469	2	465	1.05e-123	436	ASV322-Acidovorax delafieldii
ST-B8-2	83.582	469	69	8	4	469	2	465	1.05e-123	436	ASV300-Duganella ginsengisoli
ST-B8-2	83.652	471	65	11	4	469	2	465	1.05e-123	436	ASV221-Pseudomonas kilonensis
ST-B8-2	83.652	471	65	11	4	469	2	465	1.05e-123	436	ASV212-Pseudomonas kilonensis
ST-B8-2	83.652	471	65	9	4	469	2	465	1.05e-123	436	ASV180-Pseudomonas chlororaphis
ST-B8-2	83.582	469	69	7	4	469	2	465	1.05e-123	436	ASV139-Herbaspirillum seropedicae
ST-B8-2	83.617	470	67	10	4	469	2	465	1.05e-123	436	ASV100-Acidovorax delafieldii
ST-B8-2	83.582	469	69	7	4	469	2	465	1.05e-123	436	ASV98-Herbaspirillum seropedicae
ST-B8-2	83.617	470	67	10	4	469	2	465	1.05e-123	436	ASV97-Acidovorax delafieldii
ST-B8-2	83.617	470	67	10	4	469	2	465	1.05e-123	436	ASV58-Acidovorax delafieldii
ST-B8-2	83.948	461	65	9	4	460	2	457	3.78e-123	435	ASV1721-Sphingobium czechense
ST-B8-2	83.948	461	65	9	4	460	2	457	3.78e-123	435	ASV1713-Sphingobium czechense
ST-B8-2	83.948	461	65	9	4	460	2	457	3.78e-123	435	ASV1693-Sphingobium czechense
ST-B8-2	83.983	462	63	8	4	460	2	457	3.78e-123	435	ASV1261-Pseudomonas chlororaphis
ST-B8-2	83.878	459	69	5	4	460	2	457	3.78e-123	435	ASV1112-Pseudoduganella eburnea
ST-B8-2	83.983	462	63	8	4	460	2	457	3.78e-123	435	ASV1080-Pseudomonas chlororaphis
ST-B8-2	83.983	462	63	8	4	460	2	457	3.78e-123	435	ASV997-Pseudomonas chlororaphis
ST-B8-2	83.878	459	69	5	4	460	2	457	3.78e-123	435	ASV931-Pseudoduganella eburnea
ST-B8-2	83.878	459	69	5	4	460	2	457	3.78e-123	435	ASV786-Pseudoduganella eburnea
ST-B8-2	83.983	462	63	10	4	460	2	457	3.78e-123	435	ASV782-Pseudomonas kilonensis
ST-B8-2	83.913	460	67	6	4	460	2	457	3.78e-123	435	ASV640-Herbaspirillum seropedicae
ST-B8-2	83.983	462	63	8	4	460	2	457	3.78e-123	435	ASV619-Pseudomonas chlororaphis
ST-B8-2	83.913	460	67	6	4	460	2	457	3.78e-123	435	ASV577-Herbaspirillum seropedicae
ST-B8-2	83.878	459	69	5	4	460	2	457	3.78e-123	435	ASV561-Pseudoduganella eburnea
ST-B8-2	83.983	462	63	10	4	460	2	457	3.78e-123	435	ASV522-Pseudomonas kilonensis
ST-B8-2	83.983	462	63	8	4	460	2	457	3.78e-123	435	ASV513-Pseudomonas chlororaphis
ST-B8-2	83.878	459	69	5	4	460	2	457	3.78e-123	435	ASV512-Pseudoduganella eburnea
ST-B8-2	83.913	460	67	6	4	460	2	457	3.78e-123	435	ASV499-Herbaspirillum seropedicae
ST-B8-2	83.913	460	67	6	4	460	2	457	3.78e-123	435	ASV485-Herbaspirillum seropedicae
ST-B8-2	83.983	462	63	8	4	460	2	457	3.78e-123	435	ASV398-Pseudomonas chlororaphis
ST-B8-2	83.913	460	67	6	4	460	2	457	3.78e-123	435	ASV318-Herbaspirillum seropedicae
ST-B8-2	83.404	470	68	9	4	469	3	466	4.89e-122	431	ASV1714-Sphingobium czechense
ST-B8-2	83.333	468	72	6	4	469	2	465	4.89e-122	431	ASV1667-Sphingobium czechense
ST-B8-2	83.333	468	72	6	4	469	2	465	4.89e-122	431	ASV1661-Sphingobium czechense
ST-B8-2	83.404	470	68	9	4	469	3	466	4.89e-122	431	ASV1657-Sphingobium czechense
ST-B8-2	83.333	468	72	6	4	469	2	465	4.89e-122	431	ASV1648-Sphingobium czechense
ST-B8-2	83.475	472	64	12	4	469	2	465	4.89e-122	431	ASV1120-Pseudomonas brassicacearum
ST-B8-2	83.439	471	66	11	4	469	2	465	4.89e-122	431	ASV678-Pseudomonas kilonensis
ST-B8-2	83.369	469	70	8	4	469	2	465	4.89e-122	431	ASV555-Duganella ginsengisoli
ST-B8-2	83.439	471	66	11	4	469	2	465	4.89e-122	431	ASV544-Pseudomonas kilonensis
ST-B8-2	83.369	469	70	8	4	469	2	465	4.89e-122	431	ASV422-Duganella ginsengisoli
ST-B8-2	83.369	469	70	8	4	469	2	465	4.89e-122	431	ASV250-Duganella ginsengisoli
ST-B8-2	83.439	471	66	11	4	469	2	465	4.89e-122	431	ASV207-Pseudomonas kilonensis
ST-B8-2	83.475	472	64	10	4	469	2	465	4.89e-122	431	ASV155-Pseudomonas frederiksbergensis
ST-B8-2	83.439	471	66	11	4	469	2	465	4.89e-122	431	ASV132-Pseudomonas kilonensis
ST-B8-2	83.475	472	64	10	4	469	2	465	4.89e-122	431	ASV128-Pseudomonas frederiksbergensis
ST-B8-2	83.404	470	68	10	4	469	2	465	4.89e-122	431	ASV127-Acidovorax delafieldii
ST-B8-2	83.439	471	66	11	4	469	2	465	4.89e-122	431	ASV125-Pseudomonas kilonensis
ST-B8-2	83.475	472	64	10	4	469	2	465	4.89e-122	431	ASV124-Pseudomonas frederiksbergensis
ST-B8-2	83.404	470	68	10	4	469	2	465	4.89e-122	431	ASV74-Acidovorax delafieldii
ST-B8-2	83.475	472	64	10	4	469	2	465	4.89e-122	431	ASV64-Pseudomonas frederiksbergensis
ST-B8-2	83.475	472	64	10	4	469	2	465	4.89e-122	431	ASV32-Pseudomonas frederiksbergensis
ST-B8-2	83.404	470	68	10	4	469	2	465	4.89e-122	431	ASV20-Acidovorax delafieldii
ST-B8-2	83.801	463	62	11	4	460	2	457	1.76e-121	429	ASV1305-Pseudomonas brassicacearum
ST-B8-2	83.766	462	64	8	4	460	2	457	1.76e-121	429	ASV1225-Pseudomonas chlororaphis
ST-B8-2	83.766	462	64	8	4	460	2	457	1.76e-121	429	ASV1037-Pseudomonas chlororaphis
ST-B8-2	83.766	462	64	8	4	460	2	457	1.76e-121	429	ASV1002-Pseudomonas chlororaphis
ST-B8-2	83.766	462	64	8	4	460	2	457	1.76e-121	429	ASV888-Pseudomonas chlororaphis
ST-B8-2	83.766	462	64	8	4	460	2	457	1.76e-121	429	ASV754-Pseudomonas chlororaphis
ST-B8-2	83.766	462	64	10	4	460	2	457	1.76e-121	429	ASV693-Pseudomonas kilonensis
ST-B8-2	83.766	462	64	10	4	460	2	457	1.76e-121	429	ASV689-Pseudomonas kilonensis
ST-B8-2	83.696	460	68	6	4	460	2	457	1.76e-121	429	ASV638-Herbaspirillum seropedicae
ST-B8-2	83.766	462	64	10	4	460	2	457	1.76e-121	429	ASV602-Pseudomonas kilonensis
ST-B8-2	83.696	460	68	7	4	460	2	457	1.76e-121	429	ASV520-Duganella ginsengisoli
ST-B8-2	83.731	461	66	9	4	460	2	457	1.76e-121	429	ASV502-Acidovorax delafieldii
ST-B8-2	83.696	460	68	7	4	460	2	457	1.76e-121	429	ASV500-Duganella ginsengisoli
ST-B8-2	83.696	460	68	6	4	460	2	457	1.76e-121	429	ASV493-Herbaspirillum seropedicae
ST-B8-2	83.766	462	64	8	4	460	2	457	1.76e-121	429	ASV469-Pseudomonas chlororaphis
ST-B8-2	83.731	461	66	9	4	460	2	457	1.76e-121	429	ASV439-Acidovorax delafieldii
ST-B8-2	83.766	462	64	8	4	460	2	457	1.76e-121	429	ASV430-Pseudomonas chlororaphis
ST-B8-2	83.731	461	66	9	4	460	2	457	1.76e-121	429	ASV410-Acidovorax delafieldii
ST-B8-2	83.696	460	68	6	4	460	2	457	1.76e-121	429	ASV397-Herbaspirillum seropedicae
ST-B8-2	83.766	462	64	8	4	460	2	457	1.76e-121	429	ASV364-Pseudomonas chlororaphis
ST-B8-2	83.766	462	64	10	4	460	2	457	1.76e-121	429	ASV360-Pseudomonas kilonensis
ST-B8-2	83.696	460	68	6	4	460	2	457	1.76e-121	429	ASV331-Herbaspirillum seropedicae
ST-B8-2	83.766	462	64	10	4	460	2	457	1.76e-121	429	ASV272-Pseudomonas kilonensis
ST-B8-2	83.766	462	64	10	4	460	2	457	1.76e-121	429	ASV245-Pseudomonas kilonensis
ST-B8-2	83.731	461	66	9	4	460	2	457	1.76e-121	429	ASV231-Acidovorax delafieldii
ST-B8-2	83.766	462	64	10	4	460	2	457	1.76e-121	429	ASV166-Pseudomonas kilonensis
ST-B8-2	83.696	460	68	6	4	460	2	457	1.76e-121	429	ASV135-Herbaspirillum seropedicae
ST-B8-2	83.731	461	66	9	4	460	2	457	1.76e-121	429	ASV119-Acidovorax delafieldii
ST-B8-2	83.696	460	68	6	4	460	2	457	1.76e-121	429	ASV112-Herbaspirillum seropedicae
ST-B8-2	83.731	461	66	9	4	460	2	457	1.76e-121	429	ASV73-Acidovorax delafieldii
ST-B8-2	83.120	468	73	6	4	469	2	465	2.27e-120	425	ASV1679-Sphingobium czechense
ST-B8-2	83.120	468	73	6	4	469	2	465	2.27e-120	425	ASV1655-Sphingobium czechense
ST-B8-2	83.120	468	73	6	4	469	2	465	2.27e-120	425	ASV1624-Sphingobium czechense
ST-B8-2	83.156	469	71	8	4	469	2	465	2.27e-120	425	ASV1503-Enterobacter ludwigii
ST-B8-2	83.156	469	71	8	4	469	3	466	2.27e-120	425	ASV1417-Enterobacter ludwigii
ST-B8-2	83.156	469	71	8	4	469	2	465	2.27e-120	425	ASV767-Enterobacter ludwigii
ST-B8-2	83.156	469	71	8	4	469	3	466	2.27e-120	425	ASV674-Enterobacter ludwigii
ST-B8-2	83.156	469	71	8	4	469	2	465	2.27e-120	425	ASV575-Enterobacter ludwigii
ST-B8-2	83.263	472	65	10	4	469	2	465	2.27e-120	425	ASV143-Pseudomonas frederiksbergensis
ST-B8-2	83.263	472	65	10	4	469	2	465	2.27e-120	425	ASV34-Pseudomonas frederiksbergensis
ST-B8-2	83.263	472	65	10	4	469	2	465	2.27e-120	425	ASV5-Pseudomonas frederiksbergensis
ST-B8-2	83.442	459	71	5	4	460	2	457	8.18e-120	424	ASV1712-Sphingobium czechense
ST-B8-2	83.514	461	67	8	4	460	3	458	8.18e-120	424	ASV1706-Sphingobium czechense
ST-B8-2	83.442	459	71	5	4	460	2	457	8.18e-120	424	ASV1688-Sphingobium czechense
ST-B8-2	83.514	461	67	8	4	460	3	458	8.18e-120	424	ASV1682-Sphingobium czechense
ST-B8-2	83.550	462	65	10	4	460	2	457	8.18e-120	424	ASV1625-Xenophilus aerolatus
ST-B8-2	83.478	460	69	7	4	460	2	457	8.18e-120	424	ASV905-Duganella ginsengisoli
ST-B8-2	83.478	460	69	7	4	460	2	457	8.18e-120	424	ASV867-Duganella ginsengisoli
ST-B8-2	83.550	462	65	10	4	460	2	457	8.18e-120	424	ASV612-Pseudomonas kilonensis
ST-B8-2	83.478	460	69	7	4	460	2	457	8.18e-120	424	ASV570-Duganella ginsengisoli
ST-B8-2	83.550	462	65	10	4	460	2	457	8.18e-120	424	ASV484-Pseudomonas kilonensis
ST-B8-2	83.478	460	69	7	4	460	2	457	8.18e-120	424	ASV424-Duganella ginsengisoli
ST-B8-2	83.550	462	65	10	4	460	2	457	8.18e-120	424	ASV390-Pseudomonas kilonensis
ST-B8-2	83.550	462	65	10	4	460	2	457	8.18e-120	424	ASV320-Pseudomonas kilonensis
ST-B8-2	83.514	461	67	9	4	460	2	457	8.18e-120	424	ASV313-Acidovorax delafieldii
ST-B8-2	83.478	460	69	7	4	460	2	457	8.18e-120	424	ASV312-Duganella ginsengisoli
ST-B8-2	83.550	462	65	10	4	460	2	457	8.18e-120	424	ASV261-Pseudomonas kilonensis
ST-B8-2	83.550	462	65	10	4	460	2	457	8.18e-120	424	ASV255-Pseudomonas kilonensis
ST-B8-2	83.585	463	63	9	4	460	2	457	8.18e-120	424	ASV239-Pseudomonas frederiksbergensis
ST-B8-2	83.585	463	63	9	4	460	2	457	8.18e-120	424	ASV230-Pseudomonas frederiksbergensis
ST-B8-2	83.514	461	67	9	4	460	2	457	8.18e-120	424	ASV214-Acidovorax delafieldii
ST-B8-2	83.585	463	63	9	4	460	2	457	8.18e-120	424	ASV192-Pseudomonas frederiksbergensis
ST-B8-2	83.514	461	67	9	4	460	2	457	8.18e-120	424	ASV154-Acidovorax delafieldii
ST-B8-2	83.585	463	63	9	4	460	2	457	8.18e-120	424	ASV153-Pseudomonas frederiksbergensis
ST-B8-2	83.585	463	63	9	4	460	2	457	8.18e-120	424	ASV120-Pseudomonas frederiksbergensis
ST-B8-2	83.514	461	67	9	4	460	2	457	8.18e-120	424	ASV108-Acidovorax delafieldii
ST-B8-2	83.585	463	63	9	4	460	2	457	8.18e-120	424	ASV104-Pseudomonas frederiksbergensis
ST-B8-2	83.514	461	67	9	4	460	2	457	8.18e-120	424	ASV72-Acidovorax delafieldii
ST-B8-2	82.979	470	72	8	4	470	2	466	2.94e-119	422	ASV1457-Enterobacter ludwigii
ST-B8-2	82.942	469	72	8	4	469	4	467	1.06e-118	420	ASV1416-Enterobacter ludwigii
ST-B8-2	82.979	470	70	9	4	469	2	465	1.06e-118	420	ASV971-Enterobacter tabaci
ST-B8-2	82.942	469	72	8	4	469	2	465	1.06e-118	420	ASV724-Enterobacter ludwigii
ST-B8-2	82.942	469	72	8	4	469	2	465	1.06e-118	420	ASV718-Enterobacter ludwigii
ST-B8-2	82.979	470	70	9	4	469	2	465	1.06e-118	420	ASV579-Enterobacter tabaci
ST-B8-2	82.942	469	72	8	4	469	2	465	1.06e-118	420	ASV559-Enterobacter ludwigii
ST-B8-2	82.942	469	72	8	4	469	2	465	1.06e-118	420	ASV474-Enterobacter ludwigii
ST-B8-2	83.224	459	72	5	4	460	2	457	3.80e-118	418	ASV1671-Sphingobium czechense
ST-B8-2	83.224	459	72	5	4	460	2	457	3.80e-118	418	ASV1641-Sphingobium czechense
ST-B8-2	83.261	460	70	7	4	460	2	457	3.80e-118	418	ASV1533-Enterobacter ludwigii
ST-B8-2	83.261	460	70	7	4	460	2	457	3.80e-118	418	ASV1275-Enterobacter ludwigii
ST-B8-2	83.297	461	68	8	4	460	2	457	3.80e-118	418	ASV1159-Enterobacter tabaci
ST-B8-2	83.261	460	70	7	4	460	2	457	3.80e-118	418	ASV1147-Enterobacter ludwigii
ST-B8-2	83.261	460	70	7	4	460	2	457	3.80e-118	418	ASV1015-Enterobacter ludwigii
ST-B8-2	83.369	463	64	9	4	460	2	457	3.80e-118	418	ASV79-Pseudomonas frederiksbergensis
ST-B8-2	83.369	463	64	9	4	460	2	457	3.80e-118	418	ASV70-Pseudomonas frederiksbergensis
ST-B8-2	83.369	463	64	9	4	460	2	457	3.80e-118	418	ASV68-Pseudomonas frederiksbergensis
ST-B8-2	83.369	463	64	9	4	460	2	457	3.80e-118	418	ASV22-Pseudomonas frederiksbergensis
ST-B8-2	82.766	470	73	8	4	470	2	466	1.37e-117	416	ASV1364-Enterobacter ludwigii
ST-B8-2	82.729	469	73	8	4	469	2	465	4.92e-117	414	ASV1546-Enterobacter kobei
ST-B8-2	82.729	469	73	8	4	469	2	465	4.92e-117	414	ASV1542-Enterobacter kobei
ST-B8-2	82.692	468	75	5	4	469	2	465	4.92e-117	414	ASV1451-Enterobacter sp.
ST-B8-2	82.729	469	73	8	4	469	2	465	4.92e-117	414	ASV1440-Enterobacter ludwigii
ST-B8-2	82.729	469	73	8	4	469	2	465	4.92e-117	414	ASV1368-Enterobacter ludwigii
ST-B8-2	82.729	469	73	8	4	469	2	465	4.92e-117	414	ASV1362-Enterobacter kobei
ST-B8-2	82.692	468	75	5	4	469	2	465	4.92e-117	414	ASV1258-Enterobacter sp.
ST-B8-2	82.692	468	75	5	4	469	2	465	4.92e-117	414	ASV1160-Enterobacter sp.
ST-B8-2	82.692	468	75	5	4	469	3	466	4.92e-117	414	ASV1042-Enterobacter sp.
ST-B8-2	82.729	469	73	8	4	469	2	465	4.92e-117	414	ASV700-Enterobacter kobei
ST-B8-2	82.729	469	73	8	4	469	3	466	4.92e-117	414	ASV623-Enterobacter ludwigii
ST-B8-2	82.766	470	71	9	4	469	2	465	4.92e-117	414	ASV511-Enterobacter tabaci
ST-B8-2	83.043	460	71	7	4	460	2	457	1.77e-116	412	ASV1514-Enterobacter ludwigii
ST-B8-2	83.043	460	71	7	4	460	2	457	1.77e-116	412	ASV1431-Enterobacter ludwigii
ST-B8-2	83.043	460	71	7	4	460	2	457	1.77e-116	412	ASV1382-Enterobacter ludwigii
ST-B8-2	83.043	460	71	7	4	460	2	457	1.77e-116	412	ASV1143-Enterobacter ludwigii
ST-B8-2	83.043	460	71	7	4	460	2	457	1.77e-116	412	ASV930-Enterobacter ludwigii
ST-B8-2	83.043	460	71	7	4	460	2	457	1.77e-116	412	ASV855-Enterobacter ludwigii
ST-B8-2	83.080	461	69	8	4	460	2	457	1.77e-116	412	ASV840-Enterobacter tabaci
ST-B8-2	83.190	464	63	13	4	460	2	457	1.77e-116	412	ASV822-Variovorax soli
ST-B8-2	83.043	460	71	7	4	460	2	457	1.77e-116	412	ASV560-Enterobacter kobei
ST-B8-2	83.043	460	71	7	4	460	2	457	1.77e-116	412	ASV409-Enterobacter ludwigii
ST-B8-2	83.043	460	71	7	4	460	2	457	1.77e-116	412	ASV406-Enterobacter kobei
ST-B8-2	82.553	470	74	8	4	470	3	467	6.37e-116	411	ASV1520-Enterobacter kobei
ST-B8-2	82.479	468	76	5	4	469	2	465	2.29e-115	409	ASV1588-Enterobacter sp.
ST-B8-2	82.516	469	74	8	4	469	2	465	2.29e-115	409	ASV1404-Enterobacter kobei
ST-B8-2	82.516	469	74	8	4	469	2	465	2.29e-115	409	ASV1244-Enterobacter kobei
ST-B8-2	82.516	469	74	8	4	469	3	466	2.29e-115	409	ASV539-Enterobacter kobei
ST-B8-2	82.516	469	74	8	4	469	2	465	2.29e-115	409	ASV442-Enterobacter kobei
ST-B8-2	82.863	461	70	9	4	460	4	459	8.24e-115	407	ASV1786-Oryzihumus sp.
ST-B8-2	82.789	459	74	4	4	460	2	457	8.24e-115	407	ASV1455-Enterobacter sp.
ST-B8-2	82.789	459	74	4	4	460	2	457	8.24e-115	407	ASV1386-Enterobacter sp.
ST-B8-2	82.826	460	72	7	4	460	2	457	8.24e-115	407	ASV1056-Enterobacter kobei
ST-B8-2	82.826	460	72	7	4	460	3	458	8.24e-115	407	ASV993-Enterobacter kobei
ST-B8-2	82.826	460	72	7	4	460	2	457	8.24e-115	407	ASV962-Enterobacter kobei
ST-B8-2	82.826	460	72	7	4	460	3	458	8.24e-115	407	ASV843-Enterobacter ludwigii
ST-B8-2	82.826	460	72	7	4	460	3	458	8.24e-115	407	ASV835-Enterobacter kobei
ST-B8-2	82.826	460	72	7	4	460	2	457	8.24e-115	407	ASV795-Enterobacter kobei
ST-B8-2	82.826	460	72	7	4	460	2	457	8.24e-115	407	ASV765-Enterobacter kobei
ST-B8-2	82.826	460	72	7	4	460	2	457	8.24e-115	407	ASV719-Enterobacter kobei
ST-B8-2	82.826	460	72	7	4	460	2	457	8.24e-115	407	ASV628-Enterobacter ludwigii
ST-B8-2	82.863	461	70	8	4	460	2	457	8.24e-115	407	ASV584-Enterobacter tabaci
ST-B8-2	82.826	460	72	7	4	460	3	458	8.24e-115	407	ASV568-Enterobacter kobei
ST-B8-2	82.826	460	72	7	4	460	2	457	8.24e-115	407	ASV475-Enterobacter kobei
ST-B8-2	82.489	474	65	13	4	469	2	465	1.07e-113	403	ASV1104-Delftia acidovorans
ST-B8-2	82.646	461	71	9	4	460	2	457	3.83e-113	401	ASV1466-Acidovorax soli
ST-B8-2	82.609	460	73	7	4	460	2	457	3.83e-113	401	ASV515-Enterobacter kobei
ST-B8-2	82.090	469	76	8	4	469	2	465	4.96e-112	398	ASV1471-Escherichia flexneri
ST-B8-2	82.278	474	66	13	4	469	2	465	4.96e-112	398	ASV1000-Delftia acidovorans
ST-B8-2	82.581	465	64	12	4	460	3	458	1.78e-111	396	ASV976-Delftia acidovorans
ST-B8-2	82.391	460	74	7	4	460	2	457	1.78e-111	396	ASV778-Escherichia flexneri
ST-B8-2	82.068	474	67	13	4	469	2	465	2.31e-110	392	ASV1051-Delftia acidovorans
ST-B8-2	82.068	474	67	13	4	469	2	465	2.31e-110	392	ASV1043-Delftia acidovorans
ST-B8-2	82.068	474	67	13	4	469	2	465	2.31e-110	392	ASV764-Delftia acidovorans
ST-B8-2	81.876	469	77	8	4	469	2	465	2.31e-110	392	ASV521-Escherichia flexneri
ST-B8-2	82.366	465	65	12	4	460	2	457	8.29e-110	390	ASV1394-Delftia acidovorans
ST-B8-2	82.366	465	65	12	4	460	2	457	8.29e-110	390	ASV1307-Delftia acidovorans
ST-B8-2	82.174	460	75	7	4	460	2	457	8.29e-110	390	ASV1141-Escherichia flexneri
ST-B8-2	82.174	460	75	7	4	460	3	458	8.29e-110	390	ASV1087-Escherichia flexneri
ST-B8-2	82.366	465	65	12	4	460	2	457	8.29e-110	390	ASV887-Delftia acidovorans
ST-B8-2	82.366	465	65	12	4	460	3	458	8.29e-110	390	ASV869-Delftia acidovorans
ST-B8-2	82.366	465	65	12	4	460	2	457	8.29e-110	390	ASV649-Delftia acidovorans
ST-B8-2	82.112	464	68	14	4	460	2	457	3.86e-108	385	ASV1548-Janthinobacterium sp.
ST-B8-2	81.957	460	76	7	4	460	2	457	3.86e-108	385	ASV1095-Escherichia flexneri
ST-B8-2	82.151	465	66	12	4	460	3	458	3.86e-108	385	ASV1018-Delftia acidovorans
ST-B8-2	81.957	460	76	7	4	460	2	457	3.86e-108	385	ASV974-Escherichia flexneri
ST-B8-2	81.957	460	76	7	4	460	2	457	3.86e-108	385	ASV799-Escherichia flexneri
ST-B8-2	81.529	471	75	11	4	469	2	465	4.99e-107	381	ASV1739-Arthrobacter sp.
ST-B8-2	81.529	471	75	11	4	469	2	465	4.99e-107	381	ASV1738-Arthrobacter sp.
ST-B8-2	81.169	462	71	11	4	460	3	453	2.34e-100	359	ASV1777-Pseudomonas brassicacearum
ST-B8-2	85.670	321	42	3	142	460	115	433	3.94e-93	335	ASV1751-Pseudomonas brassicacearum
ST-B8-2	90.000	100	9	1	4	103	3	101	2.00e-31	130	ASV1751-Pseudomonas brassicacearum
ST-B8-2	79.956	459	81	8	4	460	2	451	1.83e-91	329	ASV1792-EU223959_g sp.
ST-B8-2	80.213	470	63	19	4	469	2	445	1.83e-91	329	ASV1658-Acidovorax delafieldii
ST-B8-2	79.872	467	70	12	4	469	2	445	8.53e-90	324	ASV1741-Bacillus mesonae
ST-B8-2	79.872	467	70	13	4	469	2	445	8.53e-90	324	ASV1635-Bacillus mesonae
ST-B8-2	79.872	467	70	13	4	469	3	446	8.53e-90	324	ASV1631-Bacillus mesonae
ST-B8-2	79.872	467	70	13	4	469	2	445	8.53e-90	324	ASV1622-Bacillus mesonae
ST-B8-2	79.872	467	70	13	4	469	2	445	8.53e-90	324	ASV1621-Bacillus mesonae
ST-B8-2	80.000	470	64	18	4	469	2	445	8.53e-90	324	ASV1617-Acidovorax temperans
ST-B8-2	79.872	467	70	13	4	469	3	446	8.53e-90	324	ASV1612-Bacillus mesonae
ST-B8-2	79.657	467	71	12	4	469	2	445	3.97e-88	318	ASV1675-Bacillus mesonae
ST-B8-2	84.783	322	43	6	142	460	115	433	3.97e-88	318	ASV1248-Caulobacter rhizosphaerae
ST-B8-2	80.043	461	63	17	4	460	2	437	1.43e-87	316	ASV1689-Acidovorax temperans
ST-B8-2	84.084	333	44	9	142	470	114	441	5.13e-87	315	ASV759-Ensifer adhaerens
ST-B8-2	89.899	99	9	1	4	102	2	99	7.18e-31	128	ASV759-Ensifer adhaerens
ST-B8-2	84.084	333	42	10	142	469	114	440	1.85e-86	313	ASV1458-Caulobacter sp.
ST-B8-2	84.084	333	42	10	142	469	114	440	1.85e-86	313	ASV1372-Caulobacter sp.
ST-B8-2	84.084	333	42	10	142	469	114	440	1.85e-86	313	ASV1256-Caulobacter sp.
ST-B8-2	84.084	333	42	10	142	469	115	441	1.85e-86	313	ASV1253-Caulobacter sp.
ST-B8-2	84.084	333	42	10	142	469	114	440	1.85e-86	313	ASV1245-Caulobacter sp.
ST-B8-2	84.084	333	42	10	142	469	114	440	1.85e-86	313	ASV1227-Caulobacter sp.
ST-B8-2	84.084	333	42	10	142	469	114	440	1.85e-86	313	ASV1125-Caulobacter sp.
ST-B8-2	84.084	333	42	10	142	469	114	440	1.85e-86	313	ASV1047-Caulobacter sp.
ST-B8-2	84.084	333	42	10	142	469	114	440	1.85e-86	313	ASV1001-Caulobacter sp.
ST-B8-2	84.084	333	42	10	142	469	114	440	1.85e-86	313	ASV951-Caulobacter sp.
ST-B8-2	84.036	332	44	9	142	469	114	440	1.85e-86	313	ASV943-Ensifer adhaerens
ST-B8-2	91.919	99	7	1	4	102	2	99	3.32e-34	139	ASV943-Ensifer adhaerens
ST-B8-2	84.036	332	44	9	142	469	115	441	1.85e-86	313	ASV871-Ensifer adhaerens
ST-B8-2	90.909	99	8	1	4	102	3	100	1.54e-32	134	ASV871-Ensifer adhaerens
ST-B8-2	84.084	333	42	10	142	469	114	440	1.85e-86	313	ASV846-Caulobacter sp.
ST-B8-2	84.036	332	44	9	142	469	114	440	1.85e-86	313	ASV819-Ensifer adhaerens
ST-B8-2	90.909	99	8	1	4	102	2	99	1.54e-32	134	ASV819-Ensifer adhaerens
ST-B8-2	84.084	333	42	10	142	469	114	440	1.85e-86	313	ASV792-Caulobacter sp.
ST-B8-2	84.036	332	44	9	142	469	115	441	1.85e-86	313	ASV774-Ensifer adhaerens
ST-B8-2	89.899	99	9	1	4	102	3	100	7.18e-31	128	ASV774-Ensifer adhaerens
ST-B8-2	84.036	332	44	9	142	469	114	440	1.85e-86	313	ASV748-Ensifer adhaerens
ST-B8-2	90.909	99	8	1	4	102	2	99	1.54e-32	134	ASV748-Ensifer adhaerens
ST-B8-2	84.036	332	44	9	142	469	114	440	1.85e-86	313	ASV738-Ensifer adhaerens
ST-B8-2	89.899	99	9	1	4	102	2	99	7.18e-31	128	ASV738-Ensifer adhaerens
ST-B8-2	84.036	332	44	9	142	469	114	440	1.85e-86	313	ASV699-Ensifer adhaerens
ST-B8-2	90.909	99	8	1	4	102	2	99	1.54e-32	134	ASV699-Ensifer adhaerens
ST-B8-2	84.036	332	44	9	142	469	114	440	1.85e-86	313	ASV673-Ensifer adhaerens
ST-B8-2	90.909	99	8	1	4	102	2	99	1.54e-32	134	ASV673-Ensifer adhaerens
ST-B8-2	84.036	332	44	9	142	469	114	440	1.85e-86	313	ASV556-Ensifer adhaerens
ST-B8-2	89.899	99	9	1	4	102	2	99	7.18e-31	128	ASV556-Ensifer adhaerens
ST-B8-2	84.036	332	44	9	142	469	114	440	1.85e-86	313	ASV382-Ensifer adhaerens
ST-B8-2	91.919	99	7	1	4	102	2	99	3.32e-34	139	ASV382-Ensifer adhaerens
ST-B8-2	84.036	332	44	9	142	469	114	440	1.85e-86	313	ASV374-Ensifer adhaerens
ST-B8-2	90.909	99	8	1	4	102	2	99	1.54e-32	134	ASV374-Ensifer adhaerens
ST-B8-2	84.036	332	44	9	142	469	114	440	1.85e-86	313	ASV363-Ensifer adhaerens
ST-B8-2	89.899	99	9	1	4	102	2	99	7.18e-31	128	ASV363-Ensifer adhaerens
ST-B8-2	84.036	332	44	9	142	469	114	440	1.85e-86	313	ASV304-Ensifer adhaerens
ST-B8-2	89.899	99	9	1	4	102	2	99	7.18e-31	128	ASV304-Ensifer adhaerens
ST-B8-2	84.036	332	44	9	142	469	114	440	1.85e-86	313	ASV235-Ensifer adhaerens
ST-B8-2	90.909	99	8	1	4	102	2	99	1.54e-32	134	ASV235-Ensifer adhaerens
ST-B8-2	84.036	332	44	9	142	469	114	440	1.85e-86	313	ASV206-Ensifer adhaerens
ST-B8-2	89.899	99	9	1	4	102	2	99	7.18e-31	128	ASV206-Ensifer adhaerens
ST-B8-2	84.161	322	45	6	142	460	114	432	8.59e-85	307	ASV1505-Brevundimonas staleyi
ST-B8-2	83.784	333	43	10	142	469	114	440	8.59e-85	307	ASV1355-Caulobacter sp.
ST-B8-2	84.259	324	41	9	142	460	114	432	8.59e-85	307	ASV1354-Caulobacter sp.
ST-B8-2	83.784	333	43	10	142	469	114	440	8.59e-85	307	ASV1128-Caulobacter sp.
