Kasper_KS-20-2	98.692	1147	14	1	15	1160	6	1152	0.0	2052	AB191723.1.1439 Bacteria;Pseudomonadota;Alphaproteobacteria;Sphingomonadales;Sphingomonadaceae;Sphingobium;Sphingomonas bisphenolicum
Kasper_KS-20-2	98.431	1147	16	2	15	1160	14	1159	0.0	2036	JX879742.1.1391 Bacteria;Pseudomonadota;Alphaproteobacteria;Sphingomonadales;Sphingomonadaceae;Sphingobium;Sphingobium sp. IbD51
Kasper_KS-20-2	97.733	1147	25	1	15	1160	18	1164	0.0	1991	AP018519.1798062.1799545 Bacteria;Pseudomonadota;Alphaproteobacteria;Sphingomonadales;Sphingomonadaceae;Sphingobium;Sphingobium sp. YG1
Kasper_KS-20-2	97.733	1147	25	1	15	1160	18	1164	0.0	1991	AP018519.85593.87076 Bacteria;Pseudomonadota;Alphaproteobacteria;Sphingomonadales;Sphingomonadaceae;Sphingobium;Sphingobium sp. YG1
Kasper_KS-20-2	97.646	1147	26	1	15	1160	17	1163	0.0	1986	JN591313.1.1441 Bacteria;Pseudomonadota;Alphaproteobacteria;Sphingomonadales;Sphingomonadaceae;Sphingobium;Sphingobium limneticum
Kasper_KS-20-2	97.559	1147	27	1	15	1160	18	1164	0.0	1980	AP018519.586842.588325 Bacteria;Pseudomonadota;Alphaproteobacteria;Sphingomonadales;Sphingomonadaceae;Sphingobium;Sphingobium sp. YG1
Kasper_KS-20-2	97.559	1147	27	1	15	1160	18	1164	0.0	1980	AP018518.2806449.2807932 Bacteria;Pseudomonadota;Alphaproteobacteria;Sphingomonadales;Sphingomonadaceae;Sphingobium;Sphingobium sp. YG1
Kasper_KS-20-2	97.384	1147	29	1	15	1160	3	1149	0.0	1969	AY512600.1.1414 Bacteria;Pseudomonadota;Alphaproteobacteria;Sphingomonadales;Sphingomonadaceae;Sphingobium;Sphingomonas sp. A1-8
Kasper_KS-20-2	97.036	1147	33	1	15	1160	18	1164	0.0	1947	AP018664.3556051.3557536 Bacteria;Pseudomonadota;Alphaproteobacteria;Sphingomonadales;Sphingomonadaceae;Sphingobium;Sphingobium amiense
Kasper_KS-20-2	97.036	1147	33	1	15	1160	18	1164	0.0	1947	AP018664.3389467.3390952 Bacteria;Pseudomonadota;Alphaproteobacteria;Sphingomonadales;Sphingomonadaceae;Sphingobium;Sphingobium amiense
Kasper_KS-20-2	96.797	1155	27	10	15	1160	16	1169	0.0	1941	EF682976.1.1458 Bacteria;Pseudomonadota;Alphaproteobacteria;Sphingomonadales;Sphingomonadaceae;Sphingobium;uncultured proteobacterium
Kasper_KS-20-2	96.949	1147	34	1	15	1160	18	1164	0.0	1941	MG966444.1.1484 Bacteria;Pseudomonadota;Alphaproteobacteria;Sphingomonadales;Sphingomonadaceae;Sphingobium;Sphingobium sp.
Kasper_KS-20-2	96.954	1149	30	5	15	1160	19	1165	0.0	1941	AM998824.1.1451 Bacteria;Pseudomonadota;Alphaproteobacteria;Sphingomonadales;Sphingomonadaceae;Sphingobium;Sphingobium vermicomposti
Kasper_KS-20-2	96.954	1149	30	5	15	1160	14	1160	0.0	1941	DI172433.1.1469 Bacteria;Pseudomonadota;Alphaproteobacteria;Sphingomonadales;Sphingomonadaceae;Sphingobium;unidentified
Kasper_KS-20-2	96.861	1147	35	1	15	1160	23	1169	0.0	1936	FNYZ01000049.3941.5431 Bacteria;Pseudomonadota;Alphaproteobacteria;Sphingomonadales;Sphingomonadaceae;Sphingobium;Sphingobium sp. AP50
Kasper_KS-20-2	97.018	1140	33	1	22	1160	1	1140	0.0	1934	AB681852.1.1414 Bacteria;Pseudomonadota;Alphaproteobacteria;Sphingomonadales;Sphingomonadaceae;Sphingobium;Sphingobium amiense
Kasper_KS-20-2	96.933	1141	34	1	21	1160	1	1141	0.0	1930	JF125520.1.1309 Bacteria;Pseudomonadota;Alphaproteobacteria;Sphingomonadales;Sphingomonadaceae;Sphingobium;uncultured bacterium
Kasper_KS-20-2	96.687	1147	37	1	15	1160	14	1160	0.0	1925	KJ783082.1.1448 Bacteria;Pseudomonadota;Alphaproteobacteria;Sphingomonadales;Sphingomonadaceae;Sphingobium;uncultured bacterium
Kasper_KS-20-2	96.996	1132	33	1	30	1160	1	1132	0.0	1919	AB047364.8.1448 Bacteria;Pseudomonadota;Alphaproteobacteria;Sphingomonadales;Sphingomonadaceae;Sphingobium;Sphingobium amiense
Kasper_KS-20-2	96.754	1140	36	1	22	1160	1	1140	0.0	1917	JF319296.1.1409 Bacteria;Pseudomonadota;Alphaproteobacteria;Sphingomonadales;Sphingomonadaceae;Sphingobium;uncultured Alphaproteobacteria bacterium
Kasper_KS-20-2	97.406	1118	25	4	45	1160	7	1122	0.0	1917	KC355360.1.1373 Bacteria;Pseudomonadota;Alphaproteobacteria;Sphingomonadales;Sphingomonadaceae;Sphingobium;Sphingobium sp. CR2-8
Kasper_KS-20-2	96.513	1147	39	1	15	1160	23	1169	0.0	1914	CP022746.432109.433606 Bacteria;Pseudomonadota;Alphaproteobacteria;Sphingomonadales;Sphingomonadaceae;Sphingobium;Sphingobium hydrophobicum
Kasper_KS-20-2	96.513	1147	39	1	15	1160	23	1169	0.0	1914	CP022746.291424.292921 Bacteria;Pseudomonadota;Alphaproteobacteria;Sphingomonadales;Sphingomonadaceae;Sphingobium;Sphingobium hydrophobicum
Kasper_KS-20-2	96.513	1147	39	1	15	1160	19	1165	0.0	1914	HQ120954.1.1458 Bacteria;Pseudomonadota;Alphaproteobacteria;Sphingomonadales;Sphingomonadaceae;Sphingobium;uncultured bacterium
Kasper_KS-20-2	96.513	1147	39	1	15	1160	15	1161	0.0	1914	KR712272.1.1452 Bacteria;Pseudomonadota;Alphaproteobacteria;Sphingomonadales;Sphingomonadaceae;Sphingobium;Sphingobium hydrophobicum
Kasper_KS-20-2	96.673	1142	33	5	22	1160	1	1140	0.0	1912	JF174597.1.1308 Bacteria;Pseudomonadota;Alphaproteobacteria;Sphingomonadales;Sphingomonadaceae;Sphingobium;uncultured bacterium
Kasper_KS-20-2	96.432	1149	36	5	15	1160	23	1169	0.0	1908	LMKV01000011.45080.46574 Bacteria;Pseudomonadota;Alphaproteobacteria;Sphingomonadales;Sphingomonadaceae;Sphingobium;Sphingobium sp. Leaf26
Kasper_KS-20-2	96.425	1147	40	1	15	1160	23	1169	0.0	1908	CP022745.934335.935832 Bacteria;Pseudomonadota;Alphaproteobacteria;Sphingomonadales;Sphingomonadaceae;Sphingobium;Sphingobium hydrophobicum
Kasper_KS-20-2	96.425	1147	40	1	15	1160	14	1160	0.0	1908	KR996770.1.1448 Bacteria;Pseudomonadota;Alphaproteobacteria;Sphingomonadales;Sphingomonadaceae;Sphingobium;bacterium enrichment culture
Kasper_KS-20-2	96.351	1151	33	9	15	1160	19	1165	0.0	1903	HM066248.1.1463 Bacteria;Pseudomonadota;Alphaproteobacteria;Sphingomonadales;Sphingomonadaceae;Sphingobium;uncultured bacterium
Kasper_KS-20-2	96.338	1147	41	1	15	1160	14	1160	0.0	1903	LC101917.1.1481 Bacteria;Pseudomonadota;Alphaproteobacteria;Sphingomonadales;Sphingomonadaceae;Sphingobium;Sphingomonas sp. N-9
Kasper_KS-20-2	96.084	1149	38	7	15	1160	16	1160	0.0	1901	FJ191314.1.1396 Bacteria;Pseudomonadota;Alphaproteobacteria;Sphingomonadales;Sphingomonadaceae;Sphingobium;uncultured Sphingobium sp.
Kasper_KS-20-2	96.267	1152	33	10	15	1160	14	1161	0.0	1899	AF177917.1.1482 Bacteria;Pseudomonadota;Alphaproteobacteria;Sphingomonadales;Sphingomonadaceae;Sphingobium;Sphingomonas sp. DhA-95
Kasper_KS-20-2	96.889	1125	32	3	37	1160	1	1123	0.0	1899	AB368998.1.1305 Bacteria;Pseudomonadota;Alphaproteobacteria;Sphingomonadales;Sphingomonadaceae;Sphingobium;uncultured bacterium
Kasper_KS-20-2	97.046	1117	31	2	45	1160	3	1118	0.0	1897	JF459959.1.1363 Bacteria;Pseudomonadota;Alphaproteobacteria;Sphingomonadales;Sphingomonadaceae;Sphingobium;Sphingobium amiense
Kasper_KS-20-2	96.251	1147	42	1	15	1160	2	1148	0.0	1897	X94098.1.1438 Bacteria;Pseudomonadota;Alphaproteobacteria;Sphingomonadales;Sphingomonadaceae;Sphingobium;Sphingobium xenophagum
Kasper_KS-20-2	96.258	1149	38	4	15	1160	13	1159	0.0	1897	JN646865.1.1419 Bacteria;Pseudomonadota;Alphaproteobacteria;Sphingomonadales;Sphingomonadaceae;Sphingobium;Sphingobium czechense LL01
Kasper_KS-20-2	96.164	1147	43	1	15	1160	14	1160	0.0	1892	JQ088323.1.1450 Bacteria;Pseudomonadota;Alphaproteobacteria;Sphingomonadales;Sphingomonadaceae;Sphingobium;uncultured bacterium
Kasper_KS-20-2	96.319	1141	41	1	21	1160	1	1141	0.0	1892	CU919312.1.1309 Bacteria;Pseudomonadota;Alphaproteobacteria;Sphingomonadales;Sphingomonadaceae;Sphingobium;uncultured bacterium
Kasper_KS-20-2	96.161	1146	43	1	16	1160	1	1146	0.0	1890	KC435016.1.1419 Bacteria;Pseudomonadota;Alphaproteobacteria;Sphingomonadales;Sphingomonadaceae;Sphingobium;Sphingobium sp. SC-D1
Kasper_KS-20-2	96.084	1149	42	3	15	1160	23	1171	0.0	1888	CP005084.117006.118503 Bacteria;Pseudomonadota;Alphaproteobacteria;Sphingomonadales;Sphingomonadaceae;Sphingobium;Sphingobium sp. TKS
Kasper_KS-20-2	96.084	1149	42	3	15	1160	23	1171	0.0	1888	CP005084.376042.377539 Bacteria;Pseudomonadota;Alphaproteobacteria;Sphingomonadales;Sphingomonadaceae;Sphingobium;Sphingobium sp. TKS
Kasper_KS-20-2	96.470	1133	39	1	29	1160	1	1133	0.0	1888	AB025279.1.1421 Bacteria;Pseudomonadota;Alphaproteobacteria;Sphingomonadales;Sphingomonadaceae;Sphingobium;Sphingomonas sp. MBIC3020
Kasper_KS-20-2	96.628	1127	35	3	37	1160	1	1127	0.0	1886	AB369051.1.1308 Bacteria;Pseudomonadota;Alphaproteobacteria;Sphingomonadales;Sphingomonadaceae;Sphingobium;uncultured bacterium
Kasper_KS-20-2	96.228	1140	41	2	23	1160	1	1140	0.0	1884	HM186790.1.1320 Bacteria;Pseudomonadota;Alphaproteobacteria;Sphingomonadales;Sphingomonadaceae;Sphingobium;uncultured bacterium
Kasper_KS-20-2	96.073	1146	43	2	16	1160	1	1145	0.0	1884	HQ260905.1.1418 Bacteria;Pseudomonadota;Alphaproteobacteria;Sphingomonadales;Sphingomonadaceae;Sphingobium;Sphingomonas sp. IJ1
Kasper_KS-20-2	95.993	1148	44	2	15	1160	14	1161	0.0	1882	KF712776.1.1453 Bacteria;Pseudomonadota;Alphaproteobacteria;Sphingomonadales;Sphingomonadaceae;Sphingobium;uncultured bacterium
Kasper_KS-20-2	95.990	1147	45	1	15	1160	14	1160	0.0	1881	ASTG01000050.130.1596 Bacteria;Pseudomonadota;Alphaproteobacteria;Sphingomonadales;Sphingomonadaceae;Sphingobium;Sphingobium sp. YL23
Kasper_KS-20-2	95.993	1148	40	5	16	1160	1	1145	0.0	1879	JQ046313.1.1430 Bacteria;Pseudomonadota;Alphaproteobacteria;Sphingomonadales;Sphingomonadaceae;Sphingobium;Sphingobium cupriresistens
Kasper_KS-20-2	95.486	1152	44	8	15	1160	7	1156	0.0	1877	FJ191316.1.1392 Bacteria;Pseudomonadota;Alphaproteobacteria;Sphingomonadales;Sphingomonadaceae;Sphingobium;uncultured Sphingobium sp.
Kasper_KS-20-2	95.986	1146	43	3	18	1160	16	1161	0.0	1877	KU052683.1.1440 Bacteria;Pseudomonadota;Alphaproteobacteria;Sphingomonadales;Sphingomonadaceae;Sphingobium;Sphingobium sp. UCM-25
Kasper_KS-20-2	95.983	1145	45	1	17	1160	1	1145	0.0	1877	EF534725.1.1436 Bacteria;Pseudomonadota;Alphaproteobacteria;Sphingomonadales;Sphingomonadaceae;Sphingobium;Sphingobium lucknowense F2
Kasper_KS-20-2	95.909	1149	42	4	15	1160	26	1172	0.0	1875	CAVK010000090.144.1648 Bacteria;Pseudomonadota;Alphaproteobacteria;Sphingomonadales;Sphingomonadaceae;Sphingobium;Sphingobium japonicum BiD32
Kasper_KS-20-2	95.909	1149	42	5	15	1160	115	1261	0.0	1875	DQ469213.1.1551 Bacteria;Pseudomonadota;Alphaproteobacteria;Sphingomonadales;Sphingomonadaceae;Sphingobium;uncultured bacterium
Kasper_KS-20-2	95.902	1147	46	1	15	1160	23	1169	0.0	1875	CP005083.62351.63846 Bacteria;Pseudomonadota;Alphaproteobacteria;Sphingomonadales;Sphingomonadaceae;Sphingobium;Sphingobium sp. TKS
Kasper_KS-20-2	95.478	1150	45	7	15	1160	18	1164	0.0	1875	EF682978.1.1455 Bacteria;Pseudomonadota;Alphaproteobacteria;Sphingomonadales;Sphingomonadaceae;Sphingobium;uncultured proteobacterium
Kasper_KS-20-2	95.902	1147	46	1	15	1160	13	1159	0.0	1875	CP016456.1398388.1399862 Bacteria;Pseudomonadota;Alphaproteobacteria;Sphingomonadales;Sphingomonadaceae;Sphingobium;Sphingobium sp. RAC03
Kasper_KS-20-2	95.902	1147	46	1	15	1160	13	1159	0.0	1875	CP016453.330045.331519 Bacteria;Pseudomonadota;Alphaproteobacteria;Sphingomonadales;Sphingomonadaceae;Sphingobium;Sphingobium sp. RAC03
Kasper_KS-20-2	95.902	1147	46	1	15	1160	14	1160	0.0	1875	CP016453.486661.488137 Bacteria;Pseudomonadota;Alphaproteobacteria;Sphingomonadales;Sphingomonadaceae;Sphingobium;Sphingobium sp. RAC03
Kasper_KS-20-2	95.902	1147	46	1	15	1160	14	1160	0.0	1875	AF191022.1.1453 Bacteria;Pseudomonadota;Alphaproteobacteria;Sphingomonadales;Sphingomonadaceae;Sphingobium;Sphingomonas sp. CD
Kasper_KS-20-2	95.902	1147	46	1	15	1160	14	1160	0.0	1875	KF437546.1.1451 Bacteria;Pseudomonadota;Alphaproteobacteria;Sphingomonadales;Sphingomonadaceae;Sphingobium;Sphingobium mellinum
Kasper_KS-20-2	95.902	1147	46	1	15	1160	10	1156	0.0	1875	KC435005.1.1427 Bacteria;Pseudomonadota;Alphaproteobacteria;Sphingomonadales;Sphingomonadaceae;Sphingobium;Sphingobium sp. GC-D2
Kasper_KS-20-2	95.895	1145	44	2	17	1160	1	1143	0.0	1875	U37346.1.1412 Bacteria;Pseudomonadota;Alphaproteobacteria;Sphingomonadales;Sphingomonadaceae;Sphingobium;Sphingomonas sp.
Kasper_KS-20-2	96.053	1140	44	1	22	1160	1	1140	0.0	1873	AB681056.1.1412 Bacteria;Pseudomonadota;Alphaproteobacteria;Sphingomonadales;Sphingomonadaceae;Sphingobium;Sphingobium chlorophenolicum
Kasper_KS-20-2	96.053	1140	44	1	22	1160	1	1140	0.0	1873	X87161.1.1442 Bacteria;Pseudomonadota;Alphaproteobacteria;Sphingomonadales;Sphingomonadaceae;Sphingobium;Sphingobium chlorophenolicum
Kasper_KS-20-2	96.053	1140	41	4	25	1160	1	1140	0.0	1871	AY212746.1.1407 Bacteria;Pseudomonadota;Alphaproteobacteria;Sphingomonadales;Sphingomonadaceae;Sphingobium;uncultured bacterium
Kasper_KS-20-2	95.822	1149	43	5	15	1160	14	1160	0.0	1869	KF494760.1.1456 Bacteria;Pseudomonadota;Alphaproteobacteria;Sphingomonadales;Sphingomonadaceae;Sphingobium;uncultured bacterium
Kasper_KS-20-2	95.815	1147	47	1	15	1160	5	1151	0.0	1869	AB299579.1.1420 Bacteria;Pseudomonadota;Alphaproteobacteria;Sphingomonadales;Sphingomonadaceae;Sphingobium;Sphingomonas sp. M37-VN10-2W
Kasper_KS-20-2	95.815	1147	47	1	15	1160	14	1160	0.0	1869	EU072021.1.1451 Bacteria;Pseudomonadota;Alphaproteobacteria;Sphingomonadales;Sphingomonadaceae;Sphingobium;Sphingomonas sp. F15
Kasper_KS-20-2	95.641	1147	48	2	15	1160	10	1155	0.0	1866	FJ191333.1.1405 Bacteria;Pseudomonadota;Alphaproteobacteria;Sphingomonadales;Sphingomonadaceae;Sphingobium;uncultured Sphingobium sp.
Kasper_KS-20-2	95.735	1149	46	3	15	1160	15	1163	0.0	1866	FJ801166.1.1457 Bacteria;Pseudomonadota;Alphaproteobacteria;Sphingomonadales;Sphingomonadaceae;Sphingobium;uncultured bacterium
Kasper_KS-20-2	95.808	1145	47	1	17	1160	3	1147	0.0	1866	MG818732.1.1418 Bacteria;Pseudomonadota;Alphaproteobacteria;Sphingomonadales;Sphingomonadaceae;Sphingobium;Sphingomonas sp.
Kasper_KS-20-2	96.676	1113	34	3	50	1160	1	1112	0.0	1866	FJ204469.1.1349 Bacteria;Pseudomonadota;Alphaproteobacteria;Sphingomonadales;Sphingomonadaceae;Sphingobium;groundwater planktonic bacterium X2
Kasper_KS-20-2	95.728	1147	48	1	15	1160	20	1166	0.0	1864	ATHO01000107.4466.5958 Bacteria;Pseudomonadota;Alphaproteobacteria;Sphingomonadales;Sphingomonadaceae;Sphingobium;Sphingobium quisquiliarum P25
Kasper_KS-20-2	96.270	1126	41	1	36	1160	8	1133	0.0	1864	KX163381.1.1389 Bacteria;Pseudomonadota;Alphaproteobacteria;Sphingomonadales;Sphingomonadaceae;Sphingobium;uncultured bacterium
Kasper_KS-20-2	95.728	1147	48	1	15	1160	23	1169	0.0	1864	CP020925.936984.938479 Bacteria;Pseudomonadota;Alphaproteobacteria;Sphingomonadales;Sphingomonadaceae;Sphingobium;Sphingobium yanoikuyae
Kasper_KS-20-2	95.728	1147	48	1	15	1160	23	1169	0.0	1864	CP020925.2648034.2649529 Bacteria;Pseudomonadota;Alphaproteobacteria;Sphingomonadales;Sphingomonadaceae;Sphingobium;Sphingobium yanoikuyae
Kasper_KS-20-2	95.728	1147	48	1	15	1160	23	1169	0.0	1864	CP020925.1049997.1051492 Bacteria;Pseudomonadota;Alphaproteobacteria;Sphingomonadales;Sphingomonadaceae;Sphingobium;Sphingobium yanoikuyae
Kasper_KS-20-2	95.728	1147	48	1	15	1160	23	1169	0.0	1864	CP020925.3231421.3232916 Bacteria;Pseudomonadota;Alphaproteobacteria;Sphingomonadales;Sphingomonadaceae;Sphingobium;Sphingobium yanoikuyae
Kasper_KS-20-2	95.728	1147	48	1	15	1160	13	1159	0.0	1864	AY921943.1.1344 Bacteria;Pseudomonadota;Alphaproteobacteria;Sphingomonadales;Sphingomonadaceae;Sphingobium;uncultured Alphaproteobacteria bacterium
Kasper_KS-20-2	95.735	1149	44	5	15	1160	23	1169	0.0	1864	CP005189.561355.562850 Bacteria;Pseudomonadota;Alphaproteobacteria;Sphingomonadales;Sphingomonadaceae;Sphingobium;Sphingobium sp. MI1205
Kasper_KS-20-2	95.735	1149	44	5	15	1160	23	1169	0.0	1864	CP005188.64638.66133 Bacteria;Pseudomonadota;Alphaproteobacteria;Sphingomonadales;Sphingomonadaceae;Sphingobium;Sphingobium sp. MI1205
Kasper_KS-20-2	95.728	1147	47	2	16	1160	3	1149	0.0	1864	MG818741.1.1418 Bacteria;Pseudomonadota;Alphaproteobacteria;Sphingomonadales;Sphingomonadaceae;Sphingobium;Sphingomonas sp.
Kasper_KS-20-2	95.877	1140	46	1	22	1160	1	1140	0.0	1862	AB681373.1.1414 Bacteria;Pseudomonadota;Alphaproteobacteria;Sphingomonadales;Sphingomonadaceae;Sphingobium;Sphingomonas sp. NBRC 101089
Kasper_KS-20-2	95.877	1140	46	1	22	1160	1	1140	0.0	1862	AB681367.1.1414 Bacteria;Pseudomonadota;Alphaproteobacteria;Sphingomonadales;Sphingomonadaceae;Sphingobium;Sphingomonas sp. NBRC 101067
Kasper_KS-20-2	95.877	1140	46	1	22	1160	1	1140	0.0	1862	AB681368.1.1414 Bacteria;Pseudomonadota;Alphaproteobacteria;Sphingomonadales;Sphingomonadaceae;Sphingobium;Sphingomonas sp. NBRC 101068
Kasper_KS-20-2	95.648	1149	45	5	15	1160	13	1159	0.0	1860	LC133750.1.1447 Bacteria;Pseudomonadota;Alphaproteobacteria;Sphingomonadales;Sphingomonadaceae;Sphingobium;Sphingobium sp. JCM 28719
Kasper_KS-20-2	95.648	1149	45	5	15	1160	14	1160	0.0	1858	HQ697745.1.1453 Bacteria;Pseudomonadota;Alphaproteobacteria;Sphingomonadales;Sphingomonadaceae;Sphingobium;uncultured bacterium
Kasper_KS-20-2	95.648	1149	45	5	15	1160	14	1160	0.0	1858	CP020538.1913409.1914875 Bacteria;Pseudomonadota;Alphaproteobacteria;Sphingomonadales;Sphingomonadaceae;Sphingobium;Sphingobium herbicidovorans
Kasper_KS-20-2	95.648	1149	45	5	15	1160	14	1160	0.0	1858	CP020539.767810.769276 Bacteria;Pseudomonadota;Alphaproteobacteria;Sphingomonadales;Sphingomonadaceae;Sphingobium;Sphingobium herbicidovorans
Kasper_KS-20-2	95.645	1148	47	3	15	1160	14	1160	0.0	1858	JF922492.1.1451 Bacteria;Pseudomonadota;Alphaproteobacteria;Sphingomonadales;Sphingomonadaceae;Sphingobium;uncultured bacterium
Kasper_KS-20-2	95.648	1149	45	5	15	1160	21	1167	0.0	1858	CP015987.547883.549369 Bacteria;Pseudomonadota;Alphaproteobacteria;Sphingomonadales;Sphingomonadaceae;Sphingobium;Sphingobium sp. EP60837
Kasper_KS-20-2	95.648	1149	45	5	15	1160	21	1167	0.0	1858	CP015986.1424832.1426318 Bacteria;Pseudomonadota;Alphaproteobacteria;Sphingomonadales;Sphingomonadaceae;Sphingobium;Sphingobium sp. EP60837
Kasper_KS-20-2	95.648	1149	45	5	15	1160	3	1149	0.0	1858	LG147373.1.1308 Bacteria;Pseudomonadota;Alphaproteobacteria;Sphingomonadales;Sphingomonadaceae;Sphingobium;unidentified
Kasper_KS-20-2	95.717	1144	48	1	18	1160	1	1144	0.0	1858	EU781657.1.1381 Bacteria;Pseudomonadota;Alphaproteobacteria;Sphingomonadales;Sphingomonadaceae;Sphingobium;Sphingobium quisquiliarum
Kasper_KS-20-2	95.573	1152	44	7	16	1160	9	1160	0.0	1857	MG778694.1.1437 Bacteria;Pseudomonadota;Alphaproteobacteria;Sphingomonadales;Sphingomonadaceae;Sphingobium;Sphingobium sp. DCY121
Kasper_KS-20-2	95.554	1147	49	2	15	1160	16	1161	0.0	1855	FJ193524.1.1450 Bacteria;Pseudomonadota;Alphaproteobacteria;Sphingomonadales;Sphingomonadaceae;Sphingobium;uncultured Sphingobium sp.
Kasper_KS-20-2	96.416	1116	38	2	39	1152	1	1116	0.0	1855	JF703413.1.1383 Bacteria;Pseudomonadota;Alphaproteobacteria;Sphingomonadales;Sphingomonadaceae;Sphingobium;uncultured Sphingobium sp.
Kasper_KS-20-2	95.554	1147	50	1	15	1160	14	1160	0.0	1853	AGZU01000005.175430.176904 Bacteria;Pseudomonadota;Alphaproteobacteria;Sphingomonadales;Sphingomonadaceae;Sphingobium;Sphingobium yanoikuyae ATCC 51230
Kasper_KS-20-2	95.554	1147	50	1	15	1160	14	1160	0.0	1853	AGZU01000008.329136.330610 Bacteria;Pseudomonadota;Alphaproteobacteria;Sphingomonadales;Sphingomonadaceae;Sphingobium;Sphingobium yanoikuyae ATCC 51230
Kasper_KS-20-2	95.554	1147	50	1	15	1160	14	1160	0.0	1853	AGZU01000008.216252.217726 Bacteria;Pseudomonadota;Alphaproteobacteria;Sphingomonadales;Sphingomonadaceae;Sphingobium;Sphingobium yanoikuyae ATCC 51230
Kasper_KS-20-2	95.554	1147	50	1	15	1160	14	1160	0.0	1853	AGZU01000016.551448.552922 Bacteria;Pseudomonadota;Alphaproteobacteria;Sphingomonadales;Sphingomonadaceae;Sphingobium;Sphingobium yanoikuyae ATCC 51230
Kasper_KS-20-2	95.554	1147	50	1	15	1160	22	1168	0.0	1853	CP033230.1604481.1605973 Bacteria;Pseudomonadota;Alphaproteobacteria;Sphingomonadales;Sphingomonadaceae;Sphingobium;Sphingobium yanoikuyae
Kasper_KS-20-2	95.554	1147	50	1	15	1160	22	1168	0.0	1853	CP033230.4071185.4072677 Bacteria;Pseudomonadota;Alphaproteobacteria;Sphingomonadales;Sphingomonadaceae;Sphingobium;Sphingobium yanoikuyae
Kasper_KS-20-2	95.554	1147	50	1	15	1160	22	1168	0.0	1853	CP033230.3959048.3960540 Bacteria;Pseudomonadota;Alphaproteobacteria;Sphingomonadales;Sphingomonadaceae;Sphingobium;Sphingobium yanoikuyae
Kasper_KS-20-2	95.554	1147	50	1	15	1160	22	1168	0.0	1853	CP033230.660262.661754 Bacteria;Pseudomonadota;Alphaproteobacteria;Sphingomonadales;Sphingomonadaceae;Sphingobium;Sphingobium yanoikuyae
Kasper_KS-20-2	95.554	1147	50	1	15	1160	23	1169	0.0	1853	CP023741.4513056.4514551 Bacteria;Pseudomonadota;Alphaproteobacteria;Sphingomonadales;Sphingomonadaceae;Sphingobium;Sphingobium yanoikuyae
Kasper_KS-20-2	95.554	1147	50	1	15	1160	23	1169	0.0	1853	CP023741.1484180.1485675 Bacteria;Pseudomonadota;Alphaproteobacteria;Sphingomonadales;Sphingomonadaceae;Sphingobium;Sphingobium yanoikuyae
Kasper_KS-20-2	95.554	1147	50	1	15	1160	23	1169	0.0	1853	CP023741.2254673.2256168 Bacteria;Pseudomonadota;Alphaproteobacteria;Sphingomonadales;Sphingomonadaceae;Sphingobium;Sphingobium yanoikuyae
Kasper_KS-20-2	95.554	1147	50	1	15	1160	23	1169	0.0	1853	CP023741.4400105.4401600 Bacteria;Pseudomonadota;Alphaproteobacteria;Sphingomonadales;Sphingomonadaceae;Sphingobium;Sphingobium yanoikuyae
Kasper_KS-20-2	95.565	1150	44	7	15	1160	14	1160	0.0	1853	KT283070.1.1450 Bacteria;Pseudomonadota;Alphaproteobacteria;Sphingomonadales;Sphingomonadaceae;Sphingobium;uncultured bacterium
Kasper_KS-20-2	95.565	1150	44	7	15	1160	14	1160	0.0	1853	KF544933.1.1451 Bacteria;Pseudomonadota;Alphaproteobacteria;Sphingomonadales;Sphingomonadaceae;Sphingobium;Sphingobium sp. HS3p
Kasper_KS-20-2	95.940	1133	43	3	31	1160	1	1133	0.0	1853	JX997857.1.1388 Bacteria;Pseudomonadota;Alphaproteobacteria;Sphingomonadales;Sphingomonadaceae;Sphingobium;Sphingobium sp. X-b4
Kasper_KS-20-2	95.554	1147	50	1	15	1160	2	1148	0.0	1853	X94099.1.1436 Bacteria;Pseudomonadota;Alphaproteobacteria;Sphingomonadales;Sphingomonadaceae;Sphingobium;Sphingomonas sp.
Kasper_KS-20-2	95.554	1147	50	1	15	1160	14	1160	0.0	1853	U37524.1.1430 Bacteria;Pseudomonadota;Alphaproteobacteria;Sphingomonadales;Sphingomonadaceae;Sphingobium;Sphingobium yanoikuyae
Kasper_KS-20-2	95.702	1140	48	1	22	1160	1	1140	0.0	1851	AB681531.1.1414 Bacteria;Pseudomonadota;Alphaproteobacteria;Sphingomonadales;Sphingomonadaceae;Sphingobium;Sphingomonas sp. NBRC 101705
Kasper_KS-20-2	96.168	1122	41	2	40	1160	7	1127	0.0	1851	KY122025.1.1379 Bacteria;Pseudomonadota;Alphaproteobacteria;Sphingomonadales;Sphingomonadaceae;Sphingobium;Sphingobium sp.
Kasper_KS-20-2	95.933	1131	42	4	31	1160	4	1131	0.0	1849	KY357346.1.1389 Bacteria;Pseudomonadota;Alphaproteobacteria;Sphingomonadales;Sphingomonadaceae;Sphingobium;Sphingomonas sp.
Kasper_KS-20-2	96.409	1114	35	5	50	1160	1	1112	0.0	1849	LN831989.1.1387 Bacteria;Pseudomonadota;Alphaproteobacteria;Sphingomonadales;Sphingomonadaceae;Sphingobium;Sphingobium sp. NC17
Kasper_KS-20-2	95.474	1149	47	5	15	1160	14	1160	0.0	1847	AY212704.1.1473 Bacteria;Pseudomonadota;Alphaproteobacteria;Sphingomonadales;Sphingomonadaceae;Sphingobium;uncultured bacterium
Kasper_KS-20-2	95.474	1149	47	5	15	1160	14	1160	0.0	1847	KF437579.1.1453 Bacteria;Pseudomonadota;Alphaproteobacteria;Sphingomonadales;Sphingomonadaceae;Sphingobium;Sphingobium xanthum
Kasper_KS-20-2	95.466	1147	50	2	15	1160	17	1162	0.0	1847	EF026996.1.1458 Bacteria;Pseudomonadota;Alphaproteobacteria;Sphingomonadales;Sphingomonadaceae;Sphingobium;Sphingomonas sp. BCL21
Kasper_KS-20-2	95.474	1149	47	5	15	1160	14	1160	0.0	1847	JN695620.1.1462 Bacteria;Pseudomonadota;Alphaproteobacteria;Sphingomonadales;Sphingomonadaceae;Sphingobium;Sphingobium baderi LL03
Kasper_KS-20-2	95.614	1140	49	1	22	1160	1	1140	0.0	1845	JF319266.1.1409 Bacteria;Pseudomonadota;Alphaproteobacteria;Sphingomonadales;Sphingomonadaceae;Sphingobium;uncultured Alphaproteobacteria bacterium
Kasper_KS-20-2	95.622	1142	45	5	22	1160	1	1140	0.0	1845	AB681063.1.1412 Bacteria;Pseudomonadota;Alphaproteobacteria;Sphingomonadales;Sphingomonadaceae;Sphingobium;Sphingobium herbicidovorans
Kasper_KS-20-2	95.844	1131	44	3	32	1160	4	1133	0.0	1844	MH900173.1.1395 Bacteria;Pseudomonadota;Alphaproteobacteria;Sphingomonadales;Sphingomonadaceae;Sphingobium;Sphingobium sp.
Kasper_KS-20-2	95.292	1147	52	2	15	1160	11	1156	0.0	1842	FJ192238.1.1416 Bacteria;Pseudomonadota;Alphaproteobacteria;Sphingomonadales;Sphingomonadaceae;Sphingobium;uncultured Sphingobium sp.
Kasper_KS-20-2	95.387	1149	49	4	15	1160	14	1161	0.0	1842	KF428081.1.1455 Bacteria;Pseudomonadota;Alphaproteobacteria;Sphingomonadales;Sphingomonadaceae;Sphingobium;uncultured bacterium
Kasper_KS-20-2	95.391	1150	45	6	15	1160	14	1159	0.0	1842	KU997640.1.1422 Bacteria;Pseudomonadota;Alphaproteobacteria;Sphingomonadales;Sphingomonadaceae;Sphingobium;Sphingobium sp. YL23
Kasper_KS-20-2	95.379	1147	52	1	15	1160	14	1160	0.0	1842	KF437555.1.1451 Bacteria;Pseudomonadota;Alphaproteobacteria;Sphingomonadales;Sphingomonadaceae;Sphingobium;Sphingobium sp. NL1
Kasper_KS-20-2	95.387	1149	48	5	15	1160	23	1169	0.0	1842	CP013264.787306.788800 Bacteria;Pseudomonadota;Alphaproteobacteria;Sphingomonadales;Sphingomonadaceae;Sphingobium;Sphingobium baderi
Kasper_KS-20-2	95.387	1149	48	5	15	1160	23	1169	0.0	1842	CP013264.1378686.1380180 Bacteria;Pseudomonadota;Alphaproteobacteria;Sphingomonadales;Sphingomonadaceae;Sphingobium;Sphingobium baderi
Kasper_KS-20-2	95.614	1140	45	5	24	1160	1	1138	0.0	1842	AB022428.1.1438 Bacteria;Pseudomonadota;Alphaproteobacteria;Sphingomonadales;Sphingomonadaceae;Sphingobium;Sphingobium herbicidovorans
Kasper_KS-20-2	95.099	1163	40	17	15	1160	14	1176	0.0	1840	EF682977.1.1466 Bacteria;Pseudomonadota;Alphaproteobacteria;Sphingomonadales;Sphingomonadaceae;Sphingobium;uncultured proteobacterium
Kasper_KS-20-2	95.526	1140	50	1	22	1160	1	1140	0.0	1840	AB680787.1.1412 Bacteria;Pseudomonadota;Alphaproteobacteria;Sphingomonadales;Sphingomonadaceae;Sphingobium;Sphingobium yanoikuyae
Kasper_KS-20-2	95.526	1140	50	1	22	1160	1	1140	0.0	1840	AB680769.1.1412 Bacteria;Pseudomonadota;Alphaproteobacteria;Sphingomonadales;Sphingomonadaceae;Sphingobium;Sphingobium yanoikuyae
Kasper_KS-20-2	95.526	1140	50	1	22	1160	1	1140	0.0	1840	AB680786.1.1412 Bacteria;Pseudomonadota;Alphaproteobacteria;Sphingomonadales;Sphingomonadaceae;Sphingobium;Sphingobium yanoikuyae
Kasper_KS-20-2	95.321	1154	42	12	15	1160	14	1163	0.0	1840	EU095328.1.1454 Bacteria;Pseudomonadota;Alphaproteobacteria;Sphingomonadales;Sphingomonadaceae;Sphingobium;Sphingobium qiguonii
Kasper_KS-20-2	95.610	1139	45	5	25	1160	1	1137	0.0	1840	KM253227.1.1404 Bacteria;Pseudomonadota;Alphaproteobacteria;Sphingomonadales;Sphingomonadaceae;Sphingobium;Sphingobium sp. UR 7-05
Kasper_KS-20-2	95.599	1136	49	1	26	1160	1	1136	0.0	1838	HM798799.1.1401 Bacteria;Pseudomonadota;Alphaproteobacteria;Sphingomonadales;Sphingomonadaceae;Sphingobium;uncultured Sphingomonadales bacterium
Kasper_KS-20-2	95.618	1141	43	6	15	1152	15	1151	0.0	1838	JX223267.1.1305 Bacteria;Pseudomonadota;Alphaproteobacteria;Sphingomonadales;Sphingomonadaceae;Sphingobium;uncultured bacterium
Kasper_KS-20-2	95.296	1148	52	2	15	1160	14	1161	0.0	1838	CP002798.2454169.2455644 Bacteria;Pseudomonadota;Alphaproteobacteria;Sphingomonadales;Sphingomonadaceae;Sphingobium;Sphingobium chlorophenolicum L-1
Kasper_KS-20-2	95.296	1148	52	2	15	1160	14	1161	0.0	1838	CP002799.1220613.1222088 Bacteria;Pseudomonadota;Alphaproteobacteria;Sphingomonadales;Sphingomonadaceae;Sphingobium;Sphingobium chlorophenolicum L-1
Kasper_KS-20-2	95.296	1148	52	2	15	1160	14	1161	0.0	1838	CP002799.586311.587786 Bacteria;Pseudomonadota;Alphaproteobacteria;Sphingomonadales;Sphingomonadaceae;Sphingobium;Sphingobium chlorophenolicum L-1
Kasper_KS-20-2	95.455	1144	46	6	20	1160	1	1141	0.0	1838	AF184222.1.1422 Bacteria;Pseudomonadota;Alphaproteobacteria;Sphingomonadales;Sphingomonadaceae;Sphingobium;Sphingomonas sp. Ant17
Kasper_KS-20-2	95.300	1149	51	3	15	1160	1	1149	0.0	1838	AY521013.1.1422 Bacteria;Pseudomonadota;Alphaproteobacteria;Sphingomonadales;Sphingomonadaceae;Sphingobium;Sphingomonas sp. MP18
Kasper_KS-20-2	95.300	1149	51	2	15	1160	113	1261	0.0	1838	AB128872.1.1589 Bacteria;Pseudomonadota;Alphaproteobacteria;Sphingomonadales;Sphingomonadaceae;Sphingobium;uncultured bacterium
Kasper_KS-20-2	95.675	1133	48	1	29	1160	1	1133	0.0	1838	AB025572.1.1432 Bacteria;Pseudomonadota;Alphaproteobacteria;Sphingomonadales;Sphingomonadaceae;Sphingobium;Sphingomonas sp. MBIC3992
Kasper_KS-20-2	95.300	1149	49	5	15	1160	14	1160	0.0	1836	FPLS01029220.10.1476 Bacteria;Pseudomonadota;Alphaproteobacteria;Sphingomonadales;Sphingomonadaceae;Sphingobium;metagenome
Kasper_KS-20-2	96.223	1112	39	3	50	1160	1	1110	0.0	1836	EU704946.1.1247 Bacteria;Pseudomonadota;Alphaproteobacteria;Sphingomonadales;Sphingomonadaceae;Sphingobium;uncultured Sphingomonas sp.
Kasper_KS-20-2	95.292	1147	53	1	15	1160	3	1149	0.0	1836	MG818731.1.1418 Bacteria;Pseudomonadota;Alphaproteobacteria;Sphingomonadales;Sphingomonadaceae;Sphingobium;Sphingomonas sp.
Kasper_KS-20-2	95.300	1149	49	5	15	1160	14	1160	0.0	1836	JQ659638.1.1445 Bacteria;Pseudomonadota;Alphaproteobacteria;Sphingomonadales;Sphingomonadaceae;Sphingobium;Sphingobium sp. R3-66
Kasper_KS-20-2	95.447	1142	47	5	22	1160	1	1140	0.0	1834	JF198200.1.1308 Bacteria;Pseudomonadota;Alphaproteobacteria;Sphingomonadales;Sphingomonadaceae;Sphingobium;uncultured bacterium
Kasper_KS-20-2	95.451	1143	45	7	22	1160	1	1140	0.0	1834	JF142601.1.1308 Bacteria;Pseudomonadota;Alphaproteobacteria;Sphingomonadales;Sphingomonadaceae;Sphingobium;uncultured bacterium
Kasper_KS-20-2	95.435	1139	51	1	23	1160	1	1139	0.0	1834	AF181571.1.1438 Bacteria;Pseudomonadota;Alphaproteobacteria;Sphingomonadales;Sphingomonadaceae;Sphingobium;Sphingomonas sp. JRL-4
Kasper_KS-20-2	95.595	1135	46	4	30	1160	1	1135	0.0	1834	KF896134.1.1400 Bacteria;Pseudomonadota;Alphaproteobacteria;Sphingomonadales;Sphingomonadaceae;Sphingobium;Sphingobium sp. SR30
Kasper_KS-20-2	95.435	1139	51	1	23	1160	1	1139	0.0	1832	JX878983.1.1408 Bacteria;Pseudomonadota;Alphaproteobacteria;Sphingomonadales;Sphingomonadaceae;Sphingobium;uncultured bacterium
Kasper_KS-20-2	95.213	1149	52	3	15	1160	14	1162	0.0	1832	KF544938.1.1455 Bacteria;Pseudomonadota;Alphaproteobacteria;Sphingomonadales;Sphingomonadaceae;Sphingobium;Sphingomonas sp. HS5g
Kasper_KS-20-2	95.351	1140	52	1	22	1160	1	1140	0.0	1832	X87165.1.1442 Bacteria;Pseudomonadota;Alphaproteobacteria;Sphingomonadales;Sphingomonadaceae;Sphingobium;Sphingomonas sp.
Kasper_KS-20-2	95.143	1153	49	7	15	1160	15	1167	0.0	1831	KJ809350.1.1463 Bacteria;Pseudomonadota;Alphaproteobacteria;Sphingomonadales;Sphingomonadaceae;Sphingobium;uncultured bacterium
Kasper_KS-20-2	95.213	1149	50	5	15	1160	24	1170	0.0	1831	AP012222.3935431.3936930 Bacteria;Pseudomonadota;Alphaproteobacteria;Sphingomonadales;Sphingomonadaceae;Sphingobium;Sphingobium sp. SYK-6
Kasper_KS-20-2	95.213	1149	50	5	15	1160	24	1170	0.0	1831	AP012222.2199101.2200600 Bacteria;Pseudomonadota;Alphaproteobacteria;Sphingomonadales;Sphingomonadaceae;Sphingobium;Sphingobium sp. SYK-6
Kasper_KS-20-2	95.975	1118	41	4	45	1160	12	1127	0.0	1831	EU107171.1.1382 Bacteria;Pseudomonadota;Alphaproteobacteria;Sphingomonadales;Sphingomonadaceae;Sphingobium;Sphingomonas sp. F1-1
Kasper_KS-20-2	95.205	1147	52	3	15	1160	9	1153	0.0	1829	HM069066.1.1429 Bacteria;Pseudomonadota;Alphaproteobacteria;Sphingomonadales;Sphingomonadaceae;Sphingobium;uncultured bacterium
Kasper_KS-20-2	95.209	1148	50	5	15	1160	14	1158	0.0	1829	KF544945.1.1451 Bacteria;Pseudomonadota;Alphaproteobacteria;Sphingomonadales;Sphingomonadaceae;Sphingobium;Sphingomonas sp. HR4a
Kasper_KS-20-2	95.152	1155	42	5	20	1160	1	1155	0.0	1829	KC435019.1.1429 Bacteria;Pseudomonadota;Alphaproteobacteria;Sphingomonadales;Sphingomonadaceae;Sphingobium;Sphingobium sp. TA-D1
Kasper_KS-20-2	95.139	1152	46	10	15	1160	14	1161	0.0	1827	FPLS01060963.10.1477 Bacteria;Pseudomonadota;Alphaproteobacteria;Sphingomonadales;Sphingomonadaceae;Sphingobium;metagenome
Kasper_KS-20-2	95.271	1142	52	2	21	1160	1	1142	0.0	1827	D16145.1.1447 Bacteria;Pseudomonadota;Alphaproteobacteria;Sphingomonadales;Sphingomonadaceae;Sphingobium;Sphingobium yanoikuyae
Kasper_KS-20-2	95.439	1140	45	5	15	1150	14	1150	0.0	1827	GQ472935.1.1220 Bacteria;Pseudomonadota;Alphaproteobacteria;Sphingomonadales;Sphingomonadaceae;Sphingobium;uncultured bacterium
Kasper_KS-20-2	95.197	1145	54	1	17	1160	3	1147	0.0	1827	MG818744.1.1419 Bacteria;Pseudomonadota;Alphaproteobacteria;Sphingomonadales;Sphingomonadaceae;Sphingobium;Sphingomonas sp.
Kasper_KS-20-2	95.118	1147	55	1	15	1160	15	1161	0.0	1825	KP183068.1.1452 Bacteria;Pseudomonadota;Alphaproteobacteria;Sphingomonadales;Sphingomonadaceae;Sphingobium;uncultured Sphingobium sp.
Kasper_KS-20-2	95.126	1149	51	5	15	1160	12	1158	0.0	1825	KC117528.1.1440 Bacteria;Pseudomonadota;Alphaproteobacteria;Sphingomonadales;Sphingomonadaceae;Sphingobium;Sphingobium sp. RU4-6
Kasper_KS-20-2	95.267	1141	52	2	22	1160	1	1141	0.0	1825	X87164.1.1429 Bacteria;Pseudomonadota;Alphaproteobacteria;Sphingomonadales;Sphingomonadaceae;Sphingobium;Sphingobium chlorophenolicum
Kasper_KS-20-2	95.263	1140	53	1	22	1160	1	1140	0.0	1823	HM321295.1.1309 Bacteria;Pseudomonadota;Alphaproteobacteria;Sphingomonadales;Sphingomonadaceae;Sphingobium;uncultured bacterium
Kasper_KS-20-2	94.867	1169	37	6	15	1160	14	1182	0.0	1823	KF437553.1.1475 Bacteria;Pseudomonadota;Alphaproteobacteria;Sphingomonadales;Sphingomonadaceae;Sphingobium;Sphingobium sp. FL24
Kasper_KS-20-2	95.263	1140	53	1	22	1160	1	1140	0.0	1823	KC854921.1.1411 Bacteria;Pseudomonadota;Alphaproteobacteria;Sphingomonadales;Sphingomonadaceae;Sphingobium;Sphingobium herbicidovorans
Kasper_KS-20-2	95.031	1147	56	1	15	1160	14	1160	0.0	1820	JF417777.1.1450 Bacteria;Pseudomonadota;Alphaproteobacteria;Sphingomonadales;Sphingomonadaceae;Sphingobium;uncultured bacterium
Kasper_KS-20-2	95.031	1147	56	1	15	1160	19	1165	0.0	1820	KM263161.1.1349 Bacteria;Pseudomonadota;Alphaproteobacteria;Sphingomonadales;Sphingomonadaceae;Sphingobium;uncultured Sphingobium sp.
Kasper_KS-20-2	94.801	1154	52	8	15	1160	15	1168	0.0	1820	KJ809143.1.1460 Bacteria;Pseudomonadota;Alphaproteobacteria;Sphingomonadales;Sphingomonadaceae;Sphingobium;uncultured bacterium
Kasper_KS-20-2	95.004	1141	55	2	21	1160	1	1140	0.0	1818	D13946.1.1372 Bacteria;Pseudomonadota;Alphaproteobacteria;Sphingomonadales;Sphingomonadaceae;Sphingobium;Chromobacterium lividum
Kasper_KS-20-2	94.901	1157	48	11	15	1160	15	1171	0.0	1818	KJ809466.1.1463 Bacteria;Pseudomonadota;Alphaproteobacteria;Sphingomonadales;Sphingomonadaceae;Sphingobium;uncultured bacterium
Kasper_KS-20-2	95.184	1142	50	5	22	1160	1	1140	0.0	1818	AB681850.1.1412 Bacteria;Pseudomonadota;Alphaproteobacteria;Sphingomonadales;Sphingomonadaceae;Sphingobium;Sphingomonas azotofornans
Kasper_KS-20-2	95.406	1132	49	3	30	1160	1	1130	0.0	1818	JN082746.1.1400 Bacteria;Pseudomonadota;Alphaproteobacteria;Sphingomonadales;Sphingomonadaceae;Sphingobium;Sphingomonas sp. MN35
Kasper_KS-20-2	96.022	1106	42	2	57	1160	1	1106	0.0	1816	GQ181137.1.1435 Bacteria;Pseudomonadota;Alphaproteobacteria;Sphingomonadales;Sphingomonadaceae;Sphingobium;Sphingobium sp. enrichment culture clone Pn6_1.6
Kasper_KS-20-2	95.583	1132	33	17	30	1160	1	1116	0.0	1816	KR780648.1.1421 Bacteria;Pseudomonadota;Alphaproteobacteria;Sphingomonadales;Sphingomonadaceae;Sphingobium;Sphingobium sp. HS1
Kasper_KS-20-2	95.939	1108	44	1	54	1160	3	1110	0.0	1814	KF740340.1.1393 Bacteria;Pseudomonadota;Alphaproteobacteria;Sphingomonadales;Sphingomonadaceae;Sphingobium;Sphingobium sp. MU4Y-9-1
Kasper_KS-20-2	95.096	1142	51	5	22	1160	1	1140	0.0	1814	AY460123.1.1439 Bacteria;Pseudomonadota;Alphaproteobacteria;Sphingomonadales;Sphingomonadaceae;Sphingobium;Sphingomonas sp. ZL5
Kasper_KS-20-2	94.952	1149	53	5	15	1160	14	1160	0.0	1814	AB112465.1.1450 Bacteria;Pseudomonadota;Alphaproteobacteria;Sphingomonadales;Sphingomonadaceae;Sphingobium;uncultured Alphaproteobacteria bacterium
Kasper_KS-20-2	95.083	1139	54	2	24	1160	3	1141	0.0	1814	X87163.1.1429 Bacteria;Pseudomonadota;Alphaproteobacteria;Sphingomonadales;Sphingomonadaceae;Sphingobium;Sphingobium chlorophenolicum
Kasper_KS-20-2	95.096	1142	51	5	22	1160	1	1140	0.0	1812	GQ264324.1.1412 Bacteria;Pseudomonadota;Alphaproteobacteria;Sphingomonadales;Sphingomonadaceae;Sphingobium;uncultured bacterium
Kasper_KS-20-2	95.101	1143	49	7	22	1160	1	1140	0.0	1812	GQ111232.1.1308 Bacteria;Pseudomonadota;Alphaproteobacteria;Sphingomonadales;Sphingomonadaceae;Sphingobium;uncultured bacterium
Kasper_KS-20-2	95.544	1122	48	2	40	1160	12	1132	0.0	1812	KC764963.1.1395 Bacteria;Pseudomonadota;Alphaproteobacteria;Sphingomonadales;Sphingomonadaceae;Sphingobium;Sphingobium chlorophenolicum
Kasper_KS-20-2	94.613	1151	55	6	15	1160	9	1157	0.0	1810	FJ191488.1.1426 Bacteria;Pseudomonadota;Alphaproteobacteria;Sphingomonadales;Sphingomonadaceae;Sphingobium;uncultured Sphingobium sp.
Kasper_KS-20-2	95.026	1146	48	9	20	1160	1	1142	0.0	1810	HQ293158.1.1411 Bacteria;Pseudomonadota;Alphaproteobacteria;Sphingomonadales;Sphingomonadaceae;Sphingobium;uncultured bacterium
Kasper_KS-20-2	95.083	1139	55	1	23	1160	1	1139	0.0	1810	LN563377.1.1317 Bacteria;Pseudomonadota;Alphaproteobacteria;Sphingomonadales;Sphingomonadaceae;Sphingobium;uncultured bacterium
Kasper_KS-20-2	94.865	1149	54	5	15	1160	14	1160	0.0	1810	HM748834.1.1445 Bacteria;Pseudomonadota;Alphaproteobacteria;Sphingomonadales;Sphingomonadaceae;Sphingobium;Sphingobium jiangsuense
Kasper_KS-20-2	95.322	1133	46	7	31	1160	6	1134	0.0	1810	KM100603.1.1398 Bacteria;Pseudomonadota;Alphaproteobacteria;Sphingomonadales;Sphingomonadaceae;Sphingobium;Sphingobium sp. THG-S23.15
Kasper_KS-20-2	95.234	1133	52	2	30	1160	1	1133	0.0	1810	JQ659689.1.1417 Bacteria;Pseudomonadota;Alphaproteobacteria;Sphingomonadales;Sphingomonadaceae;Sphingobium;Sphingobium sp. R4-368-1
Kasper_KS-20-2	94.856	1147	58	1	15	1160	12	1158	0.0	1808	D13728.1.1415 Bacteria;Pseudomonadota;Alphaproteobacteria;Sphingomonadales;Sphingomonadaceae;Sphingobium;Sphingobium yanoikuyae
Kasper_KS-20-2	94.728	1157	50	11	15	1160	15	1171	0.0	1808	KJ809163.1.1463 Bacteria;Pseudomonadota;Alphaproteobacteria;Sphingomonadales;Sphingomonadaceae;Sphingobium;uncultured bacterium
Kasper_KS-20-2	95.621	1119	44	5	45	1160	1	1117	0.0	1808	FJ177535.1.1394 Bacteria;Pseudomonadota;Alphaproteobacteria;Sphingomonadales;Sphingomonadaceae;Sphingobium;Sphingobium vulgare
Kasper_KS-20-2	95.013	1143	50	7	22	1160	1	1140	0.0	1807	GQ093148.1.1308 Bacteria;Pseudomonadota;Alphaproteobacteria;Sphingomonadales;Sphingomonadaceae;Sphingobium;uncultured bacterium
Kasper_KS-20-2	94.696	1169	33	19	16	1160	13	1176	0.0	1807	KC355354.1.1448 Bacteria;Pseudomonadota;Alphaproteobacteria;Sphingomonadales;Sphingomonadaceae;Sphingobium;Sphingobium sp. HWE 2-09
Kasper_KS-20-2	94.856	1147	54	5	17	1160	1	1145	0.0	1805	GQ263452.1.1435 Bacteria;Pseudomonadota;Alphaproteobacteria;Sphingomonadales;Sphingomonadaceae;Sphingobium;uncultured bacterium
Kasper_KS-20-2	95.230	1132	49	5	32	1160	7	1136	0.0	1805	KR021364.1.1401 Bacteria;Pseudomonadota;Alphaproteobacteria;Sphingomonadales;Sphingomonadaceae;Sphingobium;Sphingobium yanoikuyae
Kasper_KS-20-2	94.801	1154	45	15	15	1160	14	1160	0.0	1803	GQ487908.1.1451 Bacteria;Pseudomonadota;Alphaproteobacteria;Sphingomonadales;Sphingomonadaceae;Sphingobium;uncultured bacterium
Kasper_KS-20-2	94.926	1143	51	7	22	1160	1	1140	0.0	1801	JF176962.1.1308 Bacteria;Pseudomonadota;Alphaproteobacteria;Sphingomonadales;Sphingomonadaceae;Sphingobium;uncultured bacterium
Kasper_KS-20-2	94.723	1156	46	15	15	1160	13	1163	0.0	1801	JX079494.1.1482 Bacteria;Pseudomonadota;Alphaproteobacteria;Sphingomonadales;Sphingomonadaceae;Sphingobium;uncultured Sphingobium sp.
Kasper_KS-20-2	94.691	1149	56	5	15	1160	3	1149	0.0	1797	AJVL01000072.4839.6206 Bacteria;Pseudomonadota;Alphaproteobacteria;Sphingomonadales;Sphingomonadaceae;Sphingobium;Sphingobium sp. AP49
Kasper_KS-20-2	95.668	1108	46	2	54	1160	3	1109	0.0	1797	EU704986.1.1239 Bacteria;Pseudomonadota;Alphaproteobacteria;Sphingomonadales;Sphingomonadaceae;Sphingobium;uncultured Sphingobium sp.
Kasper_KS-20-2	94.425	1148	61	3	15	1160	13	1159	0.0	1797	DQ532340.1.1442 Bacteria;Pseudomonadota;Alphaproteobacteria;Sphingomonadales;Sphingomonadaceae;Sphingobium;uncultured bacterium
Kasper_KS-20-2	94.696	1150	54	7	15	1160	12	1158	0.0	1797	JF922464.1.1449 Bacteria;Pseudomonadota;Alphaproteobacteria;Sphingomonadales;Sphingomonadaceae;Sphingobium;uncultured bacterium
Kasper_KS-20-2	94.847	1145	49	10	22	1160	1	1141	0.0	1797	LN563928.1.1321 Bacteria;Pseudomonadota;Alphaproteobacteria;Sphingomonadales;Sphingomonadaceae;Sphingobium;uncultured bacterium
Kasper_KS-20-2	95.057	1133	53	3	29	1160	3	1133	0.0	1797	EU931555.1.1428 Bacteria;Pseudomonadota;Alphaproteobacteria;Sphingomonadales;Sphingomonadaceae;Sphingobium;Sphingomonas paucimobilis
Kasper_KS-20-2	95.434	1117	50	1	45	1160	18	1134	0.0	1797	JN082736.1.1398 Bacteria;Pseudomonadota;Alphaproteobacteria;Sphingomonadales;Sphingomonadaceae;Sphingobium;Sphingomonas sp. MN1
Kasper_KS-20-2	94.569	1160	45	18	15	1160	2	1157	0.0	1796	JEMV01000127.2934.4421 Bacteria;Pseudomonadota;Alphaproteobacteria;Sphingomonadales;Sphingomonadaceae;Sphingobium;Sphingobium sp. Ant17
Kasper_KS-20-2	94.834	1142	54	5	22	1160	1	1140	0.0	1796	GQ263297.1.1408 Bacteria;Pseudomonadota;Alphaproteobacteria;Sphingomonadales;Sphingomonadaceae;Sphingobium;uncultured bacterium
Kasper_KS-20-2	94.825	1140	58	1	22	1160	1	1140	0.0	1796	AF335501.1.1411 Bacteria;Pseudomonadota;Alphaproteobacteria;Sphingomonadales;Sphingomonadaceae;Sphingobium;Sphingobium sp. LB126
Kasper_KS-20-2	95.672	1109	43	5	55	1160	1	1107	0.0	1796	KM925003.1.1368 Bacteria;Pseudomonadota;Alphaproteobacteria;Sphingomonadales;Sphingomonadaceae;Sphingobium;Sphingobium sp. AX-B
Kasper_KS-20-2	95.204	1126	50	4	36	1160	11	1133	0.0	1796	KM871866.1.1393 Bacteria;Pseudomonadota;Alphaproteobacteria;Sphingomonadales;Sphingomonadaceae;Sphingobium;Sphingobium yanoikuyae
Kasper_KS-20-2	94.420	1147	59	5	15	1160	21	1163	0.0	1794	FJ191471.1.1405 Bacteria;Pseudomonadota;Alphaproteobacteria;Sphingomonadales;Sphingomonadaceae;Sphingobium;uncultured Sphingobium sp.
Kasper_KS-20-2	95.512	1114	45	5	50	1160	1	1112	0.0	1794	HE681123.1.1353 Bacteria;Pseudomonadota;Alphaproteobacteria;Sphingomonadales;Sphingomonadaceae;Sphingobium;Sphingomonas sp. CBC-2012-D4
Kasper_KS-20-2	94.604	1149	56	6	15	1160	15	1160	0.0	1792	FJ193535.1.1449 Bacteria;Pseudomonadota;Alphaproteobacteria;Sphingomonadales;Sphingomonadaceae;Sphingobium;uncultured Sphingobium sp.
Kasper_KS-20-2	95.044	1130	53	3	32	1160	7	1134	0.0	1792	HM459845.1.1398 Bacteria;Pseudomonadota;Alphaproteobacteria;Sphingomonadales;Sphingomonadaceae;Sphingobium;Sphingomonas sp. enrichment culture clone CL-8
Kasper_KS-20-2	94.769	1147	47	13	21	1160	1	1141	0.0	1792	CU927556.1.1309 Bacteria;Pseudomonadota;Alphaproteobacteria;Sphingomonadales;Sphingomonadaceae;Sphingobium;uncultured bacterium
Kasper_KS-20-2	95.200	1125	47	6	40	1160	1	1122	0.0	1790	HM438584.1.1391 Bacteria;Pseudomonadota;Alphaproteobacteria;Sphingomonadales;Sphingomonadaceae;Sphingobium;uncultured Sphingobium sp.
Kasper_KS-20-2	94.764	1146	47	13	22	1160	1	1140	0.0	1790	AM934758.1.1324 Bacteria;Pseudomonadota;Alphaproteobacteria;Sphingomonadales;Sphingomonadaceae;Sphingobium;uncultured Sphingomonas sp.
Kasper_KS-20-2	94.741	1141	57	3	22	1160	1	1140	0.0	1790	LN875362.1.1409 Bacteria;Pseudomonadota;Alphaproteobacteria;Sphingomonadales;Sphingomonadaceae;Sphingobium;uncultured bacterium
Kasper_KS-20-2	94.464	1156	54	9	15	1160	15	1170	0.0	1790	KJ809159.1.1462 Bacteria;Pseudomonadota;Alphaproteobacteria;Sphingomonadales;Sphingomonadaceae;Sphingobium;uncultured bacterium
Kasper_KS-20-2	94.397	1160	51	14	15	1160	15	1174	0.0	1788	KJ809157.1.1466 Bacteria;Pseudomonadota;Alphaproteobacteria;Sphingomonadales;Sphingomonadaceae;Sphingobium;uncultured bacterium
Kasper_KS-20-2	95.187	1122	49	5	40	1160	4	1121	0.0	1788	MG818740.1.1391 Bacteria;Pseudomonadota;Alphaproteobacteria;Sphingomonadales;Sphingomonadaceae;Sphingobium;Sphingomonas sp.
Kasper_KS-20-2	94.672	1145	52	9	21	1160	1	1141	0.0	1786	CU926014.1.1309 Bacteria;Pseudomonadota;Alphaproteobacteria;Sphingomonadales;Sphingomonadaceae;Sphingobium;uncultured bacterium
Kasper_KS-20-2	94.367	1154	57	8	15	1160	15	1168	0.0	1786	KJ809409.1.1357 Bacteria;Pseudomonadota;Alphaproteobacteria;Sphingomonadales;Sphingomonadaceae;Sphingobium;uncultured bacterium
Kasper_KS-20-2	94.517	1149	58	5	15	1160	14	1160	0.0	1786	KF437575.1.1453 Bacteria;Pseudomonadota;Alphaproteobacteria;Sphingomonadales;Sphingomonadaceae;Sphingobium;Sphingobium sp. NL4
Kasper_KS-20-2	94.387	1158	53	12	15	1160	12	1169	0.0	1786	MG792823.1.1448 Bacteria;Pseudomonadota;Alphaproteobacteria;Sphingomonadales;Sphingomonadaceae;Sphingobium;Sphingobium sp. DCY123
Kasper_KS-20-2	94.658	1142	56	5	22	1160	1	1140	0.0	1784	KF911192.1.1411 Bacteria;Pseudomonadota;Alphaproteobacteria;Sphingomonadales;Sphingomonadaceae;Sphingobium;uncultured bacterium
Kasper_KS-20-2	94.672	1145	50	11	22	1160	1	1140	0.0	1784	LN570451.1.1318 Bacteria;Pseudomonadota;Alphaproteobacteria;Sphingomonadales;Sphingomonadaceae;Sphingobium;uncultured bacterium
Kasper_KS-20-2	94.658	1142	55	6	22	1160	1	1139	0.0	1784	KJ600887.1.1401 Bacteria;Pseudomonadota;Alphaproteobacteria;Sphingomonadales;Sphingomonadaceae;Sphingobium;uncultured bacterium
Kasper_KS-20-2	94.333	1147	55	10	15	1160	12	1149	0.0	1783	FJ191487.1.1392 Bacteria;Pseudomonadota;Alphaproteobacteria;Sphingomonadales;Sphingomonadaceae;Sphingobium;uncultured Sphingobium sp.
Kasper_KS-20-2	94.430	1149	60	3	15	1160	14	1161	0.0	1783	JX079506.1.1489 Bacteria;Pseudomonadota;Alphaproteobacteria;Sphingomonadales;Sphingomonadaceae;Sphingobium;uncultured Sphingobium sp.
Kasper_KS-20-2	94.802	1135	53	6	27	1160	3	1132	0.0	1783	AJ583165.1.1384 Bacteria;Pseudomonadota;Alphaproteobacteria;Sphingomonadales;Sphingomonadaceae;Sphingobium;uncultured Alphaproteobacteria bacterium
Kasper_KS-20-2	96.037	1085	42	1	77	1160	10	1094	0.0	1783	GU969041.1.1210 Bacteria;Pseudomonadota;Alphaproteobacteria;Sphingomonadales;Sphingomonadaceae;Sphingobium;Sphingobium xenophagum
Kasper_KS-20-2	94.956	1130	50	7	33	1160	27	1151	0.0	1783	JF772521.1.1428 Bacteria;Pseudomonadota;Alphaproteobacteria;Sphingomonadales;Sphingomonadaceae;Sphingobium;Sphingobium sp. bB5(2011)
Kasper_KS-20-2	94.737	1140	51	8	22	1160	1	1132	0.0	1783	AJ224940.1.1402 Bacteria;Pseudomonadota;Alphaproteobacteria;Sphingomonadales;Sphingomonadaceae;Sphingobium;Sphingomonas sp.
Kasper_KS-20-2	94.571	1142	59	3	22	1160	1	1142	0.0	1781	GQ108201.1.1310 Bacteria;Pseudomonadota;Alphaproteobacteria;Sphingomonadales;Sphingomonadaceae;Sphingobium;uncultured bacterium
Kasper_KS-20-2	94.571	1142	57	5	22	1160	1	1140	0.0	1781	GQ101175.1.1308 Bacteria;Pseudomonadota;Alphaproteobacteria;Sphingomonadales;Sphingomonadaceae;Sphingobium;uncultured bacterium
Kasper_KS-20-2	94.585	1145	53	9	21	1160	1	1141	0.0	1781	GQ072835.1.1309 Bacteria;Pseudomonadota;Alphaproteobacteria;Sphingomonadales;Sphingomonadaceae;Sphingobium;uncultured bacterium
Kasper_KS-20-2	95.487	1108	42	8	55	1160	1	1102	0.0	1781	AY367026.1.1337 Bacteria;Pseudomonadota;Alphaproteobacteria;Sphingomonadales;Sphingomonadaceae;Sphingobium;Sphingomonas sp. As1-5
Kasper_KS-20-2	94.566	1141	59	3	22	1160	1	1140	0.0	1779	HM813191.1.1308 Bacteria;Pseudomonadota;Alphaproteobacteria;Sphingomonadales;Sphingomonadaceae;Sphingobium;uncultured bacterium
Kasper_KS-20-2	94.580	1144	53	9	22	1160	1	1140	0.0	1779	GQ263412.1.1430 Bacteria;Pseudomonadota;Alphaproteobacteria;Sphingomonadales;Sphingomonadaceae;Sphingobium;uncultured bacterium
Kasper_KS-20-2	94.566	1141	58	4	22	1160	1	1139	0.0	1779	JF118734.1.1307 Bacteria;Pseudomonadota;Alphaproteobacteria;Sphingomonadales;Sphingomonadaceae;Sphingobium;uncultured bacterium
Kasper_KS-20-2	94.561	1140	60	2	22	1160	1	1139	0.0	1779	JN408985.1.1410 Bacteria;Pseudomonadota;Alphaproteobacteria;Sphingomonadales;Sphingomonadaceae;Sphingobium;uncultured Alphaproteobacteria bacterium
Kasper_KS-20-2	94.561	1140	61	1	22	1160	1	1140	0.0	1779	AB930691.1.1411 Bacteria;Pseudomonadota;Alphaproteobacteria;Sphingomonadales;Sphingomonadaceae;Sphingobium;uncultured bacterium
Kasper_KS-20-2	95.018	1124	51	5	38	1160	5	1124	0.0	1779	EU183233.1.1410 Bacteria;Pseudomonadota;Alphaproteobacteria;Sphingomonadales;Sphingomonadaceae;Sphingobium;Sphingobium yanoikuyae
Kasper_KS-20-2	94.815	1138	43	13	33	1160	1	1132	0.0	1779	AY328825.1.1356 Bacteria;Pseudomonadota;Alphaproteobacteria;Sphingomonadales;Sphingomonadaceae;Sphingobium;drinking water bacterium Y24
Kasper_KS-20-2	94.571	1142	57	4	15	1152	15	1155	0.0	1775	JX945327.1.1452 Bacteria;Pseudomonadota;Alphaproteobacteria;Sphingomonadales;Sphingomonadaceae;Sphingobium;uncultured bacterium
Kasper_KS-20-2	94.148	1162	52	16	15	1160	15	1176	0.0	1775	KJ809407.1.1468 Bacteria;Pseudomonadota;Alphaproteobacteria;Sphingomonadales;Sphingomonadaceae;Sphingobium;uncultured bacterium
Kasper_KS-20-2	95.161	1116	48	6	48	1160	6	1118	0.0	1775	MG818745.1.1390 Bacteria;Pseudomonadota;Alphaproteobacteria;Sphingomonadales;Sphingomonadaceae;Sphingobium;Sphingomonas sp.
Kasper_KS-20-2	94.174	1150	55	12	19	1160	1	1146	0.0	1773	FJ191379.1.1396 Bacteria;Pseudomonadota;Alphaproteobacteria;Sphingomonadales;Sphingomonadaceae;Sphingobium;uncultured Sphingobium sp.
Kasper_KS-20-2	94.920	1122	55	2	40	1160	1	1121	0.0	1773	HQ667767.1.1403 Bacteria;Pseudomonadota;Alphaproteobacteria;Sphingomonadales;Sphingomonadaceae;Sphingobium;Sphingobium fontiphilum
Kasper_KS-20-2	94.138	1160	54	13	15	1160	15	1174	0.0	1772	KJ809402.1.1466 Bacteria;Pseudomonadota;Alphaproteobacteria;Sphingomonadales;Sphingomonadaceae;Sphingobium;uncultured bacterium
Kasper_KS-20-2	94.626	1135	46	15	29	1160	5	1127	0.0	1772	AF170090.1.1431 Bacteria;Pseudomonadota;Alphaproteobacteria;Sphingomonadales;Sphingomonadaceae;Sphingobium;Sphingobium sp. UG30
Kasper_KS-20-2	94.479	1141	54	9	25	1160	1	1137	0.0	1770	DQ376584.1.1406 Bacteria;Pseudomonadota;Alphaproteobacteria;Sphingomonadales;Sphingomonadaceae;Sphingobium;Sphingobium sp. TP340-2
Kasper_KS-20-2	94.266	1151	57	9	15	1160	14	1160	0.0	1770	HQ682022.1.1451 Bacteria;Pseudomonadota;Alphaproteobacteria;Sphingomonadales;Sphingomonadaceae;Sphingobium;uncultured bacterium
Kasper_KS-20-2	94.256	1149	61	5	15	1160	14	1160	0.0	1770	JX114443.1.1447 Bacteria;Pseudomonadota;Alphaproteobacteria;Sphingomonadales;Sphingomonadaceae;Sphingobium;uncultured Sphingobium sp.
Kasper_KS-20-2	94.849	1126	51	7	38	1160	1	1122	0.0	1770	EU009209.1.1335 Bacteria;Pseudomonadota;Alphaproteobacteria;Sphingomonadales;Sphingomonadaceae;Sphingobium;Sphingobium scionense
Kasper_KS-20-2	94.499	1127	58	4	35	1160	1	1124	0.0	1768	FJ191702.1.1413 Bacteria;Pseudomonadota;Alphaproteobacteria;Sphingomonadales;Sphingomonadaceae;Sphingobium;uncultured Sphingobium sp.
Kasper_KS-20-2	94.391	1141	60	4	22	1160	1	1139	0.0	1768	GQ052642.1.1307 Bacteria;Pseudomonadota;Alphaproteobacteria;Sphingomonadales;Sphingomonadaceae;Sphingobium;uncultured bacterium
Kasper_KS-20-2	94.415	1146	51	13	22	1160	1	1140	0.0	1768	AM935351.1.1324 Bacteria;Pseudomonadota;Alphaproteobacteria;Sphingomonadales;Sphingomonadaceae;Sphingobium;uncultured Sphingomonas sp.
Kasper_KS-20-2	94.396	1142	59	5	22	1160	1	1140	0.0	1768	LN560880.1.1327 Bacteria;Pseudomonadota;Alphaproteobacteria;Sphingomonadales;Sphingomonadaceae;Sphingobium;uncultured bacterium
Kasper_KS-20-2	93.647	1149	64	9	18	1160	1	1146	0.0	1762	FJ191391.1.1381 Bacteria;Pseudomonadota;Alphaproteobacteria;Sphingomonadales;Sphingomonadaceae;Sphingobium;uncultured Sphingobium sp.
Kasper_KS-20-2	95.608	1093	41	7	72	1160	1	1090	0.0	1762	AB214867.1.1440 Bacteria;Pseudomonadota;Alphaproteobacteria;Sphingomonadales;Sphingomonadaceae;Sphingobium;Sphingomonas sp. ED8
Kasper_KS-20-2	95.199	1104	52	1	58	1160	1	1104	0.0	1762	DQ885953.1.1330 Bacteria;Pseudomonadota;Alphaproteobacteria;Sphingomonadales;Sphingomonadaceae;Sphingobium;Sphingomonas sp. BSL5
Kasper_KS-20-2	94.323	1145	54	11	22	1160	1	1140	0.0	1760	LN568284.1.1322 Bacteria;Pseudomonadota;Alphaproteobacteria;Sphingomonadales;Sphingomonadaceae;Sphingobium;uncultured bacterium
Kasper_KS-20-2	95.191	1102	52	1	60	1160	1	1102	0.0	1759	AY328789.1.1422 Bacteria;Pseudomonadota;Alphaproteobacteria;Sphingomonadales;Sphingomonadaceae;Sphingobium;uncultured bacterium
Kasper_KS-20-2	94.246	1147	52	13	22	1160	1	1141	0.0	1759	LN560144.1.1324 Bacteria;Pseudomonadota;Alphaproteobacteria;Sphingomonadales;Sphingomonadaceae;Sphingobium;uncultured bacterium
Kasper_KS-20-2	93.995	1149	64	4	15	1160	14	1160	0.0	1753	JF922495.1.1451 Bacteria;Pseudomonadota;Alphaproteobacteria;Sphingomonadales;Sphingomonadaceae;Sphingopyxis;uncultured bacterium
Kasper_KS-20-2	94.537	1135	46	16	31	1160	6	1129	0.0	1753	MH173287.1.1263 Bacteria;Pseudomonadota;Alphaproteobacteria;Sphingomonadales;Sphingomonadaceae;Sphingobium;Sphingobium sp.
Kasper_KS-20-2	95.733	1078	43	3	85	1160	1	1077	0.0	1749	KJ371997.1.1290 Bacteria;Pseudomonadota;Alphaproteobacteria;Sphingomonadales;Sphingomonadaceae;Sphingobium;Sphingobium sp. BS2304
Kasper_KS-20-2	95.169	1097	52	1	65	1160	44	1140	0.0	1749	GQ140325.1.1418 Bacteria;Pseudomonadota;Alphaproteobacteria;Sphingomonadales;Sphingomonadaceae;Sphingobium;Sphingobium yanoikuyae
Kasper_KS-20-2	94.118	1139	64	3	23	1160	1	1137	0.0	1748	HM127167.1.1409 Bacteria;Pseudomonadota;Alphaproteobacteria;Sphingomonadales;Sphingomonadaceae;Sphingobium;uncultured bacterium
Kasper_KS-20-2	93.397	1151	71	4	15	1160	15	1165	0.0	1748	KJ809401.1.1455 Bacteria;Pseudomonadota;Alphaproteobacteria;Sphingomonadales;Sphingomonadaceae;Sphingobium;uncultured bacterium
Kasper_KS-20-2	93.750	1152	64	8	15	1160	9	1158	0.0	1744	GQ263496.1.1432 Bacteria;Pseudomonadota;Alphaproteobacteria;Sphingomonadales;Sphingomonadaceae;Sphingobium;uncultured bacterium
Kasper_KS-20-2	94.046	1142	63	5	22	1160	1	1140	0.0	1744	AF423291.1.1411 Bacteria;Pseudomonadota;Alphaproteobacteria;Sphingomonadales;Sphingomonadaceae;Sphingobium;uncultured soil bacterium
Kasper_KS-20-2	93.723	1147	71	1	15	1160	14	1160	0.0	1744	GU368370.1.1344 Bacteria;Pseudomonadota;Alphaproteobacteria;Sphingomonadales;Sphingomonadaceae;Sphingobium;Sphingomonas sp. JPPB A9
Kasper_KS-20-2	94.336	1130	56	8	35	1160	3	1128	0.0	1744	JQ928370.1.1382 Bacteria;Pseudomonadota;Alphaproteobacteria;Sphingomonadales;Sphingomonadaceae;Sphingobium;Sphingobium sp. P15
Kasper_KS-20-2	94.430	1131	48	15	41	1160	1	1127	0.0	1744	EU580697.1.1363 Bacteria;Pseudomonadota;Alphaproteobacteria;Sphingomonadales;Sphingomonadaceae;Sphingobium;Sphingobium sp. NP22b
Kasper_KS-20-2	94.050	1126	61	6	37	1160	1	1122	0.0	1742	FJ191483.1.1412 Bacteria;Pseudomonadota;Alphaproteobacteria;Sphingomonadales;Sphingomonadaceae;Sphingobium;uncultured Sphingobium sp.
Kasper_KS-20-2	93.984	1147	56	13	15	1160	14	1148	0.0	1742	KJ590022.1.1436 Bacteria;Pseudomonadota;Alphaproteobacteria;Sphingomonadales;Sphingomonadaceae;Sphingobium;uncultured Sphingobium sp.
Kasper_KS-20-2	93.461	1147	74	1	15	1160	9	1155	0.0	1740	FJ191787.1.1392 Bacteria;Pseudomonadota;Alphaproteobacteria;Sphingomonadales;Sphingomonadaceae;Sphingobium;uncultured Sphingobium sp.
Kasper_KS-20-2	93.745	1151	63	9	15	1160	14	1160	0.0	1736	FPLS01002836.14.1480 Bacteria;Pseudomonadota;Alphaproteobacteria;Sphingomonadales;Sphingomonadaceae;Sphingobium;metagenome
Kasper_KS-20-2	93.043	1150	74	6	15	1160	3	1150	0.0	1736	FJ191674.1.1401 Bacteria;Pseudomonadota;Alphaproteobacteria;Sphingomonadales;Sphingomonadaceae;Sphingobium;uncultured Sphingobium sp.
Kasper_KS-20-2	94.685	1110	54	5	54	1160	3	1110	0.0	1736	EU704885.1.1240 Bacteria;Pseudomonadota;Alphaproteobacteria;Sphingomonadales;Sphingomonadaceae;Sphingobium;uncultured Sphingomonas sp.
Kasper_KS-20-2	93.870	1142	65	5	22	1160	1	1140	0.0	1735	LN563929.1.1321 Bacteria;Pseudomonadota;Alphaproteobacteria;Sphingomonadales;Sphingomonadaceae;Sphingobium;uncultured bacterium
Kasper_KS-20-2	95.383	1083	42	8	85	1160	1	1082	0.0	1735	KF311078.1.1319 Bacteria;Pseudomonadota;Alphaproteobacteria;Sphingomonadales;Sphingomonadaceae;Sphingobium;Sphingobium sp. MS22
Kasper_KS-20-2	93.739	1150	65	7	15	1160	13	1159	0.0	1735	JN591315.1.1439 Bacteria;Pseudomonadota;Alphaproteobacteria;Sphingomonadales;Sphingomonadaceae;Sphingobium;Sphingobium boeckii
Kasper_KS-20-2	93.810	1147	59	12	15	1160	14	1149	0.0	1733	KJ589960.1.1437 Bacteria;Pseudomonadota;Alphaproteobacteria;Sphingomonadales;Sphingomonadaceae;Sphingobium;uncultured Sphingobium sp.
Kasper_KS-20-2	96.019	1055	41	1	107	1160	1	1055	0.0	1733	AB099634.1.1279 Bacteria;Pseudomonadota;Alphaproteobacteria;Sphingomonadales;Sphingomonadaceae;Sphingobium;Sphingobium xenophagum
Kasper_KS-20-2	96.019	1055	41	1	107	1160	1	1055	0.0	1733	AB099633.1.1279 Bacteria;Pseudomonadota;Alphaproteobacteria;Sphingomonadales;Sphingomonadaceae;Sphingobium;Sphingobium xenophagum
Kasper_KS-20-2	96.019	1055	41	1	107	1160	1	1055	0.0	1733	AB099632.1.1279 Bacteria;Pseudomonadota;Alphaproteobacteria;Sphingomonadales;Sphingomonadaceae;Sphingobium;Sphingobium xenophagum
Kasper_KS-20-2	93.897	1147	51	19	15	1160	3	1131	0.0	1731	AF494099.1.1421 Bacteria;Pseudomonadota;Alphaproteobacteria;Sphingomonadales;Sphingomonadaceae;Sphingobium;Sphingomonas sp. KMG425
Kasper_KS-20-2	93.652	1150	66	7	15	1160	15	1161	0.0	1729	HQ697542.1.1452 Bacteria;Pseudomonadota;Alphaproteobacteria;Sphingomonadales;Sphingomonadaceae;Incertae Sedis;uncultured bacterium
Kasper_KS-20-2	93.652	1150	64	7	15	1160	11	1155	0.0	1729	JQ323134.1.1444 Bacteria;Pseudomonadota;Alphaproteobacteria;Sphingomonadales;Sphingomonadaceae;Sphingobium;uncultured Sphingomonas sp.
Kasper_KS-20-2	93.783	1142	66	5	22	1160	1	1140	0.0	1729	LN568282.1.1321 Bacteria;Pseudomonadota;Alphaproteobacteria;Sphingomonadales;Sphingomonadaceae;Sphingobium;uncultured bacterium
Kasper_KS-20-2	94.832	1103	46	11	65	1160	1	1099	0.0	1729	AB288318.1.1335 Bacteria;Pseudomonadota;Alphaproteobacteria;Sphingomonadales;Sphingomonadaceae;Sphingobium;Sphingomonas sp. SY-17
Kasper_KS-20-2	95.928	1056	41	2	107	1160	1	1056	0.0	1729	AB099631.1.1279 Bacteria;Pseudomonadota;Alphaproteobacteria;Sphingomonadales;Sphingomonadaceae;Sphingobium;Sphingobium xenophagum
Kasper_KS-20-2	95.924	1055	42	1	107	1160	1	1055	0.0	1727	AB099635.1.1279 Bacteria;Pseudomonadota;Alphaproteobacteria;Sphingomonadales;Sphingomonadaceae;Sphingobium;Sphingobium xenophagum
Kasper_KS-20-2	95.273	1079	50	1	83	1160	31	1109	0.0	1727	KY643710.1.1350 Bacteria;Pseudomonadota;Alphaproteobacteria;Sphingomonadales;Sphingomonadaceae;Sphingobium;Sphingobium yanoikuyae
Kasper_KS-20-2	94.485	1106	56	5	58	1160	1	1104	0.0	1725	AJ871276.1.1268 Bacteria;Pseudomonadota;Alphaproteobacteria;Sphingomonadales;Sphingomonadaceae;Sphingobium;Sphingomonas sp. DS2
Kasper_KS-20-2	93.772	1124	61	9	38	1160	1	1116	0.0	1724	FJ191990.1.1403 Bacteria;Pseudomonadota;Alphaproteobacteria;Sphingomonadales;Sphingomonadaceae;Sphingobium;uncultured Sphingobium sp.
Kasper_KS-20-2	95.366	1079	41	9	85	1160	1	1073	0.0	1724	AF143839.1.1304 Bacteria;Pseudomonadota;Alphaproteobacteria;Sphingomonadales;Sphingomonadaceae;Sphingobium;uncultured bacterium
Kasper_KS-20-2	93.766	1139	66	5	25	1160	1	1137	0.0	1724	KP645131.1.1394 Bacteria;Pseudomonadota;Alphaproteobacteria;Sphingomonadales;Sphingomonadaceae;Sphingobium;uncultured Sphingobium sp.
Kasper_KS-20-2	93.695	1142	67	5	22	1160	1	1140	0.0	1724	LN568279.1.1320 Bacteria;Pseudomonadota;Alphaproteobacteria;Sphingomonadales;Sphingomonadaceae;Sphingobium;uncultured bacterium
Kasper_KS-20-2	93.701	1143	65	7	22	1160	1	1140	0.0	1724	FJ948169.1.1411 Bacteria;Pseudomonadota;Alphaproteobacteria;Sphingomonadales;Sphingomonadaceae;Hephaestia;Hephaestia caeni
Kasper_KS-20-2	93.918	1118	61	7	46	1160	1	1114	0.0	1722	FJ191642.1.1403 Bacteria;Pseudomonadota;Alphaproteobacteria;Sphingomonadales;Sphingomonadaceae;Sphingobium;uncultured Sphingobium sp.
Kasper_KS-20-2	94.123	1106	62	3	55	1160	1	1103	0.0	1722	FJ192058.1.1399 Bacteria;Pseudomonadota;Alphaproteobacteria;Sphingomonadales;Sphingomonadaceae;Sphingobium;uncultured Sphingobium sp.
Kasper_KS-20-2	95.829	1055	43	1	107	1160	1	1055	0.0	1722	AB099636.1.1279 Bacteria;Pseudomonadota;Alphaproteobacteria;Sphingomonadales;Sphingomonadaceae;Sphingobium;Sphingobium xenophagum
Kasper_KS-20-2	93.473	1149	70	5	15	1160	13	1159	0.0	1720	JN685492.1.1479 Bacteria;Pseudomonadota;Alphaproteobacteria;Sphingomonadales;Sphingomonadaceae;Sphingobium;uncultured bacterium
Kasper_KS-20-2	93.484	1151	66	9	15	1160	14	1160	0.0	1720	JQ923965.1.1450 Bacteria;Pseudomonadota;Alphaproteobacteria;Sphingomonadales;Sphingomonadaceae;Sphingobium;uncultured bacterium
Kasper_KS-20-2	93.484	1151	66	9	15	1160	14	1160	0.0	1718	FPLL01001347.11.1479 Bacteria;Pseudomonadota;Alphaproteobacteria;Sphingomonadales;Sphingomonadaceae;Sphingobium;metagenome
Kasper_KS-20-2	93.744	1119	64	6	43	1160	1	1114	0.0	1718	FJ191451.1.1392 Bacteria;Pseudomonadota;Alphaproteobacteria;Sphingomonadales;Sphingomonadaceae;Sphingobium;uncultured Sphingobium sp.
Kasper_KS-20-2	94.404	1108	59	3	55	1160	13	1119	0.0	1718	JF775445.1.1370 Bacteria;Pseudomonadota;Alphaproteobacteria;Sphingomonadales;Sphingomonadaceae;Sphingobium;bacterium YCG12
Kasper_KS-20-2	93.854	1139	55	13	22	1152	1	1132	0.0	1716	HM332344.1.1308 Bacteria;Pseudomonadota;Alphaproteobacteria;Sphingomonadales;Sphingomonadaceae;Novosphingobium;uncultured bacterium
Kasper_KS-20-2	93.565	1150	56	17	22	1160	1	1143	0.0	1716	LN572272.1.1320 Bacteria;Pseudomonadota;Alphaproteobacteria;Sphingomonadales;Sphingomonadaceae;Sphingobium;uncultured bacterium
Kasper_KS-20-2	93.613	1143	64	9	23	1160	1	1139	0.0	1716	LN560147.1.1319 Bacteria;Pseudomonadota;Alphaproteobacteria;Sphingomonadales;Sphingomonadaceae;Sphingobium;uncultured bacterium
Kasper_KS-20-2	95.088	1079	52	1	83	1160	26	1104	0.0	1716	JF459945.1.1356 Bacteria;Pseudomonadota;Alphaproteobacteria;Sphingomonadales;Sphingomonadaceae;Sphingobium;Sphingobium yanoikuyae
Kasper_KS-20-2	93.520	1142	69	5	22	1160	1	1140	0.0	1712	KF109460.1.1308 Bacteria;Pseudomonadota;Alphaproteobacteria;Sphingomonadales;Sphingomonadaceae;Sphingomonas;uncultured bacterium
Kasper_KS-20-2	94.409	1109	49	13	65	1160	6	1114	0.0	1711	EU240401.1.1344 Bacteria;Pseudomonadota;Alphaproteobacteria;Sphingomonadales;Sphingomonadaceae;Sphingobium;Sphingobium xenophagum
Kasper_KS-20-2	93.304	1150	70	5	15	1160	17	1163	0.0	1709	KF037293.1.1456 Bacteria;Pseudomonadota;Alphaproteobacteria;Sphingomonadales;Sphingomonadaceae;Incertae Sedis;uncultured bacterium
Kasper_KS-20-2	93.310	1151	68	9	15	1160	17	1163	0.0	1709	KF037442.1.1454 Bacteria;Pseudomonadota;Alphaproteobacteria;Sphingomonadales;Sphingomonadaceae;Incertae Sedis;uncultured bacterium
Kasper_KS-20-2	93.526	1143	65	8	15	1152	14	1152	0.0	1709	JF697448.1.1452 Bacteria;Pseudomonadota;Alphaproteobacteria;Sphingomonadales;Sphingomonadaceae;Sphingobium;uncultured bacterium
Kasper_KS-20-2	93.531	1144	63	11	15	1152	20	1158	0.0	1707	ATHL01000125.103.1595 Bacteria;Pseudomonadota;Alphaproteobacteria;Sphingomonadales;Sphingomonadaceae;Novosphingobium;Novosphingobium lindaniclasticum LE124
Kasper_KS-20-2	93.211	1149	72	6	15	1160	14	1159	0.0	1703	FPLS01032403.15.1481 Bacteria;Pseudomonadota;Alphaproteobacteria;Sphingomonadales;Sphingomonadaceae;Sphingobium;metagenome
Kasper_KS-20-2	93.885	1112	64	4	51	1160	1	1110	0.0	1703	FJ191675.1.1396 Bacteria;Pseudomonadota;Alphaproteobacteria;Sphingomonadales;Sphingomonadaceae;Sphingobium;uncultured Sphingobium sp.
Kasper_KS-20-2	93.211	1149	73	5	15	1160	27	1173	0.0	1703	KM873633.1.1374 Bacteria;Pseudomonadota;Alphaproteobacteria;Sphingomonadales;Sphingomonadaceae;Sphingobium;uncultured Sphingobium sp.
Kasper_KS-20-2	93.235	1153	66	12	15	1160	4	1151	0.0	1703	CQ867671.1.1461 Bacteria;Pseudomonadota;Alphaproteobacteria;Sphingomonadales;Sphingomonadaceae;Sphingobium;Sphingomonas sp.
Kasper_KS-20-2	93.223	1151	69	9	15	1160	14	1160	0.0	1701	FPLS01025741.17.1483 Bacteria;Pseudomonadota;Alphaproteobacteria;Sphingomonadales;Sphingomonadaceae;Sphingobium;metagenome
Kasper_KS-20-2	93.433	1142	68	7	15	1152	14	1152	0.0	1701	FPLS01018252.20.1488 Bacteria;Pseudomonadota;Alphaproteobacteria;Sphingomonadales;Sphingomonadaceae;Incertae Sedis;metagenome
Kasper_KS-20-2	93.351	1143	69	7	22	1160	1	1140	0.0	1701	HM839485.1.1308 Bacteria;Pseudomonadota;Alphaproteobacteria;Sphingomonadales;Sphingomonadaceae;Incertae Sedis;uncultured bacterium
Kasper_KS-20-2	93.217	1150	71	7	15	1160	2	1148	0.0	1701	MF115969.1.1423 Bacteria;Pseudomonadota;Alphaproteobacteria;Sphingomonadales;Sphingomonadaceae;Sphingosinicella;Sphingosinicella sp.
Kasper_KS-20-2	93.357	1144	67	9	22	1160	1	1140	0.0	1701	KF551123.1.1411 Bacteria;Pseudomonadota;Alphaproteobacteria;Sphingomonadales;Sphingomonadaceae;Sphingobium;Sphingobium endophyticum
Kasper_KS-20-2	93.223	1151	69	9	15	1160	2	1148	0.0	1701	FJ711206.1.1428 Bacteria;Pseudomonadota;Alphaproteobacteria;Sphingomonadales;Sphingomonadaceae;Sphingobium;alpha proteobacterium KC-IT-H8
Kasper_KS-20-2	93.223	1151	69	9	15	1160	12	1158	0.0	1701	KU248160.1.1450 Bacteria;Pseudomonadota;Alphaproteobacteria;Sphingomonadales;Sphingomonadaceae;Sphingobium;Sphingomonas colocasiae
Kasper_KS-20-2	93.345	1142	69	7	15	1152	14	1152	0.0	1698	FPLS01058419.13.1481 Bacteria;Pseudomonadota;Alphaproteobacteria;Sphingomonadales;Sphingomonadaceae;Incertae Sedis;metagenome
Kasper_KS-20-2	93.263	1143	71	6	22	1160	1	1141	0.0	1698	LN568278.1.1322 Bacteria;Pseudomonadota;Alphaproteobacteria;Sphingomonadales;Sphingomonadaceae;Sphingobium;uncultured bacterium
Kasper_KS-20-2	93.023	1161	64	17	15	1160	15	1173	0.0	1698	JQ396600.1.1499 Bacteria;Pseudomonadota;Alphaproteobacteria;Sphingomonadales;Sphingomonadaceae;Sphingobium;Sphingobium sp. MN8-7
Kasper_KS-20-2	93.130	1150	72	7	15	1160	4	1150	0.0	1698	EU332828.1.1419 Bacteria;Pseudomonadota;Alphaproteobacteria;Sphingomonadales;Sphingomonadaceae;Sphingomonas;Sphingomonas sp. LnR5-44
Kasper_KS-20-2	93.357	1144	65	10	15	1152	14	1152	0.0	1696	AGFM01000099.377.1853 Bacteria;Pseudomonadota;Alphaproteobacteria;Sphingomonadales;Sphingomonadaceae;Novosphingobium;Novosphingobium pentaromativorans US6-1
Kasper_KS-20-2	93.130	1150	72	7	15	1160	14	1160	0.0	1696	FPLM01007065.13.1481 Bacteria;Pseudomonadota;Alphaproteobacteria;Sphingomonadales;Sphingomonadaceae;Incertae Sedis;metagenome
Kasper_KS-20-2	93.357	1144	65	10	15	1152	22	1160	0.0	1696	CP009291.1254641.1256138 Bacteria;Pseudomonadota;Alphaproteobacteria;Sphingomonadales;Sphingomonadaceae;Novosphingobium;Novosphingobium pentaromativorans US6-1
Kasper_KS-20-2	93.357	1144	65	10	15	1152	22	1160	0.0	1696	CP009291.2263885.2265382 Bacteria;Pseudomonadota;Alphaproteobacteria;Sphingomonadales;Sphingomonadaceae;Novosphingobium;Novosphingobium pentaromativorans US6-1
Kasper_KS-20-2	93.357	1144	65	10	15	1152	22	1160	0.0	1696	CP009291.2516116.2517613 Bacteria;Pseudomonadota;Alphaproteobacteria;Sphingomonadales;Sphingomonadaceae;Novosphingobium;Novosphingobium pentaromativorans US6-1
Kasper_KS-20-2	93.357	1144	65	10	15	1152	14	1152	0.0	1696	AF502400.1.1481 Bacteria;Pseudomonadota;Alphaproteobacteria;Sphingomonadales;Sphingomonadaceae;Novosphingobium;Novosphingobium pentaromativorans
Kasper_KS-20-2	94.288	1103	52	11	65	1160	1	1099	0.0	1696	AB288319.1.1324 Bacteria;Pseudomonadota;Alphaproteobacteria;Sphingomonadales;Sphingomonadaceae;Sphingobium;Sphingomonas sp. BCB-54
Kasper_KS-20-2	93.068	1154	68	12	15	1160	14	1163	0.0	1694	JQ815622.1.1456 Bacteria;Pseudomonadota;Alphaproteobacteria;Sphingomonadales;Sphingomonadaceae;Sphingobium;uncultured Sphingomonas sp.
Kasper_KS-20-2	93.327	1139	71	5	17	1152	1	1137	0.0	1694	FR675957.1.1392 Bacteria;Pseudomonadota;Alphaproteobacteria;Sphingomonadales;Sphingomonadaceae;Incertae Sedis;uncultured bacterium
Kasper_KS-20-2	94.160	1113	52	12	34	1145	8	1108	0.0	1694	MH394206.1.1207 Bacteria;Pseudomonadota;Alphaproteobacteria;Sphingomonadales;Sphingomonadaceae;Sphingobium;Sphingobium yanoikuyae
Kasper_KS-20-2	93.050	1151	71	9	15	1160	15	1161	0.0	1692	MF314771.1.1454 Bacteria;Pseudomonadota;Alphaproteobacteria;Sphingomonadales;Sphingomonadaceae;Incertae Sedis;uncultured bacterium
Kasper_KS-20-2	93.640	1132	52	20	40	1160	1	1123	0.0	1692	AJ534669.1.1393 Bacteria;Pseudomonadota;Alphaproteobacteria;Sphingomonadales;Sphingomonadaceae;Sphingobium;uncultured Alphaproteobacteria bacterium
Kasper_KS-20-2	93.062	1153	68	12	15	1160	15	1162	0.0	1692	JN848800.1.1453 Bacteria;Pseudomonadota;Alphaproteobacteria;Sphingomonadales;Sphingomonadaceae;Incertae Sedis;Sphingosinicella sp. YJ22
Kasper_KS-20-2	93.257	1142	70	7	15	1152	14	1152	0.0	1690	FPLP01001831.3.1471 Bacteria;Pseudomonadota;Alphaproteobacteria;Sphingomonadales;Sphingomonadaceae;SD04E11;metagenome
Kasper_KS-20-2	93.269	1144	66	10	15	1152	14	1152	0.0	1690	HQ003519.1.1451 Bacteria;Pseudomonadota;Alphaproteobacteria;Sphingomonadales;Sphingomonadaceae;Incertae Sedis;uncultured Sphingomonadales bacterium
Kasper_KS-20-2	93.246	1140	74	3	15	1152	14	1152	0.0	1690	JN679144.1.1453 Bacteria;Pseudomonadota;Alphaproteobacteria;Sphingomonadales;Sphingomonadaceae;Novosphingobium;uncultured Novosphingobium sp.
Kasper_KS-20-2	93.043	1150	73	7	15	1160	14	1160	0.0	1690	JN679108.1.1455 Bacteria;Pseudomonadota;Alphaproteobacteria;Sphingomonadales;Sphingomonadaceae;Rhizorhapis;uncultured Sphingomonadaceae bacterium
Kasper_KS-20-2	93.269	1144	66	10	15	1152	14	1152	0.0	1690	JN868845.1.1479 Bacteria;Pseudomonadota;Alphaproteobacteria;Sphingomonadales;Sphingomonadaceae;Novosphingobium;uncultured bacterium
Kasper_KS-20-2	93.170	1142	73	5	22	1160	1	1140	0.0	1690	JF096677.1.1308 Bacteria;Pseudomonadota;Alphaproteobacteria;Sphingomonadales;Sphingomonadaceae;Incertae Sedis;uncultured bacterium
Kasper_KS-20-2	93.269	1144	66	10	15	1152	17	1155	0.0	1690	KF037865.1.1456 Bacteria;Pseudomonadota;Alphaproteobacteria;Sphingomonadales;Sphingomonadaceae;Novosphingobium;uncultured bacterium
Kasper_KS-20-2	93.056	1152	69	10	15	1160	14	1160	0.0	1690	JQ801111.1.1453 Bacteria;Pseudomonadota;Alphaproteobacteria;Sphingomonadales;Sphingomonadaceae;Incertae Sedis;uncultured bacterium
Kasper_KS-20-2	93.043	1150	73	7	15	1160	38	1184	0.0	1690	HQ132387.1.1490 Bacteria;Pseudomonadota;Alphaproteobacteria;Sphingomonadales;Sphingomonadaceae;Incertae Sedis;uncultured Alphaproteobacteria bacterium
Kasper_KS-20-2	93.240	1139	74	3	16	1152	1	1138	0.0	1690	AB245346.1.1441 Bacteria;Pseudomonadota;Alphaproteobacteria;Sphingomonadales;Sphingomonadaceae;Incertae Sedis;Sphingomonadaceae bacterium Gsoil 359
Kasper_KS-20-2	93.386	1134	70	5	22	1152	1	1132	0.0	1690	JQ191144.1.1308 Bacteria;Pseudomonadota;Alphaproteobacteria;Sphingomonadales;Sphingomonadaceae;Rhizorhapis;uncultured bacterium
Kasper_KS-20-2	93.269	1144	66	10	15	1152	14	1152	0.0	1690	FR856862.3793238.3794714 Bacteria;Pseudomonadota;Alphaproteobacteria;Sphingomonadales;Sphingomonadaceae;Novosphingobium;Novosphingobium sp. PP1Y
Kasper_KS-20-2	93.269	1144	66	10	15	1152	14	1152	0.0	1690	FR856862.1308896.1310372 Bacteria;Pseudomonadota;Alphaproteobacteria;Sphingomonadales;Sphingomonadaceae;Novosphingobium;Novosphingobium sp. PP1Y
Kasper_KS-20-2	93.269	1144	66	10	15	1152	14	1152	0.0	1690	FR856862.152811.154287 Bacteria;Pseudomonadota;Alphaproteobacteria;Sphingomonadales;Sphingomonadaceae;Novosphingobium;Novosphingobium sp. PP1Y
Kasper_KS-20-2	93.050	1151	71	9	15	1160	13	1159	0.0	1690	KF877719.1.1452 Bacteria;Pseudomonadota;Alphaproteobacteria;Sphingomonadales;Sphingomonadaceae;Incertae Sedis;Sphingosinicella sp. Z6
Kasper_KS-20-2	92.851	1161	67	16	15	1160	14	1173	0.0	1688	JX079469.1.1491 Bacteria;Pseudomonadota;Alphaproteobacteria;Sphingomonadales;Sphingomonadaceae;Sphingobium;uncultured Sphingobium sp.
Kasper_KS-20-2	94.495	1090	49	11	74	1160	12	1093	0.0	1688	EU240418.1.1318 Bacteria;Pseudomonadota;Alphaproteobacteria;Sphingomonadales;Sphingomonadaceae;Sphingobium;Sphingobium yanoikuyae
Kasper_KS-20-2	92.950	1149	75	6	15	1160	14	1159	0.0	1687	FPLL01005671.10.1476 Bacteria;Pseudomonadota;Alphaproteobacteria;Sphingomonadales;Sphingomonadaceae;Rhizorhabdus;metagenome
Kasper_KS-20-2	93.088	1143	74	5	21	1160	1	1141	0.0	1687	JQ624970.1.1322 Bacteria;Pseudomonadota;Alphaproteobacteria;Sphingomonadales;Sphingomonadaceae;Sphingobium;uncultured bacterium
Kasper_KS-20-2	92.950	1149	76	5	15	1160	14	1160	0.0	1687	LN833512.1.1453 Bacteria;Pseudomonadota;Alphaproteobacteria;Sphingomonadales;Sphingomonadaceae;Incertae Sedis;uncultured Sphingomonadaceae bacterium
Kasper_KS-20-2	93.363	1130	71	4	32	1160	3	1129	0.0	1687	KT363037.1.1387 Bacteria;Pseudomonadota;Alphaproteobacteria;Sphingomonadales;Sphingomonadaceae;Sphingobium;Sphingobium sp. h94
Kasper_KS-20-2	92.957	1150	74	7	15	1160	14	1160	0.0	1685	FPLK01000646.11.1479 Bacteria;Pseudomonadota;Alphaproteobacteria;Sphingomonadales;Sphingomonadaceae;Incertae Sedis;metagenome
Kasper_KS-20-2	93.182	1144	67	10	15	1152	14	1152	0.0	1685	FJ444668.1.1448 Bacteria;Pseudomonadota;Alphaproteobacteria;Sphingomonadales;Sphingomonadaceae;Novosphingobium;uncultured Novosphingobium sp.
Kasper_KS-20-2	93.176	1143	69	8	15	1152	14	1152	0.0	1685	JN868940.1.1481 Bacteria;Pseudomonadota;Alphaproteobacteria;Sphingomonadales;Sphingomonadaceae;Incertae Sedis;uncultured bacterium
Kasper_KS-20-2	92.969	1152	70	11	15	1160	14	1160	0.0	1685	EU580507.1.1454 Bacteria;Pseudomonadota;Alphaproteobacteria;Sphingomonadales;Sphingomonadaceae;Rhizorhapis;uncultured bacterium
Kasper_KS-20-2	93.304	1135	71	5	22	1152	1	1134	0.0	1685	LN568308.1.1322 Bacteria;Pseudomonadota;Alphaproteobacteria;Sphingomonadales;Sphingomonadaceae;Novosphingobium;uncultured bacterium
Kasper_KS-20-2	93.868	1109	63	5	55	1160	1	1107	0.0	1685	JF745870.1.1343 Bacteria;Pseudomonadota;Alphaproteobacteria;Sphingomonadales;Sphingomonadaceae;Sphingomonas;Sphingomonas sp. JB13
Kasper_KS-20-2	93.182	1144	67	10	15	1152	15	1153	0.0	1685	EF424402.1.1396 Bacteria;Pseudomonadota;Alphaproteobacteria;Sphingomonadales;Sphingomonadaceae;Novosphingobium;Novosphingobium panipatense
Kasper_KS-20-2	92.863	1149	77	5	15	1160	22	1168	0.0	1681	LARW01000137.198.1693 Bacteria;Pseudomonadota;Alphaproteobacteria;Sphingomonadales;Sphingomonadaceae;Rhizorhabdus;Sphingomonas sp. SRS2
Kasper_KS-20-2	93.082	1142	72	7	15	1152	14	1152	0.0	1681	JN679141.1.1455 Bacteria;Pseudomonadota;Alphaproteobacteria;Sphingomonadales;Sphingomonadaceae;Rhizorhapis;uncultured Sphingomonadaceae bacterium
Kasper_KS-20-2	93.076	1141	74	5	15	1152	14	1152	0.0	1681	KF494547.1.1454 Bacteria;Pseudomonadota;Alphaproteobacteria;Sphingomonadales;Sphingomonadaceae;Incertae Sedis;uncultured bacterium
Kasper_KS-20-2	92.863	1149	77	5	15	1160	17	1163	0.0	1681	KF037886.1.1454 Bacteria;Pseudomonadota;Alphaproteobacteria;Sphingomonadales;Sphingomonadaceae;Incertae Sedis;uncultured bacterium
Kasper_KS-20-2	93.076	1141	74	5	15	1152	19	1157	0.0	1681	HQ121059.1.1462 Bacteria;Pseudomonadota;Alphaproteobacteria;Sphingomonadales;Sphingomonadaceae;Incertae Sedis;uncultured bacterium
Kasper_KS-20-2	93.094	1144	68	10	15	1152	22	1160	0.0	1679	CP030353.1439119.1440613 Bacteria;Pseudomonadota;Alphaproteobacteria;Sphingomonadales;Sphingomonadaceae;Novosphingobium;Novosphingobium sp. P6W
Kasper_KS-20-2	93.094	1144	68	10	15	1152	22	1160	0.0	1679	CP030353.1258865.1260359 Bacteria;Pseudomonadota;Alphaproteobacteria;Sphingomonadales;Sphingomonadaceae;Novosphingobium;Novosphingobium sp. P6W
Kasper_KS-20-2	93.094	1144	68	10	15	1152	22	1160	0.0	1679	CP030352.1169859.1171353 Bacteria;Pseudomonadota;Alphaproteobacteria;Sphingomonadales;Sphingomonadaceae;Novosphingobium;Novosphingobium sp. P6W
Kasper_KS-20-2	93.094	1144	68	10	15	1152	22	1160	0.0	1679	CP030353.536684.538178 Bacteria;Pseudomonadota;Alphaproteobacteria;Sphingomonadales;Sphingomonadaceae;Novosphingobium;Novosphingobium sp. P6W
Kasper_KS-20-2	93.094	1144	68	10	15	1152	13	1151	0.0	1679	JX441475.1.1449 Bacteria;Pseudomonadota;Alphaproteobacteria;Sphingomonadales;Sphingomonadaceae;Incertae Sedis;uncultured bacterium
Kasper_KS-20-2	92.982	1140	79	1	22	1160	1	1140	0.0	1679	JF168587.1.1308 Bacteria;Pseudomonadota;Alphaproteobacteria;Sphingomonadales;Sphingomonadaceae;Rhizorhabdus;uncultured bacterium
Kasper_KS-20-2	93.082	1142	72	7	15	1152	14	1152	0.0	1679	KF427970.1.1451 Bacteria;Pseudomonadota;Alphaproteobacteria;Sphingomonadales;Sphingomonadaceae;Novosphingobium;uncultured bacterium
Kasper_KS-20-2	93.082	1142	71	8	15	1152	13	1150	0.0	1679	JQ711736.1.1479 Bacteria;Pseudomonadota;Alphaproteobacteria;Sphingomonadales;Sphingomonadaceae;Incertae Sedis;uncultured bacterium
Kasper_KS-20-2	93.082	1142	72	7	15	1152	14	1152	0.0	1679	KC138517.1.1453 Bacteria;Pseudomonadota;Alphaproteobacteria;Sphingomonadales;Sphingomonadaceae;Croceibacterium;uncultured bacterium
Kasper_KS-20-2	93.082	1142	72	7	15	1152	14	1152	0.0	1679	AB177883.1.1481 Bacteria;Pseudomonadota;Alphaproteobacteria;Sphingomonadales;Sphingomonadaceae;Novosphingobium;Novosphingobium naphthalenivorans
Kasper_KS-20-2	92.857	1148	77	5	16	1160	6	1151	0.0	1679	MG204702.1.1431 Bacteria;Pseudomonadota;Alphaproteobacteria;Sphingomonadales;Sphingomonadaceae;Incertae Sedis;Sphingomonas sp.
Kasper_KS-20-2	92.789	1151	76	7	15	1160	13	1161	0.0	1677	JQ769734.1.1463 Bacteria;Pseudomonadota;Alphaproteobacteria;Sphingomonadales;Sphingomonadaceae;Sphingomonas;uncultured bacterium
Kasper_KS-20-2	93.228	1137	66	11	22	1152	1	1132	0.0	1677	LN562440.1.1323 Bacteria;Pseudomonadota;Alphaproteobacteria;Sphingomonadales;Sphingomonadaceae;Incertae Sedis;uncultured bacterium
Kasper_KS-20-2	93.204	1133	74	3	22	1152	1	1132	0.0	1677	LN563937.1.1320 Bacteria;Pseudomonadota;Alphaproteobacteria;Sphingomonadales;Sphingomonadaceae;Novosphingobium;uncultured bacterium
Kasper_KS-20-2	92.783	1150	76	7	15	1160	14	1160	0.0	1676	FPLS01034245.12.1478 Bacteria;Pseudomonadota;Alphaproteobacteria;Sphingomonadales;Sphingomonadaceae;Ellin6055;metagenome
Kasper_KS-20-2	92.989	1141	75	5	15	1152	14	1152	0.0	1676	FPLS01032957.77.1524 Bacteria;Pseudomonadota;Alphaproteobacteria;Sphingomonadales;Sphingomonadaceae;Incertae Sedis;metagenome
Kasper_KS-20-2	92.989	1141	75	5	15	1152	14	1152	0.0	1676	FPLS01001187.12.1480 Bacteria;Pseudomonadota;Alphaproteobacteria;Sphingomonadales;Sphingomonadaceae;Incertae Sedis;metagenome
Kasper_KS-20-2	92.995	1142	73	7	15	1152	14	1152	0.0	1676	FPLS01056362.9.1478 Bacteria;Pseudomonadota;Alphaproteobacteria;Sphingomonadales;Sphingomonadaceae;Incertae Sedis;metagenome
Kasper_KS-20-2	93.007	1144	70	9	15	1152	14	1153	0.0	1676	JN869103.1.1482 Bacteria;Pseudomonadota;Alphaproteobacteria;Sphingomonadales;Sphingomonadaceae;Incertae Sedis;uncultured bacterium
Kasper_KS-20-2	92.783	1150	76	7	15	1160	14	1160	0.0	1676	GQ397036.1.1454 Bacteria;Pseudomonadota;Alphaproteobacteria;Sphingomonadales;Sphingomonadaceae;Incertae Sedis;uncultured bacterium
Kasper_KS-20-2	92.789	1151	74	9	15	1160	17	1163	0.0	1676	KF037672.1.1456 Bacteria;Pseudomonadota;Alphaproteobacteria;Sphingomonadales;Sphingomonadaceae;Incertae Sedis;uncultured bacterium
Kasper_KS-20-2	93.210	1134	70	7	23	1152	1	1131	0.0	1676	EU133354.1.1318 Bacteria;Pseudomonadota;Alphaproteobacteria;Sphingomonadales;Sphingomonadaceae;Croceibacterium;uncultured bacterium
Kasper_KS-20-2	92.764	1147	81	2	15	1160	14	1159	0.0	1676	KT826366.1.1448 Bacteria;Pseudomonadota;Alphaproteobacteria;Sphingomonadales;Sphingomonadaceae;Rhizorhabdus;Sphingomonas sp. TH186
Kasper_KS-20-2	92.770	1148	80	3	15	1160	14	1160	0.0	1676	HQ530510.1.1453 Bacteria;Pseudomonadota;Alphaproteobacteria;Sphingomonadales;Sphingomonadaceae;Hephaestia;Sphingomonas sp. X7(2010)
Kasper_KS-20-2	93.560	1118	64	8	47	1160	1	1114	0.0	1676	LN913073.1.1360 Bacteria;Pseudomonadota;Alphaproteobacteria;Sphingomonadales;Sphingomonadaceae;Sphingobium;Hephaestia sp. DUSK 48
Kasper_KS-20-2	92.783	1150	76	7	15	1160	14	1160	0.0	1674	FPLM01001087.16.1484 Bacteria;Pseudomonadota;Alphaproteobacteria;Sphingomonadales;Sphingomonadaceae;Rhizorhapis;metagenome
Kasper_KS-20-2	92.995	1142	72	8	15	1152	14	1151	0.0	1674	FPLL01006251.9.1474 Bacteria;Pseudomonadota;Alphaproteobacteria;Sphingomonadales;Sphingomonadaceae;Novosphingobium;metagenome
Kasper_KS-20-2	92.907	1142	76	5	22	1160	1	1140	0.0	1674	HM845801.1.1308 Bacteria;Pseudomonadota;Alphaproteobacteria;Sphingomonadales;Sphingomonadaceae;Incertae Sedis;uncultured bacterium
Kasper_KS-20-2	92.783	1150	76	7	15	1160	14	1160	0.0	1674	GQ340073.1.1345 Bacteria;Pseudomonadota;Alphaproteobacteria;Sphingomonadales;Sphingomonadaceae;Incertae Sedis;uncultured bacterium
Kasper_KS-20-2	93.001	1143	71	9	15	1152	14	1152	0.0	1674	EF125416.1.1449 Bacteria;Pseudomonadota;Alphaproteobacteria;Sphingomonadales;Sphingomonadaceae;Incertae Sedis;uncultured bacterium
Kasper_KS-20-2	93.122	1134	73	5	22	1152	1	1132	0.0	1674	HM274615.1.1308 Bacteria;Pseudomonadota;Alphaproteobacteria;Sphingomonadales;Sphingomonadaceae;Incertae Sedis;uncultured bacterium
Kasper_KS-20-2	92.783	1150	76	7	15	1160	14	1160	0.0	1674	JQ770023.1.1454 Bacteria;Pseudomonadota;Alphaproteobacteria;Sphingomonadales;Sphingomonadaceae;Incertae Sedis;uncultured bacterium
Kasper_KS-20-2	93.007	1144	69	10	15	1152	14	1152	0.0	1674	LN890293.1.1480 Bacteria;Pseudomonadota;Alphaproteobacteria;Sphingomonadales;Sphingomonadaceae;Novosphingobium;Novosphingobium fontis
Kasper_KS-20-2	93.025	1147	57	22	15	1160	14	1138	0.0	1672	KX987499.1.1428 Bacteria;Pseudomonadota;Alphaproteobacteria;Sphingomonadales;Sphingomonadaceae;Sphingobium;uncultured Sphingobium sp.
Kasper_KS-20-2	92.920	1144	72	9	22	1160	1	1140	0.0	1672	JF177292.1.1308 Bacteria;Pseudomonadota;Alphaproteobacteria;Sphingomonadales;Sphingomonadaceae;Ellin6055;uncultured bacterium
Kasper_KS-20-2	93.315	1107	69	5	55	1160	1	1103	0.0	1672	FJ191408.1.1385 Bacteria;Pseudomonadota;Alphaproteobacteria;Sphingomonadales;Sphingomonadaceae;Sphingobium;uncultured Sphingobium sp.
Kasper_KS-20-2	93.140	1137	67	10	22	1152	1	1132	0.0	1672	KC211836.1.1411 Bacteria;Pseudomonadota;Alphaproteobacteria;Sphingomonadales;Sphingomonadaceae;Novosphingobium;uncultured bacterium
Kasper_KS-20-2	92.920	1144	72	9	22	1160	1	1140	0.0	1672	MH094632.1.1416 Bacteria;Pseudomonadota;Alphaproteobacteria;Sphingomonadales;Sphingomonadaceae;Sphingobium;Sphingomonas sp.
Kasper_KS-20-2	93.128	1135	71	7	22	1152	1	1132	0.0	1672	AB681685.1.1414 Bacteria;Pseudomonadota;Alphaproteobacteria;Sphingomonadales;Sphingomonadaceae;Novosphingobium;Novosphingobium naphthalenivorans
Kasper_KS-20-2	92.683	1148	81	3	15	1160	14	1160	0.0	1670	FPLS01052488.16.1484 Bacteria;Pseudomonadota;Alphaproteobacteria;Sphingomonadales;Sphingomonadaceae;Ellin6055;metagenome
Kasper_KS-20-2	92.689	1149	79	4	15	1160	23	1169	0.0	1670	CP009452.153682.155180 Bacteria;Pseudomonadota;Alphaproteobacteria;Sphingomonadales;Sphingomonadaceae;Sphingopyxis;Sphingopyxis sp. 113P3
Kasper_KS-20-2	92.696	1150	77	7	15	1160	14	1160	0.0	1670	LN870800.1.1344 Bacteria;Pseudomonadota;Alphaproteobacteria;Sphingomonadales;Sphingomonadaceae;Ellin6055;uncultured bacterium
Kasper_KS-20-2	92.689	1149	79	4	15	1160	24	1170	0.0	1670	AP017898.3524508.3525999 Bacteria;Pseudomonadota;Alphaproteobacteria;Sphingomonadales;Sphingomonadaceae;Sphingopyxis;Sphingopyxis sp. FD7
Kasper_KS-20-2	92.702	1151	75	9	15	1160	14	1160	0.0	1670	HM191725.1.1447 Bacteria;Pseudomonadota;Alphaproteobacteria;Sphingomonadales;Sphingomonadaceae;Sphingobium;Sphingomonas sp. SH
Kasper_KS-20-2	92.907	1142	74	7	15	1152	14	1152	0.0	1668	GQ472116.1.1448 Bacteria;Pseudomonadota;Alphaproteobacteria;Sphingomonadales;Sphingomonadaceae;Erythrobacter;uncultured bacterium
Kasper_KS-20-2	93.058	1138	68	11	21	1152	1	1133	0.0	1668	GQ057136.1.1309 Bacteria;Pseudomonadota;Alphaproteobacteria;Sphingomonadales;Sphingomonadaceae;Novosphingobium;uncultured bacterium
Kasper_KS-20-2	92.901	1141	76	5	15	1152	15	1153	0.0	1668	JQ769800.1.1450 Bacteria;Pseudomonadota;Alphaproteobacteria;Sphingomonadales;Sphingomonadaceae;Sphingopyxis;uncultured bacterium
Kasper_KS-20-2	92.820	1142	77	5	22	1160	1	1140	0.0	1668	HM240929.1.1308 Bacteria;Pseudomonadota;Alphaproteobacteria;Sphingomonadales;Sphingomonadaceae;Incertae Sedis;uncultured bacterium
Kasper_KS-20-2	92.907	1142	74	7	15	1152	11	1149	0.0	1668	EU341268.1.1478 Bacteria;Pseudomonadota;Alphaproteobacteria;Sphingomonadales;Sphingomonadaceae;Novosphingobium;uncultured Novosphingobium sp.
Kasper_KS-20-2	92.820	1142	77	5	22	1160	1	1140	0.0	1668	EF540379.1.1411 Bacteria;Pseudomonadota;Alphaproteobacteria;Sphingomonadales;Sphingomonadaceae;Incertae Sedis;uncultured soil bacterium
Kasper_KS-20-2	92.826	1143	75	7	22	1160	1	1140	0.0	1668	LN565610.1.1322 Bacteria;Pseudomonadota;Alphaproteobacteria;Sphingomonadales;Sphingomonadaceae;Hephaestia;uncultured bacterium
Kasper_KS-20-2	92.820	1142	77	5	22	1160	1	1140	0.0	1668	AY771794.1.1409 Bacteria;Pseudomonadota;Alphaproteobacteria;Sphingomonadales;Sphingomonadaceae;Rhizorhabdus;Sphingomonas sp. Alpha1-2
Kasper_KS-20-2	92.826	1143	75	7	22	1160	1	1140	0.0	1668	LN570453.1.1321 Bacteria;Pseudomonadota;Alphaproteobacteria;Sphingomonadales;Sphingomonadaceae;Hephaestia;uncultured bacterium
Kasper_KS-20-2	92.907	1142	74	6	15	1152	18	1156	0.0	1668	KP721487.1.1492 Bacteria;Pseudomonadota;Alphaproteobacteria;Sphingomonadales;Sphingomonadaceae;Novosphingobium;Novosphingobium endophyticum
Kasper_KS-20-2	92.989	1141	69	10	18	1152	1	1136	0.0	1668	EF424403.1.1381 Bacteria;Pseudomonadota;Alphaproteobacteria;Sphingomonadales;Sphingomonadaceae;Novosphingobium;Novosphingobium mathurense
Kasper_KS-20-2	92.907	1142	72	9	16	1152	23	1160	0.0	1666	KJ716452.1.1441 Bacteria;Pseudomonadota;Alphaproteobacteria;Sphingomonadales;Sphingomonadaceae;Novosphingobium;Novosphingobium naphthalenivorans
Kasper_KS-20-2	93.824	1101	58	10	67	1160	7	1104	0.0	1666	LK392837.1.1333 Bacteria;Pseudomonadota;Alphaproteobacteria;Sphingomonadales;Sphingomonadaceae;Sphingobium;uncultured bacterium
Kasper_KS-20-2	92.609	1150	78	7	15	1160	14	1160	0.0	1664	FPLP01005963.16.1484 Bacteria;Pseudomonadota;Alphaproteobacteria;Sphingomonadales;Sphingomonadaceae;Rhizorhabdus;metagenome
Kasper_KS-20-2	92.602	1149	80	5	15	1160	14	1160	0.0	1664	FPLS01043417.15.1482 Bacteria;Pseudomonadota;Alphaproteobacteria;Sphingomonadales;Sphingomonadaceae;Rhizorhabdus;metagenome
Kasper_KS-20-2	92.589	1147	84	1	15	1160	14	1160	0.0	1664	FPLS01021423.19.1486 Bacteria;Pseudomonadota;Alphaproteobacteria;Sphingomonadales;Sphingomonadaceae;Rhizorhabdus;metagenome
Kasper_KS-20-2	92.602	1149	80	5	15	1160	20	1166	0.0	1664	GQ385289.1.1438 Bacteria;Pseudomonadota;Alphaproteobacteria;Sphingomonadales;Sphingomonadaceae;Sphingopyxis;uncultured bacterium
Kasper_KS-20-2	92.732	1142	80	3	22	1160	1	1142	0.0	1664	GQ059294.1.1310 Bacteria;Pseudomonadota;Alphaproteobacteria;Sphingomonadales;Sphingomonadaceae;Sphingomonas;uncultured bacterium
Kasper_KS-20-2	92.596	1148	82	3	15	1160	14	1160	0.0	1664	GU560166.1.1450 Bacteria;Pseudomonadota;Alphaproteobacteria;Sphingomonadales;Sphingomonadaceae;Sphingopyxis;uncultured Sphingomonas sp.
Kasper_KS-20-2	92.615	1151	77	8	15	1160	14	1161	0.0	1664	DQ520195.1.1451 Bacteria;Pseudomonadota;Alphaproteobacteria;Sphingomonadales;Sphingomonadaceae;Incertae Sedis;uncultured bacterium
Kasper_KS-20-2	92.813	1141	76	6	15	1152	15	1152	0.0	1664	DQ248230.1.1452 Bacteria;Pseudomonadota;Alphaproteobacteria;Sphingomonadales;Sphingomonadaceae;Incertae Sedis;uncultured soil bacterium
Kasper_KS-20-2	92.596	1148	82	3	15	1160	19	1165	0.0	1664	HQ118782.1.1366 Bacteria;Pseudomonadota;Alphaproteobacteria;Sphingomonadales;Sphingomonadaceae;Ellin6055;uncultured bacterium
Kasper_KS-20-2	92.670	1146	79	5	18	1160	1	1144	0.0	1664	KY117511.1.1439 Bacteria;Pseudomonadota;Alphaproteobacteria;Sphingomonadales;Sphingomonadaceae;Incertae Sedis;Sphingosinicella sp.
Kasper_KS-20-2	92.589	1147	84	1	15	1160	2	1148	0.0	1664	AB245348.1.1434 Bacteria;Pseudomonadota;Alphaproteobacteria;Sphingomonadales;Sphingomonadaceae;Incertae Sedis;Sphingomonadaceae bacterium Gsoil 690
Kasper_KS-20-2	92.602	1149	80	5	15	1160	1	1147	0.0	1664	HM159118.1.1405 Bacteria;Pseudomonadota;Alphaproteobacteria;Sphingomonadales;Sphingomonadaceae;Rhizorhabdus;Sphingomonas laterariae
Kasper_KS-20-2	92.602	1149	80	5	15	1160	14	1160	0.0	1664	AB374387.1.1481 Bacteria;Pseudomonadota;Alphaproteobacteria;Sphingomonadales;Sphingomonadaceae;Sphingomonas;uncultured endolithic bacterium
Kasper_KS-20-2	92.826	1143	74	8	15	1152	14	1153	0.0	1664	JQ806428.1.1451 Bacteria;Pseudomonadota;Alphaproteobacteria;Sphingomonadales;Sphingomonadaceae;Novosphingobium;Novosphingobium sp. SaMR1
Kasper_KS-20-2	92.832	1144	71	11	15	1152	14	1152	0.0	1663	AWUE01010616.496.1962 Bacteria;Pseudomonadota;Alphaproteobacteria;Sphingomonadales;Sphingomonadaceae;Novosphingobium;Corchorus olitorius
Kasper_KS-20-2	92.820	1142	75	7	15	1152	14	1152	0.0	1663	FPLL01006434.10.1478 Bacteria;Pseudomonadota;Alphaproteobacteria;Sphingomonadales;Sphingomonadaceae;Incertae Sedis;metagenome
Kasper_KS-20-2	92.832	1144	70	11	15	1152	22	1159	0.0	1663	CP030352.34298.35791 Bacteria;Pseudomonadota;Alphaproteobacteria;Sphingomonadales;Sphingomonadaceae;Novosphingobium;Novosphingobium sp. P6W
Kasper_KS-20-2	92.895	1140	72	8	18	1152	1	1136	0.0	1663	HQ754243.1.1402 Bacteria;Pseudomonadota;Alphaproteobacteria;Sphingomonadales;Sphingomonadaceae;Novosphingobium;uncultured organism
Kasper_KS-20-2	92.609	1150	78	7	15	1160	14	1160	0.0	1663	JF922550.1.1448 Bacteria;Pseudomonadota;Alphaproteobacteria;Sphingomonadales;Sphingomonadaceae;Incertae Sedis;uncultured bacterium
Kasper_KS-20-2	92.609	1150	78	7	15	1160	14	1160	0.0	1663	LN870752.1.1344 Bacteria;Pseudomonadota;Alphaproteobacteria;Sphingomonadales;Sphingomonadaceae;Incertae Sedis;uncultured bacterium
Kasper_KS-20-2	92.732	1142	78	5	22	1160	1	1140	0.0	1663	LN570450.1.1322 Bacteria;Pseudomonadota;Alphaproteobacteria;Sphingomonadales;Sphingomonadaceae;Incertae Sedis;uncultured bacterium
Kasper_KS-20-2	92.732	1142	78	4	22	1160	1	1140	0.0	1663	AB681000.1.1414 Bacteria;Pseudomonadota;Alphaproteobacteria;Sphingomonadales;Sphingomonadaceae;Sphingopyxis;Sphingomonas sp. NBRC 15917
Kasper_KS-20-2	92.807	1140	79	3	15	1152	14	1152	0.0	1663	FN397680.1.1479 Bacteria;Pseudomonadota;Alphaproteobacteria;Sphingomonadales;Sphingomonadaceae;Croceibacterium;Altererythrobacter sp. AMV9
Kasper_KS-20-2	92.820	1142	75	6	15	1152	13	1151	0.0	1663	KC410867.1.1447 Bacteria;Pseudomonadota;Alphaproteobacteria;Sphingomonadales;Sphingomonadaceae;Novosphingobium;Novosphingobium sp. DC-9
Kasper_KS-20-2	92.615	1151	76	9	15	1160	13	1159	0.0	1663	KF877720.1.1450 Bacteria;Pseudomonadota;Alphaproteobacteria;Sphingomonadales;Sphingomonadaceae;Incertae Sedis;Sphingosinicella sp. Z7
Kasper_KS-20-2	92.522	1150	80	6	15	1160	14	1161	0.0	1661	FPLS01003511.12.1482 Bacteria;Pseudomonadota;Alphaproteobacteria;Sphingomonadales;Sphingomonadaceae;Incertae Sedis;metagenome
Kasper_KS-20-2	92.970	1138	67	12	22	1152	1	1132	0.0	1661	JF226232.1.1308 Bacteria;Pseudomonadota;Alphaproteobacteria;Sphingomonadales;Sphingomonadaceae;Incertae Sedis;uncultured bacterium
Kasper_KS-20-2	92.745	1144	74	9	22	1160	1	1140	0.0	1661	KU179043.1.1413 Bacteria;Pseudomonadota;Alphaproteobacteria;Sphingomonadales;Sphingomonadaceae;Incertae Sedis;Sphingomonas faucium
Kasper_KS-20-2	92.528	1151	77	9	15	1160	17	1163	0.0	1659	KF037874.1.1456 Bacteria;Pseudomonadota;Alphaproteobacteria;Sphingomonadales;Sphingomonadaceae;Incertae Sedis;uncultured bacterium
Kasper_KS-20-2	92.609	1150	74	11	15	1160	14	1156	0.0	1659	GU179687.1.1339 Bacteria;Pseudomonadota;Alphaproteobacteria;Sphingomonadales;Sphingomonadaceae;SD04E11;uncultured Alphaproteobacteria bacterium
Kasper_KS-20-2	92.441	1151	79	8	15	1160	14	1161	0.0	1659	JQ404430.1.1451 Bacteria;Pseudomonadota;Alphaproteobacteria;Sphingomonadales;Sphingomonadaceae;Incertae Sedis;uncultured Alphaproteobacteria bacterium
Kasper_KS-20-2	92.764	1147	63	20	15	1160	15	1142	0.0	1659	KJ590033.1.1430 Bacteria;Pseudomonadota;Alphaproteobacteria;Sphingomonadales;Sphingomonadaceae;Sphingobium;uncultured Sphingobium sp.
Kasper_KS-20-2	92.751	1145	71	11	15	1152	31	1170	0.0	1659	KX808674.1.1505 Bacteria;Pseudomonadota;Alphaproteobacteria;Sphingomonadales;Sphingomonadaceae;Alteraurantiacibacter;Altererythrobacter palmitatis
Kasper_KS-20-2	93.598	1109	59	12	50	1152	1	1103	0.0	1659	KC157042.1.1351 Bacteria;Pseudomonadota;Alphaproteobacteria;Sphingomonadales;Sphingomonadaceae;Novosphingobium;Novosphingobium sp. HME8651
Kasper_KS-20-2	92.738	1143	74	9	15	1152	14	1152	0.0	1657	FPLS01006998.15.1483 Bacteria;Pseudomonadota;Alphaproteobacteria;Sphingomonadales;Sphingomonadaceae;Incertae Sedis;metagenome
Kasper_KS-20-2	92.651	1143	77	7	22	1160	1	1140	0.0	1657	JF319281.1.1411 Bacteria;Pseudomonadota;Alphaproteobacteria;Sphingomonadales;Sphingomonadaceae;Incertae Sedis;uncultured Alphaproteobacteria bacterium
Kasper_KS-20-2	92.732	1142	76	7	15	1152	13	1151	0.0	1657	FJ674974.1.1343 Bacteria;Pseudomonadota;Alphaproteobacteria;Sphingomonadales;Sphingomonadaceae;Incertae Sedis;uncultured bacterium
Kasper_KS-20-2	92.745	1144	72	10	15	1152	14	1152	0.0	1657	FJ444690.1.1450 Bacteria;Pseudomonadota;Alphaproteobacteria;Sphingomonadales;Sphingomonadaceae;Novosphingobium;uncultured Novosphingobium sp.
Kasper_KS-20-2	92.726	1141	78	5	15	1152	15	1153	0.0	1657	KT122319.1.1453 Bacteria;Pseudomonadota;Alphaproteobacteria;Sphingomonadales;Sphingomonadaceae;Novosphingobium;uncultured Novosphingobium sp.
Kasper_KS-20-2	92.638	1141	81	3	22	1160	1	1140	0.0	1657	GQ015325.1.1308 Bacteria;Pseudomonadota;Alphaproteobacteria;Sphingomonadales;Sphingomonadaceae;Rhizorhabdus;uncultured bacterium
Kasper_KS-20-2	92.738	1143	73	10	15	1152	17	1154	0.0	1657	GU208446.1.1455 Bacteria;Pseudomonadota;Alphaproteobacteria;Sphingomonadales;Sphingomonadaceae;Incertae Sedis;uncultured prokaryote
Kasper_KS-20-2	92.522	1150	79	7	15	1160	13	1159	0.0	1657	KC551715.1.1447 Bacteria;Pseudomonadota;Alphaproteobacteria;Sphingomonadales;Sphingomonadaceae;Incertae Sedis;uncultured bacterium
Kasper_KS-20-2	92.726	1141	78	5	15	1152	14	1152	0.0	1657	HQ158685.1.1450 Bacteria;Pseudomonadota;Alphaproteobacteria;Sphingomonadales;Sphingomonadaceae;Incertae Sedis;uncultured bacterium
Kasper_KS-20-2	92.870	1136	73	8	22	1152	1	1133	0.0	1657	LN560884.1.1321 Bacteria;Pseudomonadota;Alphaproteobacteria;Sphingomonadales;Sphingomonadaceae;Novosphingobium;uncultured bacterium
Kasper_KS-20-2	92.509	1148	81	4	16	1160	1	1146	0.0	1657	AB675374.1.1422 Bacteria;Pseudomonadota;Alphaproteobacteria;Sphingomonadales;Sphingomonadaceae;Sphingopyxis;Sphingopyxis soli
Kasper_KS-20-2	92.745	1144	72	10	15	1152	18	1156	0.0	1657	FJ377543.1.1460 Bacteria;Pseudomonadota;Alphaproteobacteria;Sphingomonadales;Sphingomonadaceae;Novosphingobium;Novosphingobium sp. F2
Kasper_KS-20-2	92.422	1148	84	3	15	1160	22	1168	0.0	1653	LMIB01000016.432315.433808 Bacteria;Pseudomonadota;Alphaproteobacteria;Sphingomonadales;Sphingomonadaceae;Rhizorhabdus;Sphingomonas sp. Root710
Kasper_KS-20-2	92.428	1149	82	5	15	1160	14	1160	0.0	1653	FRDC01000048.2561.4028 Bacteria;Pseudomonadota;Alphaproteobacteria;Sphingomonadales;Sphingomonadaceae;Sphingomonas;freshwater metagenome
Kasper_KS-20-2	92.435	1150	80	7	15	1160	14	1160	0.0	1653	JF417779.1.1450 Bacteria;Pseudomonadota;Alphaproteobacteria;Sphingomonadales;Sphingomonadaceae;Incertae Sedis;uncultured bacterium
Kasper_KS-20-2	92.422	1148	84	3	15	1160	14	1160	0.0	1653	GQ472119.1.1450 Bacteria;Pseudomonadota;Alphaproteobacteria;Sphingomonadales;Sphingomonadaceae;Sphingopyxis;uncultured bacterium
