KS-10-2	98.838	1291	9	5	4	1288	23	1313	0.0	2311	CP023271.4630132.4631676 Bacteria;Pseudomonadota;Gammaproteobacteria;Lysobacterales;Lysobacteraceae;Stenotrophomonas;Stenotrophomonas sp. MYb57
KS-10-2	98.838	1291	9	5	4	1288	23	1313	0.0	2311	CP023271.4624423.4625967 Bacteria;Pseudomonadota;Gammaproteobacteria;Lysobacterales;Lysobacteraceae;Stenotrophomonas;Stenotrophomonas sp. MYb57
KS-10-2	98.838	1291	9	5	4	1288	23	1313	0.0	2311	CP023271.366796.368340 Bacteria;Pseudomonadota;Gammaproteobacteria;Lysobacterales;Lysobacteraceae;Stenotrophomonas;Stenotrophomonas sp. MYb57
KS-10-2	98.761	1291	10	5	4	1288	23	1313	0.0	2305	CP023271.361088.362632 Bacteria;Pseudomonadota;Gammaproteobacteria;Lysobacterales;Lysobacteraceae;Stenotrophomonas;Stenotrophomonas sp. MYb57
KS-10-2	98.834	1286	9	5	9	1288	1	1286	0.0	2302	FR682931.1.1497 Bacteria;Pseudomonadota;Gammaproteobacteria;Lysobacterales;Lysobacteraceae;Stenotrophomonas;Stenotrophomonas sp. R-41388
KS-10-2	98.683	1291	11	6	4	1288	19	1309	0.0	2300	HQ674839.1.1515 Bacteria;Pseudomonadota;Gammaproteobacteria;Lysobacterales;Lysobacteraceae;Stenotrophomonas;uncultured Steroidobacter sp.
KS-10-2	98.756	1286	10	5	9	1288	1	1286	0.0	2296	AB680524.1.1470 Bacteria;Pseudomonadota;Gammaproteobacteria;Lysobacterales;Lysobacteraceae;Stenotrophomonas;Stenotrophomonas maltophilia
KS-10-2	98.606	1291	11	7	4	1288	16	1305	0.0	2292	CP031741.4414646.4416169 Bacteria;Pseudomonadota;Gammaproteobacteria;Lysobacterales;Lysobacteraceae;Stenotrophomonas;Stenotrophomonas sp. G4
KS-10-2	98.606	1291	11	7	4	1288	16	1305	0.0	2292	CP031741.416870.418393 Bacteria;Pseudomonadota;Gammaproteobacteria;Lysobacterales;Lysobacteraceae;Stenotrophomonas;Stenotrophomonas sp. G4
KS-10-2	98.528	1291	11	8	4	1288	16	1304	0.0	2287	CP031741.411167.412689 Bacteria;Pseudomonadota;Gammaproteobacteria;Lysobacterales;Lysobacteraceae;Stenotrophomonas;Stenotrophomonas sp. G4
KS-10-2	98.453	1293	12	7	4	1288	17	1309	0.0	2285	AB294554.1.1541 Bacteria;Pseudomonadota;Gammaproteobacteria;Lysobacterales;Lysobacteraceae;Stenotrophomonas;Stenotrophomonas maltophilia
KS-10-2	98.525	1288	11	7	9	1288	1	1288	0.0	2281	X95924.1.1502 Bacteria;Pseudomonadota;Gammaproteobacteria;Lysobacterales;Lysobacteraceae;Stenotrophomonas;Stenotrophomonas maltophilia
KS-10-2	98.376	1293	13	8	4	1288	17	1309	0.0	2279	AB294555.1.1541 Bacteria;Pseudomonadota;Gammaproteobacteria;Lysobacterales;Lysobacteraceae;Stenotrophomonas;Stenotrophomonas maltophilia
KS-10-2	98.299	1293	14	7	4	1288	16	1308	0.0	2274	CP018756.4145208.4146734 Bacteria;Pseudomonadota;Gammaproteobacteria;Lysobacterales;Lysobacteraceae;Stenotrophomonas;Stenotrophomonas maltophilia
KS-10-2	98.299	1293	14	7	4	1288	16	1308	0.0	2274	CP018756.4608395.4609921 Bacteria;Pseudomonadota;Gammaproteobacteria;Lysobacterales;Lysobacteraceae;Stenotrophomonas;Stenotrophomonas maltophilia
KS-10-2	98.370	1288	13	7	9	1288	1	1288	0.0	2270	AB680321.1.1472 Bacteria;Pseudomonadota;Gammaproteobacteria;Lysobacterales;Lysobacteraceae;Stenotrophomonas;Stenotrophomonas maltophilia
KS-10-2	98.221	1293	15	7	4	1288	16	1308	0.0	2268	CP018756.4602727.4604253 Bacteria;Pseudomonadota;Gammaproteobacteria;Lysobacterales;Lysobacteraceae;Stenotrophomonas;Stenotrophomonas maltophilia
KS-10-2	98.221	1293	15	7	4	1288	16	1308	0.0	2268	CP018756.4150875.4152401 Bacteria;Pseudomonadota;Gammaproteobacteria;Lysobacterales;Lysobacteraceae;Stenotrophomonas;Stenotrophomonas maltophilia
KS-10-2	98.218	1291	17	5	4	1288	23	1313	0.0	2266	CP011010.4745935.4747479 Bacteria;Pseudomonadota;Gammaproteobacteria;Lysobacterales;Lysobacteraceae;Stenotrophomonas;Stenotrophomonas maltophilia
KS-10-2	98.364	1284	15	5	11	1288	3	1286	0.0	2265	JX001228.1.1461 Bacteria;Pseudomonadota;Gammaproteobacteria;Lysobacterales;Lysobacteraceae;Stenotrophomonas;uncultured bacterium
KS-10-2	98.291	1287	14	7	5	1283	1	1287	0.0	2263	KX456297.1.1479 Bacteria;Pseudomonadota;Gammaproteobacteria;Lysobacterales;Lysobacteraceae;Stenotrophomonas;uncultured Stenotrophomonas sp.
KS-10-2	98.217	1290	15	7	4	1285	28	1317	0.0	2263	MK110499.1.1500 Bacteria;Pseudomonadota;Gammaproteobacteria;Lysobacterales;Lysobacteraceae;Stenotrophomonas;Stenotrophomonas sp.
KS-10-2	98.214	1288	15	8	9	1288	1	1288	0.0	2263	AJ131903.1.1502 Bacteria;Pseudomonadota;Gammaproteobacteria;Lysobacterales;Lysobacteraceae;Stenotrophomonas;Stenotrophomonas maltophilia
KS-10-2	98.141	1291	18	5	4	1288	23	1313	0.0	2261	CP011010.367664.369208 Bacteria;Pseudomonadota;Gammaproteobacteria;Lysobacterales;Lysobacteraceae;Stenotrophomonas;Stenotrophomonas maltophilia
KS-10-2	98.142	1292	17	6	4	1288	17	1308	0.0	2261	EF620444.1.1474 Bacteria;Pseudomonadota;Gammaproteobacteria;Lysobacterales;Lysobacteraceae;Stenotrophomonas;Stenotrophomonas maltophilia
KS-10-2	98.064	1291	19	5	4	1288	16	1306	0.0	2255	CP028358.441945.443469 Bacteria;Pseudomonadota;Gammaproteobacteria;Lysobacterales;Lysobacteraceae;Stenotrophomonas;Stenotrophomonas maltophilia
KS-10-2	98.064	1291	19	5	4	1288	23	1313	0.0	2255	CP011010.373374.374918 Bacteria;Pseudomonadota;Gammaproteobacteria;Lysobacterales;Lysobacteraceae;Stenotrophomonas;Stenotrophomonas maltophilia
KS-10-2	98.064	1291	19	5	4	1288	23	1313	0.0	2255	CP011010.4740271.4741815 Bacteria;Pseudomonadota;Gammaproteobacteria;Lysobacterales;Lysobacteraceae;Stenotrophomonas;Stenotrophomonas maltophilia
KS-10-2	98.214	1288	11	11	9	1288	1	1284	0.0	2255	JX001191.1.1465 Bacteria;Pseudomonadota;Gammaproteobacteria;Lysobacterales;Lysobacteraceae;Stenotrophomonas;uncultured bacterium
KS-10-2	98.212	1286	16	6	9	1288	1	1285	0.0	2255	JX001192.1.1455 Bacteria;Pseudomonadota;Gammaproteobacteria;Lysobacterales;Lysobacteraceae;Stenotrophomonas;uncultured bacterium
KS-10-2	98.064	1291	19	5	4	1288	16	1306	0.0	2255	EU537193.1.1403 Bacteria;Pseudomonadota;Gammaproteobacteria;Lysobacterales;Lysobacteraceae;Stenotrophomonas;uncultured bacterium
KS-10-2	98.064	1291	19	5	4	1288	16	1306	0.0	2255	EU534487.1.1403 Bacteria;Pseudomonadota;Gammaproteobacteria;Lysobacterales;Lysobacteraceae;Stenotrophomonas;uncultured bacterium
KS-10-2	98.064	1291	19	5	4	1288	18	1308	0.0	2255	JX174242.1.1536 Bacteria;Pseudomonadota;Gammaproteobacteria;Lysobacterales;Lysobacteraceae;Stenotrophomonas;Stenotrophomonas sp. 2365
KS-10-2	98.068	1294	12	12	4	1288	17	1306	0.0	2254	JN986167.1.1507 Bacteria;Pseudomonadota;Gammaproteobacteria;Lysobacterales;Lysobacteraceae;Stenotrophomonas;uncultured bacterium
KS-10-2	98.137	1288	15	8	9	1288	1	1287	0.0	2252	KC820061.1.1494 Bacteria;Pseudomonadota;Gammaproteobacteria;Lysobacterales;Lysobacteraceae;Stenotrophomonas;uncultured Xanthomonas sp.
KS-10-2	98.809	1259	9	5	36	1288	88	1346	0.0	2252	LN867313.1.1464 Bacteria;Pseudomonadota;Gammaproteobacteria;Lysobacterales;Lysobacteraceae;Stenotrophomonas;Stenotrophomonas maltophilia
KS-10-2	97.986	1291	20	5	4	1288	23	1313	0.0	2250	CP011306.4441274.4442818 Bacteria;Pseudomonadota;Gammaproteobacteria;Lysobacterales;Lysobacteraceae;Stenotrophomonas;Stenotrophomonas maltophilia
KS-10-2	97.986	1291	20	5	4	1288	23	1313	0.0	2250	CP011306.338880.340424 Bacteria;Pseudomonadota;Gammaproteobacteria;Lysobacterales;Lysobacteraceae;Stenotrophomonas;Stenotrophomonas maltophilia
KS-10-2	97.986	1291	20	5	4	1288	23	1313	0.0	2250	CP011305.338880.340424 Bacteria;Pseudomonadota;Gammaproteobacteria;Lysobacterales;Lysobacteraceae;Stenotrophomonas;Stenotrophomonas maltophilia
KS-10-2	97.986	1291	20	5	4	1288	23	1313	0.0	2250	CP011305.4441274.4442818 Bacteria;Pseudomonadota;Gammaproteobacteria;Lysobacterales;Lysobacteraceae;Stenotrophomonas;Stenotrophomonas maltophilia
KS-10-2	97.986	1291	20	5	4	1288	11	1301	0.0	2250	EU537225.1.1399 Bacteria;Pseudomonadota;Gammaproteobacteria;Lysobacterales;Lysobacteraceae;Stenotrophomonas;uncultured bacterium
KS-10-2	97.986	1291	20	5	4	1288	16	1306	0.0	2250	HE798556.4707686.4709223 Bacteria;Pseudomonadota;Gammaproteobacteria;Lysobacterales;Lysobacteraceae;Stenotrophomonas;Stenotrophomonas maltophilia D457
KS-10-2	97.986	1291	20	5	4	1288	16	1306	0.0	2250	HE798556.4702023.4703560 Bacteria;Pseudomonadota;Gammaproteobacteria;Lysobacterales;Lysobacteraceae;Stenotrophomonas;Stenotrophomonas maltophilia D457
KS-10-2	97.986	1291	19	6	4	1288	16	1305	0.0	2248	CP028358.4669931.4671454 Bacteria;Pseudomonadota;Gammaproteobacteria;Lysobacterales;Lysobacteraceae;Stenotrophomonas;Stenotrophomonas maltophilia
KS-10-2	98.061	1289	16	9	8	1288	1	1288	0.0	2248	KC820073.1.1497 Bacteria;Pseudomonadota;Gammaproteobacteria;Lysobacterales;Lysobacteraceae;Stenotrophomonas;uncultured Xanthomonas sp.
KS-10-2	97.912	1293	19	7	4	1288	16	1308	0.0	2246	CP001111.4505782.4507321 Bacteria;Pseudomonadota;Gammaproteobacteria;Lysobacterales;Lysobacteraceae;Stenotrophomonas;Stenotrophomonas maltophilia R551-3
KS-10-2	97.912	1293	19	7	4	1288	16	1308	0.0	2246	CP001111.353034.354573 Bacteria;Pseudomonadota;Gammaproteobacteria;Lysobacterales;Lysobacteraceae;Stenotrophomonas;Stenotrophomonas maltophilia R551-3
KS-10-2	97.912	1293	19	7	4	1288	16	1308	0.0	2246	CP001111.358704.360243 Bacteria;Pseudomonadota;Gammaproteobacteria;Lysobacterales;Lysobacteraceae;Stenotrophomonas;Stenotrophomonas maltophilia R551-3
KS-10-2	98.056	1286	19	5	9	1288	1	1286	0.0	2246	GU945534.1.1427 Bacteria;Pseudomonadota;Gammaproteobacteria;Lysobacterales;Lysobacteraceae;Stenotrophomonas;Stenotrophomonas maltophilia
KS-10-2	98.354	1276	12	8	19	1288	5	1277	0.0	2246	JX646631.1.1445 Bacteria;Pseudomonadota;Gammaproteobacteria;Lysobacterales;Lysobacteraceae;Stenotrophomonas;Stenotrophomonas maltophilia
KS-10-2	98.654	1263	10	6	32	1288	14	1275	0.0	2246	KC764984.1.1443 Bacteria;Pseudomonadota;Gammaproteobacteria;Lysobacterales;Lysobacteraceae;Stenotrophomonas;Stenotrophomonas maltophilia
KS-10-2	97.909	1291	21	5	4	1288	23	1313	0.0	2244	CP029773.332650.334194 Bacteria;Pseudomonadota;Gammaproteobacteria;Lysobacterales;Lysobacteraceae;Stenotrophomonas;Stenotrophomonas maltophilia
KS-10-2	97.909	1291	21	5	4	1288	23	1313	0.0	2244	CP029773.4825823.4827367 Bacteria;Pseudomonadota;Gammaproteobacteria;Lysobacterales;Lysobacteraceae;Stenotrophomonas;Stenotrophomonas maltophilia
KS-10-2	97.909	1291	21	5	4	1288	23	1313	0.0	2244	CP029773.338316.339860 Bacteria;Pseudomonadota;Gammaproteobacteria;Lysobacterales;Lysobacteraceae;Stenotrophomonas;Stenotrophomonas maltophilia
KS-10-2	97.909	1291	21	5	4	1288	23	1313	0.0	2244	CP011306.344543.346087 Bacteria;Pseudomonadota;Gammaproteobacteria;Lysobacterales;Lysobacteraceae;Stenotrophomonas;Stenotrophomonas maltophilia
KS-10-2	97.909	1291	21	5	4	1288	23	1313	0.0	2244	CP025298.4675905.4677449 Bacteria;Pseudomonadota;Gammaproteobacteria;Lysobacterales;Lysobacteraceae;Stenotrophomonas;Stenotrophomonas maltophilia
KS-10-2	97.909	1291	21	5	4	1288	23	1313	0.0	2244	CP011306.4446939.4448483 Bacteria;Pseudomonadota;Gammaproteobacteria;Lysobacterales;Lysobacteraceae;Stenotrophomonas;Stenotrophomonas maltophilia
KS-10-2	97.909	1291	21	5	4	1288	23	1313	0.0	2244	CP011305.344543.346087 Bacteria;Pseudomonadota;Gammaproteobacteria;Lysobacterales;Lysobacteraceae;Stenotrophomonas;Stenotrophomonas maltophilia
KS-10-2	97.909	1291	21	5	4	1288	23	1313	0.0	2244	CP025298.388221.389765 Bacteria;Pseudomonadota;Gammaproteobacteria;Lysobacterales;Lysobacteraceae;Stenotrophomonas;Stenotrophomonas maltophilia
KS-10-2	97.909	1291	21	5	4	1288	23	1313	0.0	2244	CP011305.4446939.4448483 Bacteria;Pseudomonadota;Gammaproteobacteria;Lysobacterales;Lysobacteraceae;Stenotrophomonas;Stenotrophomonas maltophilia
KS-10-2	98.056	1286	17	7	9	1288	1	1284	0.0	2244	JX001227.1.1464 Bacteria;Pseudomonadota;Gammaproteobacteria;Lysobacterales;Lysobacteraceae;Stenotrophomonas;uncultured bacterium
KS-10-2	97.909	1291	21	5	4	1288	16	1306	0.0	2244	CP002986.4484519.4486051 Bacteria;Pseudomonadota;Gammaproteobacteria;Lysobacterales;Lysobacteraceae;Stenotrophomonas;Stenotrophomonas maltophilia JV3
KS-10-2	97.909	1291	21	5	4	1288	16	1306	0.0	2244	CP002986.4478810.4480342 Bacteria;Pseudomonadota;Gammaproteobacteria;Lysobacterales;Lysobacteraceae;Stenotrophomonas;Stenotrophomonas maltophilia JV3
KS-10-2	97.909	1291	21	5	4	1288	16	1306	0.0	2244	CP002986.371643.373175 Bacteria;Pseudomonadota;Gammaproteobacteria;Lysobacterales;Lysobacteraceae;Stenotrophomonas;Stenotrophomonas maltophilia JV3
KS-10-2	97.913	1294	15	10	4	1288	15	1305	0.0	2244	AY169417.1.1507 Bacteria;Pseudomonadota;Gammaproteobacteria;Lysobacterales;Lysobacteraceae;Stenotrophomonas;Stenotrophomonas maltophilia
KS-10-2	97.833	1292	20	7	4	1288	19	1309	0.0	2242	AY838521.1.1523 Bacteria;Pseudomonadota;Gammaproteobacteria;Lysobacterales;Lysobacteraceae;Stenotrophomonas;uncultured bacterium
KS-10-2	98.353	1275	10	10	21	1288	1	1271	0.0	2242	JX646646.1.1441 Bacteria;Pseudomonadota;Gammaproteobacteria;Lysobacterales;Lysobacteraceae;Stenotrophomonas;Stenotrophomonas maltophilia
KS-10-2	97.912	1293	16	11	4	1288	17	1306	0.0	2242	KJ605870.1.1517 Bacteria;Pseudomonadota;Gammaproteobacteria;Lysobacterales;Lysobacteraceae;Stenotrophomonas;uncultured Stenotrophomonas sp.
KS-10-2	97.834	1293	20	7	4	1288	16	1308	0.0	2241	FJ184343.1.1511 Bacteria;Pseudomonadota;Gammaproteobacteria;Lysobacterales;Lysobacteraceae;Stenotrophomonas;uncultured soil bacterium
KS-10-2	97.834	1293	20	7	4	1288	16	1308	0.0	2241	CP001111.4511452.4512991 Bacteria;Pseudomonadota;Gammaproteobacteria;Lysobacterales;Lysobacteraceae;Stenotrophomonas;Stenotrophomonas maltophilia R551-3
KS-10-2	98.651	1260	9	7	35	1288	16	1273	0.0	2241	JF460769.1.1439 Bacteria;Pseudomonadota;Gammaproteobacteria;Lysobacterales;Lysobacteraceae;Stenotrophomonas;[Pseudomonas] geniculata
KS-10-2	97.831	1291	22	5	4	1288	16	1306	0.0	2239	CP028358.4675595.4677119 Bacteria;Pseudomonadota;Gammaproteobacteria;Lysobacterales;Lysobacteraceae;Stenotrophomonas;Stenotrophomonas maltophilia
KS-10-2	97.831	1291	22	5	4	1288	23	1313	0.0	2239	CP027562.4866235.4867781 Bacteria;Pseudomonadota;Gammaproteobacteria;Lysobacterales;Lysobacteraceae;Stenotrophomonas;Stenotrophomonas maltophilia
KS-10-2	98.200	1278	13	9	19	1288	7	1282	0.0	2239	GQ861456.1.1454 Bacteria;Pseudomonadota;Gammaproteobacteria;Lysobacterales;Lysobacteraceae;Stenotrophomonas;Stenotrophomonas maltophilia
KS-10-2	98.200	1278	12	10	18	1288	4	1277	0.0	2237	JX646651.1.1445 Bacteria;Pseudomonadota;Gammaproteobacteria;Lysobacterales;Lysobacteraceae;Stenotrophomonas;Stenotrophomonas maltophilia
KS-10-2	98.199	1277	14	8	20	1288	8	1283	0.0	2237	GQ861457.1.1461 Bacteria;Pseudomonadota;Gammaproteobacteria;Lysobacterales;Lysobacteraceae;Stenotrophomonas;Stenotrophomonas maltophilia
KS-10-2	97.757	1293	21	7	4	1288	16	1308	0.0	2235	CP028358.436281.437807 Bacteria;Pseudomonadota;Gammaproteobacteria;Lysobacterales;Lysobacteraceae;Stenotrophomonas;Stenotrophomonas maltophilia
KS-10-2	97.900	1286	21	5	9	1288	1	1286	0.0	2235	HQ434483.1.1303 Bacteria;Pseudomonadota;Gammaproteobacteria;Lysobacterales;Lysobacteraceae;Stenotrophomonas;Stenotrophomonas maltophilia
KS-10-2	97.757	1293	21	7	4	1288	17	1309	0.0	2235	GQ268318.1.1480 Bacteria;Pseudomonadota;Gammaproteobacteria;Lysobacterales;Lysobacteraceae;Stenotrophomonas;Stenotrophomonas maltophilia
KS-10-2	97.754	1291	23	6	4	1288	16	1306	0.0	2233	EU539257.1.1403 Bacteria;Pseudomonadota;Gammaproteobacteria;Lysobacterales;Lysobacteraceae;Stenotrophomonas;uncultured bacterium
KS-10-2	97.754	1291	23	5	4	1288	19	1309	0.0	2233	JQ861289.1.1513 Bacteria;Pseudomonadota;Gammaproteobacteria;Lysobacterales;Lysobacteraceae;Stenotrophomonas;uncultured gamma proteobacterium
KS-10-2	97.754	1291	23	5	4	1288	16	1306	0.0	2233	LT906480.4943288.4944820 Bacteria;Pseudomonadota;Gammaproteobacteria;Lysobacterales;Lysobacteraceae;Stenotrophomonas;Stenotrophomonas maltophilia
KS-10-2	97.754	1291	23	5	4	1288	16	1306	0.0	2233	LT906480.379969.381501 Bacteria;Pseudomonadota;Gammaproteobacteria;Lysobacterales;Lysobacteraceae;Stenotrophomonas;Stenotrophomonas maltophilia
KS-10-2	98.494	1262	11	7	35	1288	19	1280	0.0	2233	HQ857772.1.1450 Bacteria;Pseudomonadota;Gammaproteobacteria;Lysobacterales;Lysobacteraceae;Stenotrophomonas;[Pseudomonas] geniculata
KS-10-2	97.754	1291	23	5	4	1288	23	1313	0.0	2233	AM743169.416435.417979 Bacteria;Pseudomonadota;Gammaproteobacteria;Lysobacterales;Lysobacteraceae;Stenotrophomonas;Stenotrophomonas maltophilia K279a
KS-10-2	97.757	1293	20	8	4	1288	5	1296	0.0	2233	FJ657669.1.1506 Bacteria;Pseudomonadota;Gammaproteobacteria;Lysobacterales;Lysobacteraceae;Stenotrophomonas;Stenotrophomonas maltophilia
KS-10-2	97.754	1291	23	5	4	1288	5	1295	0.0	2233	KP100336.1.1508 Bacteria;Pseudomonadota;Gammaproteobacteria;Lysobacterales;Lysobacteraceae;Stenotrophomonas;Stenotrophomonas maltophilia
KS-10-2	97.754	1291	22	6	4	1288	16	1305	0.0	2231	EU539849.1.1402 Bacteria;Pseudomonadota;Gammaproteobacteria;Lysobacterales;Lysobacteraceae;Stenotrophomonas;uncultured bacterium
KS-10-2	97.680	1293	22	7	4	1288	16	1308	0.0	2230	DQ298785.1.1539 Bacteria;Pseudomonadota;Gammaproteobacteria;Lysobacterales;Lysobacteraceae;Stenotrophomonas;bacterium 3B2
KS-10-2	97.823	1286	22	5	9	1288	1	1286	0.0	2230	GQ417315.1.1468 Bacteria;Pseudomonadota;Gammaproteobacteria;Lysobacterales;Lysobacteraceae;Stenotrophomonas;uncultured Stenotrophomonas sp.
KS-10-2	97.680	1293	22	7	4	1288	23	1315	0.0	2230	CP022053.2678599.2680145 Bacteria;Pseudomonadota;Gammaproteobacteria;Lysobacterales;Lysobacteraceae;Stenotrophomonas;Stenotrophomonas maltophilia
KS-10-2	97.680	1293	22	7	4	1288	23	1315	0.0	2230	CP022053.2684262.2685808 Bacteria;Pseudomonadota;Gammaproteobacteria;Lysobacterales;Lysobacteraceae;Stenotrophomonas;Stenotrophomonas maltophilia
KS-10-2	97.680	1293	22	7	4	1288	27	1319	0.0	2230	KF433907.1.1530 Bacteria;Pseudomonadota;Gammaproteobacteria;Lysobacterales;Lysobacteraceae;Stenotrophomonas;Stenotrophomonas sp. BAB-2702
KS-10-2	97.606	1295	21	9	4	1288	16	1310	0.0	2228	JN379420.1.1513 Bacteria;Pseudomonadota;Gammaproteobacteria;Lysobacterales;Lysobacteraceae;Stenotrophomonas;uncultured Stenotrophomonas sp.
KS-10-2	97.676	1291	24	5	4	1288	23	1313	0.0	2228	CP021768.4448204.4449748 Bacteria;Pseudomonadota;Gammaproteobacteria;Lysobacterales;Lysobacteraceae;Stenotrophomonas;Stenotrophomonas sp. WZN-1
KS-10-2	97.676	1291	24	5	4	1288	23	1313	0.0	2228	CP021768.4453870.4455414 Bacteria;Pseudomonadota;Gammaproteobacteria;Lysobacterales;Lysobacteraceae;Stenotrophomonas;Stenotrophomonas sp. WZN-1
KS-10-2	97.676	1291	24	5	4	1288	23	1313	0.0	2228	CP021768.386208.387752 Bacteria;Pseudomonadota;Gammaproteobacteria;Lysobacterales;Lysobacteraceae;Stenotrophomonas;Stenotrophomonas sp. WZN-1
KS-10-2	97.676	1291	24	5	4	1288	23	1313	0.0	2228	CP021768.380541.382085 Bacteria;Pseudomonadota;Gammaproteobacteria;Lysobacterales;Lysobacteraceae;Stenotrophomonas;Stenotrophomonas sp. WZN-1
KS-10-2	97.676	1291	24	5	4	1288	16	1306	0.0	2228	CP008838.3958322.3959854 Bacteria;Pseudomonadota;Gammaproteobacteria;Lysobacterales;Lysobacteraceae;Stenotrophomonas;Stenotrophomonas maltophilia
KS-10-2	97.676	1291	24	5	4	1288	15	1305	0.0	2228	CP008838.3517637.3519167 Bacteria;Pseudomonadota;Gammaproteobacteria;Lysobacterales;Lysobacteraceae;Stenotrophomonas;Stenotrophomonas maltophilia
KS-10-2	97.676	1291	24	5	4	1288	16	1306	0.0	2228	KC541233.1.1560 Bacteria;Pseudomonadota;Gammaproteobacteria;Lysobacterales;Lysobacteraceae;Stenotrophomonas;uncultured bacterium
KS-10-2	97.676	1291	24	5	4	1288	16	1306	0.0	2228	LT906480.4937579.4939111 Bacteria;Pseudomonadota;Gammaproteobacteria;Lysobacterales;Lysobacteraceae;Stenotrophomonas;Stenotrophomonas maltophilia
KS-10-2	97.676	1291	24	5	4	1288	16	1306	0.0	2228	HE798556.395406.396943 Bacteria;Pseudomonadota;Gammaproteobacteria;Lysobacterales;Lysobacteraceae;Stenotrophomonas;Stenotrophomonas maltophilia D457
KS-10-2	97.676	1291	24	5	4	1288	16	1306	0.0	2228	LT906480.385680.387212 Bacteria;Pseudomonadota;Gammaproteobacteria;Lysobacterales;Lysobacteraceae;Stenotrophomonas;Stenotrophomonas maltophilia
KS-10-2	97.676	1291	24	5	4	1288	16	1306	0.0	2228	AB294553.1.1538 Bacteria;Pseudomonadota;Gammaproteobacteria;Lysobacterales;Lysobacteraceae;Stenotrophomonas;Stenotrophomonas maltophilia
KS-10-2	97.676	1291	24	5	4	1288	16	1306	0.0	2228	HC050171.51.1520 Bacteria;Pseudomonadota;Gammaproteobacteria;Lysobacterales;Lysobacteraceae;Stenotrophomonas;Stenotrophomonas sp.
KS-10-2	97.676	1291	24	5	4	1288	16	1306	0.0	2228	LS483406.341920.343452 Bacteria;Pseudomonadota;Gammaproteobacteria;Lysobacterales;Lysobacteraceae;Stenotrophomonas;Stenotrophomonas maltophilia
KS-10-2	97.599	1291	25	5	4	1288	4	1294	0.0	2228	AB021404.1.1497 Bacteria;Pseudomonadota;Gammaproteobacteria;Lysobacterales;Lysobacteraceae;Stenotrophomonas;[Pseudomonas] geniculata
KS-10-2	97.599	1291	25	5	4	1288	4	1294	0.0	2228	AB021405.1.1519 Bacteria;Pseudomonadota;Gammaproteobacteria;Lysobacterales;Lysobacteraceae;Stenotrophomonas;[Pseudomonas] hibiscicola
KS-10-2	97.676	1291	23	6	4	1288	23	1312	0.0	2226	CP029773.4831497.4833040 Bacteria;Pseudomonadota;Gammaproteobacteria;Lysobacterales;Lysobacteraceae;Stenotrophomonas;Stenotrophomonas maltophilia
KS-10-2	97.674	1290	24	5	5	1288	17	1306	0.0	2226	EU540271.1.1404 Bacteria;Pseudomonadota;Gammaproteobacteria;Lysobacterales;Lysobacteraceae;Stenotrophomonas;uncultured bacterium
KS-10-2	97.602	1293	23	7	4	1288	16	1308	0.0	2224	FJ184368.1.1513 Bacteria;Pseudomonadota;Gammaproteobacteria;Lysobacterales;Lysobacteraceae;Stenotrophomonas;uncultured soil bacterium
KS-10-2	97.745	1286	23	5	9	1288	1	1286	0.0	2224	AB008509.1.1467 Bacteria;Pseudomonadota;Gammaproteobacteria;Lysobacterales;Lysobacteraceae;Stenotrophomonas;Stenotrophomonas maltophilia
KS-10-2	97.601	1292	24	6	4	1288	16	1307	0.0	2222	JX989237.1.1434 Bacteria;Pseudomonadota;Gammaproteobacteria;Lysobacterales;Lysobacteraceae;Stenotrophomonas;uncultured Stenotrophomonas sp.
KS-10-2	97.599	1291	25	5	4	1288	23	1313	0.0	2222	CP022053.3157607.3159151 Bacteria;Pseudomonadota;Gammaproteobacteria;Lysobacterales;Lysobacteraceae;Stenotrophomonas;Stenotrophomonas maltophilia
KS-10-2	97.599	1291	25	5	4	1288	23	1313	0.0	2222	CP022053.3163269.3164813 Bacteria;Pseudomonadota;Gammaproteobacteria;Lysobacterales;Lysobacteraceae;Stenotrophomonas;Stenotrophomonas maltophilia
KS-10-2	97.599	1291	25	5	4	1288	16	1306	0.0	2222	CP002986.365932.367464 Bacteria;Pseudomonadota;Gammaproteobacteria;Lysobacterales;Lysobacteraceae;Stenotrophomonas;Stenotrophomonas maltophilia JV3
KS-10-2	97.599	1291	25	5	4	1288	16	1306	0.0	2222	HQ433556.1.1518 Bacteria;Pseudomonadota;Gammaproteobacteria;Lysobacterales;Lysobacteraceae;Stenotrophomonas;uncultured bacterium
KS-10-2	97.599	1291	25	5	4	1288	23	1313	0.0	2222	CP014014.3753904.3755448 Bacteria;Pseudomonadota;Gammaproteobacteria;Lysobacterales;Lysobacteraceae;Stenotrophomonas;Stenotrophomonas maltophilia
KS-10-2	97.599	1291	25	5	4	1288	23	1313	0.0	2222	CP014014.4199498.4201042 Bacteria;Pseudomonadota;Gammaproteobacteria;Lysobacterales;Lysobacteraceae;Stenotrophomonas;Stenotrophomonas maltophilia
KS-10-2	97.599	1291	25	5	4	1288	23	1313	0.0	2222	CP014014.3759572.3761116 Bacteria;Pseudomonadota;Gammaproteobacteria;Lysobacterales;Lysobacteraceae;Stenotrophomonas;Stenotrophomonas maltophilia
KS-10-2	97.599	1291	25	5	4	1288	23	1313	0.0	2222	CP014014.4205160.4206704 Bacteria;Pseudomonadota;Gammaproteobacteria;Lysobacterales;Lysobacteraceae;Stenotrophomonas;Stenotrophomonas maltophilia
KS-10-2	98.487	1256	11	7	41	1288	11	1266	0.0	2222	HQ224659.1.1422 Bacteria;Pseudomonadota;Gammaproteobacteria;Lysobacterales;Lysobacteraceae;Stenotrophomonas;Stenotrophomonas maltophilia
KS-10-2	97.964	1277	18	7	18	1288	6	1280	0.0	2222	KJ184875.1.1456 Bacteria;Pseudomonadota;Gammaproteobacteria;Lysobacterales;Lysobacteraceae;Stenotrophomonas;Stenotrophomonas sp. XBBRA2
KS-10-2	97.599	1291	25	5	4	1288	23	1313	0.0	2222	AM743169.422099.423643 Bacteria;Pseudomonadota;Gammaproteobacteria;Lysobacterales;Lysobacteraceae;Stenotrophomonas;Stenotrophomonas maltophilia K279a
KS-10-2	97.599	1291	25	5	4	1288	23	1313	0.0	2222	AM743169.4785415.4786959 Bacteria;Pseudomonadota;Gammaproteobacteria;Lysobacterales;Lysobacteraceae;Stenotrophomonas;Stenotrophomonas maltophilia K279a
KS-10-2	97.599	1291	25	5	4	1288	23	1313	0.0	2222	AM743169.4791079.4792623 Bacteria;Pseudomonadota;Gammaproteobacteria;Lysobacterales;Lysobacteraceae;Stenotrophomonas;Stenotrophomonas maltophilia K279a
KS-10-2	97.889	1279	21	5	16	1288	27	1305	0.0	2222	FM213378.1.1504 Bacteria;Pseudomonadota;Gammaproteobacteria;Lysobacterales;Lysobacteraceae;Stenotrophomonas;Stenotrophomonas maltophilia
KS-10-2	97.593	1288	23	7	9	1288	1	1288	0.0	2222	AJ131784.1.1501 Bacteria;Pseudomonadota;Gammaproteobacteria;Lysobacterales;Lysobacteraceae;Stenotrophomonas;Stenotrophomonas maltophilia
KS-10-2	97.667	1286	24	5	9	1288	1	1286	0.0	2220	AB680569.1.1470 Bacteria;Pseudomonadota;Gammaproteobacteria;Lysobacterales;Lysobacteraceae;Stenotrophomonas;Stenotrophomonas maltophilia
KS-10-2	97.667	1286	24	5	9	1288	1	1286	0.0	2220	AB680319.1.1470 Bacteria;Pseudomonadota;Gammaproteobacteria;Lysobacterales;Lysobacteraceae;Stenotrophomonas;Stenotrophomonas maltophilia
KS-10-2	97.966	1278	15	11	19	1288	6	1280	0.0	2220	KF941215.1.1481 Bacteria;Pseudomonadota;Gammaproteobacteria;Lysobacterales;Lysobacteraceae;Stenotrophomonas;Stenotrophomonas maltophilia
KS-10-2	97.671	1288	23	6	7	1288	15	1301	0.0	2220	GQ280904.1.1497 Bacteria;Pseudomonadota;Gammaproteobacteria;Lysobacterales;Lysobacteraceae;Stenotrophomonas;Stenotrophomonas maltophilia
KS-10-2	97.667	1286	24	5	9	1288	1	1286	0.0	2220	X95923.1.1500 Bacteria;Pseudomonadota;Gammaproteobacteria;Lysobacterales;Lysobacteraceae;Stenotrophomonas;Stenotrophomonas maltophilia
KS-10-2	97.962	1276	19	7	19	1288	4	1278	0.0	2220	KF818621.1.1446 Bacteria;Pseudomonadota;Gammaproteobacteria;Lysobacterales;Lysobacteraceae;Stenotrophomonas;Stenotrophomonas maltophilia
KS-10-2	97.599	1291	21	9	4	1288	16	1302	0.0	2218	DQ327729.1.1533 Bacteria;Pseudomonadota;Gammaproteobacteria;Lysobacterales;Lysobacteraceae;Stenotrophomonas;Stenotrophomonas maltophilia
KS-10-2	97.740	1283	23	5	7	1283	1	1283	0.0	2218	KC849451.1.1510 Bacteria;Pseudomonadota;Gammaproteobacteria;Lysobacterales;Lysobacteraceae;Stenotrophomonas;Stenotrophomonas maltophilia
KS-10-2	97.521	1291	26	5	4	1288	23	1313	0.0	2217	CP028899.418711.420255 Bacteria;Pseudomonadota;Gammaproteobacteria;Lysobacterales;Lysobacteraceae;Stenotrophomonas;Stenotrophomonas maltophilia
KS-10-2	97.521	1291	26	5	4	1288	23	1313	0.0	2217	CP028899.424373.425917 Bacteria;Pseudomonadota;Gammaproteobacteria;Lysobacterales;Lysobacteraceae;Stenotrophomonas;Stenotrophomonas maltophilia
KS-10-2	97.521	1291	26	5	4	1288	23	1313	0.0	2217	CP028899.4881782.4883326 Bacteria;Pseudomonadota;Gammaproteobacteria;Lysobacterales;Lysobacteraceae;Stenotrophomonas;Stenotrophomonas maltophilia
KS-10-2	97.521	1291	26	5	4	1288	23	1313	0.0	2217	CP028899.4876118.4877662 Bacteria;Pseudomonadota;Gammaproteobacteria;Lysobacterales;Lysobacteraceae;Stenotrophomonas;Stenotrophomonas maltophilia
KS-10-2	97.521	1291	26	5	4	1288	23	1313	0.0	2217	CP025780.177.1721 Bacteria;Pseudomonadota;Gammaproteobacteria;Lysobacterales;Lysobacteraceae;Stenotrophomonas;Stenotrophomonas sp. Pemsol
KS-10-2	97.525	1293	20	11	4	1288	11	1299	0.0	2217	FJ191513.1.1463 Bacteria;Pseudomonadota;Gammaproteobacteria;Lysobacterales;Lysobacteraceae;Stenotrophomonas;uncultured Stenotrophomonas sp.
KS-10-2	98.791	1241	13	2	6	1244	1	1241	0.0	2217	DQ125653.1.1474 Bacteria;Pseudomonadota;Gammaproteobacteria;Lysobacterales;Lysobacteraceae;Stenotrophomonas;uncultured bacterium
KS-10-2	97.521	1291	26	5	4	1288	23	1313	0.0	2217	CP015612.340586.342130 Bacteria;Pseudomonadota;Gammaproteobacteria;Lysobacterales;Lysobacteraceae;Stenotrophomonas;Stenotrophomonas maltophilia
KS-10-2	97.521	1291	26	5	4	1288	23	1313	0.0	2217	CP015612.4606369.4607913 Bacteria;Pseudomonadota;Gammaproteobacteria;Lysobacterales;Lysobacteraceae;Stenotrophomonas;Stenotrophomonas maltophilia
KS-10-2	97.667	1286	22	7	11	1288	3	1288	0.0	2217	AY689054.1.1498 Bacteria;Pseudomonadota;Gammaproteobacteria;Lysobacterales;Lysobacteraceae;Stenotrophomonas;Stenotrophomonas sp. 6C_14
KS-10-2	97.521	1291	26	5	4	1288	16	1306	0.0	2217	LS483406.347585.349117 Bacteria;Pseudomonadota;Gammaproteobacteria;Lysobacterales;Lysobacteraceae;Stenotrophomonas;Stenotrophomonas maltophilia
KS-10-2	97.521	1291	26	5	4	1288	16	1306	0.0	2217	LS483406.4601483.4603015 Bacteria;Pseudomonadota;Gammaproteobacteria;Lysobacterales;Lysobacteraceae;Stenotrophomonas;Stenotrophomonas maltophilia
KS-10-2	97.521	1291	26	5	4	1288	16	1306	0.0	2217	LS483377.366302.367834 Bacteria;Pseudomonadota;Gammaproteobacteria;Lysobacterales;Lysobacteraceae;Stenotrophomonas;Stenotrophomonas maltophilia
KS-10-2	97.521	1291	26	5	4	1288	16	1306	0.0	2217	LS483377.360639.362171 Bacteria;Pseudomonadota;Gammaproteobacteria;Lysobacterales;Lysobacteraceae;Stenotrophomonas;Stenotrophomonas maltophilia
KS-10-2	97.521	1291	26	5	4	1288	16	1306	0.0	2217	LS483377.4415549.4417081 Bacteria;Pseudomonadota;Gammaproteobacteria;Lysobacterales;Lysobacteraceae;Stenotrophomonas;Stenotrophomonas maltophilia
KS-10-2	97.521	1291	26	5	4	1288	16	1306	0.0	2217	LS483377.4421212.4422744 Bacteria;Pseudomonadota;Gammaproteobacteria;Lysobacterales;Lysobacteraceae;Stenotrophomonas;Stenotrophomonas maltophilia
KS-10-2	98.107	1268	17	6	28	1288	1	1268	0.0	2217	KT005549.1.1431 Bacteria;Pseudomonadota;Gammaproteobacteria;Lysobacterales;Lysobacteraceae;Stenotrophomonas;Stenotrophomonas maltophilia
KS-10-2	97.589	1286	25	5	9	1288	1	1286	0.0	2215	HQ641452.1.1497 Bacteria;Pseudomonadota;Gammaproteobacteria;Lysobacterales;Lysobacteraceae;Stenotrophomonas;Stenotrophomonas pavanii
KS-10-2	97.593	1288	23	7	9	1288	1	1288	0.0	2215	LC066089.1.1472 Bacteria;Pseudomonadota;Gammaproteobacteria;Lysobacterales;Lysobacteraceae;Stenotrophomonas;Stenotrophomonas tumulicola
KS-10-2	97.450	1294	24	8	4	1288	16	1309	0.0	2213	EU919791.1.1509 Bacteria;Pseudomonadota;Gammaproteobacteria;Lysobacterales;Lysobacteraceae;Stenotrophomonas;uncultured bacterium
KS-10-2	97.814	1281	17	10	14	1288	1	1276	0.0	2213	AF529092.1.1358 Bacteria;Pseudomonadota;Gammaproteobacteria;Lysobacterales;Lysobacteraceae;Stenotrophomonas;uncultured gamma proteobacterium
KS-10-2	97.448	1293	25	7	4	1288	23	1315	0.0	2213	CP015612.346253.347799 Bacteria;Pseudomonadota;Gammaproteobacteria;Lysobacterales;Lysobacteraceae;Stenotrophomonas;Stenotrophomonas maltophilia
KS-10-2	97.448	1293	25	7	4	1288	23	1315	0.0	2213	CP015612.4600700.4602246 Bacteria;Pseudomonadota;Gammaproteobacteria;Lysobacterales;Lysobacteraceae;Stenotrophomonas;Stenotrophomonas maltophilia
KS-10-2	97.591	1287	22	8	9	1288	1	1285	0.0	2211	JX001197.1.1455 Bacteria;Pseudomonadota;Gammaproteobacteria;Lysobacterales;Lysobacteraceae;Stenotrophomonas;uncultured bacterium
KS-10-2	97.444	1291	27	5	4	1288	16	1306	0.0	2211	EU536208.1.1403 Bacteria;Pseudomonadota;Gammaproteobacteria;Lysobacterales;Lysobacteraceae;Stenotrophomonas;uncultured bacterium
KS-10-2	97.444	1291	27	5	4	1288	16	1306	0.0	2211	HE798556.401066.402603 Bacteria;Pseudomonadota;Gammaproteobacteria;Lysobacterales;Lysobacteraceae;Stenotrophomonas;Stenotrophomonas maltophilia D457
KS-10-2	97.444	1291	27	5	4	1288	26	1316	0.0	2211	FN645732.1.1529 Bacteria;Pseudomonadota;Gammaproteobacteria;Lysobacterales;Lysobacteraceae;Stenotrophomonas;Stenotrophomonas sp. KD2009-61
KS-10-2	98.401	1251	14	6	44	1288	12	1262	0.0	2209	DQ223428.1.1408 Bacteria;Pseudomonadota;Gammaproteobacteria;Lysobacterales;Lysobacteraceae;Stenotrophomonas;Stenotrophomonas maltophilia
KS-10-2	97.444	1291	23	9	4	1288	16	1302	0.0	2209	FJ193647.1.1485 Bacteria;Pseudomonadota;Gammaproteobacteria;Lysobacterales;Lysobacteraceae;Stenotrophomonas;uncultured Stenotrophomonas sp.
KS-10-2	98.031	1270	12	12	32	1288	1	1270	0.0	2209	MH311994.1.1467 Bacteria;Pseudomonadota;Gammaproteobacteria;Lysobacterales;Lysobacteraceae;Stenotrophomonas;Stenotrophomonas pavanii
KS-10-2	97.444	1291	25	7	4	1288	16	1304	0.0	2209	KC522296.1.1505 Bacteria;Pseudomonadota;Gammaproteobacteria;Lysobacterales;Lysobacteraceae;Stenotrophomonas;Stenotrophomonas maltophilia
KS-10-2	97.516	1288	24	7	9	1288	1	1288	0.0	2209	FJ976090.1.1469 Bacteria;Pseudomonadota;Gammaproteobacteria;Lysobacterales;Lysobacteraceae;Stenotrophomonas;Stenotrophomonas maltophilia
KS-10-2	98.177	1262	13	10	37	1288	21	1282	0.0	2209	FJ950652.1.1454 Bacteria;Pseudomonadota;Gammaproteobacteria;Lysobacterales;Lysobacteraceae;Stenotrophomonas;Stenotrophomonas maltophilia
KS-10-2	97.512	1286	26	5	9	1288	1	1286	0.0	2209	AJ131115.1.1357 Bacteria;Pseudomonadota;Gammaproteobacteria;Lysobacterales;Lysobacteraceae;Stenotrophomonas;Stenotrophomonas maltophilia
KS-10-2	97.375	1295	22	11	4	1288	23	1315	0.0	2207	CP027562.4871896.4873444 Bacteria;Pseudomonadota;Gammaproteobacteria;Lysobacterales;Lysobacteraceae;Stenotrophomonas;Stenotrophomonas maltophilia
KS-10-2	98.324	1253	15	6	42	1288	37	1289	0.0	2207	KC436059.1.1470 Bacteria;Pseudomonadota;Gammaproteobacteria;Lysobacterales;Lysobacteraceae;Stenotrophomonas;Stenotrophomonas maltophilia
KS-10-2	97.434	1286	27	5	9	1288	1	1286	0.0	2207	AJ131909.1.1488 Bacteria;Pseudomonadota;Gammaproteobacteria;Lysobacterales;Lysobacteraceae;Stenotrophomonas;Stenotrophomonas maltophilia
KS-10-2	97.366	1291	28	5	4	1288	26	1316	0.0	2206	KJ123780.1.1518 Bacteria;Pseudomonadota;Gammaproteobacteria;Lysobacterales;Lysobacteraceae;Stenotrophomonas;uncultured Stenotrophomonas sp.
KS-10-2	97.510	1285	27	4	9	1288	1	1285	0.0	2206	JX001198.1.1466 Bacteria;Pseudomonadota;Gammaproteobacteria;Lysobacterales;Lysobacteraceae;Stenotrophomonas;uncultured bacterium
KS-10-2	97.734	1280	16	12	16	1288	1	1274	0.0	2206	MH396736.1.1440 Bacteria;Pseudomonadota;Gammaproteobacteria;Lysobacterales;Lysobacteraceae;Stenotrophomonas;Stenotrophomonas maltophilia
KS-10-2	98.022	1264	19	5	31	1288	1	1264	0.0	2206	KM488434.1.1445 Bacteria;Pseudomonadota;Gammaproteobacteria;Lysobacterales;Lysobacteraceae;Stenotrophomonas;Stenotrophomonas maltophilia
KS-10-2	97.729	1277	21	7	18	1288	8	1282	0.0	2206	JQ359085.1.1455 Bacteria;Pseudomonadota;Gammaproteobacteria;Lysobacterales;Lysobacteraceae;Stenotrophomonas;Stenotrophomonas sp. DoB6
KS-10-2	97.283	1288	27	7	9	1288	1	1288	0.0	2206	AJ131910.1.1485 Bacteria;Pseudomonadota;Gammaproteobacteria;Lysobacterales;Lysobacteraceae;Stenotrophomonas;Stenotrophomonas maltophilia
KS-10-2	97.368	1292	27	6	4	1288	16	1307	0.0	2206	JN208914.1.1492 Bacteria;Pseudomonadota;Gammaproteobacteria;Lysobacterales;Lysobacteraceae;Stenotrophomonas;Stenotrophomonas sp. S2(2011)
KS-10-2	97.512	1286	26	5	9	1288	1	1286	0.0	2204	AB680480.1.1470 Bacteria;Pseudomonadota;Gammaproteobacteria;Lysobacterales;Lysobacteraceae;Stenotrophomonas;Stenotrophomonas maltophilia
KS-10-2	97.368	1292	25	8	4	1288	15	1304	0.0	2204	JF803781.1.1533 Bacteria;Pseudomonadota;Gammaproteobacteria;Lysobacterales;Lysobacteraceae;Stenotrophomonas;Stenotrophomonas maltophilia
KS-10-2	98.323	1252	14	6	44	1288	34	1285	0.0	2204	KC997228.1.1457 Bacteria;Pseudomonadota;Gammaproteobacteria;Lysobacterales;Lysobacteraceae;Stenotrophomonas;Stenotrophomonas sp. PP3
KS-10-2	97.293	1293	27	7	4	1288	16	1308	0.0	2202	DQ299947.1.1513 Bacteria;Pseudomonadota;Gammaproteobacteria;Lysobacterales;Lysobacteraceae;Stenotrophomonas;Stenotrophomonas maltophilia
KS-10-2	97.372	1294	18	15	4	1288	16	1302	0.0	2202	FJ191961.1.1483 Bacteria;Pseudomonadota;Gammaproteobacteria;Lysobacterales;Lysobacteraceae;Stenotrophomonas;uncultured Stenotrophomonas sp.
KS-10-2	97.366	1291	24	9	4	1288	13	1299	0.0	2202	AF408331.1.1495 Bacteria;Pseudomonadota;Gammaproteobacteria;Lysobacterales;Lysobacteraceae;Stenotrophomonas;uncultured Stenotrophomonas sp.
KS-10-2	97.434	1286	27	5	9	1288	1	1286	0.0	2202	FJ748683.1.1483 Bacteria;Pseudomonadota;Gammaproteobacteria;Lysobacterales;Lysobacteraceae;Stenotrophomonas;Stenotrophomonas pavanii
KS-10-2	97.356	1286	28	5	9	1288	1	1286	0.0	2202	AJ131782.1.1500 Bacteria;Pseudomonadota;Gammaproteobacteria;Lysobacterales;Lysobacteraceae;Stenotrophomonas;Stenotrophomonas maltophilia
KS-10-2	97.434	1286	27	5	9	1288	1	1286	0.0	2202	AJ131114.1.1500 Bacteria;Pseudomonadota;Gammaproteobacteria;Lysobacterales;Lysobacteraceae;Stenotrophomonas;Stenotrophomonas maltophilia
KS-10-2	97.366	1291	23	10	4	1288	16	1301	0.0	2200	FN356270.1.1503 Bacteria;Pseudomonadota;Gammaproteobacteria;Lysobacterales;Lysobacteraceae;Stenotrophomonas;uncultured bacterium
KS-10-2	97.651	1277	21	8	18	1288	5	1278	0.0	2200	KJ534488.1.1451 Bacteria;Pseudomonadota;Gammaproteobacteria;Lysobacterales;Lysobacteraceae;Stenotrophomonas;Stenotrophomonas sp. JD203
KS-10-2	97.797	1271	20	7	25	1288	13	1282	0.0	2200	HQ916663.1.1452 Bacteria;Pseudomonadota;Gammaproteobacteria;Lysobacterales;Lysobacteraceae;Stenotrophomonas;Pseudomonas sp. USTB-M
KS-10-2	98.550	1241	10	8	53	1288	41	1278	0.0	2198	KU726258.1.1300 Bacteria;Pseudomonadota;Gammaproteobacteria;Lysobacterales;Lysobacteraceae;Stenotrophomonas;Stenotrophomonas maltophilia
KS-10-2	97.356	1286	26	8	11	1288	2	1287	0.0	2198	AY689055.1.1495 Bacteria;Pseudomonadota;Gammaproteobacteria;Lysobacterales;Lysobacteraceae;Stenotrophomonas;Stenotrophomonas sp. 6C_15
KS-10-2	97.794	1269	19	8	25	1285	8	1275	0.0	2198	AY581129.1.1392 Bacteria;Pseudomonadota;Gammaproteobacteria;Lysobacterales;Lysobacteraceae;Stenotrophomonas;Stenotrophomonas maltophilia
KS-10-2	97.358	1287	26	7	9	1288	1	1286	0.0	2196	GQ417587.1.1467 Bacteria;Pseudomonadota;Gammaproteobacteria;Lysobacterales;Lysobacteraceae;Stenotrophomonas;uncultured Stenotrophomonas sp.
KS-10-2	97.216	1293	28	7	4	1288	16	1308	0.0	2196	GQ249473.1.1508 Bacteria;Pseudomonadota;Gammaproteobacteria;Lysobacterales;Lysobacteraceae;Stenotrophomonas;uncultured gamma proteobacterium
KS-10-2	97.867	1266	20	7	27	1285	1	1266	0.0	2196	JQ426661.1.1501 Bacteria;Pseudomonadota;Gammaproteobacteria;Lysobacterales;Lysobacteraceae;Stenotrophomonas;uncultured bacterium
KS-10-2	97.218	1294	27	8	4	1288	16	1309	0.0	2196	HQ218610.1.1511 Bacteria;Pseudomonadota;Gammaproteobacteria;Lysobacterales;Lysobacteraceae;Stenotrophomonas;uncultured bacterium
KS-10-2	97.722	1273	20	8	22	1288	10	1279	0.0	2196	KC764994.1.1453 Bacteria;Pseudomonadota;Gammaproteobacteria;Lysobacterales;Lysobacteraceae;Stenotrophomonas;[Pseudomonas] geniculata
KS-10-2	97.134	1291	31	5	4	1288	2	1292	0.0	2196	AB021406.1.1517 Bacteria;Pseudomonadota;Gammaproteobacteria;Lysobacterales;Lysobacteraceae;Stenotrophomonas;Stenotrophomonas maltophilia
KS-10-2	97.504	1282	21	10	14	1288	5	1282	0.0	2194	EU160573.1.1332 Bacteria;Pseudomonadota;Gammaproteobacteria;Lysobacterales;Lysobacteraceae;Stenotrophomonas;uncultured Stenotrophomonas sp.
KS-10-2	97.061	1293	29	8	4	1288	19	1310	0.0	2194	AJ884487.1.1508 Bacteria;Pseudomonadota;Gammaproteobacteria;Lysobacterales;Lysobacteraceae;Stenotrophomonas;Stenotrophomonas sp.
KS-10-2	97.946	1266	11	14	37	1288	1	1265	0.0	2194	MH165380.1.1457 Bacteria;Pseudomonadota;Gammaproteobacteria;Lysobacterales;Lysobacteraceae;Stenotrophomonas;Stenotrophomonas tumulicola
KS-10-2	97.211	1291	30	5	4	1288	1	1291	0.0	2194	KY595447.1.1458 Bacteria;Pseudomonadota;Gammaproteobacteria;Lysobacterales;Lysobacteraceae;Stenotrophomonas;Stenotrophomonas maltophilia
KS-10-2	97.574	1278	21	9	17	1288	4	1277	0.0	2194	HQ916662.1.1483 Bacteria;Pseudomonadota;Gammaproteobacteria;Lysobacterales;Lysobacteraceae;Stenotrophomonas;Stenotrophomonas sp. USTB-H
KS-10-2	97.647	1275	21	8	20	1288	7	1278	0.0	2194	EU194335.1.1452 Bacteria;Pseudomonadota;Gammaproteobacteria;Lysobacterales;Lysobacteraceae;Stenotrophomonas;[Pseudomonas] geniculata
KS-10-2	97.867	1266	18	8	30	1288	13	1276	0.0	2194	JX035951.1.1444 Bacteria;Pseudomonadota;Gammaproteobacteria;Lysobacterales;Lysobacteraceae;Stenotrophomonas;Stenotrophomonas sp. JDG126
KS-10-2	97.941	1263	16	10	34	1288	10	1270	0.0	2194	KP292583.1.1452 Bacteria;Pseudomonadota;Gammaproteobacteria;Lysobacterales;Lysobacteraceae;Stenotrophomonas;bacterium R38
KS-10-2	97.430	1284	23	9	15	1288	1	1284	0.0	2194	EU573216.1.1454 Bacteria;Pseudomonadota;Gammaproteobacteria;Lysobacterales;Lysobacteraceae;Stenotrophomonas;Stenotrophomonas chelatiphaga
KS-10-2	97.201	1286	30	5	9	1288	1	1286	0.0	2194	AJ131916.1.1398 Bacteria;Pseudomonadota;Gammaproteobacteria;Lysobacterales;Lysobacteraceae;Stenotrophomonas;Stenotrophomonas maltophilia
KS-10-2	97.143	1295	27	9	4	1288	13	1307	0.0	2193	KX672520.1.1394 Bacteria;Pseudomonadota;Gammaproteobacteria;Lysobacterales;Lysobacteraceae;Stenotrophomonas;uncultured Stenotrophomonas bacterium
KS-10-2	97.289	1291	22	12	8	1288	1	1288	0.0	2193	HM557970.1.1381 Bacteria;Pseudomonadota;Gammaproteobacteria;Lysobacterales;Lysobacteraceae;Stenotrophomonas;uncultured bacterium
KS-10-2	97.574	1278	20	10	19	1288	7	1281	0.0	2193	KJ648178.1.1454 Bacteria;Pseudomonadota;Gammaproteobacteria;Lysobacterales;Lysobacteraceae;Stenotrophomonas;Stenotrophomonas sp. Z9
KS-10-2	97.643	1273	22	7	22	1288	15	1285	0.0	2193	HQ219973.1.1461 Bacteria;Pseudomonadota;Gammaproteobacteria;Lysobacterales;Lysobacteraceae;Stenotrophomonas;Stenotrophomonas sp. ATY54
KS-10-2	97.352	1284	27	6	12	1288	2	1285	0.0	2193	KY123855.1.1419 Bacteria;Pseudomonadota;Gammaproteobacteria;Lysobacterales;Lysobacteraceae;Stenotrophomonas;Stenotrophomonas maltophilia
KS-10-2	97.283	1288	27	7	9	1288	1	1288	0.0	2193	HQ652602.1.1511 Bacteria;Pseudomonadota;Gammaproteobacteria;Lysobacterales;Lysobacteraceae;Stenotrophomonas;Stenotrophomonas sp. e5(2011)
KS-10-2	97.643	1273	22	7	24	1288	6	1278	0.0	2193	EF102868.1.1456 Bacteria;Pseudomonadota;Gammaproteobacteria;Lysobacterales;Lysobacteraceae;Stenotrophomonas;Stenotrophomonas maltophilia
KS-10-2	97.862	1263	21	5	32	1288	15	1277	0.0	2193	FJ626634.1.1446 Bacteria;Pseudomonadota;Gammaproteobacteria;Lysobacterales;Lysobacteraceae;Stenotrophomonas;Stenotrophomonas sp. MH122
KS-10-2	97.278	1286	29	5	9	1288	1	1286	0.0	2193	AJ131907.1.1495 Bacteria;Pseudomonadota;Gammaproteobacteria;Lysobacterales;Lysobacteraceae;Stenotrophomonas;Stenotrophomonas maltophilia
KS-10-2	98.085	1253	22	2	4	1255	16	1267	0.0	2191	EU535347.1.1402 Bacteria;Pseudomonadota;Gammaproteobacteria;Lysobacterales;Lysobacteraceae;Stenotrophomonas;uncultured bacterium
KS-10-2	97.075	1299	24	13	4	1288	16	1314	0.0	2191	FN356308.1.1516 Bacteria;Pseudomonadota;Gammaproteobacteria;Lysobacterales;Lysobacteraceae;Stenotrophomonas;uncultured bacterium
KS-10-2	97.498	1279	22	9	18	1288	6	1282	0.0	2191	KJ534483.1.1453 Bacteria;Pseudomonadota;Gammaproteobacteria;Lysobacterales;Lysobacteraceae;Stenotrophomonas;Stenotrophomonas sp. JA139
KS-10-2	97.937	1260	19	6	35	1288	15	1273	0.0	2191	KJ534495.1.1443 Bacteria;Pseudomonadota;Gammaproteobacteria;Lysobacterales;Lysobacteraceae;Stenotrophomonas;Stenotrophomonas maltophilia
KS-10-2	97.280	1287	28	6	9	1288	1	1287	0.0	2191	JQ194599.1.1367 Bacteria;Pseudomonadota;Gammaproteobacteria;Lysobacterales;Lysobacteraceae;Stenotrophomonas;uncultured bacterium
KS-10-2	97.937	1260	19	6	35	1288	14	1272	0.0	2191	MG266319.1.1443 Bacteria;Pseudomonadota;Gammaproteobacteria;Lysobacterales;Lysobacteraceae;Stenotrophomonas;Stenotrophomonas sp.
KS-10-2	97.287	1290	20	13	7	1288	1	1283	0.0	2189	GQ157451.1.1477 Bacteria;Pseudomonadota;Gammaproteobacteria;Lysobacterales;Lysobacteraceae;Stenotrophomonas;uncultured bacterium
KS-10-2	97.350	1283	26	7	14	1288	1	1283	0.0	2189	EF509646.1.1482 Bacteria;Pseudomonadota;Gammaproteobacteria;Lysobacterales;Lysobacteraceae;Stenotrophomonas;uncultured bacterium
KS-10-2	97.569	1275	21	9	20	1288	11	1281	0.0	2189	EU239476.1.1456 Bacteria;Pseudomonadota;Gammaproteobacteria;Lysobacterales;Lysobacteraceae;Stenotrophomonas;[Pseudomonas] geniculata
KS-10-2	97.859	1261	21	5	34	1288	17	1277	0.0	2189	EU239472.1.1450 Bacteria;Pseudomonadota;Gammaproteobacteria;Lysobacterales;Lysobacteraceae;Stenotrophomonas;[Pseudomonas] geniculata
KS-10-2	97.075	1299	23	12	4	1288	1	1298	0.0	2189	AB688751.1.1420 Bacteria;Pseudomonadota;Gammaproteobacteria;Lysobacterales;Lysobacteraceae;Stenotrophomonas;Stenotrophomonas sp. RH-13
KS-10-2	97.788	1266	19	8	31	1288	1	1265	0.0	2189	KM488433.1.1445 Bacteria;Pseudomonadota;Gammaproteobacteria;Lysobacterales;Lysobacteraceae;Stenotrophomonas;Stenotrophomonas maltophilia
KS-10-2	97.492	1276	24	7	19	1288	6	1279	0.0	2187	KT986130.1.1451 Bacteria;Pseudomonadota;Gammaproteobacteria;Lysobacterales;Lysobacteraceae;Stenotrophomonas;Stenotrophomonas maltophilia
KS-10-2	97.494	1277	23	8	18	1288	6	1279	0.0	2187	KT316393.1.1451 Bacteria;Pseudomonadota;Gammaproteobacteria;Lysobacterales;Lysobacteraceae;Stenotrophomonas;Pseudomonas sp. A10(2015)
KS-10-2	97.857	1260	21	5	35	1288	18	1277	0.0	2187	EU239465.1.1447 Bacteria;Pseudomonadota;Gammaproteobacteria;Lysobacterales;Lysobacteraceae;Stenotrophomonas;[Pseudomonas] geniculata
KS-10-2	97.567	1274	22	8	21	1288	8	1278	0.0	2187	KM117220.1.1452 Bacteria;Pseudomonadota;Gammaproteobacteria;Lysobacterales;Lysobacteraceae;Stenotrophomonas;Stenotrophomonas sp. S17(2014)
KS-10-2	97.061	1293	30	7	4	1288	16	1308	0.0	2185	EU537849.1.1405 Bacteria;Pseudomonadota;Gammaproteobacteria;Lysobacterales;Lysobacteraceae;Stenotrophomonas;uncultured bacterium
KS-10-2	97.061	1293	30	7	4	1288	16	1308	0.0	2185	HQ218483.1.1510 Bacteria;Pseudomonadota;Gammaproteobacteria;Lysobacterales;Lysobacteraceae;Stenotrophomonas;uncultured bacterium
KS-10-2	97.420	1279	23	9	17	1288	3	1278	0.0	2185	KT316391.1.1447 Bacteria;Pseudomonadota;Gammaproteobacteria;Lysobacterales;Lysobacteraceae;Stenotrophomonas;Pseudomonas sp. A8(2015c)
KS-10-2	97.857	1260	19	7	35	1288	16	1273	0.0	2185	KT034436.1.1478 Bacteria;Pseudomonadota;Gammaproteobacteria;Lysobacterales;Lysobacteraceae;Stenotrophomonas;Stenotrophomonas sp. 292
KS-10-2	97.715	1269	16	12	32	1288	4	1271	0.0	2185	AY472115.1.1474 Bacteria;Pseudomonadota;Gammaproteobacteria;Lysobacterales;Lysobacteraceae;Stenotrophomonas;Stenotrophomonas maltophilia
KS-10-2	97.783	1263	21	6	32	1288	17	1278	0.0	2185	JQ936566.1.1452 Bacteria;Pseudomonadota;Gammaproteobacteria;Lysobacterales;Lysobacteraceae;Stenotrophomonas;Pseudomonas sp. 75(2013)
KS-10-2	97.127	1288	29	7	9	1288	1	1288	0.0	2185	AJ131780.1.1502 Bacteria;Pseudomonadota;Gammaproteobacteria;Lysobacterales;Lysobacteraceae;Stenotrophomonas;Stenotrophomonas maltophilia
KS-10-2	96.998	1299	24	13	4	1288	17	1314	0.0	2183	HM557604.1.1407 Bacteria;Pseudomonadota;Gammaproteobacteria;Lysobacterales;Lysobacteraceae;Stenotrophomonas;uncultured bacterium
KS-10-2	97.201	1286	28	7	11	1288	1	1286	0.0	2183	HQ752857.1.1464 Bacteria;Pseudomonadota;Gammaproteobacteria;Lysobacterales;Lysobacteraceae;Stenotrophomonas;uncultured organism
KS-10-2	97.057	1291	32	5	4	1288	16	1306	0.0	2183	EU539859.1.1404 Bacteria;Pseudomonadota;Gammaproteobacteria;Lysobacterales;Lysobacteraceae;Stenotrophomonas;uncultured bacterium
KS-10-2	97.932	1257	17	8	41	1288	2	1258	0.0	2183	DQ471778.1.1446 Bacteria;Pseudomonadota;Gammaproteobacteria;Lysobacterales;Lysobacteraceae;Stenotrophomonas;uncultured Burkholderia sp.
KS-10-2	97.057	1291	32	5	4	1288	16	1306	0.0	2183	EU535087.1.1403 Bacteria;Pseudomonadota;Gammaproteobacteria;Lysobacterales;Lysobacteraceae;Stenotrophomonas;uncultured bacterium
KS-10-2	97.418	1278	24	8	18	1288	8	1283	0.0	2183	KJ018319.1.1337 Bacteria;Pseudomonadota;Gammaproteobacteria;Lysobacterales;Lysobacteraceae;Stenotrophomonas;Stenotrophomonas sp. BA5
KS-10-2	97.416	1277	26	6	19	1288	8	1284	0.0	2183	JN638427.1.1454 Bacteria;Pseudomonadota;Gammaproteobacteria;Lysobacterales;Lysobacteraceae;Stenotrophomonas;Stenotrophomonas chelatiphaga
KS-10-2	97.203	1287	25	10	10	1288	1	1284	0.0	2182	HM558383.1.1376 Bacteria;Pseudomonadota;Gammaproteobacteria;Lysobacterales;Lysobacteraceae;Stenotrophomonas;uncultured bacterium
KS-10-2	97.134	1291	24	12	4	1288	17	1300	0.0	2182	JQ770103.1.1501 Bacteria;Pseudomonadota;Gammaproteobacteria;Lysobacterales;Lysobacteraceae;Stenotrophomonas;uncultured bacterium
KS-10-2	97.352	1284	19	14	14	1288	1	1278	0.0	2182	AY133070.1.1453 Bacteria;Pseudomonadota;Gammaproteobacteria;Lysobacterales;Lysobacteraceae;Stenotrophomonas;uncultured gamma proteobacterium
KS-10-2	97.414	1276	25	7	19	1288	8	1281	0.0	2182	KX350045.1.1456 Bacteria;Pseudomonadota;Gammaproteobacteria;Lysobacterales;Lysobacteraceae;Stenotrophomonas;Stenotrophomonas maltophilia
KS-10-2	96.988	1295	29	9	4	1288	16	1310	0.0	2182	JF834070.1.1496 Bacteria;Pseudomonadota;Gammaproteobacteria;Lysobacterales;Lysobacteraceae;Stenotrophomonas;Stenotrophomonas maltophilia
KS-10-2	97.418	1278	22	10	22	1288	1	1278	0.0	2182	GQ496660.1.1449 Bacteria;Pseudomonadota;Gammaproteobacteria;Lysobacterales;Lysobacteraceae;Stenotrophomonas;[Pseudomonas] geniculata
KS-10-2	97.557	1269	25	5	26	1288	14	1282	0.0	2182	EU340025.1.1458 Bacteria;Pseudomonadota;Gammaproteobacteria;Lysobacterales;Lysobacteraceae;Stenotrophomonas;Stenotrophomonas maltophilia
KS-10-2	96.832	1294	28	12	4	1288	16	1305	0.0	2180	FJ191320.1.1454 Bacteria;Pseudomonadota;Gammaproteobacteria;Lysobacterales;Lysobacteraceae;Stenotrophomonas;uncultured Stenotrophomonas sp.
KS-10-2	97.196	1284	29	6	11	1288	2	1284	0.0	2180	AY053488.1.1460 Bacteria;Pseudomonadota;Gammaproteobacteria;Lysobacterales;Lysobacteraceae;Stenotrophomonas;uncultured bacterium
KS-10-2	97.778	1260	21	6	35	1288	18	1276	0.0	2180	KU942677.1.1446 Bacteria;Pseudomonadota;Gammaproteobacteria;Lysobacterales;Lysobacteraceae;Stenotrophomonas;Pseudomonas sp. DY-1(2016)
KS-10-2	97.410	1274	27	5	21	1288	1	1274	0.0	2180	HM775375.1.1468 Bacteria;Pseudomonadota;Gammaproteobacteria;Lysobacterales;Lysobacteraceae;Stenotrophomonas;Stenotrophomonas maltophilia
KS-10-2	97.704	1263	22	6	32	1288	16	1277	0.0	2180	KM117219.1.1448 Bacteria;Pseudomonadota;Gammaproteobacteria;Lysobacterales;Lysobacteraceae;Stenotrophomonas;Stenotrophomonas sp. S16
KS-10-2	97.342	1279	24	9	18	1288	3	1279	0.0	2180	FJ493060.1.1451 Bacteria;Pseudomonadota;Gammaproteobacteria;Lysobacterales;Lysobacteraceae;Stenotrophomonas;Stenotrophomonas chelatiphaga
KS-10-2	96.993	1297	22	15	8	1288	1	1296	0.0	2178	HM558408.1.1389 Bacteria;Pseudomonadota;Gammaproteobacteria;Lysobacterales;Lysobacteraceae;Stenotrophomonas;uncultured bacterium
KS-10-2	96.846	1300	23	17	4	1288	15	1311	0.0	2178	FJ191518.1.1463 Bacteria;Pseudomonadota;Gammaproteobacteria;Lysobacterales;Lysobacteraceae;Stenotrophomonas;uncultured Stenotrophomonas sp.
KS-10-2	97.776	1259	21	6	36	1288	16	1273	0.0	2178	EU239473.1.1448 Bacteria;Pseudomonadota;Gammaproteobacteria;Lysobacterales;Lysobacteraceae;Stenotrophomonas;[Pseudomonas] geniculata
KS-10-2	96.991	1296	21	17	10	1288	1	1295	0.0	2176	HM558865.1.1375 Bacteria;Pseudomonadota;Gammaproteobacteria;Lysobacterales;Lysobacteraceae;Stenotrophomonas;uncultured bacterium
KS-10-2	97.338	1277	24	9	18	1288	7	1279	0.0	2176	JQ308605.1.1482 Bacteria;Pseudomonadota;Gammaproteobacteria;Lysobacterales;Lysobacteraceae;Stenotrophomonas;Stenotrophomonas maltophilia
KS-10-2	97.340	1278	23	10	19	1288	2	1276	0.0	2176	JN082748.1.1459 Bacteria;Pseudomonadota;Gammaproteobacteria;Lysobacterales;Lysobacteraceae;Stenotrophomonas;Stenotrophomonas sp. NR17
KS-10-2	96.911	1295	29	10	4	1288	11	1304	0.0	2174	KX672751.1.1394 Bacteria;Pseudomonadota;Gammaproteobacteria;Lysobacterales;Lysobacteraceae;Stenotrophomonas;uncultured Stenotrophomonas bacterium
KS-10-2	96.906	1293	32	7	4	1288	1	1293	0.0	2174	HQ776445.1.1461 Bacteria;Pseudomonadota;Gammaproteobacteria;Lysobacterales;Lysobacteraceae;Stenotrophomonas;uncultured organism
KS-10-2	97.116	1283	31	5	12	1288	4	1286	0.0	2174	KF064260.1.1366 Bacteria;Pseudomonadota;Gammaproteobacteria;Lysobacterales;Lysobacteraceae;Stenotrophomonas;uncultured bacterium
KS-10-2	98.687	1219	10	5	76	1288	20	1238	0.0	2174	AB872131.1.1393 Bacteria;Pseudomonadota;Gammaproteobacteria;Lysobacterales;Lysobacteraceae;Stenotrophomonas;Stenotrophomonas maltophilia
KS-10-2	96.911	1295	29	11	4	1288	6	1299	0.0	2174	HM755670.1.1471 Bacteria;Pseudomonadota;Gammaproteobacteria;Lysobacterales;Lysobacteraceae;Stenotrophomonas;Stenotrophomonas maltophilia
KS-10-2	98.074	1246	15	9	51	1288	11	1255	0.0	2174	KP682491.1.1407 Bacteria;Pseudomonadota;Gammaproteobacteria;Lysobacterales;Lysobacteraceae;Stenotrophomonas;Xanthomonas retroflexus
KS-10-2	97.698	1260	21	7	35	1288	15	1272	0.0	2174	KT034430.1.1475 Bacteria;Pseudomonadota;Gammaproteobacteria;Lysobacterales;Lysobacteraceae;Stenotrophomonas;Stenotrophomonas sp. 221
KS-10-2	97.047	1287	29	8	10	1288	1	1286	0.0	2172	HM557194.1.1379 Bacteria;Pseudomonadota;Gammaproteobacteria;Lysobacterales;Lysobacteraceae;Stenotrophomonas;uncultured bacterium
KS-10-2	97.116	1283	30	6	12	1288	1	1282	0.0	2172	HQ752097.1.1441 Bacteria;Pseudomonadota;Gammaproteobacteria;Lysobacterales;Lysobacteraceae;Stenotrophomonas;uncultured organism
KS-10-2	96.972	1288	33	5	7	1288	19	1306	0.0	2172	EU537062.1.1403 Bacteria;Pseudomonadota;Gammaproteobacteria;Lysobacterales;Lysobacteraceae;Stenotrophomonas;uncultured bacterium
KS-10-2	96.981	1292	25	11	4	1288	19	1303	0.0	2172	AB745410.1.1508 Bacteria;Pseudomonadota;Gammaproteobacteria;Lysobacterales;Lysobacteraceae;Stenotrophomonas;uncultured bacterium
KS-10-2	96.979	1291	28	10	9	1288	1	1291	0.0	2172	FJ893911.1.1371 Bacteria;Pseudomonadota;Gammaproteobacteria;Lysobacterales;Lysobacteraceae;Stenotrophomonas;uncultured bacterium
KS-10-2	96.904	1292	32	7	4	1288	20	1310	0.0	2172	KF241528.1.1519 Bacteria;Pseudomonadota;Gammaproteobacteria;Lysobacterales;Lysobacteraceae;Stenotrophomonas;Stenotrophomonas sp. AHBR15
KS-10-2	98.301	1236	11	9	63	1288	61	1296	0.0	2172	KF177140.1.1465 Bacteria;Pseudomonadota;Gammaproteobacteria;Lysobacterales;Lysobacteraceae;Stenotrophomonas;Stenotrophomonas maltophilia
KS-10-2	98.610	1223	10	6	73	1288	72	1294	0.0	2172	KC997227.1.1467 Bacteria;Pseudomonadota;Gammaproteobacteria;Lysobacterales;Lysobacteraceae;Stenotrophomonas;Curtobacterium flaccumfaciens
KS-10-2	97.693	1257	23	5	38	1288	23	1279	0.0	2170	JF411388.1.1450 Bacteria;Pseudomonadota;Gammaproteobacteria;Lysobacterales;Lysobacteraceae;Stenotrophomonas;uncultured Pseudomonas sp.
KS-10-2	96.970	1287	31	7	9	1288	1	1286	0.0	2170	JF198296.1.1366 Bacteria;Pseudomonadota;Gammaproteobacteria;Lysobacterales;Lysobacteraceae;Stenotrophomonas;uncultured bacterium
KS-10-2	97.057	1291	19	18	5	1288	8	1286	0.0	2170	KX456383.1.1489 Bacteria;Pseudomonadota;Gammaproteobacteria;Lysobacterales;Lysobacteraceae;Stenotrophomonas;uncultured Stenotrophomonas sp.
KS-10-2	96.909	1294	26	13	8	1288	1	1293	0.0	2170	HM558535.1.1378 Bacteria;Pseudomonadota;Gammaproteobacteria;Lysobacterales;Lysobacteraceae;Stenotrophomonas;uncultured bacterium
KS-10-2	97.123	1286	21	14	10	1288	1	1277	0.0	2170	HM110363.1.1371 Bacteria;Pseudomonadota;Gammaproteobacteria;Lysobacterales;Lysobacteraceae;Stenotrophomonas;uncultured gamma proteobacterium
KS-10-2	97.257	1276	27	7	19	1288	7	1280	0.0	2170	KJ184868.1.1454 Bacteria;Pseudomonadota;Gammaproteobacteria;Lysobacterales;Lysobacteraceae;Stenotrophomonas;Stenotrophomonas sp. XBGRA2
KS-10-2	97.259	1277	26	8	19	1288	7	1281	0.0	2170	HQ631967.1.1455 Bacteria;Pseudomonadota;Gammaproteobacteria;Lysobacterales;Lysobacteraceae;Stenotrophomonas;Stenotrophomonas sp. SO29
KS-10-2	97.400	1269	27	5	26	1288	15	1283	0.0	2170	JN626958.1.1488 Bacteria;Pseudomonadota;Gammaproteobacteria;Lysobacterales;Lysobacteraceae;Stenotrophomonas;Pseudomonas sp. SG-08
KS-10-2	97.190	1281	22	12	22	1288	1	1281	0.0	2169	AY038624.1.1353 Bacteria;Pseudomonadota;Gammaproteobacteria;Lysobacterales;Lysobacteraceae;Stenotrophomonas;uncultured bacterium
KS-10-2	96.832	1294	31	9	4	1288	23	1315	0.0	2169	CP017483.2112812.2114358 Bacteria;Pseudomonadota;Gammaproteobacteria;Lysobacterales;Lysobacteraceae;Stenotrophomonas;Stenotrophomonas sp. LM091
KS-10-2	96.832	1294	31	9	4	1288	23	1315	0.0	2169	CP017483.2118508.2120054 Bacteria;Pseudomonadota;Gammaproteobacteria;Lysobacterales;Lysobacteraceae;Stenotrophomonas;Stenotrophomonas sp. LM091
KS-10-2	96.832	1294	31	9	4	1288	23	1315	0.0	2169	CP017483.2547932.2549478 Bacteria;Pseudomonadota;Gammaproteobacteria;Lysobacterales;Lysobacteraceae;Stenotrophomonas;Stenotrophomonas sp. LM091
KS-10-2	96.832	1294	31	9	4	1288	16	1308	0.0	2169	CP016294.104179.105713 Bacteria;Pseudomonadota;Gammaproteobacteria;Lysobacterales;Lysobacteraceae;Stenotrophomonas;Stenotrophomonas rhizophila
KS-10-2	96.832	1294	31	9	4	1288	16	1308	0.0	2169	CP016294.613081.614615 Bacteria;Pseudomonadota;Gammaproteobacteria;Lysobacterales;Lysobacteraceae;Stenotrophomonas;Stenotrophomonas rhizophila
KS-10-2	96.832	1294	31	9	4	1288	4	1296	0.0	2169	MH144235.1.1503 Bacteria;Pseudomonadota;Gammaproteobacteria;Lysobacterales;Lysobacteraceae;Stenotrophomonas;Stenotrophomonas rhizophila
KS-10-2	96.705	1305	23	17	4	1288	19	1323	0.0	2169	EU221390.1.1527 Bacteria;Pseudomonadota;Gammaproteobacteria;Lysobacterales;Lysobacteraceae;Stenotrophomonas;Stenotrophomonas maltophilia
KS-10-2	97.188	1280	24	11	15	1288	5	1278	0.0	2169	KT034416.1.1482 Bacteria;Pseudomonadota;Gammaproteobacteria;Lysobacterales;Lysobacteraceae;Stenotrophomonas;Pseudomonas sp. 261(2015)
KS-10-2	97.257	1276	26	8	19	1288	5	1277	0.0	2169	KU314513.1.1450 Bacteria;Pseudomonadota;Gammaproteobacteria;Lysobacterales;Lysobacteraceae;Stenotrophomonas;Stenotrophomonas maltophilia
KS-10-2	96.839	1297	23	17	10	1288	1	1297	0.0	2167	HM558897.1.1357 Bacteria;Pseudomonadota;Gammaproteobacteria;Lysobacterales;Lysobacteraceae;Stenotrophomonas;uncultured bacterium
KS-10-2	96.981	1292	20	18	10	1288	1	1286	0.0	2167	HM558247.1.1380 Bacteria;Pseudomonadota;Gammaproteobacteria;Lysobacterales;Lysobacteraceae;Stenotrophomonas;uncultured bacterium
KS-10-2	97.255	1275	26	8	22	1288	1	1274	0.0	2167	DQ228380.1.1475 Bacteria;Pseudomonadota;Gammaproteobacteria;Lysobacterales;Lysobacteraceae;Stenotrophomonas;uncultured bacterium
KS-10-2	96.762	1297	30	10	4	1288	16	1312	0.0	2167	AF214643.1.1543 Bacteria;Pseudomonadota;Gammaproteobacteria;Lysobacterales;Lysobacteraceae;Stenotrophomonas;nitrogen-fixing bacterium MAGDE3
KS-10-2	97.183	1278	25	10	21	1288	1	1277	0.0	2167	KU877343.1.1478 Bacteria;Pseudomonadota;Gammaproteobacteria;Lysobacterales;Lysobacteraceae;Stenotrophomonas;Stenotrophomonas sp. SRZ17
KS-10-2	97.257	1276	24	9	21	1288	8	1280	0.0	2167	KT154937.1.1454 Bacteria;Pseudomonadota;Gammaproteobacteria;Lysobacterales;Lysobacteraceae;Stenotrophomonas;Stenotrophomonas sp. BV6
KS-10-2	97.472	1266	23	8	31	1288	1	1265	0.0	2167	KM488429.1.1446 Bacteria;Pseudomonadota;Gammaproteobacteria;Lysobacterales;Lysobacteraceae;Stenotrophomonas;Stenotrophomonas maltophilia
KS-10-2	97.183	1278	26	9	18	1288	7	1281	0.0	2167	JN571747.1.1452 Bacteria;Pseudomonadota;Gammaproteobacteria;Lysobacterales;Lysobacteraceae;Stenotrophomonas;Stenotrophomonas maltophilia
KS-10-2	96.965	1285	31	7	11	1288	3	1286	0.0	2165	GQ417316.1.1468 Bacteria;Pseudomonadota;Gammaproteobacteria;Lysobacterales;Lysobacteraceae;Stenotrophomonas;uncultured Stenotrophomonas sp.
KS-10-2	96.680	1295	28	13	4	1288	17	1306	0.0	2165	FJ193584.1.1490 Bacteria;Pseudomonadota;Gammaproteobacteria;Lysobacterales;Lysobacteraceae;Stenotrophomonas;uncultured Stenotrophomonas sp.
KS-10-2	97.542	1261	23	7	35	1288	6	1265	0.0	2165	KF542909.1.1421 Bacteria;Pseudomonadota;Gammaproteobacteria;Lysobacterales;Lysobacteraceae;Stenotrophomonas;Stenotrophomonas maltophilia
KS-10-2	97.615	1258	23	6	37	1288	1	1257	0.0	2165	JF330157.1.1394 Bacteria;Pseudomonadota;Gammaproteobacteria;Lysobacterales;Lysobacteraceae;Stenotrophomonas;Stenotrophomonas maltophilia
KS-10-2	97.540	1260	25	5	35	1288	19	1278	0.0	2165	HQ631975.1.1450 Bacteria;Pseudomonadota;Gammaproteobacteria;Lysobacterales;Lysobacteraceae;Stenotrophomonas;Stenotrophomonas maltophilia
KS-10-2	96.827	1292	32	8	4	1288	16	1305	0.0	2165	KC593548.1.1498 Bacteria;Pseudomonadota;Gammaproteobacteria;Lysobacterales;Lysobacteraceae;Stenotrophomonas;Stenotrophomonas maltophilia
KS-10-2	97.466	1263	26	5	32	1288	16	1278	0.0	2165	KR780373.1.1447 Bacteria;Pseudomonadota;Gammaproteobacteria;Lysobacterales;Lysobacteraceae;Stenotrophomonas;Stenotrophomonas sp. CS18
KS-10-2	97.185	1279	23	12	18	1288	7	1280	0.0	2165	EU594562.1.1453 Bacteria;Pseudomonadota;Gammaproteobacteria;Lysobacterales;Lysobacteraceae;Stenotrophomonas;Stenotrophomonas sp. 4-3
KS-10-2	97.542	1261	24	6	34	1288	17	1276	0.0	2165	JQ308603.1.1480 Bacteria;Pseudomonadota;Gammaproteobacteria;Lysobacterales;Lysobacteraceae;Stenotrophomonas;Stenotrophomonas maltophilia
KS-10-2	96.680	1295	33	9	4	1288	15	1309	0.0	2163	FJ529843.1.1544 Bacteria;Pseudomonadota;Gammaproteobacteria;Lysobacterales;Lysobacteraceae;Stenotrophomonas;uncultured Stenotrophomonas sp.
KS-10-2	97.686	1253	27	2	4	1255	15	1266	0.0	2163	FR853767.1.1508 Bacteria;Pseudomonadota;Gammaproteobacteria;Lysobacterales;Lysobacteraceae;Stenotrophomonas;uncultured bacterium
KS-10-2	97.686	1253	27	2	4	1255	21	1272	0.0	2163	AY770720.1.1413 Bacteria;Pseudomonadota;Gammaproteobacteria;Lysobacterales;Lysobacteraceae;Stenotrophomonas;uncultured gamma proteobacterium
KS-10-2	97.540	1260	24	6	35	1288	15	1273	0.0	2163	MH769268.1.1445 Bacteria;Pseudomonadota;Gammaproteobacteria;Lysobacterales;Lysobacteraceae;Stenotrophomonas;Stenotrophomonas maltophilia
KS-10-2	96.897	1289	28	11	9	1288	2	1287	0.0	2163	MH636792.1.1485 Bacteria;Pseudomonadota;Gammaproteobacteria;Lysobacterales;Lysobacteraceae;Stenotrophomonas;Stenotrophomonas pavanii
KS-10-2	97.540	1260	23	7	35	1288	21	1278	0.0	2163	MH157229.1.1450 Bacteria;Pseudomonadota;Gammaproteobacteria;Lysobacterales;Lysobacteraceae;Stenotrophomonas;Pseudomonas azotoformans
KS-10-2	97.687	1254	22	6	42	1288	30	1283	0.0	2163	EU239471.1.1460 Bacteria;Pseudomonadota;Gammaproteobacteria;Lysobacterales;Lysobacteraceae;Stenotrophomonas;[Pseudomonas] geniculata
KS-10-2	96.754	1294	32	9	4	1288	16	1308	0.0	2163	FM178869.1.1511 Bacteria;Pseudomonadota;Gammaproteobacteria;Lysobacterales;Lysobacteraceae;Stenotrophomonas;Acetobacter pasteurianus
KS-10-2	97.251	1273	26	8	22	1288	10	1279	0.0	2163	EU931549.1.1482 Bacteria;Pseudomonadota;Gammaproteobacteria;Lysobacterales;Lysobacteraceae;Stenotrophomonas;Stenotrophomonas maltophilia
KS-10-2	97.397	1268	21	10	33	1288	17	1284	0.0	2163	KM035645.1.1462 Bacteria;Pseudomonadota;Gammaproteobacteria;Lysobacterales;Lysobacteraceae;Stenotrophomonas;Stenotrophomonas sp. An2s
KS-10-2	96.965	1285	23	15	14	1288	1	1279	0.0	2163	U62646.1.1452 Bacteria;Pseudomonadota;Gammaproteobacteria;Lysobacterales;Lysobacteraceae;Stenotrophomonas;Stenotrophomonas maltophilia MGB
KS-10-2	97.540	1260	23	7	35	1288	23	1280	0.0	2163	JN085439.1.1456 Bacteria;Pseudomonadota;Gammaproteobacteria;Lysobacterales;Lysobacteraceae;Stenotrophomonas;Stenotrophomonas maltophilia
KS-10-2	96.687	1298	30	12	4	1288	11	1308	0.0	2161	KX672238.1.1394 Bacteria;Pseudomonadota;Gammaproteobacteria;Lysobacterales;Lysobacteraceae;Stenotrophomonas;uncultured Stenotrophomonas bacterium
KS-10-2	97.034	1281	28	9	15	1288	5	1282	0.0	2161	HM558527.1.1368 Bacteria;Pseudomonadota;Gammaproteobacteria;Lysobacterales;Lysobacteraceae;Stenotrophomonas;uncultured bacterium
KS-10-2	97.544	1262	18	12	37	1288	23	1281	0.0	2161	MH393490.1.1486 Bacteria;Pseudomonadota;Gammaproteobacteria;Lysobacterales;Lysobacteraceae;Stenotrophomonas;Stenotrophomonas sp.
KS-10-2	97.391	1265	26	6	31	1288	17	1281	0.0	2161	MH157230.1.1450 Bacteria;Pseudomonadota;Gammaproteobacteria;Lysobacterales;Lysobacteraceae;Stenotrophomonas;Pseudomonas azotoformans
KS-10-2	97.103	1277	30	6	19	1288	6	1282	0.0	2161	KP966545.1.1455 Bacteria;Pseudomonadota;Gammaproteobacteria;Lysobacterales;Lysobacteraceae;Stenotrophomonas;Stenotrophomonas maltophilia
KS-10-2	97.391	1265	26	6	31	1288	1	1265	0.0	2161	KM488431.1.1446 Bacteria;Pseudomonadota;Gammaproteobacteria;Lysobacterales;Lysobacteraceae;Stenotrophomonas;Stenotrophomonas maltophilia
KS-10-2	96.822	1290	30	10	8	1288	1	1288	0.0	2159	HM556595.1.1380 Bacteria;Pseudomonadota;Gammaproteobacteria;Lysobacterales;Lysobacteraceae;Stenotrophomonas;uncultured bacterium
KS-10-2	96.819	1289	32	8	9	1288	3	1291	0.0	2159	HQ750781.1.1455 Bacteria;Pseudomonadota;Gammaproteobacteria;Lysobacterales;Lysobacteraceae;Stenotrophomonas;uncultured organism
KS-10-2	96.822	1290	30	10	9	1288	1	1289	0.0	2159	FJ894363.1.1369 Bacteria;Pseudomonadota;Gammaproteobacteria;Lysobacterales;Lysobacteraceae;Stenotrophomonas;uncultured bacterium
KS-10-2	97.536	1258	24	6	38	1288	23	1280	0.0	2159	EU239474.1.1454 Bacteria;Pseudomonadota;Gammaproteobacteria;Lysobacterales;Lysobacteraceae;Stenotrophomonas;[Pseudomonas] geniculata
KS-10-2	97.103	1277	27	9	18	1288	6	1278	0.0	2159	KF358247.1.1449 Bacteria;Pseudomonadota;Gammaproteobacteria;Lysobacterales;Lysobacteraceae;Stenotrophomonas;Stenotrophomonas maltophilia
KS-10-2	96.836	1296	17	22	4	1288	17	1299	0.0	2159	EF620455.1.1503 Bacteria;Pseudomonadota;Gammaproteobacteria;Lysobacterales;Lysobacteraceae;Stenotrophomonas;Stenotrophomonas maltophilia
KS-10-2	97.610	1255	22	7	42	1288	26	1280	0.0	2159	KC182732.1.1455 Bacteria;Pseudomonadota;Gammaproteobacteria;Lysobacterales;Lysobacteraceae;Stenotrophomonas;Stenotrophomonas sp. AD-4
KS-10-2	97.174	1274	26	9	21	1288	8	1277	0.0	2159	KM114628.1.1452 Bacteria;Pseudomonadota;Gammaproteobacteria;Lysobacterales;Lysobacteraceae;Stenotrophomonas;Stenotrophomonas sp. ZJZG10
KS-10-2	97.460	1260	26	5	35	1288	17	1276	0.0	2159	JQ619623.1.1448 Bacteria;Pseudomonadota;Gammaproteobacteria;Lysobacterales;Lysobacteraceae;Stenotrophomonas;Stenotrophomonas maltophilia
KS-10-2	97.464	1262	22	9	35	1288	14	1273	0.0	2159	LM653112.2.1440 Bacteria;Pseudomonadota;Gammaproteobacteria;Lysobacterales;Lysobacteraceae;Stenotrophomonas;[Pseudomonas] geniculata
KS-10-2	97.462	1261	24	7	35	1288	19	1278	0.0	2159	EU294137.1.1446 Bacteria;Pseudomonadota;Gammaproteobacteria;Lysobacterales;Lysobacteraceae;Stenotrophomonas;Stenotrophomonas maltophilia
KS-10-2	96.819	1289	31	9	9	1288	1	1288	0.0	2159	AJ131117.1.1502 Bacteria;Pseudomonadota;Gammaproteobacteria;Lysobacterales;Lysobacteraceae;Stenotrophomonas;Stenotrophomonas maltophilia
KS-10-2	97.460	1260	25	6	35	1288	18	1276	0.0	2158	JX872335.1.1443 Bacteria;Pseudomonadota;Gammaproteobacteria;Lysobacterales;Lysobacteraceae;Stenotrophomonas;uncultured bacterium
KS-10-2	96.759	1296	22	19	10	1288	1	1293	0.0	2158	HM558264.1.1386 Bacteria;Pseudomonadota;Gammaproteobacteria;Lysobacterales;Lysobacteraceae;Stenotrophomonas;uncultured bacterium
KS-10-2	96.677	1294	33	9	4	1288	20	1312	0.0	2158	HM066254.1.1519 Bacteria;Pseudomonadota;Gammaproteobacteria;Lysobacterales;Lysobacteraceae;Stenotrophomonas;uncultured bacterium
KS-10-2	97.105	1278	24	12	20	1288	5	1278	0.0	2158	EU160517.1.1345 Bacteria;Pseudomonadota;Gammaproteobacteria;Lysobacterales;Lysobacteraceae;Stenotrophomonas;uncultured Stenotrophomonas sp.
KS-10-2	96.697	1302	17	26	9	1288	1	1298	0.0	2158	AY856842.1.1513 Bacteria;Pseudomonadota;Gammaproteobacteria;Lysobacterales;Lysobacteraceae;Stenotrophomonas;Stenotrophomonas sp. 22
KS-10-2	96.814	1287	34	6	9	1288	1	1287	0.0	2158	FJ894828.1.1367 Bacteria;Pseudomonadota;Gammaproteobacteria;Lysobacterales;Lysobacteraceae;Stenotrophomonas;uncultured bacterium
KS-10-2	97.105	1278	24	12	18	1288	3	1274	0.0	2158	KJ200406.1.1447 Bacteria;Pseudomonadota;Gammaproteobacteria;Lysobacterales;Lysobacteraceae;Stenotrophomonas;Stenotrophomonas sp. FSBSD4
KS-10-2	96.819	1289	30	10	9	1288	1	1287	0.0	2158	KT248842.1.1468 Bacteria;Pseudomonadota;Gammaproteobacteria;Lysobacterales;Lysobacteraceae;Stenotrophomonas;Stenotrophomonas maltophilia
KS-10-2	97.100	1276	28	8	19	1288	2	1274	0.0	2158	KM894189.1.1471 Bacteria;Pseudomonadota;Gammaproteobacteria;Lysobacterales;Lysobacteraceae;Stenotrophomonas;Stenotrophomonas maltophilia
KS-10-2	97.098	1275	29	7	21	1288	9	1282	0.0	2158	KT154941.1.1459 Bacteria;Pseudomonadota;Gammaproteobacteria;Lysobacterales;Lysobacteraceae;Stenotrophomonas;Stenotrophomonas sp. BV9
KS-10-2	97.387	1263	26	6	32	1288	10	1271	0.0	2158	FJ976542.1.1383 Bacteria;Pseudomonadota;Gammaproteobacteria;Lysobacterales;Lysobacteraceae;Stenotrophomonas;Stenotrophomonas sp. LCR33
KS-10-2	97.385	1262	27	5	33	1288	1	1262	0.0	2158	FJ588230.1.1424 Bacteria;Pseudomonadota;Gammaproteobacteria;Lysobacterales;Lysobacteraceae;Stenotrophomonas;Pseudomonas sp. cb-1
KS-10-2	97.756	1248	20	7	48	1288	1	1247	0.0	2158	KJ806210.1.1380 Bacteria;Pseudomonadota;Gammaproteobacteria;Lysobacterales;Lysobacteraceae;Stenotrophomonas;Stenotrophomonas sp. PBR-4
KS-10-2	97.006	1269	32	5	26	1288	1	1269	0.0	2158	AJ131783.1.1482 Bacteria;Pseudomonadota;Gammaproteobacteria;Lysobacterales;Lysobacteraceae;Stenotrophomonas;Stenotrophomonas maltophilia
KS-10-2	97.387	1263	26	6	32	1288	13	1274	0.0	2158	MF356673.1.1445 Bacteria;Pseudomonadota;Gammaproteobacteria;Lysobacterales;Lysobacteraceae;Stenotrophomonas;bacterium
KS-10-2	96.613	1299	28	15	4	1288	11	1307	0.0	2156	KX672257.1.1394 Bacteria;Pseudomonadota;Gammaproteobacteria;Lysobacterales;Lysobacteraceae;Stenotrophomonas;uncultured Stenotrophomonas bacterium
KS-10-2	96.608	1297	28	15	4	1288	3	1295	0.0	2156	FJ191982.1.1448 Bacteria;Pseudomonadota;Gammaproteobacteria;Lysobacterales;Lysobacteraceae;Stenotrophomonas;uncultured Stenotrophomonas sp.
KS-10-2	96.953	1280	31	7	16	1288	1	1279	0.0	2156	HQ752905.1.1449 Bacteria;Pseudomonadota;Gammaproteobacteria;Lysobacterales;Lysobacteraceae;Stenotrophomonas;uncultured organism
KS-10-2	97.024	1277	30	7	18	1288	6	1280	0.0	2156	KT970983.1.1481 Bacteria;Pseudomonadota;Gammaproteobacteria;Lysobacterales;Lysobacteraceae;Stenotrophomonas;Stenotrophomonas maltophilia
KS-10-2	97.098	1275	27	9	20	1288	10	1280	0.0	2156	JX392997.1.1451 Bacteria;Pseudomonadota;Gammaproteobacteria;Lysobacterales;Lysobacteraceae;Stenotrophomonas;Stenotrophomonas maltophilia
KS-10-2	97.314	1266	24	9	32	1288	17	1281	0.0	2156	KT154938.1.1453 Bacteria;Pseudomonadota;Gammaproteobacteria;Lysobacterales;Lysobacteraceae;Stenotrophomonas;Stenotrophomonas sp. BV8
KS-10-2	97.680	1250	20	8	48	1288	38	1287	0.0	2154	DQ821577.1.1455 Bacteria;Pseudomonadota;Gammaproteobacteria;Lysobacterales;Lysobacteraceae;Stenotrophomonas;Stenotrophomonas sp. JNW12
KS-10-2	97.383	1261	25	7	34	1288	15	1273	0.0	2154	HM461149.1.1479 Bacteria;Pseudomonadota;Gammaproteobacteria;Lysobacterales;Lysobacteraceae;Stenotrophomonas;Stenotrophomonas sp. enrichment culture clone HSL25
KS-10-2	97.242	1269	23	11	30	1288	11	1277	0.0	2154	KY285290.1.1460 Bacteria;Pseudomonadota;Gammaproteobacteria;Lysobacterales;Lysobacteraceae;Stenotrophomonas;[Pseudomonas] geniculata
KS-10-2	97.387	1263	22	9	35	1288	21	1281	0.0	2154	KT154858.1.1456 Bacteria;Pseudomonadota;Gammaproteobacteria;Lysobacterales;Lysobacteraceae;Stenotrophomonas;Pseudomonas sp. MV4
KS-10-2	97.027	1278	27	10	18	1288	2	1275	0.0	2154	MG557805.1.1474 Bacteria;Pseudomonadota;Gammaproteobacteria;Lysobacterales;Lysobacteraceae;Stenotrophomonas;Stenotrophomonas maltophilia
KS-10-2	97.240	1268	26	8	27	1288	14	1278	0.0	2154	HQ631948.1.1453 Bacteria;Pseudomonadota;Gammaproteobacteria;Lysobacterales;Lysobacteraceae;Stenotrophomonas;Stenotrophomonas sp. SO5
KS-10-2	96.674	1293	32	10	4	1288	9	1298	0.0	2154	KR919607.1.1506 Bacteria;Pseudomonadota;Gammaproteobacteria;Lysobacterales;Lysobacteraceae;Stenotrophomonas;Stenotrophomonas sp. RZS10
KS-10-2	97.310	1264	27	6	32	1288	19	1282	0.0	2154	JQ082165.1.1452 Bacteria;Pseudomonadota;Gammaproteobacteria;Lysobacterales;Lysobacteraceae;Stenotrophomonas;Stenotrophomonas sp. U1370-101126-SW188
KS-10-2	97.022	1276	25	12	22	1288	7	1278	0.0	2154	JN874805.1.1484 Bacteria;Pseudomonadota;Gammaproteobacteria;Lysobacterales;Lysobacteraceae;Stenotrophomonas;gamma proteobacterium B11
KS-10-2	96.541	1301	28	16	4	1288	1	1300	0.0	2152	HM558665.1.1380 Bacteria;Pseudomonadota;Gammaproteobacteria;Lysobacterales;Lysobacteraceae;Stenotrophomonas;uncultured bacterium
KS-10-2	96.600	1294	34	9	4	1288	22	1314	0.0	2152	CP007597.4112346.4113891 Bacteria;Pseudomonadota;Gammaproteobacteria;Lysobacterales;Lysobacteraceae;Stenotrophomonas;Stenotrophomonas rhizophila
KS-10-2	96.600	1294	34	9	4	1288	22	1314	0.0	2152	CP007597.4643723.4645268 Bacteria;Pseudomonadota;Gammaproteobacteria;Lysobacterales;Lysobacteraceae;Stenotrophomonas;Stenotrophomonas rhizophila
KS-10-2	96.600	1294	34	9	4	1288	22	1314	0.0	2152	CP007597.4637982.4639527 Bacteria;Pseudomonadota;Gammaproteobacteria;Lysobacterales;Lysobacteraceae;Stenotrophomonas;Stenotrophomonas rhizophila
KS-10-2	97.383	1261	24	8	35	1288	21	1279	0.0	2152	KX350010.1.1452 Bacteria;Pseudomonadota;Gammaproteobacteria;Lysobacterales;Lysobacteraceae;Stenotrophomonas;Stenotrophomonas maltophilia
KS-10-2	97.454	1257	25	6	39	1288	25	1281	0.0	2152	MH769262.1.1454 Bacteria;Pseudomonadota;Gammaproteobacteria;Lysobacterales;Lysobacteraceae;Stenotrophomonas;Stenotrophomonas maltophilia
KS-10-2	97.381	1260	25	7	35	1288	17	1274	0.0	2152	KT034435.1.1479 Bacteria;Pseudomonadota;Gammaproteobacteria;Lysobacterales;Lysobacteraceae;Stenotrophomonas;Stenotrophomonas sp. 282
KS-10-2	97.381	1260	25	7	35	1288	18	1275	0.0	2152	GU113072.1.1443 Bacteria;Pseudomonadota;Gammaproteobacteria;Lysobacterales;Lysobacteraceae;Stenotrophomonas;Stenotrophomonas sp. P2
KS-10-2	97.091	1272	29	7	25	1288	1	1272	0.0	2152	HQ406761.1.1437 Bacteria;Pseudomonadota;Gammaproteobacteria;Lysobacterales;Lysobacteraceae;Stenotrophomonas;Stenotrophomonas maltophilia
KS-10-2	97.381	1260	26	6	35	1288	18	1276	0.0	2152	JQ717287.1.1447 Bacteria;Pseudomonadota;Gammaproteobacteria;Lysobacterales;Lysobacteraceae;Stenotrophomonas;Stenotrophomonas sp. f1(2012)
KS-10-2	96.600	1294	34	9	4	1288	18	1310	0.0	2152	JX899643.1.1564 Bacteria;Pseudomonadota;Gammaproteobacteria;Lysobacterales;Lysobacteraceae;Stenotrophomonas;Stenotrophomonas sp. REp-tet_144
KS-10-2	96.953	1280	27	11	18	1288	6	1282	0.0	2152	EU301687.1.1451 Bacteria;Pseudomonadota;Gammaproteobacteria;Lysobacterales;Lysobacteraceae;Stenotrophomonas;Stenotrophomonas sp. Y7C
KS-10-2	96.373	1296	31	15	9	1288	1	1296	0.0	2150	EU850561.1.1478 Bacteria;Pseudomonadota;Gammaproteobacteria;Lysobacterales;Lysobacteraceae;Stenotrophomonas;uncultured rumen bacterium
KS-10-2	96.592	1291	38	5	4	1288	12	1302	0.0	2150	JX138628.1.1511 Bacteria;Pseudomonadota;Gammaproteobacteria;Lysobacterales;Lysobacteraceae;Stenotrophomonas;uncultured Stenotrophomonas sp.
KS-10-2	96.594	1292	36	7	4	1288	17	1307	0.0	2150	JF772544.1.1504 Bacteria;Pseudomonadota;Gammaproteobacteria;Lysobacterales;Lysobacteraceae;Stenotrophomonas;Stenotrophomonas sp. bB23(2011)
KS-10-2	96.951	1279	27	11	19	1288	7	1282	0.0	2150	KT154939.1.1458 Bacteria;Pseudomonadota;Gammaproteobacteria;Lysobacterales;Lysobacteraceae;Stenotrophomonas;Stenotrophomonas sp. BV10
KS-10-2	97.308	1263	24	9	35	1288	18	1279	0.0	2150	KT154859.1.1455 Bacteria;Pseudomonadota;Gammaproteobacteria;Lysobacterales;Lysobacteraceae;Stenotrophomonas;Pseudomonas sp. MV7
KS-10-2	97.233	1265	28	6	31	1288	1	1265	0.0	2150	KM488430.1.1446 Bacteria;Pseudomonadota;Gammaproteobacteria;Lysobacterales;Lysobacteraceae;Stenotrophomonas;Stenotrophomonas maltophilia
KS-10-2	97.306	1262	26	7	33	1288	22	1281	0.0	2150	EU816585.1.1494 Bacteria;Pseudomonadota;Gammaproteobacteria;Lysobacterales;Lysobacteraceae;Stenotrophomonas;Stenotrophomonas sp. MB-1-6-5
KS-10-2	97.452	1256	24	7	41	1288	22	1277	0.0	2150	KY859786.1.1444 Bacteria;Pseudomonadota;Gammaproteobacteria;Lysobacterales;Lysobacteraceae;Stenotrophomonas;Stenotrophomonas maltophilia
KS-10-2	97.308	1263	24	9	35	1288	16	1277	0.0	2150	MF599384.1.1442 Bacteria;Pseudomonadota;Gammaproteobacteria;Lysobacterales;Lysobacteraceae;Stenotrophomonas;Stenotrophomonas maltophilia
KS-10-2	97.240	1268	21	10	34	1288	14	1280	0.0	2150	JN571048.1.1419 Bacteria;Pseudomonadota;Gammaproteobacteria;Lysobacterales;Lysobacteraceae;Stenotrophomonas;Stenotrophomonas maltophilia
KS-10-2	96.594	1292	34	9	4	1288	22	1310	0.0	2148	GQ358827.1.1510 Bacteria;Pseudomonadota;Gammaproteobacteria;Lysobacterales;Lysobacteraceae;Stenotrophomonas;uncultured bacterium
KS-10-2	97.168	1271	19	16	27	1288	1	1263	0.0	2148	HM438643.1.1494 Bacteria;Pseudomonadota;Gammaproteobacteria;Lysobacterales;Lysobacteraceae;Stenotrophomonas;uncultured Stenotrophomonas sp.
KS-10-2	96.747	1291	22	8	4	1288	12	1288	0.0	2148	KT308525.1.1485 Bacteria;Pseudomonadota;Gammaproteobacteria;Lysobacterales;Lysobacteraceae;Stenotrophomonas;uncultured Stenotrophomonas sp.
KS-10-2	96.661	1288	35	6	9	1288	1	1288	0.0	2148	LN570983.1.1381 Bacteria;Pseudomonadota;Gammaproteobacteria;Lysobacterales;Lysobacteraceae;Stenotrophomonas;uncultured bacterium
KS-10-2	96.664	1289	33	9	9	1288	1	1288	0.0	2148	FJ894844.1.1368 Bacteria;Pseudomonadota;Gammaproteobacteria;Lysobacterales;Lysobacteraceae;Stenotrophomonas;uncultured bacterium
KS-10-2	97.082	1268	26	10	32	1288	14	1281	0.0	2148	KJ149818.1.1452 Bacteria;Pseudomonadota;Gammaproteobacteria;Lysobacterales;Lysobacteraceae;Stenotrophomonas;Stenotrophomonas maltophilia
KS-10-2	97.673	1246	22	6	50	1288	1	1246	0.0	2148	KC888971.1.1386 Bacteria;Pseudomonadota;Gammaproteobacteria;Lysobacterales;Lysobacteraceae;Stenotrophomonas;Stenotrophomonas sp. 58-27
KS-10-2	97.235	1266	24	9	32	1288	18	1281	0.0	2148	KT154935.1.1457 Bacteria;Pseudomonadota;Gammaproteobacteria;Lysobacterales;Lysobacteraceae;Stenotrophomonas;Stenotrophomonas sp. BV1(2015)
KS-10-2	97.306	1262	24	8	35	1288	17	1276	0.0	2148	KT034433.1.1482 Bacteria;Pseudomonadota;Gammaproteobacteria;Lysobacterales;Lysobacteraceae;Stenotrophomonas;Stenotrophomonas sp. 274
KS-10-2	97.020	1275	27	10	24	1288	6	1279	0.0	2148	MF776632.1.1443 Bacteria;Pseudomonadota;Gammaproteobacteria;Lysobacterales;Lysobacteraceae;Stenotrophomonas;Stenotrophomonas maltophilia
KS-10-2	97.448	1254	26	5	41	1288	35	1288	0.0	2148	KC136828.1.1526 Bacteria;Pseudomonadota;Gammaproteobacteria;Lysobacterales;Lysobacteraceae;Stenotrophomonas;Stenotrophomonas maltophilia
KS-10-2	96.592	1291	37	6	5	1288	23	1313	0.0	2148	EU627172.1.1524 Bacteria;Pseudomonadota;Gammaproteobacteria;Lysobacterales;Lysobacteraceae;Stenotrophomonas;Stenotrophomonas maltophilia
KS-10-2	96.656	1286	35	7	9	1288	1	1284	0.0	2146	KF094439.1.1364 Bacteria;Pseudomonadota;Gammaproteobacteria;Lysobacterales;Lysobacteraceae;Stenotrophomonas;uncultured bacterium
KS-10-2	97.302	1260	27	6	35	1288	17	1275	0.0	2146	HQ166115.1.1445 Bacteria;Pseudomonadota;Gammaproteobacteria;Lysobacterales;Lysobacteraceae;Stenotrophomonas;Stenotrophomonas maltophilia
KS-10-2	97.229	1263	27	7	32	1288	17	1277	0.0	2146	JX393000.1.1447 Bacteria;Pseudomonadota;Gammaproteobacteria;Lysobacterales;Lysobacteraceae;Stenotrophomonas;Stenotrophomonas maltophilia
KS-10-2	97.168	1271	19	14	32	1288	2	1269	0.0	2146	AB299977.1.1435 Bacteria;Pseudomonadota;Gammaproteobacteria;Lysobacterales;Lysobacteraceae;Stenotrophomonas;Stenotrophomonas maltophilia
KS-10-2	97.238	1267	19	13	35	1288	17	1280	0.0	2146	KT034427.1.1483 Bacteria;Pseudomonadota;Gammaproteobacteria;Lysobacterales;Lysobacteraceae;Stenotrophomonas;Stenotrophomonas sp. 191
KS-10-2	97.972	1233	17	8	63	1288	48	1279	0.0	2146	KF941216.1.1486 Bacteria;Pseudomonadota;Gammaproteobacteria;Lysobacterales;Lysobacteraceae;Stenotrophomonas;Stenotrophomonas sp. YS88
KS-10-2	97.229	1263	28	6	32	1288	15	1276	0.0	2146	JQ897942.1.1444 Bacteria;Pseudomonadota;Gammaproteobacteria;Lysobacterales;Lysobacteraceae;Stenotrophomonas;Stenotrophomonas sp. PeniS2D1
KS-10-2	96.797	1280	34	6	16	1288	1	1280	0.0	2145	HQ750540.1.1451 Bacteria;Pseudomonadota;Gammaproteobacteria;Lysobacterales;Lysobacteraceae;Stenotrophomonas;uncultured organism
KS-10-2	96.587	1289	37	6	7	1288	2	1290	0.0	2145	HQ742810.1.1445 Bacteria;Pseudomonadota;Gammaproteobacteria;Lysobacterales;Lysobacteraceae;Stenotrophomonas;uncultured organism
KS-10-2	97.152	1264	30	5	31	1288	1	1264	0.0	2145	EU538031.1.1362 Bacteria;Pseudomonadota;Gammaproteobacteria;Lysobacterales;Lysobacteraceae;Stenotrophomonas;uncultured bacterium
KS-10-2	97.091	1272	20	16	26	1288	1	1264	0.0	2143	FJ192095.1.1453 Bacteria;Pseudomonadota;Gammaproteobacteria;Lysobacterales;Lysobacteraceae;Stenotrophomonas;uncultured Stenotrophomonas sp.
KS-10-2	97.368	1254	25	7	43	1288	1	1254	0.0	2143	EF562272.1.1261 Bacteria;Pseudomonadota;Gammaproteobacteria;Lysobacterales;Lysobacteraceae;Stenotrophomonas;uncultured Stenotrophomonas bacterium
KS-10-2	96.587	1289	34	9	9	1288	1	1288	0.0	2143	AY040357.1.1499 Bacteria;Pseudomonadota;Gammaproteobacteria;Lysobacterales;Lysobacteraceae;Stenotrophomonas;Stenotrophomonas maltophilia
KS-10-2	97.816	1236	21	5	59	1288	45	1280	0.0	2143	KT154940.1.1460 Bacteria;Pseudomonadota;Gammaproteobacteria;Lysobacterales;Lysobacteraceae;Stenotrophomonas;Stenotrophomonas sp. BV3
KS-10-2	97.227	1262	26	8	35	1288	15	1275	0.0	2143	JX868559.1.1442 Bacteria;Pseudomonadota;Gammaproteobacteria;Lysobacterales;Lysobacteraceae;Stenotrophomonas;Stenotrophomonas maltophilia
KS-10-2	96.799	1281	27	13	20	1288	6	1284	0.0	2141	EU160543.1.1331 Bacteria;Pseudomonadota;Gammaproteobacteria;Lysobacterales;Lysobacteraceae;Stenotrophomonas;uncultured Xanthomonas sp.
KS-10-2	96.442	1293	38	7	4	1288	15	1307	0.0	2141	AY856845.1.1538 Bacteria;Pseudomonadota;Gammaproteobacteria;Lysobacterales;Lysobacteraceae;Stenotrophomonas;Stenotrophomonas sp. 45
KS-10-2	97.816	1236	19	7	61	1288	8	1243	0.0	2141	MH114026.1.1383 Bacteria;Pseudomonadota;Gammaproteobacteria;Lysobacterales;Lysobacteraceae;Stenotrophomonas;Stenotrophomonas maltophilia
KS-10-2	96.868	1277	29	10	18	1288	6	1277	0.0	2141	KT970986.1.1479 Bacteria;Pseudomonadota;Gammaproteobacteria;Lysobacterales;Lysobacteraceae;Stenotrophomonas;Stenotrophomonas maltophilia
KS-10-2	96.868	1277	28	11	22	1288	10	1284	0.0	2141	KP895789.1.1465 Bacteria;Pseudomonadota;Gammaproteobacteria;Lysobacterales;Lysobacteraceae;Stenotrophomonas;Stenotrophomonas maltophilia
KS-10-2	97.891	1233	19	7	63	1288	45	1277	0.0	2141	KF941214.1.1481 Bacteria;Pseudomonadota;Gammaproteobacteria;Lysobacterales;Lysobacteraceae;Stenotrophomonas;Stenotrophomonas sp. YS81
KS-10-2	97.150	1263	28	7	33	1288	16	1277	0.0	2141	KM229704.1.1345 Bacteria;Pseudomonadota;Gammaproteobacteria;Lysobacterales;Lysobacteraceae;Stenotrophomonas;gamma proteobacterium EGS12
KS-10-2	97.150	1263	28	7	34	1288	19	1281	0.0	2141	KY859843.1.1403 Bacteria;Pseudomonadota;Gammaproteobacteria;Lysobacterales;Lysobacteraceae;Stenotrophomonas;Stenotrophomonas pavanii
KS-10-2	97.222	1260	28	6	35	1288	20	1278	0.0	2141	JQ082170.1.1450 Bacteria;Pseudomonadota;Gammaproteobacteria;Lysobacterales;Lysobacteraceae;Stenotrophomonas;Stenotrophomonas sp. U1370-101126-SW193
KS-10-2	96.520	1293	34	10	4	1288	9	1298	0.0	2141	AJ293462.7.1536 Bacteria;Pseudomonadota;Gammaproteobacteria;Lysobacterales;Lysobacteraceae;Stenotrophomonas;Stenotrophomonas rhizophila
KS-10-2	96.830	1262	31	8	35	1288	1	1261	0.0	2139	AJ884483.1.1455 Bacteria;Pseudomonadota;Gammaproteobacteria;Lysobacterales;Lysobacteraceae;Stenotrophomonas;Stenotrophomonas sp.
KS-10-2	96.802	1282	24	16	18	1288	4	1279	0.0	2139	MF185219.1.1448 Bacteria;Pseudomonadota;Gammaproteobacteria;Lysobacterales;Lysobacteraceae;Stenotrophomonas;Stenotrophomonas sp.
KS-10-2	97.145	1261	29	6	35	1288	5	1265	0.0	2139	AY748889.1.1424 Bacteria;Pseudomonadota;Gammaproteobacteria;Lysobacterales;Lysobacteraceae;Stenotrophomonas;Stenotrophomonas maltophilia
KS-10-2	97.015	1273	21	16	18	1285	8	1268	0.0	2139	JX119237.1.1450 Bacteria;Pseudomonadota;Gammaproteobacteria;Lysobacterales;Lysobacteraceae;Stenotrophomonas;Stenotrophomonas maltophilia
KS-10-2	97.222	1260	25	9	39	1288	6	1265	0.0	2139	FJ493052.1.1428 Bacteria;Pseudomonadota;Gammaproteobacteria;Lysobacterales;Lysobacteraceae;Stenotrophomonas;Pseudomonas sp. 2Y-1
KS-10-2	97.154	1265	20	15	32	1288	1	1257	0.0	2137	GQ157794.1.1428 Bacteria;Pseudomonadota;Gammaproteobacteria;Lysobacterales;Lysobacteraceae;Stenotrophomonas;uncultured bacterium
KS-10-2	96.313	1302	31	16	4	1288	15	1316	0.0	2137	EF520627.1.1503 Bacteria;Pseudomonadota;Gammaproteobacteria;Lysobacterales;Lysobacteraceae;Stenotrophomonas;uncultured bacterium
KS-10-2	96.927	1269	30	8	25	1285	8	1275	0.0	2137	HQ219979.1.1391 Bacteria;Pseudomonadota;Gammaproteobacteria;Lysobacterales;Lysobacteraceae;Stenotrophomonas;Stenotrophomonas maltophilia
KS-10-2	96.409	1281	38	7	14	1288	6	1284	0.0	2137	AJ131908.1.1376 Bacteria;Pseudomonadota;Gammaproteobacteria;Lysobacterales;Lysobacteraceae;Stenotrophomonas;Stenotrophomonas maltophilia
KS-10-2	97.659	1239	22	6	56	1288	43	1280	0.0	2135	KP895795.1.1454 Bacteria;Pseudomonadota;Gammaproteobacteria;Lysobacterales;Lysobacteraceae;Stenotrophomonas;[Pseudomonas] geniculata
KS-10-2	97.289	1254	30	4	4	1255	16	1267	0.0	2135	JF345182.1.1505 Bacteria;Pseudomonadota;Gammaproteobacteria;Lysobacterales;Lysobacteraceae;Stenotrophomonas;Stenotrophomonas sp. PG16
KS-10-2	97.436	1248	25	6	48	1288	36	1283	0.0	2135	FJ950659.1.1460 Bacteria;Pseudomonadota;Gammaproteobacteria;Lysobacterales;Lysobacteraceae;Stenotrophomonas;Stenotrophomonas maltophilia
KS-10-2	97.141	1259	30	5	36	1288	17	1275	0.0	2135	KY636360.1.1473 Bacteria;Pseudomonadota;Gammaproteobacteria;Lysobacterales;Lysobacteraceae;Stenotrophomonas;Stenotrophomonas sp.
KS-10-2	96.376	1297	29	17	4	1288	11	1301	0.0	2134	KX672294.1.1394 Bacteria;Pseudomonadota;Gammaproteobacteria;Lysobacterales;Lysobacteraceae;Stenotrophomonas;uncultured Stenotrophomonas bacterium
KS-10-2	96.437	1291	34	11	9	1288	1	1290	0.0	2134	JF138651.1.1370 Bacteria;Pseudomonadota;Gammaproteobacteria;Lysobacterales;Lysobacteraceae;Stenotrophomonas;uncultured bacterium
KS-10-2	96.368	1294	25	18	4	1288	17	1297	0.0	2134	FJ191326.1.1445 Bacteria;Pseudomonadota;Gammaproteobacteria;Lysobacterales;Lysobacteraceae;Stenotrophomonas;uncultured Stenotrophomonas sp.
KS-10-2	96.568	1282	38	5	13	1288	1	1282	0.0	2134	HQ792490.1.1463 Bacteria;Pseudomonadota;Gammaproteobacteria;Lysobacterales;Lysobacteraceae;Stenotrophomonas;uncultured organism
KS-10-2	96.858	1273	29	10	22	1288	5	1272	0.0	2134	KX350042.1.1444 Bacteria;Pseudomonadota;Gammaproteobacteria;Lysobacterales;Lysobacteraceae;Stenotrophomonas;Stenotrophomonas maltophilia
KS-10-2	96.789	1277	28	11	21	1288	8	1280	0.0	2134	KP895790.1.1456 Bacteria;Pseudomonadota;Gammaproteobacteria;Lysobacterales;Lysobacteraceae;Stenotrophomonas;Stenotrophomonas maltophilia
KS-10-2	96.787	1276	30	9	22	1288	11	1284	0.0	2134	HQ401563.1.1425 Bacteria;Pseudomonadota;Gammaproteobacteria;Lysobacterales;Lysobacteraceae;Stenotrophomonas;Stenotrophomonas maltophilia
KS-10-2	96.932	1271	25	13	26	1288	5	1269	0.0	2134	FJ418173.1.1428 Bacteria;Pseudomonadota;Gammaproteobacteria;Lysobacterales;Lysobacteraceae;Stenotrophomonas;Stenotrophomonas maltophilia
KS-10-2	96.371	1295	34	12	4	1288	9	1300	0.0	2134	AJ293463.7.1537 Bacteria;Pseudomonadota;Gammaproteobacteria;Lysobacterales;Lysobacteraceae;Stenotrophomonas;Stenotrophomonas rhizophila
KS-10-2	97.211	1255	28	6	41	1288	23	1277	0.0	2132	KM492916.1.1447 Bacteria;Pseudomonadota;Gammaproteobacteria;Lysobacterales;Lysobacteraceae;Stenotrophomonas;Stenotrophomonas sp. CB1
KS-10-2	96.440	1292	29	16	8	1288	1	1286	0.0	2130	HM557737.1.1377 Bacteria;Pseudomonadota;Gammaproteobacteria;Lysobacterales;Lysobacteraceae;Stenotrophomonas;uncultured bacterium
KS-10-2	96.562	1280	38	5	15	1288	1	1280	0.0	2130	HQ750293.1.1450 Bacteria;Pseudomonadota;Gammaproteobacteria;Lysobacterales;Lysobacteraceae;Stenotrophomonas;uncultured organism
KS-10-2	96.169	1305	30	19	4	1288	15	1319	0.0	2130	EF520558.1.1463 Bacteria;Pseudomonadota;Gammaproteobacteria;Lysobacterales;Lysobacteraceae;Stenotrophomonas;uncultured gamma proteobacterium
KS-10-2	96.638	1279	33	9	18	1288	1	1277	0.0	2130	KF737383.1.1445 Bacteria;Pseudomonadota;Gammaproteobacteria;Lysobacterales;Lysobacteraceae;Stenotrophomonas;Stenotrophomonas sp. QW46
KS-10-2	96.994	1264	28	9	32	1288	12	1272	0.0	2130	MF662222.1.1474 Bacteria;Pseudomonadota;Gammaproteobacteria;Lysobacterales;Lysobacteraceae;Stenotrophomonas;Stenotrophomonas maltophilia
KS-10-2	96.576	1285	27	15	16	1288	1	1280	0.0	2128	DQ211581.1.1485 Bacteria;Pseudomonadota;Gammaproteobacteria;Lysobacterales;Lysobacteraceae;Stenotrophomonas;Stenotrophomonas sp. CD02
KS-10-2	96.282	1291	42	5	4	1288	16	1306	0.0	2128	FJ184328.1.1509 Bacteria;Pseudomonadota;Gammaproteobacteria;Lysobacterales;Lysobacteraceae;Stenotrophomonas;uncultured soil bacterium
KS-10-2	96.562	1280	37	6	16	1288	1	1280	0.0	2128	HQ752656.1.1438 Bacteria;Pseudomonadota;Gammaproteobacteria;Lysobacterales;Lysobacteraceae;Stenotrophomonas;uncultured organism
KS-10-2	96.643	1281	27	15	19	1288	11	1286	0.0	2128	EU160548.1.1331 Bacteria;Pseudomonadota;Gammaproteobacteria;Lysobacterales;Lysobacteraceae;Stenotrophomonas;uncultured Xanthomonas sp.
KS-10-2	96.646	1282	25	15	21	1288	16	1293	0.0	2128	KT248839.1.1404 Bacteria;Pseudomonadota;Gammaproteobacteria;Lysobacterales;Lysobacteraceae;Stenotrophomonas;Stenotrophomonas maltophilia
KS-10-2	97.650	1234	23	5	61	1288	8	1241	0.0	2128	KF952250.1.1304 Bacteria;Pseudomonadota;Gammaproteobacteria;Lysobacterales;Lysobacteraceae;Stenotrophomonas;Stenotrophomonas maltophilia
KS-10-2	96.576	1285	27	16	18	1288	6	1287	0.0	2128	EU434498.1.1460 Bacteria;Pseudomonadota;Gammaproteobacteria;Lysobacterales;Lysobacteraceae;Stenotrophomonas;Stenotrophomonas maltophilia
KS-10-2	97.650	1234	23	5	61	1288	14	1247	0.0	2128	KY682292.1.1391 Bacteria;Pseudomonadota;Gammaproteobacteria;Lysobacterales;Lysobacteraceae;Stenotrophomonas;Stenotrophomonas maltophilia
KS-10-2	96.638	1279	31	11	18	1288	6	1280	0.0	2128	JN700136.1.1449 Bacteria;Pseudomonadota;Gammaproteobacteria;Lysobacterales;Lysobacteraceae;Stenotrophomonas;Stenotrophomonas rhizophila
KS-10-2	95.723	1286	49	6	9	1288	1	1286	0.0	2128	AJ131905.1.1500 Bacteria;Pseudomonadota;Gammaproteobacteria;Lysobacterales;Lysobacteraceae;Stenotrophomonas;Stenotrophomonas maltophilia
KS-10-2	96.437	1291	27	8	4	1288	13	1290	0.0	2126	KT308528.1.1474 Bacteria;Pseudomonadota;Gammaproteobacteria;Lysobacterales;Lysobacteraceae;Stenotrophomonas;uncultured Stenotrophomonas sp.
KS-10-2	96.991	1263	27	9	35	1288	21	1281	0.0	2126	KP895794.1.1456 Bacteria;Pseudomonadota;Gammaproteobacteria;Lysobacterales;Lysobacteraceae;Stenotrophomonas;Stenotrophomonas sp. CV8
KS-10-2	97.136	1257	24	11	43	1288	1	1256	0.0	2126	KT005538.1.1337 Bacteria;Pseudomonadota;Gammaproteobacteria;Lysobacterales;Lysobacteraceae;Stenotrophomonas;Stenotrophomonas maltophilia
KS-10-2	97.876	1224	20	5	71	1288	89	1312	0.0	2126	EF690418.1.1500 Bacteria;Pseudomonadota;Gammaproteobacteria;Lysobacterales;Lysobacteraceae;Stenotrophomonas;Stenotrophomonas maltophilia
KS-10-2	96.850	1270	26	13	32	1288	20	1288	0.0	2126	KF217256.1.1460 Bacteria;Pseudomonadota;Gammaproteobacteria;Lysobacterales;Lysobacteraceae;Stenotrophomonas;Stenotrophomonas sp. EGY-SCB4
KS-10-2	97.280	1250	24	8	48	1288	1	1249	0.0	2126	AY277550.1.1440 Bacteria;Pseudomonadota;Gammaproteobacteria;Lysobacterales;Lysobacteraceae;Stenotrophomonas;Stenotrophomonas maltophilia
KS-10-2	97.354	1247	23	9	48	1288	3	1245	0.0	2126	KJ806244.1.1417 Bacteria;Pseudomonadota;Gammaproteobacteria;Lysobacterales;Lysobacteraceae;Stenotrophomonas;Stenotrophomonas maltophilia
KS-10-2	96.565	1281	26	17	21	1288	7	1282	0.0	2126	JN874800.1.1490 Bacteria;Pseudomonadota;Gammaproteobacteria;Lysobacterales;Lysobacteraceae;Stenotrophomonas;gamma proteobacterium B3
KS-10-2	96.299	1297	27	19	4	1288	16	1303	0.0	2126	JN656280.1.1404 Bacteria;Pseudomonadota;Gammaproteobacteria;Lysobacterales;Lysobacteraceae;Stenotrophomonas;Stenotrophomonas maltophilia
KS-10-2	96.853	1271	23	15	34	1288	10	1279	0.0	2124	MK053619.1.1443 Bacteria;Pseudomonadota;Gammaproteobacteria;Lysobacterales;Lysobacteraceae;Stenotrophomonas;Stenotrophomonas sp.
KS-10-2	96.345	1286	41	6	9	1288	1	1286	0.0	2124	AB680363.1.1470 Bacteria;Pseudomonadota;Gammaproteobacteria;Lysobacterales;Lysobacteraceae;Stenotrophomonas;[Flavobacterium] lutescens
KS-10-2	96.345	1286	41	6	9	1288	1	1286	0.0	2124	AB680010.1.1470 Bacteria;Pseudomonadota;Gammaproteobacteria;Lysobacterales;Lysobacteraceae;Stenotrophomonas;[Flavobacterium] lutescens
KS-10-2	96.345	1286	41	6	9	1288	1	1286	0.0	2124	AB680009.1.1470 Bacteria;Pseudomonadota;Gammaproteobacteria;Lysobacterales;Lysobacteraceae;Stenotrophomonas;[Flavobacterium] lutescens
KS-10-2	96.987	1261	29	7	34	1288	1	1258	0.0	2124	KT580593.1.1399 Bacteria;Pseudomonadota;Gammaproteobacteria;Lysobacterales;Lysobacteraceae;Stenotrophomonas;Stenotrophomonas maltophilia
KS-10-2	97.056	1257	30	6	39	1288	18	1274	0.0	2124	KM668099.1.1440 Bacteria;Pseudomonadota;Gammaproteobacteria;Lysobacterales;Lysobacteraceae;Stenotrophomonas;[Pseudomonas] hibiscicola
KS-10-2	96.912	1263	31	7	32	1288	16	1276	0.0	2124	KC689303.1.1447 Bacteria;Pseudomonadota;Gammaproteobacteria;Lysobacterales;Lysobacteraceae;Stenotrophomonas;Stenotrophomonas maltophilia
KS-10-2	96.633	1277	32	10	19	1288	6	1278	0.0	2124	JQ359091.1.1452 Bacteria;Pseudomonadota;Gammaproteobacteria;Lysobacterales;Lysobacteraceae;Stenotrophomonas;Stenotrophomonas sp. DoB20
KS-10-2	96.782	1274	23	10	21	1288	7	1268	0.0	2122	KT308522.1.1482 Bacteria;Pseudomonadota;Gammaproteobacteria;Lysobacterales;Lysobacteraceae;Stenotrophomonas;uncultured Stenotrophomonas sp.
KS-10-2	97.791	1222	21	5	73	1288	1	1222	0.0	2122	AB680218.1.1406 Bacteria;Pseudomonadota;Gammaproteobacteria;Lysobacterales;Lysobacteraceae;Stenotrophomonas;Stenotrophomonas maltophilia
KS-10-2	96.342	1285	41	6	10	1288	1	1285	0.0	2122	AB166885.1.1463 Bacteria;Pseudomonadota;Gammaproteobacteria;Lysobacterales;Lysobacteraceae;Stenotrophomonas;Stenotrophomonas koreensis
KS-10-2	96.767	1268	27	13	29	1288	1	1262	0.0	2122	AM159126.1.1420 Bacteria;Pseudomonadota;Gammaproteobacteria;Lysobacterales;Lysobacteraceae;Stenotrophomonas;Stenotrophomonas maltophilia
KS-10-2	97.054	1256	29	8	41	1288	35	1290	0.0	2122	KC136833.1.1491 Bacteria;Pseudomonadota;Gammaproteobacteria;Lysobacterales;Lysobacteraceae;Stenotrophomonas;Stenotrophomonas maltophilia
KS-10-2	96.638	1279	25	17	18	1288	6	1274	0.0	2122	KF863907.1.1445 Bacteria;Pseudomonadota;Gammaproteobacteria;Lysobacterales;Lysobacteraceae;Stenotrophomonas;Stenotrophomonas sp. BHU-S7
