KS-30	99.070	1290	8	4	21	1306	1	1290	0.0	2324	tax=d:Bacteria,p:Proteobacteria,c:Betaproteobacteria,o:Burkholderiales,f:Alcaligenaceae,g:Achromobacter,s:Achromobacter xylosoxidans
KS-30	98.837	1290	11	4	21	1306	1	1290	0.0	2307	tax=d:Bacteria,p:Proteobacteria,c:Betaproteobacteria,o:Burkholderiales,f:Alcaligenaceae,g:Achromobacter,s:Achromobacter insuavis
KS-30	98.760	1290	12	4	21	1306	1	1290	0.0	2302	tax=d:Bacteria,p:Proteobacteria,c:Betaproteobacteria,o:Burkholderiales,f:Alcaligenaceae,g:Achromobacter,s:Achromobacter pulmonis
KS-30	98.760	1290	12	4	21	1306	1	1290	0.0	2302	tax=d:Bacteria,p:Proteobacteria,c:Betaproteobacteria,o:Burkholderiales,f:Alcaligenaceae,g:Achromobacter,s:Achromobacter insolitus
KS-30	98.682	1290	13	4	21	1306	1	1290	0.0	2296	tax=d:Bacteria,p:Proteobacteria,c:Betaproteobacteria,o:Burkholderiales,f:Alcaligenaceae,g:Achromobacter,s:Achromobacter mucicolens
KS-30	98.605	1290	14	4	21	1306	1	1290	0.0	2294	tax=d:Bacteria,p:Proteobacteria,c:Betaproteobacteria,o:Burkholderiales,f:Alcaligenaceae,g:Achromobacter,s:Achromobacter dolens
KS-30	98.605	1290	14	4	21	1306	1	1290	0.0	2294	tax=d:Bacteria,p:Proteobacteria,c:Betaproteobacteria,o:Burkholderiales,f:Alcaligenaceae,g:Achromobacter,s:Achromobacter anxifer
KS-30	98.682	1290	12	5	21	1306	1	1289	0.0	2294	tax=d:Bacteria,p:Proteobacteria,c:Betaproteobacteria,o:Burkholderiales,f:Alcaligenaceae,g:Achromobacter,s:Achromobacter animicus
KS-30	98.605	1290	14	4	21	1306	1	1290	0.0	2290	tax=d:Bacteria,p:Proteobacteria,c:Betaproteobacteria,o:Burkholderiales,f:Alcaligenaceae,g:Achromobacter,s:Achromobacter agilis
KS-30	98.605	1290	13	5	21	1306	1	1289	0.0	2289	tax=d:Bacteria,p:Proteobacteria,c:Betaproteobacteria,o:Burkholderiales,f:Alcaligenaceae,g:Achromobacter,s:Achromobacter denitrificans
KS-30	98.450	1290	16	4	21	1306	1	1290	0.0	2283	tax=d:Bacteria,p:Proteobacteria,c:Betaproteobacteria,o:Burkholderiales,f:Alcaligenaceae,g:Achromobacter,s:Achromobacter aegrifaciens
KS-30	98.450	1290	16	4	21	1306	1	1290	0.0	2281	tax=d:Bacteria,p:Proteobacteria,c:Betaproteobacteria,o:Burkholderiales,f:Alcaligenaceae,g:Achromobacter,s:Achromobacter deleyi
KS-30	98.450	1290	16	4	21	1306	1	1290	0.0	2279	tax=d:Bacteria,p:Proteobacteria,c:Betaproteobacteria,o:Burkholderiales,f:Alcaligenaceae,g:Achromobacter,s:Achromobacter spanius
KS-30	98.372	1290	17	4	21	1306	1	1290	0.0	2276	tax=d:Bacteria,p:Proteobacteria,c:Betaproteobacteria,o:Burkholderiales,f:Alcaligenaceae,g:Achromobacter,s:Achromobacter kerstersii
KS-30	98.217	1290	19	4	21	1306	1	1290	0.0	2263	tax=d:Bacteria,p:Proteobacteria,c:Betaproteobacteria,o:Burkholderiales,f:Alcaligenaceae,g:Achromobacter,s:Achromobacter pestifer
KS-30	98.217	1290	19	4	21	1306	1	1290	0.0	2263	tax=d:Bacteria,p:Proteobacteria,c:Betaproteobacteria,o:Burkholderiales,f:Alcaligenaceae,g:Achromobacter,s:Achromobacter piechaudii
KS-30	97.984	1290	22	4	21	1306	1	1290	0.0	2246	tax=d:Bacteria,p:Proteobacteria,c:Betaproteobacteria,o:Burkholderiales,f:Alcaligenaceae,g:Achromobacter,s:Achromobacter aloeverae
KS-30	97.674	1290	26	4	21	1306	1	1290	0.0	2224	tax=d:Bacteria,p:Proteobacteria,c:Betaproteobacteria,o:Burkholderiales,f:Alcaligenaceae,g:Bordetella,s:NEVU_s
KS-30	98.488	1257	15	4	54	1306	1	1257	0.0	2224	tax=d:Bacteria,p:Proteobacteria,c:Betaproteobacteria,o:Burkholderiales,f:Alcaligenaceae,g:Achromobacter,s:Achromobacter marplatensis
KS-30	98.038	1274	17	8	37	1306	1	1270	0.0	2224	tax=d:Bacteria,p:Proteobacteria,c:Betaproteobacteria,o:Burkholderiales,f:Alcaligenaceae,g:Achromobacter,s:Achromobacter ruhlandii
KS-30	97.519	1290	28	4	21	1306	1	1290	0.0	2213	tax=d:Bacteria,p:Proteobacteria,c:Betaproteobacteria,o:Burkholderiales,f:Alcaligenaceae,g:Bordetella,s:Bordetella hinzii
KS-30	97.519	1290	28	4	21	1306	1	1290	0.0	2213	tax=d:Bacteria,p:Proteobacteria,c:Betaproteobacteria,o:Burkholderiales,f:Alcaligenaceae,g:Bordetella,s:Bordetella pseudohinzii
KS-30	97.519	1290	28	4	21	1306	1	1290	0.0	2213	tax=d:Bacteria,p:Proteobacteria,c:Betaproteobacteria,o:Burkholderiales,f:Alcaligenaceae,g:Bordetella,s:Bordetella flabilis
KS-30	97.442	1290	29	4	21	1306	1	1290	0.0	2207	tax=d:Bacteria,p:Proteobacteria,c:Betaproteobacteria,o:Burkholderiales,f:Alcaligenaceae,g:Bordetella,s:NEVN_s
KS-30	97.442	1290	29	4	21	1306	1	1290	0.0	2207	tax=d:Bacteria,p:Proteobacteria,c:Betaproteobacteria,o:Burkholderiales,f:Alcaligenaceae,g:Bordetella,s:Bordetella avium
KS-30	97.287	1290	31	4	21	1306	1	1290	0.0	2196	tax=d:Bacteria,p:Proteobacteria,c:Betaproteobacteria,o:Burkholderiales,f:Alcaligenaceae,g:Bordetella,s:Bordetella trematum
KS-30	97.209	1290	32	4	21	1306	1	1290	0.0	2191	tax=d:Bacteria,p:Proteobacteria,c:Betaproteobacteria,o:Burkholderiales,f:Alcaligenaceae,g:Bordetella,s:NEVR_s
KS-30	97.209	1290	32	4	21	1306	1	1290	0.0	2191	tax=d:Bacteria,p:Proteobacteria,c:Betaproteobacteria,o:Burkholderiales,f:Alcaligenaceae,g:Bordetella,s:Bordetella tumulicola
KS-30	97.132	1290	33	4	21	1306	1	1290	0.0	2185	tax=d:Bacteria,p:Proteobacteria,c:Betaproteobacteria,o:Burkholderiales,f:Alcaligenaceae,g:Bordetella,s:Bordetella bronchialis
KS-30	97.057	1291	32	6	21	1306	1	1290	0.0	2180	tax=d:Bacteria,p:Proteobacteria,c:Betaproteobacteria,o:Burkholderiales,f:Alcaligenaceae,g:Bordetella,s:Bordetella parapertussis
KS-30	96.977	1290	35	4	21	1306	1	1290	0.0	2174	tax=d:Bacteria,p:Proteobacteria,c:Betaproteobacteria,o:Burkholderiales,f:Alcaligenaceae,g:Bordetella,s:CP021111_s
KS-30	96.822	1290	37	4	21	1306	1	1290	0.0	2163	tax=d:Bacteria,p:Proteobacteria,c:Betaproteobacteria,o:Burkholderiales,f:Alcaligenaceae,g:Bordetella,s:JAEP_s
KS-30	96.822	1290	37	4	21	1306	1	1290	0.0	2163	tax=d:Bacteria,p:Proteobacteria,c:Betaproteobacteria,o:Burkholderiales,f:Alcaligenaceae,g:Orrella,s:Orrella dioscoreae
KS-30	96.824	1291	35	6	21	1306	1	1290	0.0	2163	tax=d:Bacteria,p:Proteobacteria,c:Betaproteobacteria,o:Burkholderiales,f:Alcaligenaceae,g:Bordetella,s:Bordetella pertussis
KS-30	96.822	1290	37	4	21	1306	1	1290	0.0	2163	tax=d:Bacteria,p:Proteobacteria,c:Betaproteobacteria,o:Burkholderiales,f:Alcaligenaceae,g:Bordetella,s:Bordetella petrii
KS-30	96.592	1291	38	6	21	1306	1	1290	0.0	2159	tax=d:Bacteria,p:Proteobacteria,c:Betaproteobacteria,o:Burkholderiales,f:Alcaligenaceae,g:Bordetella,s:Bordetella bronchiseptica
KS-30	96.744	1290	38	4	21	1306	1	1290	0.0	2158	tax=d:Bacteria,p:Proteobacteria,c:Betaproteobacteria,o:Burkholderiales,f:Alcaligenaceae,g:Bordetella,s:Bordetella muralis
KS-30	96.667	1290	39	4	21	1306	1	1290	0.0	2152	tax=d:Bacteria,p:Proteobacteria,c:Betaproteobacteria,o:Burkholderiales,f:Alcaligenaceae,g:Bordetella,s:Bordetella tumbae
KS-30	96.667	1290	39	4	21	1306	1	1290	0.0	2152	tax=d:Bacteria,p:Proteobacteria,c:Betaproteobacteria,o:Burkholderiales,f:Alcaligenaceae,g:Bordetella,s:JAEJ_s
KS-30	96.667	1290	39	4	21	1306	1	1290	0.0	2152	tax=d:Bacteria,p:Proteobacteria,c:Betaproteobacteria,o:Burkholderiales,f:Alcaligenaceae,g:Bordetella,s:Bordetella ansorpii
KS-30	96.592	1291	38	6	21	1306	1	1290	0.0	2146	tax=d:Bacteria,p:Proteobacteria,c:Betaproteobacteria,o:Burkholderiales,f:Alcaligenaceae,g:Bordetella,s:FKIF_s
KS-30	96.520	1293	35	10	21	1306	1	1290	0.0	2141	tax=d:Bacteria,p:Proteobacteria,c:Betaproteobacteria,o:Burkholderiales,f:Alcaligenaceae,g:GQ249353_g,s:GQ249353_s
KS-30	96.440	1292	39	7	21	1306	1	1291	0.0	2135	tax=d:Bacteria,p:Proteobacteria,c:Betaproteobacteria,o:Burkholderiales,f:Alcaligenaceae,g:Bordetella,s:Bordetella holmesii
KS-30	96.279	1290	44	4	21	1306	1	1290	0.0	2124	tax=d:Bacteria,p:Proteobacteria,c:Betaproteobacteria,o:Burkholderiales,f:Alcaligenaceae,g:Candidimonas,s:Candidimonas nitroreducens
KS-30	97.202	1251	31	4	60	1306	1	1251	0.0	2124	tax=d:Bacteria,p:Proteobacteria,c:Betaproteobacteria,o:Burkholderiales,f:Alcaligenaceae,g:Bordetella,s:Bordetella sputigena
KS-30	96.136	1294	38	11	21	1306	1	1290	0.0	2113	tax=d:Bacteria,p:Proteobacteria,c:Betaproteobacteria,o:Burkholderiales,f:Alcaligenaceae,g:Verticiella,s:Verticiella sediminum
KS-30	96.047	1290	47	4	21	1306	1	1290	0.0	2108	tax=d:Bacteria,p:Proteobacteria,c:Betaproteobacteria,o:Burkholderiales,f:Alcaligenaceae,g:Bordetella,s:KB907784_s
KS-30	96.465	1273	42	3	21	1290	1	1273	0.0	2104	tax=d:Bacteria,p:Proteobacteria,c:Betaproteobacteria,o:Burkholderiales,f:Alcaligenaceae,g:Parapusillimonas,s:Parapusillimonas granuli
KS-30	95.891	1290	49	4	21	1306	1	1290	0.0	2097	tax=d:Bacteria,p:Proteobacteria,c:Betaproteobacteria,o:Burkholderiales,f:Alcaligenaceae,g:Pigmentiphaga,s:Pigmentiphaga daeguensis
KS-30	95.885	1288	49	4	21	1304	1	1288	0.0	2093	tax=d:Bacteria,p:Proteobacteria,c:Betaproteobacteria,o:Burkholderiales,f:Alcaligenaceae,g:Eoetvoesia,s:Eoetvoesia caeni
KS-30	95.811	1289	48	6	21	1304	1	1288	0.0	2087	tax=d:Bacteria,p:Proteobacteria,c:Betaproteobacteria,o:Burkholderiales,f:Alcaligenaceae,g:ATZQ_g,s:ATZQ_s
KS-30	95.746	1293	43	9	23	1304	2	1293	0.0	2084	tax=d:Bacteria,p:Proteobacteria,c:Betaproteobacteria,o:Burkholderiales,f:Alcaligenaceae,g:Achromobacter,s:FJ849600_s
KS-30	95.659	1290	52	4	21	1306	1	1290	0.0	2080	tax=d:Bacteria,p:Proteobacteria,c:Betaproteobacteria,o:Burkholderiales,f:Alcaligenaceae,g:Pigmentiphaga,s:Pigmentiphaga kullae
KS-30	95.581	1290	53	4	21	1306	1	1290	0.0	2074	tax=d:Bacteria,p:Proteobacteria,c:Betaproteobacteria,o:Burkholderiales,f:Alcaligenaceae,g:EU592403_g,s:EU592403_s
KS-30	95.433	1292	53	6	21	1306	1	1292	0.0	2065	tax=d:Bacteria,p:Proteobacteria,c:Betaproteobacteria,o:Burkholderiales,f:Alcaligenaceae,g:Candidimonas,s:Candidimonas bauzanensis
KS-30	95.356	1292	54	6	21	1306	1	1292	0.0	2060	tax=d:Bacteria,p:Proteobacteria,c:Betaproteobacteria,o:Burkholderiales,f:Alcaligenaceae,g:Eiseniicola,s:Eiseniicola composti
KS-30	95.349	1290	56	4	21	1306	1	1290	0.0	2058	tax=d:Bacteria,p:Proteobacteria,c:Betaproteobacteria,o:Burkholderiales,f:Alcaligenaceae,g:Pigmentiphaga,s:Pigmentiphaga soli
KS-30	95.765	1275	47	6	21	1290	1	1273	0.0	2054	tax=d:Bacteria,p:Proteobacteria,c:Betaproteobacteria,o:Burkholderiales,f:Alcaligenaceae,g:Caenimicrobium,s:Caenimicrobium hargitense
KS-30	95.209	1294	52	9	21	1306	1	1292	0.0	2049	tax=d:Bacteria,p:Proteobacteria,c:Betaproteobacteria,o:Burkholderiales,f:Alcaligenaceae,g:Bordetella,s:AB039335_s
KS-30	95.194	1290	57	5	21	1306	1	1289	0.0	2045	tax=d:Bacteria,p:Proteobacteria,c:Betaproteobacteria,o:Burkholderiales,f:Alcaligenaceae,g:PAC000711_g,s:PAC000711_s
KS-30	95.069	1298	50	10	21	1304	1	1298	0.0	2041	tax=d:Bacteria,p:Proteobacteria,c:Betaproteobacteria,o:Burkholderiales,f:Alcaligenaceae,g:Paralcaligenes,s:Paralcaligenes ginsengisoli
KS-30	95.649	1264	51	4	47	1306	1	1264	0.0	2041	tax=d:Bacteria,p:Proteobacteria,c:Betaproteobacteria,o:Burkholderiales,f:Alcaligenaceae,g:Candidimonas,s:Candidimonas humi
KS-30	95.183	1287	54	6	25	1306	1	1284	0.0	2037	tax=d:Bacteria,p:Proteobacteria,c:Betaproteobacteria,o:Burkholderiales,f:Alcaligenaceae,g:Pigmentiphaga,s:Pigmentiphaga litoralis
KS-30	95.323	1283	48	11	32	1304	1	1281	0.0	2037	tax=d:Bacteria,p:Proteobacteria,c:Betaproteobacteria,o:Burkholderiales,f:Alcaligenaceae,g:Kerstersia,s:Kerstersia gyiorum
KS-30	95.105	1287	57	6	25	1306	1	1286	0.0	2034	tax=d:Bacteria,p:Proteobacteria,c:Betaproteobacteria,o:Burkholderiales,f:Alcaligenaceae,g:Pigmentiphaga,s:Pigmentiphaga aceris
KS-30	95.645	1263	48	7	49	1304	1	1263	0.0	2032	tax=d:Bacteria,p:Proteobacteria,c:Betaproteobacteria,o:Burkholderiales,f:Alcaligenaceae,g:Achromobacter,s:FJ204460_s
KS-30	95.373	1275	47	11	39	1304	3	1274	0.0	2028	tax=d:Bacteria,p:Proteobacteria,c:Betaproteobacteria,o:Burkholderiales,f:Alcaligenaceae,g:Saccharedens,s:Saccharedens versatilis
KS-30	94.884	1290	58	7	21	1304	1	1288	0.0	2021	tax=d:Bacteria,p:Proteobacteria,c:Betaproteobacteria,o:Burkholderiales,f:Alcaligenaceae,g:Kinetoplastibacterium,s:Kinetoplastibacterium desouzaii
KS-30	95.168	1283	49	11	21	1290	1	1283	0.0	2019	tax=d:Bacteria,p:Proteobacteria,c:Betaproteobacteria,o:Burkholderiales,f:Alcaligenaceae,g:Pusillimonas,s:Pusillimonas noertemannii
KS-30	95.408	1263	51	7	49	1306	1	1261	0.0	2015	tax=d:Bacteria,p:Proteobacteria,c:Betaproteobacteria,o:Burkholderiales,f:Alcaligenaceae,g:Paracandidimonas,s:Paracandidimonas soli
KS-30	95.093	1284	46	14	21	1290	1	1281	0.0	2012	tax=d:Bacteria,p:Proteobacteria,c:Betaproteobacteria,o:Burkholderiales,f:Alcaligenaceae,g:Pusillimonas,s:Pusillimonas ginsengisoli
KS-30	94.436	1294	60	10	21	1304	1	1292	0.0	2006	tax=d:Bacteria,p:Proteobacteria,c:Betaproteobacteria,o:Burkholderiales,f:Alcaligenaceae,g:Kerstersia,s:Kerstersia similis
KS-30	94.590	1294	58	12	21	1306	1	1290	0.0	2002	tax=d:Bacteria,p:Proteobacteria,c:Betaproteobacteria,o:Burkholderiales,f:Alcaligenaceae,g:Verticiella,s:HQ183865_s
KS-30	94.492	1289	65	6	21	1304	1	1288	0.0	1993	tax=d:Bacteria,p:Proteobacteria,c:Betaproteobacteria,o:Burkholderiales,f:Alcaligenaceae,g:Kinetoplastibacterium,s:Kinetoplastibacterium blastocrithidii
KS-30	94.492	1289	65	6	21	1304	1	1288	0.0	1993	tax=d:Bacteria,p:Proteobacteria,c:Betaproteobacteria,o:Burkholderiales,f:Alcaligenaceae,g:Kinetoplastibacterium,s:Kinetoplastibacterium oncopeltii
KS-30	95.299	1255	47	10	47	1290	1	1254	0.0	1986	tax=d:Bacteria,p:Proteobacteria,c:Betaproteobacteria,o:Burkholderiales,f:Alcaligenaceae,g:Pusillimonas,s:Pusillimonas soli
KS-30	94.957	1269	53	11	32	1290	1	1268	0.0	1984	tax=d:Bacteria,p:Proteobacteria,c:Betaproteobacteria,o:Burkholderiales,f:Alcaligenaceae,g:Pelistega,s:Pelistega suis
KS-30	94.222	1298	61	10	21	1304	1	1298	0.0	1980	tax=d:Bacteria,p:Proteobacteria,c:Betaproteobacteria,o:Burkholderiales,f:Alcaligenaceae,g:Paralcaligenes,s:Paralcaligenes ureilyticus
KS-30	94.630	1285	52	13	21	1290	1	1283	0.0	1980	tax=d:Bacteria,p:Proteobacteria,c:Betaproteobacteria,o:Burkholderiales,f:Alcaligenaceae,g:Pusillimonas,s:CP002663_s
KS-30	94.286	1295	59	12	25	1306	1	1293	0.0	1978	tax=d:Bacteria,p:Proteobacteria,c:Betaproteobacteria,o:Burkholderiales,f:Alcaligenaceae,g:Castellaniella,s:Castellaniella defragrans
KS-30	94.118	1292	70	6	21	1306	1	1292	0.0	1971	tax=d:Bacteria,p:Proteobacteria,c:Betaproteobacteria,o:Burkholderiales,f:Alcaligenaceae,g:Verticiella,s:AM930293_s
KS-30	93.923	1300	65	11	21	1306	1	1300	0.0	1962	tax=d:Bacteria,p:Proteobacteria,c:Betaproteobacteria,o:Burkholderiales,f:Alcaligenaceae,g:DQ346474_g,s:DQ346474_s
KS-30	94.972	1253	52	9	49	1290	1	1253	0.0	1960	tax=d:Bacteria,p:Proteobacteria,c:Betaproteobacteria,o:Burkholderiales,f:Alcaligenaceae,g:Pusillimonas,s:Pusillimonas caeni
KS-30	94.427	1274	66	5	21	1290	1	1273	0.0	1960	tax=d:Bacteria,p:Proteobacteria,c:Betaproteobacteria,o:Burkholderiales,f:Alcaligenaceae,g:Eoetvoesia,s:AJ318125_s
KS-30	94.177	1288	56	19	21	1290	1	1287	0.0	1951	tax=d:Bacteria,p:Proteobacteria,c:Betaproteobacteria,o:Burkholderiales,f:Alcaligenaceae,g:Pelistega,s:Pelistega indica
KS-30	93.881	1291	69	10	21	1304	1	1288	0.0	1949	tax=d:Bacteria,p:Proteobacteria,c:Betaproteobacteria,o:Burkholderiales,f:Alcaligenaceae,g:Kinetoplastibacterium,s:Kinetoplastibacterium galatii
KS-30	93.596	1296	73	8	21	1306	1	1296	0.0	1936	tax=d:Bacteria,p:Proteobacteria,c:Betaproteobacteria,o:Burkholderiales,f:Alcaligenaceae,g:Paenalcaligenes,s:Paenalcaligenes suwonensis
KS-30	95.402	1218	47	9	80	1290	39	1254	0.0	1936	tax=d:Bacteria,p:Proteobacteria,c:Betaproteobacteria,o:Burkholderiales,f:Alcaligenaceae,g:Pusillimonas,s:Pusillimonas harenae
KS-30	93.944	1288	57	14	21	1290	1	1285	0.0	1932	tax=d:Bacteria,p:Proteobacteria,c:Betaproteobacteria,o:Burkholderiales,f:Alcaligenaceae,g:Advenella,s:Advenella mimigardefordensis
KS-30	93.949	1289	55	16	21	1290	1	1285	0.0	1932	tax=d:Bacteria,p:Proteobacteria,c:Betaproteobacteria,o:Burkholderiales,f:Alcaligenaceae,g:Advenella,s:Advenella kashmirensis
KS-30	93.871	1289	56	16	21	1290	1	1285	0.0	1927	tax=d:Bacteria,p:Proteobacteria,c:Betaproteobacteria,o:Burkholderiales,f:Alcaligenaceae,g:Advenella,s:KI650982_s
KS-30	93.687	1283	64	12	41	1306	2	1284	0.0	1916	tax=d:Bacteria,p:Proteobacteria,c:Betaproteobacteria,o:Burkholderiales,f:Alcaligenaceae,g:Castellaniella,s:Castellaniella denitrificans
KS-30	93.599	1281	71	10	21	1290	1	1281	0.0	1910	tax=d:Bacteria,p:Proteobacteria,c:Betaproteobacteria,o:Burkholderiales,f:Alcaligenaceae,g:Pelistega,s:Pelistega europaea
KS-30	93.226	1299	74	10	21	1306	1	1298	0.0	1910	tax=d:Bacteria,p:Proteobacteria,c:Betaproteobacteria,o:Burkholderiales,f:Alcaligenaceae,g:Alcaligenes,s:Alcaligenes endophyticus
KS-30	93.745	1279	65	12	21	1286	1	1277	0.0	1910	tax=d:Bacteria,p:Proteobacteria,c:Betaproteobacteria,o:Burkholderiales,f:Alcaligenaceae,g:AB021352_g,s:AB021352_s
KS-30	93.159	1301	73	13	21	1306	1	1300	0.0	1906	tax=d:Bacteria,p:Proteobacteria,c:Betaproteobacteria,o:Burkholderiales,f:Alcaligenaceae,g:Castellaniella,s:Castellaniella ginsengisoli
KS-30	93.642	1274	67	11	47	1306	1	1274	0.0	1905	tax=d:Bacteria,p:Proteobacteria,c:Betaproteobacteria,o:Burkholderiales,f:Alcaligenaceae,g:Castellaniella,s:Castellaniella daejeonensis
KS-30	93.082	1301	74	12	21	1306	1	1300	0.0	1901	tax=d:Bacteria,p:Proteobacteria,c:Betaproteobacteria,o:Burkholderiales,f:Alcaligenaceae,g:Castellaniella,s:Castellaniella caeni
KS-30	93.438	1280	72	11	21	1290	1	1278	0.0	1893	tax=d:Bacteria,p:Proteobacteria,c:Betaproteobacteria,o:Burkholderiales,f:Alcaligenaceae,g:Pelistega,s:GQ358913_s
KS-30	94.741	1217	50	12	84	1290	45	1257	0.0	1886	tax=d:Bacteria,p:Proteobacteria,c:Betaproteobacteria,o:Burkholderiales,f:Alcaligenaceae,g:Advenella,s:Advenella kashmirensis
KS-30	92.615	1300	80	13	21	1304	1	1300	0.0	1866	tax=d:Bacteria,p:Proteobacteria,c:Betaproteobacteria,o:Burkholderiales,f:Alcaligenaceae,g:DQ346482_g,s:DQ346482_s
KS-30	94.412	1217	55	11	84	1290	19	1232	0.0	1864	tax=d:Bacteria,p:Proteobacteria,c:Betaproteobacteria,o:Burkholderiales,f:Alcaligenaceae,g:Advenella,s:Advenella incenata
KS-30	93.533	1237	69	9	80	1306	19	1254	0.0	1842	tax=d:Bacteria,p:Proteobacteria,c:Betaproteobacteria,o:Burkholderiales,f:Alcaligenaceae,g:Castellaniella,s:Castellaniella hirudinis
KS-30	92.653	1293	67	17	21	1290	1	1288	0.0	1842	tax=d:Bacteria,p:Proteobacteria,c:Betaproteobacteria,o:Burkholderiales,f:Alcaligenaceae,g:Advenella,s:Advenella faeciporci
KS-30	92.613	1286	78	14	21	1290	1	1285	0.0	1838	tax=d:Bacteria,p:Proteobacteria,c:Betaproteobacteria,o:Burkholderiales,f:Alcaligenaceae,g:Taylorella,s:Taylorella asinigenitalis
KS-30	92.119	1307	79	19	21	1306	1	1304	0.0	1832	tax=d:Bacteria,p:Proteobacteria,c:Betaproteobacteria,o:Burkholderiales,f:Alcaligenaceae,g:Castellaniella,s:Castellaniella fermenti
KS-30	92.475	1289	77	17	21	1290	1	1288	0.0	1831	tax=d:Bacteria,p:Proteobacteria,c:Betaproteobacteria,o:Burkholderiales,f:Alcaligenaceae,g:Taylorella,s:Taylorella equigenitalis
KS-30	92.046	1295	92	9	21	1304	1	1295	0.0	1821	tax=d:Bacteria,p:Proteobacteria,c:Betaproteobacteria,o:Burkholderiales,f:Alcaligenaceae,g:Paenalcaligenes,s:Paenalcaligenes hominis
KS-30	93.607	1220	62	12	84	1290	46	1262	0.0	1812	tax=d:Bacteria,p:Proteobacteria,c:Betaproteobacteria,o:Burkholderiales,f:Alcaligenaceae,g:Advenella,s:Advenella alkanexedens
KS-30	92.099	1291	84	15	21	1295	1	1289	0.0	1810	tax=d:Bacteria,p:Proteobacteria,c:Betaproteobacteria,o:Burkholderiales,f:Alcaligenaceae,g:Basilea,s:Basilea psittacipulmonis
KS-30	91.183	1293	104	10	21	1306	1	1290	0.0	1759	tax=d:Bacteria,p:Proteobacteria,c:Betaproteobacteria,o:Burkholderiales,f:Sutterellaceae,g:AP014683_g,s:HM187249_s
KS-30	91.099	1292	105	9	21	1304	1	1290	0.0	1757	tax=d:Bacteria,p:Proteobacteria,c:Betaproteobacteria,o:Burkholderiales,f:Oxalobacteraceae,g:Paucimonas,s:Paucimonas lemoignei
KS-30	91.036	1294	104	12	21	1306	1	1290	0.0	1748	tax=d:Bacteria,p:Proteobacteria,c:Betaproteobacteria,o:Burkholderiales,f:Quisquiliibacterium_f,g:Quisquiliibacterium,s:Quisquiliibacterium transsilvanicum
KS-30	90.826	1308	98	12	21	1306	1	1308	0.0	1742	tax=d:Bacteria,p:Proteobacteria,c:Betaproteobacteria,o:Burkholderiales,f:Alcaligenaceae,g:Paenalcaligenes,s:Paenalcaligenes hermetiae
KS-30	90.944	1292	109	8	21	1306	1	1290	0.0	1742	tax=d:Bacteria,p:Proteobacteria,c:Betaproteobacteria,o:Burkholderiales,f:Lautropia_f,g:Lautropia,s:JN713340_s
KS-30	90.881	1294	106	12	21	1306	1	1290	0.0	1736	tax=d:Bacteria,p:Proteobacteria,c:Betaproteobacteria,o:Burkholderiales,f:Oxalobacteraceae,g:Noviherbaspirillum,s:Herbaspirillum denitrificans
KS-30	91.179	1281	97	16	39	1306	6	1283	0.0	1736	tax=d:Bacteria,p:Proteobacteria,c:Betaproteobacteria,o:Burkholderiales,f:Alcaligenaceae,g:Alcaligenes,s:HM222943_s
KS-30	90.881	1294	106	12	21	1306	1	1290	0.0	1736	tax=d:Bacteria,p:Proteobacteria,c:Betaproteobacteria,o:Burkholderiales,f:OM156_f,g:OM156_g,s:FJ820386_s
KS-30	90.951	1293	101	16	21	1304	1	1286	0.0	1736	tax=d:Bacteria,p:Proteobacteria,c:Betaproteobacteria,o:Burkholderiales,f:Oxalobacteraceae,g:Paucimonas,s:EU802136_s
KS-30	90.867	1292	110	8	21	1306	1	1290	0.0	1736	tax=d:Bacteria,p:Proteobacteria,c:Betaproteobacteria,o:Burkholderiales,f:Sutterellaceae,g:AP014683_g,s:AP014683_s
KS-30	90.881	1294	104	14	21	1304	1	1290	0.0	1735	tax=d:Bacteria,p:Proteobacteria,c:Betaproteobacteria,o:Burkholderiales,f:Oxalobacteraceae,g:Herbaspirillum,s:Herbaspirillum autotrophicum
KS-30	90.775	1290	111	8	21	1304	1	1288	0.0	1735	tax=d:Bacteria,p:Proteobacteria,c:Betaproteobacteria,o:Burkholderiales,f:Oxalobacteraceae,g:Noviherbaspirillum,s:Noviherbaspirillum canariense
KS-30	90.888	1295	102	15	21	1304	1	1290	0.0	1735	tax=d:Bacteria,p:Proteobacteria,c:Betaproteobacteria,o:Burkholderiales,f:Oxalobacteraceae,g:Herbaspirillum,s:Herbaspirillum lusitanum
KS-30	90.761	1288	115	4	21	1304	1	1288	0.0	1729	tax=d:Bacteria,p:Proteobacteria,c:Betaproteobacteria,o:Burkholderiales,f:Oxalobacteraceae,g:Noviherbaspirillum,s:Noviherbaspirillum soli
KS-30	90.811	1295	103	15	21	1304	1	1290	0.0	1729	tax=d:Bacteria,p:Proteobacteria,c:Betaproteobacteria,o:Burkholderiales,f:Oxalobacteraceae,g:Herbaspirillum,s:Herbaspirillum hiltneri
KS-30	90.748	1297	102	16	21	1304	1	1292	0.0	1725	tax=d:Bacteria,p:Proteobacteria,c:Betaproteobacteria,o:Burkholderiales,f:Derxia_f,g:Derxia,s:PAC000713_s
KS-30	90.741	1296	102	17	21	1304	1	1290	0.0	1724	tax=d:Bacteria,p:Proteobacteria,c:Betaproteobacteria,o:Burkholderiales,f:Oxalobacteraceae,g:Herbaspirillum,s:Herbaspirillum chlorophenolicum
KS-30	90.726	1294	106	14	21	1304	1	1290	0.0	1724	tax=d:Bacteria,p:Proteobacteria,c:Betaproteobacteria,o:Burkholderiales,f:Oxalobacteraceae,g:Herbaspirillum,s:CP022736_s
KS-30	90.712	1292	110	10	21	1304	1	1290	0.0	1724	tax=d:Bacteria,p:Proteobacteria,c:Betaproteobacteria,o:Burkholderiales,f:Oxalobacteraceae,g:Herbaspirillum,s:Herbaspirillum frisingense
KS-30	90.692	1300	97	22	21	1306	1	1290	0.0	1722	tax=d:Bacteria,p:Proteobacteria,c:Betaproteobacteria,o:Burkholderiales,f:Oxalobacteraceae,g:GU563773_g,s:GU563773_s
KS-30	90.698	1290	112	7	21	1304	1	1288	0.0	1722	tax=d:Bacteria,p:Proteobacteria,c:Betaproteobacteria,o:Burkholderiales,f:Oxalobacteraceae,g:Paucimonas,s:DQ337029_s
KS-30	90.620	1290	113	8	21	1304	1	1288	0.0	1718	tax=d:Bacteria,p:Proteobacteria,c:Betaproteobacteria,o:Burkholderiales,f:Oxalobacteraceae,g:Noviherbaspirillum,s:Noviherbaspirillum aurantiacum
KS-30	90.649	1294	107	14	21	1304	1	1290	0.0	1718	tax=d:Bacteria,p:Proteobacteria,c:Betaproteobacteria,o:Burkholderiales,f:Oxalobacteraceae,g:Herbaspirillum,s:CP018845_s
KS-30	90.594	1297	104	15	21	1306	1	1290	0.0	1714	tax=d:Bacteria,p:Proteobacteria,c:Betaproteobacteria,o:Burkholderiales,f:Derxia_f,g:JF697555_g,s:JF697555_s
KS-30	90.572	1294	108	14	21	1304	1	1290	0.0	1712	tax=d:Bacteria,p:Proteobacteria,c:Betaproteobacteria,o:Burkholderiales,f:Oxalobacteraceae,g:Herbaspirillum,s:Herbaspirillum rhizosphaerae
KS-30	90.579	1295	106	14	21	1306	1	1288	0.0	1712	tax=d:Bacteria,p:Proteobacteria,c:Betaproteobacteria,o:Burkholderiales,f:Limnobacter_f,g:Limnobacter,s:Limnobacter thiooxidans
KS-30	90.480	1292	115	8	21	1306	1	1290	0.0	1709	tax=d:Bacteria,p:Proteobacteria,c:Betaproteobacteria,o:Burkholderiales,f:Oxalobacteraceae,g:Noviherbaspirillum,s:Noviherbaspirillum massiliense
KS-30	90.517	1297	105	15	21	1306	1	1290	0.0	1709	tax=d:Bacteria,p:Proteobacteria,c:Betaproteobacteria,o:Burkholderiales,f:Limnobacter_f,g:Limnobacter,s:Limnobacter litoralis
KS-30	90.803	1283	101	15	21	1290	1	1279	0.0	1705	tax=d:Bacteria,p:Proteobacteria,c:Betaproteobacteria,o:Burkholderiales,f:Alcaligenaceae,g:Oligella,s:Oligella ureolytica
KS-30	90.454	1299	104	19	21	1304	1	1294	0.0	1705	tax=d:Bacteria,p:Proteobacteria,c:Betaproteobacteria,o:Burkholderiales,f:Oxalobacteraceae,g:Oxalicibacterium,s:Oxalicibacterium faecigallinarum
KS-30	90.689	1278	114	5	23	1295	1	1278	0.0	1703	tax=d:Bacteria,p:Proteobacteria,c:Betaproteobacteria,o:Burkholderiales,f:Quisquiliibacterium_f,g:Quisquiliibacterium,s:EU639298_s
KS-30	90.362	1297	107	16	21	1304	1	1292	0.0	1698	tax=d:Bacteria,p:Proteobacteria,c:Betaproteobacteria,o:Burkholderiales,f:Oxalobacteraceae,g:Paucimonas,s:PAC001919_s
KS-30	90.170	1292	119	8	21	1306	1	1290	0.0	1698	tax=d:Bacteria,p:Proteobacteria,c:Betaproteobacteria,o:Burkholderiales,f:Sutterellaceae,g:AP014683_g,s:FJ755754_s
KS-30	90.333	1293	115	9	21	1306	1	1290	0.0	1698	tax=d:Bacteria,p:Proteobacteria,c:Betaproteobacteria,o:Burkholderiales,f:Sutterellaceae,g:AP014683_g,s:EU700155_s
KS-30	90.417	1294	107	16	21	1304	1	1287	0.0	1698	tax=d:Bacteria,p:Proteobacteria,c:Betaproteobacteria,o:Burkholderiales,f:Oxalobacteraceae,g:Undibacterium,s:AJ863277_s
KS-30	90.318	1291	115	10	21	1304	1	1288	0.0	1694	tax=d:Bacteria,p:Proteobacteria,c:Betaproteobacteria,o:Burkholderiales,f:Oxalobacteraceae,g:Noviherbaspirillum,s:Noviherbaspirillum agri
KS-30	90.270	1295	114	12	21	1306	1	1292	0.0	1694	tax=d:Bacteria,p:Proteobacteria,c:Betaproteobacteria,o:Burkholderiales,f:Quisquiliibacterium_f,g:Quisquiliibacterium,s:HQ904198_s
KS-30	90.240	1291	120	6	21	1306	1	1290	0.0	1692	tax=d:Bacteria,p:Proteobacteria,c:Betaproteobacteria,o:Burkholderiales,f:Sutterellaceae,g:AP014683_g,s:PAC001802_s
KS-30	90.285	1297	109	16	21	1304	1	1293	0.0	1692	tax=d:Bacteria,p:Proteobacteria,c:Betaproteobacteria,o:Burkholderiales,f:Oxalobacteraceae,g:Oxalicibacterium,s:Oxalicibacterium solurbis
KS-30	90.240	1291	118	8	21	1304	1	1290	0.0	1690	tax=d:Bacteria,p:Proteobacteria,c:Betaproteobacteria,o:Burkholderiales,f:Oxalobacteraceae,g:Glaciimonas,s:Glaciimonas immobilis
KS-30	90.170	1292	119	8	21	1306	1	1290	0.0	1687	tax=d:Bacteria,p:Proteobacteria,c:Betaproteobacteria,o:Burkholderiales,f:Comamonadaceae,g:Schlegelella,s:Schlegelella thermodepolymerans
KS-30	90.185	1294	113	14	21	1304	1	1290	0.0	1685	tax=d:Bacteria,p:Proteobacteria,c:Betaproteobacteria,o:Burkholderiales,f:OM156_f,g:OM156_g,s:FJ612332_s
KS-30	90.413	1283	110	12	21	1295	1	1278	0.0	1683	tax=d:Bacteria,p:Proteobacteria,c:Betaproteobacteria,o:Burkholderiales,f:Burkholderiaceae,g:Burkholderia,s:jgi.1071268_s
KS-30	90.108	1294	116	11	21	1306	1	1290	0.0	1681	tax=d:Bacteria,p:Proteobacteria,c:Betaproteobacteria,o:Burkholderiales,f:Oxalobacteraceae,g:Noviherbaspirillum,s:LMHZ_s
KS-30	90.178	1293	112	14	21	1304	1	1287	0.0	1681	tax=d:Bacteria,p:Proteobacteria,c:Betaproteobacteria,o:Burkholderiales,f:Oxalobacteraceae,g:Massilia,s:Massilia solisilvae
KS-30	90.093	1292	120	7	21	1306	1	1290	0.0	1681	tax=d:Bacteria,p:Proteobacteria,c:Betaproteobacteria,o:Burkholderiales,f:Oxalobacteraceae,g:Noviherbaspirillum,s:Noviherbaspirillum suwonense
KS-30	90.185	1294	110	17	23	1304	1	1289	0.0	1681	tax=d:Bacteria,p:Proteobacteria,c:Betaproteobacteria,o:Burkholderiales,f:OM156_f,g:OM156_g,s:HM127446_s
KS-30	90.147	1289	119	7	22	1304	1	1287	0.0	1681	tax=d:Bacteria,p:Proteobacteria,c:Betaproteobacteria,o:Burkholderiales,f:Oxalobacteraceae,g:Oxalobacter,s:EF454731_s
KS-30	90.101	1293	118	10	21	1306	1	1290	0.0	1681	tax=d:Bacteria,p:Proteobacteria,c:Betaproteobacteria,o:Burkholderiales,f:Comamonadaceae,g:Caldimonas,s:Caldimonas taiwanensis
KS-30	90.694	1268	103	14	35	1290	1	1265	0.0	1681	tax=d:Bacteria,p:Proteobacteria,c:Betaproteobacteria,o:Burkholderiales,f:Alcaligenaceae,g:Oligella,s:Oligella urethralis
KS-30	90.101	1293	118	10	21	1306	1	1290	0.0	1681	tax=d:Bacteria,p:Proteobacteria,c:Betaproteobacteria,o:Burkholderiales,f:Comamonadaceae,g:Caldimonas,s:Caldimonas manganoxidans
KS-30	90.116	1295	113	13	21	1306	1	1289	0.0	1679	tax=d:Bacteria,p:Proteobacteria,c:Betaproteobacteria,o:Burkholderiales,f:Limnobacter_f,g:Limnobacter,s:Limnobacter humi
KS-30	90.361	1276	118	5	24	1295	4	1278	0.0	1679	tax=d:Bacteria,p:Proteobacteria,c:Betaproteobacteria,o:Burkholderiales,f:Quisquiliibacterium_f,g:Quisquiliibacterium,s:AB247482_s
KS-30	90.062	1298	111	17	21	1306	1	1292	0.0	1677	tax=d:Bacteria,p:Proteobacteria,c:Betaproteobacteria,o:Burkholderiales,f:OM156_f,g:OM156_g,s:OM156_s
KS-30	90.085	1291	118	10	21	1304	1	1288	0.0	1677	tax=d:Bacteria,p:Proteobacteria,c:Betaproteobacteria,o:Burkholderiales,f:Oxalobacteraceae,g:Noviherbaspirillum,s:Noviherbaspirillum autotrophicum
KS-30	90.409	1272	112	10	42	1306	1	1269	0.0	1676	tax=d:Bacteria,p:Proteobacteria,c:Betaproteobacteria,o:Burkholderiales,f:Oxalobacteraceae,g:GU295961_g,s:GU295961_s
KS-30	90.008	1291	123	6	21	1306	1	1290	0.0	1676	tax=d:Bacteria,p:Proteobacteria,c:Betaproteobacteria,o:Burkholderiales,f:Sutterellaceae,g:AP014683_g,s:FJ936833_s
KS-30	90.031	1294	117	12	21	1306	1	1290	0.0	1676	tax=d:Bacteria,p:Proteobacteria,c:Betaproteobacteria,o:Burkholderiales,f:Burkholderiaceae,g:Paraburkholderia,s:Paraburkholderia megapolitana
KS-30	90.502	1274	104	17	24	1286	4	1271	0.0	1672	tax=d:Bacteria,p:Proteobacteria,c:Betaproteobacteria,o:Burkholderiales,f:OM156_f,g:EU803579_g,s:EU803579_s
KS-30	90.023	1293	115	12	21	1304	1	1288	0.0	1672	tax=d:Bacteria,p:Proteobacteria,c:Betaproteobacteria,o:Burkholderiales,f:Oxalobacteraceae,g:Collimonas,s:CP009962_s
KS-30	90.008	1291	119	10	21	1304	1	1288	0.0	1672	tax=d:Bacteria,p:Proteobacteria,c:Betaproteobacteria,o:Burkholderiales,f:Oxalobacteraceae,g:AVCC_g,s:AVCC_s
KS-30	90.484	1261	114	6	49	1304	1	1260	0.0	1670	tax=d:Bacteria,p:Proteobacteria,c:Betaproteobacteria,o:Burkholderiales,f:Oxalobacteraceae,g:Paraherbaspirillum,s:Paraherbaspirillum soli
KS-30	89.908	1298	115	14	21	1306	1	1294	0.0	1668	tax=d:Bacteria,p:Proteobacteria,c:Betaproteobacteria,o:Burkholderiales,f:Burkholderiaceae,g:Pandoraea,s:Pandoraea thiooxydans
KS-30	90.179	1283	115	10	21	1295	1	1280	0.0	1668	tax=d:Bacteria,p:Proteobacteria,c:Betaproteobacteria,o:Burkholderiales,f:Burkholderiaceae,g:Paraburkholderia,s:CP002218_s
KS-30	90.179	1283	113	11	21	1295	1	1278	0.0	1666	tax=d:Bacteria,p:Proteobacteria,c:Betaproteobacteria,o:Burkholderiales,f:Burkholderiaceae,g:Paraburkholderia,s:Paraburkholderia dilworthii
KS-30	89.954	1294	114	13	21	1304	1	1288	0.0	1666	tax=d:Bacteria,p:Proteobacteria,c:Betaproteobacteria,o:Burkholderiales,f:Oxalobacteraceae,g:Collimonas,s:Collimonas pratensis
KS-30	90.187	1284	111	15	21	1295	1	1278	0.0	1666	tax=d:Bacteria,p:Proteobacteria,c:Betaproteobacteria,o:Burkholderiales,f:Burkholderiaceae,g:Paraburkholderia,s:Paraburkholderia fungorum
KS-30	89.892	1296	115	15	21	1306	1	1290	0.0	1664	tax=d:Bacteria,p:Proteobacteria,c:Betaproteobacteria,o:Burkholderiales,f:Quisquiliibacterium_f,g:HQ910358_g,s:FJ167467_s
KS-30	89.900	1297	113	15	21	1306	1	1290	0.0	1664	tax=d:Bacteria,p:Proteobacteria,c:Betaproteobacteria,o:Burkholderiales,f:Burkholderiaceae,g:Caballeronia,s:Caballeronia choica
KS-30	89.946	1293	113	12	21	1306	1	1283	0.0	1663	tax=d:Bacteria,p:Proteobacteria,c:Betaproteobacteria,o:Burkholderiales,f:Comamonadaceae,g:Pelomonas,s:Pelomonas puraquae
KS-30	89.892	1296	113	14	21	1306	1	1288	0.0	1663	tax=d:Bacteria,p:Proteobacteria,c:Betaproteobacteria,o:Burkholderiales,f:Comamonadaceae,g:JZUE_g,s:JZUE_s
KS-30	89.861	1292	121	10	21	1304	1	1290	0.0	1663	tax=d:Bacteria,p:Proteobacteria,c:Betaproteobacteria,o:Burkholderiales,f:Oxalobacteraceae,g:Glaciimonas,s:Glaciimonas frigoris
KS-30	89.861	1292	121	10	21	1304	1	1290	0.0	1663	tax=d:Bacteria,p:Proteobacteria,c:Betaproteobacteria,o:Burkholderiales,f:Oxalobacteraceae,g:Glaciimonas,s:Glaciimonas alpina
KS-30	89.823	1297	118	12	21	1306	1	1294	0.0	1663	tax=d:Bacteria,p:Proteobacteria,c:Betaproteobacteria,o:Burkholderiales,f:Burkholderiaceae,g:Paraburkholderia,s:FM872738_s
KS-30	90.117	1285	112	14	21	1295	1	1280	0.0	1663	tax=d:Bacteria,p:Proteobacteria,c:Betaproteobacteria,o:Burkholderiales,f:Burkholderiaceae,g:Paraburkholderia,s:Paraburkholderia phenoliruptrix
KS-30	89.869	1293	117	13	21	1304	1	1288	0.0	1661	tax=d:Bacteria,p:Proteobacteria,c:Betaproteobacteria,o:Burkholderiales,f:Oxalobacteraceae,g:Massilia,s:Massilia agilis
KS-30	89.869	1293	117	14	21	1304	1	1288	0.0	1661	tax=d:Bacteria,p:Proteobacteria,c:Betaproteobacteria,o:Burkholderiales,f:Oxalobacteraceae,g:Paucimonas,s:GU134931_s
KS-30	90.117	1285	110	14	21	1295	1	1278	0.0	1661	tax=d:Bacteria,p:Proteobacteria,c:Betaproteobacteria,o:Burkholderiales,f:Burkholderiaceae,g:Paraburkholderia,s:FSRU_s
KS-30	89.869	1293	117	13	21	1304	1	1288	0.0	1661	tax=d:Bacteria,p:Proteobacteria,c:Betaproteobacteria,o:Burkholderiales,f:Oxalobacteraceae,g:Collimonas,s:Collimonas arenae
KS-30	90.705	1248	105	11	54	1295	1	1243	0.0	1659	tax=d:Bacteria,p:Proteobacteria,c:Betaproteobacteria,o:Burkholderiales,f:Piscinibacterium_f,g:Piscinibacterium,s:Piscinibacterium candidicorallinum
KS-30	89.945	1283	121	8	28	1304	1	1281	0.0	1659	tax=d:Bacteria,p:Proteobacteria,c:Betaproteobacteria,o:Burkholderiales,f:Oxalobacteraceae,g:JF833519_g,s:JF833519_s
KS-30	89.845	1290	119	12	21	1304	1	1284	0.0	1659	tax=d:Bacteria,p:Proteobacteria,c:Betaproteobacteria,o:Burkholderiales,f:Oxalobacteraceae,g:FM178829_g,s:FM178829_s
KS-30	89.799	1294	120	12	21	1306	1	1290	0.0	1659	tax=d:Bacteria,p:Proteobacteria,c:Betaproteobacteria,o:Burkholderiales,f:Burkholderiaceae,g:Caballeronia,s:Caballeronia arationis
KS-30	90.196	1275	109	16	41	1304	1	1270	0.0	1659	tax=d:Bacteria,p:Proteobacteria,c:Betaproteobacteria,o:Burkholderiales,f:Oxalobacteraceae,g:Herbaspirillum,s:Herbaspirillum rubrisubalbicans
KS-30	89.791	1293	120	10	21	1304	1	1290	0.0	1657	tax=d:Bacteria,p:Proteobacteria,c:Betaproteobacteria,o:Burkholderiales,f:Oxalobacteraceae,g:Glaciimonas,s:Glaciimonas singularis
KS-30	89.807	1295	116	14	21	1306	1	1288	0.0	1657	tax=d:Bacteria,p:Proteobacteria,c:Betaproteobacteria,o:Burkholderiales,f:Comamonadaceae,g:Ideonella,s:Ideonella sakaiensis
KS-30	90.047	1286	108	17	21	1295	1	1277	0.0	1655	tax=d:Bacteria,p:Proteobacteria,c:Betaproteobacteria,o:Burkholderiales,f:Burkholderiaceae,g:Paraburkholderia,s:FSRM_s
KS-30	90.016	1282	117	11	21	1295	1	1278	0.0	1655	tax=d:Bacteria,p:Proteobacteria,c:Betaproteobacteria,o:Burkholderiales,f:Quisquiliibacterium_f,g:HQ910358_g,s:DQ256353_s
KS-30	89.799	1294	116	13	21	1304	1	1288	0.0	1655	tax=d:Bacteria,p:Proteobacteria,c:Betaproteobacteria,o:Burkholderiales,f:Oxalobacteraceae,g:Collimonas,s:Collimonas fungivorans
KS-30	89.730	1295	121	11	21	1306	1	1292	0.0	1655	tax=d:Bacteria,p:Proteobacteria,c:Betaproteobacteria,o:Burkholderiales,f:Burkholderiaceae,g:Pandoraea,s:Pandoraea pnomenusa
KS-30	89.783	1292	120	12	21	1304	1	1288	0.0	1655	tax=d:Bacteria,p:Proteobacteria,c:Betaproteobacteria,o:Burkholderiales,f:Burkholderiaceae,g:Caballeronia,s:Caballeronia glathei
KS-30	89.722	1294	121	12	21	1306	1	1290	0.0	1653	tax=d:Bacteria,p:Proteobacteria,c:Betaproteobacteria,o:Burkholderiales,f:Oxalobacteraceae,g:Noviherbaspirillum,s:PAC002036_s
KS-30	89.914	1279	123	6	32	1306	3	1279	0.0	1653	tax=d:Bacteria,p:Proteobacteria,c:Betaproteobacteria,o:Burkholderiales,f:Sutterellaceae,g:DQ196633_g,s:DQ196633_s
KS-30	89.953	1284	116	12	21	1295	1	1280	0.0	1652	tax=d:Bacteria,p:Proteobacteria,c:Betaproteobacteria,o:Burkholderiales,f:Burkholderiaceae,g:Burkholderia,s:Burkholderia rinojensis
KS-30	89.969	1286	112	16	21	1295	1	1280	0.0	1652	tax=d:Bacteria,p:Proteobacteria,c:Betaproteobacteria,o:Burkholderiales,f:Burkholderiaceae,g:Burkholderia,s:Burkholderia plantarii
KS-30	89.722	1294	120	13	21	1306	1	1289	0.0	1652	tax=d:Bacteria,p:Proteobacteria,c:Betaproteobacteria,o:Burkholderiales,f:Burkholderiaceae,g:Caballeronia,s:Burkholderia nigropunctata
KS-30	89.953	1284	114	15	21	1295	1	1278	0.0	1650	tax=d:Bacteria,p:Proteobacteria,c:Betaproteobacteria,o:Burkholderiales,f:Burkholderiaceae,g:Robbsia,s:Robbsia andropogonis
KS-30	89.730	1295	115	14	21	1306	1	1286	0.0	1650	tax=d:Bacteria,p:Proteobacteria,c:Betaproteobacteria,o:Burkholderiales,f:Comamonadaceae,g:Leptothrix,s:Leptothrix discophora
KS-30	89.714	1293	118	15	21	1304	1	1287	0.0	1648	tax=d:Bacteria,p:Proteobacteria,c:Betaproteobacteria,o:Burkholderiales,f:Oxalobacteraceae,g:Paucimonas,s:PAC000247_s
KS-30	89.668	1297	116	15	21	1306	1	1290	0.0	1648	tax=d:Bacteria,p:Proteobacteria,c:Betaproteobacteria,o:Burkholderiales,f:Burkholderiaceae,g:Caballeronia,s:Caballeronia terrestris
KS-30	89.660	1296	119	15	21	1306	1	1291	0.0	1648	tax=d:Bacteria,p:Proteobacteria,c:Betaproteobacteria,o:Burkholderiales,f:Burkholderiaceae,g:Caballeronia,s:Caballeronia temeraria
KS-30	89.676	1298	114	17	21	1306	1	1290	0.0	1648	tax=d:Bacteria,p:Proteobacteria,c:Betaproteobacteria,o:Burkholderiales,f:Burkholderiaceae,g:Caballeronia,s:Caballeronia humi
KS-30	89.767	1290	116	14	26	1304	1	1285	0.0	1648	tax=d:Bacteria,p:Proteobacteria,c:Betaproteobacteria,o:Burkholderiales,f:Oxalobacteraceae,g:Herminiimonas,s:AF407411_s
KS-30	89.637	1293	122	8	21	1306	1	1288	0.0	1646	tax=d:Bacteria,p:Proteobacteria,c:Betaproteobacteria,o:Burkholderiales,f:Comamonadaceae,g:Mitsuaria,s:FOZE_s
KS-30	89.559	1293	125	10	21	1306	1	1290	0.0	1644	tax=d:Bacteria,p:Proteobacteria,c:Betaproteobacteria,o:Burkholderiales,f:Comamonadaceae,g:Ramlibacter,s:LMQL_s
KS-30	89.567	1294	125	9	21	1306	1	1292	0.0	1644	tax=d:Bacteria,p:Proteobacteria,c:Betaproteobacteria,o:Burkholderiales,f:Burkholderiaceae,g:Pandoraea,s:Pandoraea terrae
KS-30	89.860	1282	119	11	21	1295	1	1278	0.0	1644	tax=d:Bacteria,p:Proteobacteria,c:Betaproteobacteria,o:Burkholderiales,f:Quisquiliibacterium_f,g:HQ910358_g,s:HQ910358_s
KS-30	89.852	1281	121	9	21	1295	1	1278	0.0	1644	tax=d:Bacteria,p:Proteobacteria,c:Betaproteobacteria,o:Burkholderiales,f:Burkholderiaceae,g:Paraburkholderia,s:Paraburkholderia soli
KS-30	89.575	1295	123	11	21	1306	1	1292	0.0	1644	tax=d:Bacteria,p:Proteobacteria,c:Betaproteobacteria,o:Burkholderiales,f:Burkholderiaceae,g:Pandoraea,s:Pandoraea oxalativorans
KS-30	89.575	1295	123	11	21	1306	1	1292	0.0	1644	tax=d:Bacteria,p:Proteobacteria,c:Betaproteobacteria,o:Burkholderiales,f:Burkholderiaceae,g:Pandoraea,s:Pandoraea vervacti
KS-30	89.575	1295	123	11	21	1306	1	1292	0.0	1644	tax=d:Bacteria,p:Proteobacteria,c:Betaproteobacteria,o:Burkholderiales,f:Burkholderiaceae,g:Pandoraea,s:Pandoraea apista
KS-30	89.607	1299	115	18	21	1304	1	1294	0.0	1644	tax=d:Bacteria,p:Proteobacteria,c:Betaproteobacteria,o:Burkholderiales,f:Oxalobacteraceae,g:Oxalicibacterium,s:AB696494_s
KS-30	89.623	1301	111	23	21	1304	1	1294	0.0	1644	tax=d:Bacteria,p:Proteobacteria,c:Betaproteobacteria,o:Burkholderiales,f:Oxalobacteraceae,g:Oxalicibacterium,s:Oxalicibacterium horti
KS-30	89.620	1291	124	10	21	1304	1	1288	0.0	1644	tax=d:Bacteria,p:Proteobacteria,c:Betaproteobacteria,o:Burkholderiales,f:Oxalobacteraceae,g:Oxalobacter,s:AB288876_s
KS-30	89.875	1284	115	15	21	1295	1	1278	0.0	1644	tax=d:Bacteria,p:Proteobacteria,c:Betaproteobacteria,o:Burkholderiales,f:Quisquiliibacterium_f,g:HQ910358_g,s:AB186830_s
KS-30	89.698	1291	115	17	26	1304	1	1285	0.0	1642	tax=d:Bacteria,p:Proteobacteria,c:Betaproteobacteria,o:Burkholderiales,f:Oxalobacteraceae,g:Herminiimonas,s:Herminiimonas contaminans
KS-30	89.668	1297	111	21	21	1304	1	1287	0.0	1642	tax=d:Bacteria,p:Proteobacteria,c:Betaproteobacteria,o:Burkholderiales,f:Oxalobacteraceae,g:DQ351915_g,s:DQ351915_s
KS-30	89.852	1281	113	17	33	1304	3	1275	0.0	1640	tax=d:Bacteria,p:Proteobacteria,c:Betaproteobacteria,o:Burkholderiales,f:Oxalobacteraceae,g:Undibacterium,s:Undibacterium arcticum
KS-30	89.852	1281	116	11	21	1295	1	1273	0.0	1640	tax=d:Bacteria,p:Proteobacteria,c:Betaproteobacteria,o:Burkholderiales,f:Burkholderiaceae,g:Paraburkholderia,s:Paraburkholderia kirstenboschensis
KS-30	89.583	1296	117	14	21	1306	1	1288	0.0	1640	tax=d:Bacteria,p:Proteobacteria,c:Betaproteobacteria,o:Burkholderiales,f:Comamonadaceae,g:Inhella,s:Inhella inkyongensis
KS-30	89.798	1284	118	12	21	1295	1	1280	0.0	1640	tax=d:Bacteria,p:Proteobacteria,c:Betaproteobacteria,o:Burkholderiales,f:Burkholderiaceae,g:Paraburkholderia,s:Paraburkholderia phytofirmans
KS-30	89.805	1285	116	14	21	1295	1	1280	0.0	1640	tax=d:Bacteria,p:Proteobacteria,c:Betaproteobacteria,o:Burkholderiales,f:Burkholderiaceae,g:Paraburkholderia,s:Paraburkholderia caledonica
KS-30	89.583	1296	117	17	21	1304	1	1290	0.0	1640	tax=d:Bacteria,p:Proteobacteria,c:Betaproteobacteria,o:Burkholderiales,f:Oxalobacteraceae,g:Herminiimonas,s:Herminiimonas saxobsidens
KS-30	89.782	1282	120	11	21	1295	1	1278	0.0	1639	tax=d:Bacteria,p:Proteobacteria,c:Betaproteobacteria,o:Burkholderiales,f:Burkholderiaceae,g:Paraburkholderia,s:Paraburkholderia ginsengiterrae
KS-30	89.575	1295	117	15	21	1304	1	1288	0.0	1639	tax=d:Bacteria,p:Proteobacteria,c:Betaproteobacteria,o:Burkholderiales,f:Burkholderiaceae,g:Caballeronia,s:Caballeronia udeis
KS-30	89.514	1297	120	15	21	1306	1	1292	0.0	1639	tax=d:Bacteria,p:Proteobacteria,c:Betaproteobacteria,o:Burkholderiales,f:Burkholderiaceae,g:Paraburkholderia,s:Paraburkholderia bannensis
KS-30	89.498	1295	122	14	21	1306	1	1290	0.0	1637	tax=d:Bacteria,p:Proteobacteria,c:Betaproteobacteria,o:Burkholderiales,f:Oxalobacteraceae,g:Janthinobacterium,s:Janthinobacterium agaricidamnosum
KS-30	89.514	1297	118	18	21	1306	1	1290	0.0	1637	tax=d:Bacteria,p:Proteobacteria,c:Betaproteobacteria,o:Burkholderiales,f:Comamonadaceae,g:Zhizhongheella,s:Caldimonas meghalayensis
KS-30	89.482	1293	126	10	21	1306	1	1290	0.0	1637	tax=d:Bacteria,p:Proteobacteria,c:Betaproteobacteria,o:Burkholderiales,f:Oxalobacteraceae,g:DQ264588_g,s:DQ264588_s
KS-30	89.506	1296	120	16	21	1306	1	1290	0.0	1637	tax=d:Bacteria,p:Proteobacteria,c:Betaproteobacteria,o:Burkholderiales,f:Oxalobacteraceae,g:Janthinobacterium,s:CP019510_s
KS-30	89.498	1295	120	12	21	1306	1	1288	0.0	1635	tax=d:Bacteria,p:Proteobacteria,c:Betaproteobacteria,o:Burkholderiales,f:Comamonadaceae,g:Mitsuaria,s:Mitsuaria chitosanitabida
KS-30	89.453	1299	118	18	21	1306	1	1293	0.0	1633	tax=d:Bacteria,p:Proteobacteria,c:Betaproteobacteria,o:Burkholderiales,f:Burkholderiaceae,g:Caballeronia,s:Caballeronia jiangsuensis
KS-30	89.445	1298	119	16	21	1306	1	1292	0.0	1633	tax=d:Bacteria,p:Proteobacteria,c:Betaproteobacteria,o:Burkholderiales,f:Oxalobacteraceae,g:Actimicrobium,s:Actimicrobium antarcticum
KS-30	89.650	1285	118	14	21	1295	1	1280	0.0	1633	tax=d:Bacteria,p:Proteobacteria,c:Betaproteobacteria,o:Burkholderiales,f:Burkholderiaceae,g:Burkholderia,s:Burkholderia pseudomultivorans
KS-30	89.704	1282	121	11	21	1295	1	1278	0.0	1633	tax=d:Bacteria,p:Proteobacteria,c:Betaproteobacteria,o:Burkholderiales,f:Burkholderiaceae,g:Burkholderia,s:Burkholderia pseudomallei
KS-30	89.421	1295	125	11	21	1306	1	1292	0.0	1633	tax=d:Bacteria,p:Proteobacteria,c:Betaproteobacteria,o:Burkholderiales,f:Burkholderiaceae,g:Pandoraea,s:Pandoraea sputorum
KS-30	89.437	1297	121	14	21	1304	1	1294	0.0	1633	tax=d:Bacteria,p:Proteobacteria,c:Betaproteobacteria,o:Burkholderiales,f:Oxalobacteraceae,g:AJ012069_g,s:AJ012069_s
KS-30	90.016	1262	112	13	54	1304	1	1259	0.0	1631	tax=d:Bacteria,p:Proteobacteria,c:Betaproteobacteria,o:Burkholderiales,f:Oxalobacteraceae,g:Undibacterium,s:Undibacterium macrobrachii
KS-30	89.429	1296	121	16	21	1306	1	1290	0.0	1631	tax=d:Bacteria,p:Proteobacteria,c:Betaproteobacteria,o:Burkholderiales,f:Oxalobacteraceae,g:Janthinobacterium,s:JFYR_s
KS-30	89.421	1295	123	14	21	1306	1	1290	0.0	1631	tax=d:Bacteria,p:Proteobacteria,c:Betaproteobacteria,o:Burkholderiales,f:Burkholderiaceae,g:Paraburkholderia,s:Paraburkholderia rhizoxinica
KS-30	89.945	1263	117	10	51	1306	1	1260	0.0	1631	tax=d:Bacteria,p:Proteobacteria,c:Betaproteobacteria,o:Burkholderiales,f:Comamonadaceae,g:Schlegelella,s:Schlegelella aquatica
KS-30	89.429	1296	121	16	21	1306	1	1290	0.0	1631	tax=d:Bacteria,p:Proteobacteria,c:Betaproteobacteria,o:Burkholderiales,f:Oxalobacteraceae,g:Janthinobacterium,s:CP011319_s
KS-30	89.421	1295	121	16	22	1306	1	1289	0.0	1629	tax=d:Bacteria,p:Proteobacteria,c:Betaproteobacteria,o:Burkholderiales,f:Oxalobacteraceae,g:Janthinobacterium,s:Janthinobacterium lividum
KS-30	89.642	1284	120	12	21	1295	1	1280	0.0	1629	tax=d:Bacteria,p:Proteobacteria,c:Betaproteobacteria,o:Burkholderiales,f:Burkholderiaceae,g:Paraburkholderia,s:CP022990_s
KS-30	90.127	1256	111	12	49	1295	1	1252	0.0	1628	tax=d:Bacteria,p:Proteobacteria,c:Betaproteobacteria,o:Burkholderiales,f:Burkholderiaceae,g:Paraburkholderia,s:Paraburkholderia dipogonis
KS-30	89.413	1294	121	13	21	1304	1	1288	0.0	1628	tax=d:Bacteria,p:Proteobacteria,c:Betaproteobacteria,o:Thiobacillus_o,f:Thiobacillaceae,g:FJ437813_g,s:FJ712609_s
KS-30	89.344	1295	126	11	21	1306	1	1292	0.0	1628	tax=d:Bacteria,p:Proteobacteria,c:Betaproteobacteria,o:Burkholderiales,f:Burkholderiaceae,g:Pandoraea,s:Pandoraea faecigallinarum
KS-30	89.344	1295	126	11	21	1306	1	1292	0.0	1628	tax=d:Bacteria,p:Proteobacteria,c:Betaproteobacteria,o:Burkholderiales,f:Burkholderiaceae,g:Pandoraea,s:Pandoraea pulmonicola
KS-30	89.352	1296	122	16	21	1306	1	1290	0.0	1626	tax=d:Bacteria,p:Proteobacteria,c:Betaproteobacteria,o:Burkholderiales,f:Oxalobacteraceae,g:Janthinobacterium,s:LBCO_s
KS-30	89.368	1298	118	20	21	1306	1	1290	0.0	1626	tax=d:Bacteria,p:Proteobacteria,c:Betaproteobacteria,o:Burkholderiales,f:Comamonadaceae,g:Zhizhongheella,s:Zhizhongheella caldifontis
KS-30	89.421	1295	115	19	25	1304	1	1288	0.0	1626	tax=d:Bacteria,p:Proteobacteria,c:Betaproteobacteria,o:Burkholderiales,f:Oxalobacteraceae,g:Undibacterium,s:Undibacterium seohonense
KS-30	89.376	1299	117	18	21	1306	1	1291	0.0	1626	tax=d:Bacteria,p:Proteobacteria,c:Betaproteobacteria,o:Burkholderiales,f:Burkholderiaceae,g:Caballeronia,s:Caballeronia arvi
KS-30	89.404	1293	121	14	24	1306	2	1288	0.0	1626	tax=d:Bacteria,p:Proteobacteria,c:Betaproteobacteria,o:Burkholderiales,f:Comamonadaceae,g:AY429712_g,s:AY429712_s
KS-30	89.352	1296	120	14	21	1306	1	1288	0.0	1624	tax=d:Bacteria,p:Proteobacteria,c:Betaproteobacteria,o:Burkholderiales,f:Comamonadaceae,g:Roseateles,s:Roseateles aquatilis
KS-30	89.291	1298	123	14	21	1306	1	1294	0.0	1624	tax=d:Bacteria,p:Proteobacteria,c:Betaproteobacteria,o:Burkholderiales,f:Burkholderiaceae,g:Caballeronia,s:Burkholderia kirkii
KS-30	89.299	1299	122	15	21	1306	1	1295	0.0	1624	tax=d:Bacteria,p:Proteobacteria,c:Betaproteobacteria,o:Burkholderiales,f:Sutterellaceae,g:Sutterella,s:EF401611_s
KS-30	89.449	1289	121	13	25	1306	1	1281	0.0	1624	tax=d:Bacteria,p:Proteobacteria,c:Betaproteobacteria,o:Burkholderiales,f:Comamonadaceae,g:Paucibacter,s:Paucibacter toxinivorans
KS-30	89.275	1296	123	16	21	1306	1	1290	0.0	1624	tax=d:Bacteria,p:Proteobacteria,c:Betaproteobacteria,o:Burkholderiales,f:Burkholderiaceae,g:Paraburkholderia,s:Paraburkholderia nodosa
KS-30	89.327	1293	126	10	21	1306	1	1288	0.0	1624	tax=d:Bacteria,p:Proteobacteria,c:Betaproteobacteria,o:Burkholderiales,f:Comamonadaceae,g:LJID_g,s:AJ964894_s
KS-30	89.548	1282	123	11	21	1295	1	1278	0.0	1622	tax=d:Bacteria,p:Proteobacteria,c:Betaproteobacteria,o:Burkholderiales,f:Burkholderiaceae,g:Burkholderia,s:Burkholderia mallei
KS-30	89.222	1299	124	14	21	1306	1	1296	0.0	1622	tax=d:Bacteria,p:Proteobacteria,c:Betaproteobacteria,o:Burkholderiales,f:Sutterellaceae,g:Sutterella,s:Sutterella parvirubra
KS-30	89.335	1294	119	14	21	1306	1	1283	0.0	1622	tax=d:Bacteria,p:Proteobacteria,c:Betaproteobacteria,o:Burkholderiales,f:Comamonadaceae,g:Pelomonas,s:Pelomonas saccharophila
KS-30	89.425	1286	122	12	29	1306	1	1280	0.0	1620	tax=d:Bacteria,p:Proteobacteria,c:Betaproteobacteria,o:Burkholderiales,f:Comamonadaceae,g:Inhella,s:Inhella fonticola
KS-30	89.921	1260	115	12	44	1295	1	1256	0.0	1620	tax=d:Bacteria,p:Proteobacteria,c:Betaproteobacteria,o:Burkholderiales,f:Burkholderiaceae,g:Paraburkholderia,s:Burkholderia dabaoshanensis
KS-30	89.233	1291	133	6	21	1306	1	1290	0.0	1620	tax=d:Bacteria,p:Proteobacteria,c:Betaproteobacteria,o:Burkholderiales,f:OM156_f,g:OM156_g,s:EU805093_s
KS-30	89.275	1296	123	13	21	1306	1	1290	0.0	1620	tax=d:Bacteria,p:Proteobacteria,c:Betaproteobacteria,o:Burkholderiales,f:Burkholderiaceae,g:Paraburkholderia,s:Paraburkholderia piptadeniae
KS-30	89.502	1286	118	14	21	1295	1	1280	0.0	1618	tax=d:Bacteria,p:Proteobacteria,c:Betaproteobacteria,o:Burkholderiales,f:Burkholderiaceae,g:Paraburkholderia,s:FNTG_s
KS-30	89.250	1293	127	12	21	1306	1	1288	0.0	1618	tax=d:Bacteria,p:Proteobacteria,c:Betaproteobacteria,o:Burkholderiales,f:Comamonadaceae,g:Rubrivivax,s:Rubrivivax gelatinosus
KS-30	89.494	1285	120	14	21	1295	1	1280	0.0	1618	tax=d:Bacteria,p:Proteobacteria,c:Betaproteobacteria,o:Burkholderiales,f:Burkholderiaceae,g:Burkholderia,s:Burkholderia vietnamiensis
KS-30	89.478	1283	124	10	21	1295	1	1280	0.0	1618	tax=d:Bacteria,p:Proteobacteria,c:Betaproteobacteria,o:Burkholderiales,f:Burkholderiaceae,g:Paraburkholderia,s:CP002013_s
KS-30	89.510	1287	116	18	21	1295	1	1280	0.0	1618	tax=d:Bacteria,p:Proteobacteria,c:Betaproteobacteria,o:Burkholderiales,f:Burkholderiaceae,g:Burkholderia,s:Burkholderia gladioli
KS-30	89.502	1286	118	16	21	1295	1	1280	0.0	1618	tax=d:Bacteria,p:Proteobacteria,c:Betaproteobacteria,o:Burkholderiales,f:Burkholderiaceae,g:Burkholderia,s:Burkholderia glumae
KS-30	89.470	1282	124	11	21	1295	1	1278	0.0	1618	tax=d:Bacteria,p:Proteobacteria,c:Betaproteobacteria,o:Burkholderiales,f:Burkholderiaceae,g:Paraburkholderia,s:Paraburkholderia bryophila
KS-30	89.494	1285	120	14	21	1295	1	1280	0.0	1618	tax=d:Bacteria,p:Proteobacteria,c:Betaproteobacteria,o:Burkholderiales,f:Burkholderiaceae,g:Burkholderia,s:Burkholderia multivorans
KS-30	89.250	1293	127	12	21	1306	1	1288	0.0	1618	tax=d:Bacteria,p:Proteobacteria,c:Betaproteobacteria,o:Burkholderiales,f:Comamonadaceae,g:Rubrivivax,s:Rubrivivax benzoatilyticus
KS-30	89.233	1291	129	8	21	1304	1	1288	0.0	1616	tax=d:Bacteria,p:Proteobacteria,c:Betaproteobacteria,o:Burkholderiales,f:Oxalobacteraceae,g:Oxalobacter,s:KI392030_s
KS-30	89.198	1296	127	11	21	1304	1	1295	0.0	1616	tax=d:Bacteria,p:Proteobacteria,c:Betaproteobacteria,o:Burkholderiales,f:Ralstonia_f,g:Ralstonia,s:JYOB_s
KS-30	89.198	1296	127	11	21	1304	1	1295	0.0	1616	tax=d:Bacteria,p:Proteobacteria,c:Betaproteobacteria,o:Burkholderiales,f:Ralstonia_f,g:Ralstonia,s:Ralstonia pickettii
KS-30	89.198	1296	127	11	21	1304	1	1295	0.0	1616	tax=d:Bacteria,p:Proteobacteria,c:Betaproteobacteria,o:Burkholderiales,f:Ralstonia_f,g:Ralstonia,s:JFZG_s
KS-30	89.416	1285	124	9	21	1295	1	1283	0.0	1616	tax=d:Bacteria,p:Proteobacteria,c:Betaproteobacteria,o:Neisseriales,f:Neisseriaceae,g:Pseudogulbenkiania,s:AZUR_s
KS-30	89.198	1296	127	11	21	1304	1	1295	0.0	1616	tax=d:Bacteria,p:Proteobacteria,c:Betaproteobacteria,o:Burkholderiales,f:Ralstonia_f,g:Ralstonia,s:FOWV_s
KS-30	89.198	1296	127	11	21	1304	1	1295	0.0	1616	tax=d:Bacteria,p:Proteobacteria,c:Betaproteobacteria,o:Burkholderiales,f:Ralstonia_f,g:Ralstonia,s:CP001068_s
KS-30	89.189	1295	128	11	21	1306	1	1292	0.0	1616	tax=d:Bacteria,p:Proteobacteria,c:Betaproteobacteria,o:Burkholderiales,f:Burkholderiaceae,g:Paraburkholderia,s:Paraburkholderia oxyphila
KS-30	89.198	1296	126	13	21	1306	1	1292	0.0	1616	tax=d:Bacteria,p:Proteobacteria,c:Betaproteobacteria,o:Burkholderiales,f:Burkholderiaceae,g:Paraburkholderia,s:Paraburkholderia unamae
KS-30	89.164	1292	132	7	21	1306	1	1290	0.0	1615	tax=d:Bacteria,p:Proteobacteria,c:Betaproteobacteria,o:Burkholderiales,f:Comamonadaceae,g:Ramlibacter,s:Ramlibacter rhizophilus
KS-30	89.189	1295	127	13	21	1306	1	1291	0.0	1615	tax=d:Bacteria,p:Proteobacteria,c:Betaproteobacteria,o:Burkholderiales,f:Burkholderiaceae,g:Caballeronia,s:Paraburkholderia schumannianae
KS-30	89.231	1300	117	20	21	1304	1	1293	0.0	1615	tax=d:Bacteria,p:Proteobacteria,c:Betaproteobacteria,o:Nitrosomonadales,f:Nitrosomonadaceae,g:Nitrosospira,s:FOHI_s
KS-30	89.172	1293	130	10	21	1306	1	1290	0.0	1615	tax=d:Bacteria,p:Proteobacteria,c:Betaproteobacteria,o:Burkholderiales,f:Comamonadaceae,g:Ramlibacter,s:DQ354711_s
KS-30	90.024	1253	108	14	53	1295	1	1246	0.0	1613	tax=d:Bacteria,p:Proteobacteria,c:Betaproteobacteria,o:Burkholderiales,f:Burkholderiaceae,g:Paraburkholderia,s:Paraburkholderia phenazinium
KS-30	90.016	1252	110	15	53	1295	1	1246	0.0	1613	tax=d:Bacteria,p:Proteobacteria,c:Betaproteobacteria,o:Burkholderiales,f:Burkholderiaceae,g:Paraburkholderia,s:Paraburkholderia insulsa
KS-30	89.198	1296	122	14	21	1306	1	1288	0.0	1613	tax=d:Bacteria,p:Proteobacteria,c:Betaproteobacteria,o:Burkholderiales,f:Comamonadaceae,g:Roseateles,s:Roseateles depolymerans
KS-30	89.416	1285	121	14	21	1295	1	1280	0.0	1613	tax=d:Bacteria,p:Proteobacteria,c:Betaproteobacteria,o:Burkholderiales,f:Burkholderiaceae,g:Burkholderia,s:Burkholderia lata
KS-30	89.137	1298	121	18	21	1306	1	1290	0.0	1609	tax=d:Bacteria,p:Proteobacteria,c:Betaproteobacteria,o:Burkholderiales,f:Burkholderiaceae,g:PAC001916_g,s:PAC001916_s
KS-30	89.129	1297	124	14	21	1304	1	1293	0.0	1609	tax=d:Bacteria,p:Proteobacteria,c:Betaproteobacteria,o:Burkholderiales,f:Ralstonia_f,g:Ralstonia,s:Ralstonia solanacearum
KS-30	89.095	1293	131	10	21	1306	1	1290	0.0	1609	tax=d:Bacteria,p:Proteobacteria,c:Betaproteobacteria,o:Burkholderiales,f:Burkholderiaceae,g:Paraburkholderia,s:Paraburkholderia mimosarum
KS-30	89.339	1285	122	14	21	1295	1	1280	0.0	1607	tax=d:Bacteria,p:Proteobacteria,c:Betaproteobacteria,o:Burkholderiales,f:Burkholderiaceae,g:Burkholderia,s:Burkholderia contaminans
KS-30	89.339	1285	122	14	21	1295	1	1280	0.0	1607	tax=d:Bacteria,p:Proteobacteria,c:Betaproteobacteria,o:Burkholderiales,f:Burkholderiaceae,g:Burkholderia,s:JJOA_s
KS-30	90.129	1236	110	10	79	1306	23	1254	0.0	1607	tax=d:Bacteria,p:Proteobacteria,c:Betaproteobacteria,o:Burkholderiales,f:Comamonadaceae,g:Kinneretia,s:Kinneretia asaccharophila
KS-30	89.009	1292	134	8	21	1306	1	1290	0.0	1605	tax=d:Bacteria,p:Proteobacteria,c:Betaproteobacteria,o:Burkholderiales,f:Comamonadaceae,g:HM769658_g,s:HM769658_s
KS-30	89.403	1274	124	11	40	1306	1	1270	0.0	1605	tax=d:Bacteria,p:Proteobacteria,c:Betaproteobacteria,o:Burkholderiales,f:Burkholderiaceae,g:Paraburkholderia,s:Paraburkholderia denitrificans
KS-30	89.314	1282	126	11	21	1295	1	1278	0.0	1605	tax=d:Bacteria,p:Proteobacteria,c:Betaproteobacteria,o:Burkholderiales,f:Burkholderiaceae,g:Burkholderia,s:Burkholderia thailandensis
KS-30	89.699	1262	117	12	42	1295	1	1257	0.0	1605	tax=d:Bacteria,p:Proteobacteria,c:Betaproteobacteria,o:Burkholderiales,f:Burkholderiaceae,g:Paraburkholderia,s:Paraburkholderia caryophylli
KS-30	89.269	1286	122	15	21	1295	1	1281	0.0	1604	tax=d:Bacteria,p:Proteobacteria,c:Betaproteobacteria,o:Burkholderiales,f:Burkholderiaceae,g:Burkholderia,s:Burkholderia cenocepacia
KS-30	89.252	1284	122	16	38	1306	1	1283	0.0	1604	tax=d:Bacteria,p:Proteobacteria,c:Betaproteobacteria,o:Burkholderiales,f:Sutterellaceae,g:AP014683_g,s:JN615987_s
KS-30	89.001	1291	136	6	21	1306	1	1290	0.0	1604	tax=d:Bacteria,p:Proteobacteria,c:Betaproteobacteria,o:Burkholderiales,f:OM156_f,g:OM156_g,s:EU799756_s
KS-30	89.261	1285	123	14	21	1295	1	1280	0.0	1604	tax=d:Bacteria,p:Proteobacteria,c:Betaproteobacteria,o:Burkholderiales,f:Burkholderiaceae,g:Burkholderia,s:Burkholderia arboris
KS-30	89.026	1294	130	10	21	1306	1	1290	0.0	1604	tax=d:Bacteria,p:Proteobacteria,c:Betaproteobacteria,o:Burkholderiales,f:Comamonadaceae,g:AB240291_g,s:AB240291_s
KS-30	88.966	1296	131	10	21	1306	1	1294	0.0	1602	tax=d:Bacteria,p:Proteobacteria,c:Betaproteobacteria,o:Burkholderiales,f:Sutterellaceae,g:Sutterella,s:JH815513_s
KS-30	89.078	1291	128	10	21	1306	1	1283	0.0	1602	tax=d:Bacteria,p:Proteobacteria,c:Betaproteobacteria,o:Burkholderiales,f:Comamonadaceae,g:Paucibacter,s:HQ003410_s
KS-30	89.322	1283	120	15	24	1295	1	1277	0.0	1602	tax=d:Bacteria,p:Proteobacteria,c:Betaproteobacteria,o:Burkholderiales,f:Burkholderiaceae,g:Paraburkholderia,s:Paraburkholderia tuberum
KS-30	88.975	1297	127	12	21	1306	1	1292	0.0	1600	tax=d:Bacteria,p:Proteobacteria,c:Betaproteobacteria,o:Burkholderiales,f:Burkholderiaceae,g:Pandoraea,s:NGUR_s
KS-30	88.975	1297	127	15	21	1304	1	1294	0.0	1600	tax=d:Bacteria,p:Proteobacteria,c:Betaproteobacteria,o:PAC002541_o,f:PAC002541_f,g:PAC002541_g,s:EF632935_s
KS-30	89.183	1285	124	14	21	1295	1	1280	0.0	1598	tax=d:Bacteria,p:Proteobacteria,c:Betaproteobacteria,o:Burkholderiales,f:Burkholderiaceae,g:Burkholderia,s:Burkholderia territorii
KS-30	88.966	1296	128	15	21	1306	1	1291	0.0	1598	tax=d:Bacteria,p:Proteobacteria,c:Betaproteobacteria,o:Burkholderiales,f:Burkholderiaceae,g:Caballeronia,s:LFJI_s
KS-30	88.949	1294	131	11	21	1306	1	1290	0.0	1598	tax=d:Bacteria,p:Proteobacteria,c:Betaproteobacteria,o:Burkholderiales,f:Comamonadaceae,g:Ramlibacter,s:Ramlibacter tataouinensis
KS-30	88.923	1291	137	6	21	1306	1	1290	0.0	1598	tax=d:Bacteria,p:Proteobacteria,c:Betaproteobacteria,o:Burkholderiales,f:Comamonadaceae,g:Comamonas,s:Comamonas terrigena
KS-30	88.958	1295	127	14	21	1306	1	1288	0.0	1596	tax=d:Bacteria,p:Proteobacteria,c:Betaproteobacteria,o:Burkholderiales,f:Comamonadaceae,g:LJID_g,s:FM209333_s
KS-30	89.191	1286	122	15	21	1295	1	1280	0.0	1596	tax=d:Bacteria,p:Proteobacteria,c:Betaproteobacteria,o:Burkholderiales,f:Burkholderiaceae,g:Paraburkholderia,s:Paraburkholderia ribeironis
KS-30	89.183	1285	124	14	21	1295	1	1280	0.0	1596	tax=d:Bacteria,p:Proteobacteria,c:Betaproteobacteria,o:Burkholderiales,f:Burkholderiaceae,g:Burkholderia,s:Burkholderia cepacia
KS-30	89.114	1286	123	15	21	1295	1	1280	0.0	1596	tax=d:Bacteria,p:Proteobacteria,c:Betaproteobacteria,o:Burkholderiales,f:Burkholderiaceae,g:Burkholderia,s:Burkholderia seminalis
KS-30	89.968	1236	112	11	79	1306	12	1243	0.0	1596	tax=d:Bacteria,p:Proteobacteria,c:Betaproteobacteria,o:Burkholderiales,f:Comamonadaceae,g:Ramlibacter,s:Ramlibacter henchirensis
KS-30	89.424	1267	118	15	49	1304	1	1262	0.0	1594	tax=d:Bacteria,p:Proteobacteria,c:Betaproteobacteria,o:Burkholderiales,f:Oxalobacteraceae,g:Duganella,s:Duganella sacchari
KS-30	88.657	1296	131	16	21	1306	1	1290	0.0	1594	tax=d:Bacteria,p:Proteobacteria,c:Betaproteobacteria,o:Burkholderiales,f:Comamonadaceae,g:AF234753_g,s:AF234753_s
KS-30	89.105	1285	125	14	21	1295	1	1280	0.0	1592	tax=d:Bacteria,p:Proteobacteria,c:Betaproteobacteria,o:Burkholderiales,f:Burkholderiaceae,g:Burkholderia,s:Burkholderia puraquae
KS-30	88.880	1295	130	14	21	1306	1	1290	0.0	1592	tax=d:Bacteria,p:Proteobacteria,c:Betaproteobacteria,o:Burkholderiales,f:Oxalobacteraceae,g:Massilia,s:Massilia buxea
KS-30	88.966	1296	121	19	23	1306	1	1286	0.0	1592	tax=d:Bacteria,p:Proteobacteria,c:Betaproteobacteria,o:Burkholderiales,f:Oxalobacteraceae,g:Massilia,s:Massilia pinisoli
KS-30	89.088	1283	129	10	21	1295	1	1280	0.0	1591	tax=d:Bacteria,p:Proteobacteria,c:Betaproteobacteria,o:Burkholderiales,f:Burkholderiaceae,g:Paraburkholderia,s:MSDV_s
KS-30	88.889	1296	126	14	21	1306	1	1288	0.0	1591	tax=d:Bacteria,p:Proteobacteria,c:Betaproteobacteria,o:Burkholderiales,f:Comamonadaceae,g:Aquincola,s:Aquincola tertiaricarbonis
KS-30	88.820	1297	132	10	21	1306	1	1295	0.0	1591	tax=d:Bacteria,p:Proteobacteria,c:Betaproteobacteria,o:Neisseriales,f:Neisseriaceae,g:Laribacter,s:Laribacter hongkongensis
KS-30	88.838	1299	125	19	19	1306	1	1290	0.0	1589	tax=d:Bacteria,p:Proteobacteria,c:Betaproteobacteria,o:Burkholderiales,f:Comamonadaceae,g:Azohydromonas,s:Azohydromonas ureilytica
KS-30	88.829	1298	127	14	21	1306	1	1292	0.0	1589	tax=d:Bacteria,p:Proteobacteria,c:Betaproteobacteria,o:Burkholderiales,f:Burkholderiaceae,g:Pandoraea,s:Pandoraea norimbergensis
KS-30	89.114	1286	121	16	21	1295	1	1278	0.0	1589	tax=d:Bacteria,p:Proteobacteria,c:Betaproteobacteria,o:Burkholderiales,f:Burkholderiaceae,g:Paraburkholderia,s:AY963445_s
KS-30	89.935	1232	112	10	83	1306	28	1255	0.0	1589	tax=d:Bacteria,p:Proteobacteria,c:Betaproteobacteria,o:Burkholderiales,f:Comamonadaceae,g:Pelomonas,s:Pelomonas aquatica
KS-30	88.846	1291	135	9	21	1304	1	1289	0.0	1589	tax=d:Bacteria,p:Proteobacteria,c:Betaproteobacteria,o:Burkholderiales,f:Ralstonia_f,g:Cupriavidus,s:Cupriavidus campinensis
KS-30	89.399	1264	121	12	41	1295	1	1260	0.0	1587	tax=d:Bacteria,p:Proteobacteria,c:Betaproteobacteria,o:Burkholderiales,f:Burkholderiaceae,g:Paraburkholderia,s:Paraburkholderia graminis
KS-30	88.794	1294	133	11	21	1306	1	1290	0.0	1587	tax=d:Bacteria,p:Proteobacteria,c:Betaproteobacteria,o:Burkholderiales,f:Comamonadaceae,g:Ramlibacter,s:Ramlibacter monticola
KS-30	88.794	1294	133	12	21	1306	1	1290	0.0	1587	tax=d:Bacteria,p:Proteobacteria,c:Betaproteobacteria,o:Burkholderiales,f:Oxalobacteraceae,g:Pseudoduganella,s:FNEQ_s
KS-30	89.193	1277	124	11	21	1286	1	1274	0.0	1587	tax=d:Bacteria,p:Proteobacteria,c:Betaproteobacteria,o:PAC002541_o,f:PAC002248_f,g:PAC002248_g,s:DQ404597_s
KS-30	88.829	1298	125	18	21	1306	1	1290	0.0	1587	tax=d:Bacteria,p:Proteobacteria,c:Betaproteobacteria,o:Burkholderiales,f:Burkholderiaceae,g:Paraburkholderia,s:Paraburkholderia terrae
KS-30	88.838	1299	121	21	21	1306	1	1288	0.0	1585	tax=d:Bacteria,p:Proteobacteria,c:Betaproteobacteria,o:Burkholderiales,f:Oxalobacteraceae,g:Massilia,s:Massilia putida
KS-30	88.708	1293	136	10	21	1306	1	1290	0.0	1581	tax=d:Bacteria,p:Proteobacteria,c:Betaproteobacteria,o:Burkholderiales,f:Burkholderiaceae,g:Paraburkholderia,s:Paraburkholderia caballeronis
KS-30	89.781	1233	116	10	81	1306	1	1230	0.0	1581	tax=d:Bacteria,p:Proteobacteria,c:Betaproteobacteria,o:Burkholderiales,f:Burkholderiaceae,g:Paraburkholderia,s:Paraburkholderia peleae
KS-30	89.044	1287	113	24	34	1306	1	1273	0.0	1581	tax=d:Bacteria,p:Proteobacteria,c:Betaproteobacteria,o:Burkholderiales,f:Comamonadaceae,g:Sphaerotilus,s:Sphaerotilus montanus
KS-30	88.794	1294	127	16	21	1306	1	1284	0.0	1581	tax=d:Bacteria,p:Proteobacteria,c:Betaproteobacteria,o:Burkholderiales,f:Comamonadaceae,g:Sphaerotilus,s:Sphaerotilus natans
KS-30	88.743	1297	128	16	21	1306	1	1290	0.0	1581	tax=d:Bacteria,p:Proteobacteria,c:Betaproteobacteria,o:Burkholderiales,f:Comamonadaceae,g:Curvibacter,s:Curvibacter gracilis
KS-30	88.700	1292	136	10	21	1306	1	1288	0.0	1580	tax=d:Bacteria,p:Proteobacteria,c:Betaproteobacteria,o:Burkholderiales,f:Comamonadaceae,g:Acidovorax,s:NOIG_s
KS-30	89.902	1228	110	12	86	1304	21	1243	0.0	1580	tax=d:Bacteria,p:Proteobacteria,c:Betaproteobacteria,o:Burkholderiales,f:Oxalobacteraceae,g:AB486719_g,s:AB486691_s
KS-30	89.821	1228	115	10	84	1304	29	1253	0.0	1578	tax=d:Bacteria,p:Proteobacteria,c:Betaproteobacteria,o:Burkholderiales,f:Ralstonia_f,g:Ralstonia,s:Ralstonia pseudosolanacearum
KS-30	88.657	1296	133	14	21	1306	1	1292	0.0	1578	tax=d:Bacteria,p:Proteobacteria,c:Betaproteobacteria,o:PAC001907_o,f:PAC001907_f,g:PAC001907_g,s:EU223963_s
KS-30	88.752	1298	122	20	21	1304	1	1288	0.0	1578	tax=d:Bacteria,p:Proteobacteria,c:Betaproteobacteria,o:CP012157_o,f:EF019596_f,g:EF019596_g,s:EF019596_s
KS-30	89.037	1277	121	19	40	1306	1	1268	0.0	1578	tax=d:Bacteria,p:Proteobacteria,c:Betaproteobacteria,o:Burkholderiales,f:Oxalobacteraceae,g:Janthinobacterium,s:Janthinobacterium svalbardensis
KS-30	88.967	1278	128	12	39	1304	1	1277	0.0	1578	tax=d:Bacteria,p:Proteobacteria,c:Betaproteobacteria,o:Burkholderiales,f:Ralstonia_f,g:Ralstonia,s:Ralstonia mannitolilytica
KS-30	88.649	1295	135	11	21	1306	1	1292	0.0	1578	tax=d:Bacteria,p:Proteobacteria,c:Betaproteobacteria,o:Burkholderiales,f:Burkholderiaceae,g:Paraburkholderia,s:Paraburkholderia sacchari
KS-30	89.605	1241	111	16	79	1306	3	1238	0.0	1576	tax=d:Bacteria,p:Proteobacteria,c:Betaproteobacteria,o:Burkholderiales,f:Oxalobacteraceae,g:Noviherbaspirillum,s:Noviherbaspirillum psychrotolerans
KS-30	89.951	1224	112	11	79	1295	2	1221	0.0	1576	tax=d:Bacteria,p:Proteobacteria,c:Betaproteobacteria,o:Burkholderiales,f:Burkholderiaceae,g:Paraburkholderia,s:Paraburkholderia symbiotica
KS-30	88.941	1284	120	19	34	1306	1	1273	0.0	1576	tax=d:Bacteria,p:Proteobacteria,c:Betaproteobacteria,o:Burkholderiales,f:Comamonadaceae,g:Sphaerotilus,s:Sphaerotilus hippei
KS-30	89.187	1267	120	15	49	1304	1	1261	0.0	1576	tax=d:Bacteria,p:Proteobacteria,c:Betaproteobacteria,o:Burkholderiales,f:Oxalobacteraceae,g:Herminiimonas,s:Herminiimonas glaciei
KS-30	88.863	1284	128	15	32	1306	2	1279	0.0	1576	tax=d:Bacteria,p:Proteobacteria,c:Betaproteobacteria,o:Burkholderiales,f:Comamonadaceae,g:Tepidimonas,s:Tepidimonas ignava
KS-30	88.675	1298	123	20	21	1306	1	1286	0.0	1572	tax=d:Bacteria,p:Proteobacteria,c:Betaproteobacteria,o:Burkholderiales,f:Comamonadaceae,g:Leptothrix,s:Leptothrix cholodnii
KS-30	89.091	1265	126	11	50	1306	1	1261	0.0	1572	tax=d:Bacteria,p:Proteobacteria,c:Betaproteobacteria,o:Burkholderiales,f:Comamonadaceae,g:Ramlibacter,s:Ramlibacter alkalitolerans
KS-30	89.046	1269	125	12	46	1306	1	1263	0.0	1572	tax=d:Bacteria,p:Proteobacteria,c:Betaproteobacteria,o:Burkholderiales,f:Oxalobacteraceae,g:Massilia,s:Massilia norwichensis
KS-30	88.598	1298	131	16	21	1306	1	1293	0.0	1572	tax=d:Bacteria,p:Proteobacteria,c:Betaproteobacteria,o:Burkholderiales,f:Burkholderiaceae,g:Glomeribacter,s:FJ479009_s
KS-30	88.580	1296	134	13	21	1306	1	1292	0.0	1572	tax=d:Bacteria,p:Proteobacteria,c:Betaproteobacteria,o:PAC001907_o,f:PAC001907_f,g:PAC001907_g,s:CU924961_s
KS-30	88.700	1292	127	17	25	1304	1	1285	0.0	1570	tax=d:Bacteria,p:Proteobacteria,c:Betaproteobacteria,o:Burkholderiales,f:Ralstonia_f,g:Ralstonia,s:Ralstonia syzygii
KS-30	88.589	1297	130	18	21	1306	1	1290	0.0	1570	tax=d:Bacteria,p:Proteobacteria,c:Betaproteobacteria,o:Burkholderiales,f:Oxalobacteraceae,g:Janthinobacterium,s:JF766456_s
KS-30	88.545	1292	140	8	21	1306	1	1290	0.0	1570	tax=d:Bacteria,p:Proteobacteria,c:Betaproteobacteria,o:Burkholderiales,f:Comamonadaceae,g:Pseudorhodoferax,s:Pseudorhodoferax soli
KS-30	88.580	1296	132	14	21	1306	1	1290	0.0	1570	tax=d:Bacteria,p:Proteobacteria,c:Betaproteobacteria,o:Burkholderiales,f:Comamonadaceae,g:Curvibacter,s:AY947979_s
KS-30	88.563	1294	136	11	21	1304	1	1292	0.0	1570	tax=d:Bacteria,p:Proteobacteria,c:Betaproteobacteria,o:Burkholderiales,f:Sutterellaceae,g:Sutterella,s:AJ748647_s
KS-30	88.574	1304	122	26	21	1306	1	1295	0.0	1568	tax=d:Bacteria,p:Proteobacteria,c:Betaproteobacteria,o:PAC001921_o,f:PAC001921_f,g:PAC002247_g,s:EF032745_s
KS-30	88.631	1293	128	18	26	1306	1	1286	0.0	1568	tax=d:Bacteria,p:Proteobacteria,c:Betaproteobacteria,o:Burkholderiales,f:Comamonadaceae,g:Azohydromonas,s:Azohydromonas lata
KS-30	88.598	1298	124	20	21	1306	1	1286	0.0	1567	tax=d:Bacteria,p:Proteobacteria,c:Betaproteobacteria,o:Burkholderiales,f:Comamonadaceae,g:Leptothrix,s:Leptothrix mobilis
KS-30	88.563	1294	132	14	23	1306	1	1288	0.0	1567	tax=d:Bacteria,p:Proteobacteria,c:Betaproteobacteria,o:Burkholderiales,f:Comamonadaceae,g:Ramlibacter,s:HQ817679_s
KS-30	88.880	1277	124	16	38	1306	1	1267	0.0	1567	tax=d:Bacteria,p:Proteobacteria,c:Betaproteobacteria,o:Burkholderiales,f:Comamonadaceae,g:Sphaerotilus,s:Sphaerotilus natans
KS-30	88.629	1284	130	14	32	1306	11	1287	0.0	1565	tax=d:Bacteria,p:Proteobacteria,c:Betaproteobacteria,o:Burkholderiales,f:Oxalobacteraceae,g:Duganella,s:LMNW_s
KS-30	88.994	1272	118	19	47	1306	11	1272	0.0	1565	tax=d:Bacteria,p:Proteobacteria,c:Betaproteobacteria,o:Burkholderiales,f:Oxalobacteraceae,g:Massilia,s:Massilia arvi
KS-30	88.494	1295	135	13	21	1306	1	1290	0.0	1565	tax=d:Bacteria,p:Proteobacteria,c:Betaproteobacteria,o:Burkholderiales,f:Burkholderiaceae,g:Paraburkholderia,s:Paraburkholderia kururiensis
KS-30	88.467	1292	141	8	21	1306	1	1290	0.0	1565	tax=d:Bacteria,p:Proteobacteria,c:Betaproteobacteria,o:Burkholderiales,f:Comamonadaceae,g:Pseudorhodoferax,s:Pseudorhodoferax caeni
KS-30	88.467	1292	140	8	21	1304	1	1291	0.0	1563	tax=d:Bacteria,p:Proteobacteria,c:Betaproteobacteria,o:Burkholderiales,f:Ralstonia_f,g:Ralstonia,s:JF174660_s
KS-30	88.589	1297	122	21	21	1304	1	1284	0.0	1563	tax=d:Bacteria,p:Proteobacteria,c:Betaproteobacteria,o:Thiobacillus_o,f:Thiobacillaceae,g:U46750_g,s:FJ660557_s
KS-30	88.545	1292	133	14	21	1304	1	1285	0.0	1563	tax=d:Bacteria,p:Proteobacteria,c:Betaproteobacteria,o:Burkholderiales,f:Oxalobacteraceae,g:EU266905_g,s:EU266905_s
KS-30	88.716	1285	130	13	21	1295	1	1280	0.0	1563	tax=d:Bacteria,p:Proteobacteria,c:Betaproteobacteria,o:Burkholderiales,f:Burkholderiaceae,g:Paraburkholderia,s:Paraburkholderia sprentiae
KS-30	88.503	1296	131	15	21	1306	1	1288	0.0	1563	tax=d:Bacteria,p:Proteobacteria,c:Betaproteobacteria,o:Burkholderiales,f:Comamonadaceae,g:Malikia,s:Malikia spinosa
KS-30	88.698	1283	132	13	21	1295	1	1278	0.0	1561	tax=d:Bacteria,p:Proteobacteria,c:Betaproteobacteria,o:Burkholderiales,f:Burkholderiaceae,g:Paraburkholderia,s:Paraburkholderia susongensis
KS-30	88.435	1297	133	17	21	1306	1	1291	0.0	1559	tax=d:Bacteria,p:Proteobacteria,c:Betaproteobacteria,o:Burkholderiales,f:Comamonadaceae,g:Azohydromonas,s:Azohydromonas riparia
KS-30	88.444	1298	130	15	21	1306	1	1290	0.0	1559	tax=d:Bacteria,p:Proteobacteria,c:Betaproteobacteria,o:PAC001907_o,f:PAC001907_f,g:PAC001906_g,s:EU669638_s
KS-30	88.494	1295	130	16	21	1306	1	1285	0.0	1559	tax=d:Bacteria,p:Proteobacteria,c:Betaproteobacteria,o:PAC001907_o,f:PAC001907_f,g:PAC001907_g,s:DQ395954_s
KS-30	88.706	1275	135	9	38	1306	1	1272	0.0	1559	tax=d:Bacteria,p:Proteobacteria,c:Betaproteobacteria,o:Burkholderiales,f:Comamonadaceae,g:Comamonas,s:Comamonas kerstersii
KS-30	89.504	1229	118	9	84	1304	29	1254	0.0	1555	tax=d:Bacteria,p:Proteobacteria,c:Betaproteobacteria,o:Burkholderiales,f:Ralstonia_f,g:Ralstonia,s:Ralstonia syzygii
KS-30	88.399	1293	136	12	21	1306	1	1286	0.0	1555	tax=d:Bacteria,p:Proteobacteria,c:Betaproteobacteria,o:Burkholderiales,f:Comamonadaceae,g:Leptothrix,s:HQ661361_s
KS-30	88.485	1294	128	19	21	1304	1	1283	0.0	1555	tax=d:Bacteria,p:Proteobacteria,c:Betaproteobacteria,o:Rhodocyclales,f:Zoogloeaceae,g:Zoogloea,s:HQ403247_s
KS-30	88.408	1294	132	15	21	1304	1	1286	0.0	1554	tax=d:Bacteria,p:Proteobacteria,c:Betaproteobacteria,o:Burkholderiales,f:Oxalobacteraceae,g:Massilia,s:Massilia tieshanensis
KS-30	88.399	1293	134	13	24	1306	4	1290	0.0	1554	tax=d:Bacteria,p:Proteobacteria,c:Betaproteobacteria,o:Burkholderiales,f:Comamonadaceae,g:EU735703_g,s:EU735703_s
KS-30	88.317	1301	132	19	21	1306	1	1296	0.0	1554	tax=d:Bacteria,p:Proteobacteria,c:Betaproteobacteria,o:PAC002541_o,f:PAC002541_f,g:PAC002541_g,s:EF520485_s
KS-30	88.376	1299	129	20	21	1306	1	1290	0.0	1554	tax=d:Bacteria,p:Proteobacteria,c:Betaproteobacteria,o:Burkholderiales,f:Comamonadaceae,g:JN679217_g,s:DQ520187_s
KS-30	88.313	1292	141	8	21	1306	1	1288	0.0	1552	tax=d:Bacteria,p:Proteobacteria,c:Betaproteobacteria,o:Burkholderiales,f:Comamonadaceae,g:Hydrogenophaga,s:MIYM_s
KS-30	88.340	1295	135	16	21	1306	1	1288	0.0	1552	tax=d:Bacteria,p:Proteobacteria,c:Betaproteobacteria,o:Burkholderiales,f:Comamonadaceae,g:Hydrogenophaga,s:Hydrogenophaga aquatica
KS-30	88.509	1288	132	13	21	1295	1	1285	0.0	1552	tax=d:Bacteria,p:Proteobacteria,c:Betaproteobacteria,o:Neisseriales,f:Neisseriaceae,g:Chromobacterium,s:Chromobacterium amazonense
KS-30	88.340	1295	136	12	21	1306	1	1289	0.0	1552	tax=d:Bacteria,p:Proteobacteria,c:Betaproteobacteria,o:PAC001907_o,f:PAC001907_f,g:PAC001906_g,s:JF697489_s
KS-30	88.295	1290	145	6	21	1306	1	1288	0.0	1552	tax=d:Bacteria,p:Proteobacteria,c:Betaproteobacteria,o:Burkholderiales,f:Comamonadaceae,g:Acidovorax,s:Acidovorax caeni
KS-30	88.331	1294	137	12	21	1306	1	1288	0.0	1552	tax=d:Bacteria,p:Proteobacteria,c:Betaproteobacteria,o:Burkholderiales,f:Comamonadaceae,g:Hydrogenophaga,s:CP016449_s
KS-30	88.313	1292	141	10	21	1306	1	1288	0.0	1552	tax=d:Bacteria,p:Proteobacteria,c:Betaproteobacteria,o:Burkholderiales,f:Comamonadaceae,g:Tepidimonas,s:Tepidimonas thermarum
KS-30	89.422	1229	119	9	84	1304	29	1254	0.0	1550	tax=d:Bacteria,p:Proteobacteria,c:Betaproteobacteria,o:Burkholderiales,f:Ralstonia_f,g:Ralstonia,s:Ralstonia syzygii
KS-30	89.786	1214	110	12	91	1295	1	1209	0.0	1550	tax=d:Bacteria,p:Proteobacteria,c:Betaproteobacteria,o:Burkholderiales,f:Burkholderiaceae,g:Paraburkholderia,s:Paraburkholderia metrosideri
KS-30	88.784	1275	124	19	21	1286	1	1265	0.0	1550	tax=d:Bacteria,p:Proteobacteria,c:Betaproteobacteria,o:Thiobacillus_o,f:Thiobacillaceae,g:U46750_g,s:HQ003511_s
KS-30	88.491	1286	134	11	21	1295	1	1283	0.0	1550	tax=d:Bacteria,p:Proteobacteria,c:Betaproteobacteria,o:Neisseriales,f:Neisseriaceae,g:Pseudogulbenkiania,s:Pseudogulbenkiania subflava
KS-30	88.656	1287	120	21	21	1286	1	1282	0.0	1550	tax=d:Bacteria,p:Proteobacteria,c:Betaproteobacteria,o:PAC002541_o,f:PAC002248_f,g:PAC002248_g,s:FJ466376_s
KS-30	88.681	1281	123	20	23	1286	1	1276	0.0	1548	tax=d:Bacteria,p:Proteobacteria,c:Betaproteobacteria,o:PAC002541_o,f:PAC002248_f,g:PAC002248_g,s:HM557430_s
KS-30	88.610	1273	133	11	42	1306	1	1269	0.0	1548	tax=d:Bacteria,p:Proteobacteria,c:Hydrogenophilalia,o:Hydrogenophilales,f:FJ715977_f,g:FJ715977_g,s:FN667427_s
KS-30	88.681	1281	124	18	21	1286	1	1275	0.0	1548	tax=d:Bacteria,p:Proteobacteria,c:Betaproteobacteria,o:PAC002541_o,f:PAC002248_f,g:PAC002248_g,s:FJ478717_s
KS-30	88.672	1280	125	17	21	1286	1	1274	0.0	1548	tax=d:Bacteria,p:Proteobacteria,c:Betaproteobacteria,o:PAC002541_o,f:EF157188_f,g:EF157188_g,s:EF157188_s
KS-30	88.253	1294	138	12	21	1306	1	1288	0.0	1546	tax=d:Bacteria,p:Proteobacteria,c:Betaproteobacteria,o:Burkholderiales,f:Comamonadaceae,g:Hydrogenophaga,s:LMIE_s
KS-30	88.235	1292	142	10	21	1306	1	1288	0.0	1546	tax=d:Bacteria,p:Proteobacteria,c:Betaproteobacteria,o:Burkholderiales,f:Comamonadaceae,g:Acidovorax,s:Acidovorax temperans
KS-30	88.465	1283	130	18	35	1306	5	1280	0.0	1544	tax=d:Bacteria,p:Proteobacteria,c:Betaproteobacteria,o:Burkholderiales,f:Oxalobacteraceae,g:Massilia,s:Massilia plicata
KS-30	88.199	1305	126	25	21	1306	1	1296	0.0	1543	tax=d:Bacteria,p:Proteobacteria,c:Betaproteobacteria,o:PAC001921_o,f:PAC001921_f,g:PAC002247_g,s:PAC002247_s
KS-30	88.176	1294	141	12	21	1306	1	1290	0.0	1543	tax=d:Bacteria,p:Proteobacteria,c:Betaproteobacteria,o:Burkholderiales,f:Burkholderiaceae,g:Paraburkholderia,s:Paraburkholderia acidipaludis
KS-30	88.531	1273	132	12	42	1306	2	1268	0.0	1541	tax=d:Bacteria,p:Proteobacteria,c:Betaproteobacteria,o:Burkholderiales,f:Comamonadaceae,g:Hydrogenophaga,s:HQ755357_s
KS-30	88.181	1303	128	22	21	1306	1	1294	0.0	1541	tax=d:Bacteria,p:Proteobacteria,c:Betaproteobacteria,o:Burkholderiales,f:Comamonadaceae,g:Curvibacter,s:CP015698_s
KS-30	88.167	1293	141	10	21	1306	1	1288	0.0	1541	tax=d:Bacteria,p:Proteobacteria,c:Betaproteobacteria,o:Burkholderiales,f:Comamonadaceae,g:Hydrogenophaga,s:Hydrogenophaga palleronii
KS-30	88.149	1291	145	8	21	1306	1	1288	0.0	1541	tax=d:Bacteria,p:Proteobacteria,c:Betaproteobacteria,o:Burkholderiales,f:Comamonadaceae,g:Comamonas,s:Comamonas aquatica
KS-30	88.167	1293	141	11	21	1306	1	1288	0.0	1541	tax=d:Bacteria,p:Proteobacteria,c:Betaproteobacteria,o:Burkholderiales,f:Comamonadaceae,g:Malikia,s:Malikia granosa
KS-30	88.018	1302	132	23	21	1306	1	1294	0.0	1539	tax=d:Bacteria,p:Proteobacteria,c:Betaproteobacteria,o:Burkholderiales,f:Oxalobacteraceae,g:Telluria,s:Telluria mixta
KS-30	89.268	1230	118	14	86	1306	22	1246	0.0	1539	tax=d:Bacteria,p:Proteobacteria,c:Betaproteobacteria,o:Burkholderiales,f:Quisquiliibacterium_f,g:HQ910358_g,s:EU083484_s
KS-30	88.167	1293	137	13	21	1306	1	1284	0.0	1539	tax=d:Bacteria,p:Proteobacteria,c:Betaproteobacteria,o:Burkholderiales,f:Comamonadaceae,g:Acidovorax,s:Acidovorax anthurii
KS-30	88.172	1302	127	22	21	1304	1	1293	0.0	1537	tax=d:Bacteria,p:Proteobacteria,c:Betaproteobacteria,o:Neisseriales,f:Neisseriaceae,g:Vogesella,s:Vogesella oryzae
KS-30	88.285	1289	132	16	28	1306	1	1280	0.0	1537	tax=d:Bacteria,p:Proteobacteria,c:Betaproteobacteria,o:Burkholderiales,f:Comamonadaceae,g:Vitreoscilla_g1,s:Vitreoscilla filiformis
KS-30	88.095	1302	133	18	21	1306	1	1296	0.0	1537	tax=d:Bacteria,p:Proteobacteria,c:Betaproteobacteria,o:Sterolibacterium_o,f:Sterolibacteriaceae,g:AY770957_g,s:AY762631_s
KS-30	88.099	1294	140	14	21	1306	1	1288	0.0	1535	tax=d:Bacteria,p:Proteobacteria,c:Betaproteobacteria,o:Burkholderiales,f:Comamonadaceae,g:Acidovorax,s:Acidovorax konjaci
KS-30	89.078	1236	124	11	79	1306	1	1233	0.0	1535	tax=d:Bacteria,p:Proteobacteria,c:Betaproteobacteria,o:Burkholderiales,f:Burkholderiaceae,g:Paraburkholderia,s:Paraburkholderia paradisi
KS-30	88.748	1262	124	16	47	1295	1	1257	0.0	1535	tax=d:Bacteria,p:Proteobacteria,c:Betaproteobacteria,o:Neisseriales,f:Neisseriaceae,g:Aquitalea,s:Aquitalea denitrificans
KS-30	88.126	1297	132	20	21	1306	1	1286	0.0	1533	tax=d:Bacteria,p:Proteobacteria,c:Betaproteobacteria,o:Burkholderiales,f:Comamonadaceae,g:Leptothrix,s:Leptothrix ochracea
KS-30	88.108	1295	136	17	21	1304	1	1288	0.0	1533	tax=d:Bacteria,p:Proteobacteria,c:Betaproteobacteria,o:Burkholderiales,f:Oxalobacteraceae,g:Massilia,s:Massilia lurida
KS-30	88.556	1267	127	15	50	1306	1	1259	0.0	1533	tax=d:Bacteria,p:Proteobacteria,c:Betaproteobacteria,o:Burkholderiales,f:Oxalobacteraceae,g:Massilia,s:Massilia niastensis
KS-30	88.068	1299	135	18	21	1306	1	1292	0.0	1533	tax=d:Bacteria,p:Proteobacteria,c:Betaproteobacteria,o:PAC002541_o,f:PAC002541_f,g:AF467301_g,s:EU803713_s
KS-30	88.176	1294	132	18	28	1306	1	1288	0.0	1533	tax=d:Bacteria,p:Proteobacteria,c:Betaproteobacteria,o:CP012157_o,f:CP012157_f,g:DQ450770_g,s:DQ450770_s
KS-30	88.000	1300	138	16	21	1306	1	1296	0.0	1531	tax=d:Bacteria,p:Proteobacteria,c:Betaproteobacteria,o:Burkholderiales,f:Sutterellaceae,g:Parasutterella,s:PAC002211_s
KS-30	88.049	1297	136	17	21	1304	1	1291	0.0	1530	tax=d:Bacteria,p:Proteobacteria,c:Betaproteobacteria,o:PAC002541_o,f:PAC002541_f,g:AF467301_g,s:EF126238_s
KS-30	88.018	1302	130	22	21	1306	1	1292	0.0	1528	tax=d:Bacteria,p:Proteobacteria,c:Betaproteobacteria,o:Burkholderiales,f:Comamonadaceae,g:HQ178927_g,s:HQ178927_s
KS-30	87.963	1296	142	12	21	1306	1	1292	0.0	1528	tax=d:Bacteria,p:Proteobacteria,c:Betaproteobacteria,o:Burkholderiales,f:Comamonadaceae,g:Acidovorax,s:CP003872_s
KS-30	88.028	1303	129	22	21	1306	1	1293	0.0	1528	tax=d:Bacteria,p:Proteobacteria,c:Betaproteobacteria,o:Burkholderiales,f:Comamonadaceae,g:AF418942_g,s:AF418942_s
KS-30	88.495	1269	125	21	49	1306	1	1259	0.0	1526	tax=d:Bacteria,p:Proteobacteria,c:Betaproteobacteria,o:Burkholderiales,f:Comamonadaceae,g:Acidovorax,s:Acidovorax lacteus
KS-30	87.963	1296	140	16	21	1306	1	1290	0.0	1526	tax=d:Bacteria,p:Proteobacteria,c:Betaproteobacteria,o:PAC001907_o,f:PAC001907_f,g:PAC001907_g,s:HQ592579_s
KS-30	87.982	1298	137	17	21	1306	1	1291	0.0	1526	tax=d:Bacteria,p:Proteobacteria,c:Betaproteobacteria,o:CP012157_o,f:CP012157_f,g:PAC001920_g,s:HQ014645_s
KS-30	87.960	1304	129	27	21	1306	1	1294	0.0	1524	tax=d:Bacteria,p:Proteobacteria,c:Betaproteobacteria,o:PAC001921_o,f:PAC001921_f,g:PAC002247_g,s:PAC002584_s
KS-30	87.944	1294	142	12	21	1306	1	1288	0.0	1524	tax=d:Bacteria,p:Proteobacteria,c:Betaproteobacteria,o:Burkholderiales,f:Comamonadaceae,g:Hydrogenophaga,s:Hydrogenophaga laconesensis
KS-30	87.942	1302	133	20	21	1306	1	1294	0.0	1524	tax=d:Bacteria,p:Proteobacteria,c:Betaproteobacteria,o:Burkholderiales,f:Comamonadaceae,g:Caenimonas,s:Caenimonas koreensis
KS-30	87.944	1294	142	12	21	1306	1	1288	0.0	1524	tax=d:Bacteria,p:Proteobacteria,c:Betaproteobacteria,o:Burkholderiales,f:Comamonadaceae,g:Hydrogenophaga,s:Hydrogenophaga intermedia
KS-30	87.935	1293	144	10	21	1306	1	1288	0.0	1524	tax=d:Bacteria,p:Proteobacteria,c:Betaproteobacteria,o:Burkholderiales,f:Comamonadaceae,g:Hydrogenophaga,s:Hydrogenophaga atypica
KS-30	88.943	1239	117	19	79	1306	27	1256	0.0	1522	tax=d:Bacteria,p:Proteobacteria,c:Betaproteobacteria,o:Burkholderiales,f:Oxalobacteraceae,g:Massilia,s:Massilia kyonggiensis
KS-30	88.425	1270	125	20	49	1306	1	1260	0.0	1522	tax=d:Bacteria,p:Proteobacteria,c:Betaproteobacteria,o:Burkholderiales,f:Comamonadaceae,g:JN679217_g,s:JN679217_s
KS-30	87.886	1296	143	12	21	1306	1	1292	0.0	1522	tax=d:Bacteria,p:Proteobacteria,c:Betaproteobacteria,o:Burkholderiales,f:Comamonadaceae,g:Acidovorax,s:Acidovorax delafieldii
KS-30	88.449	1264	131	15	52	1306	1	1258	0.0	1522	tax=d:Bacteria,p:Proteobacteria,c:Betaproteobacteria,o:Burkholderiales,f:Comamonadaceae,g:Tepidimonas,s:Tepidimonas taiwanensis
KS-30	87.923	1300	134	20	21	1304	1	1293	0.0	1520	tax=d:Bacteria,p:Proteobacteria,c:Betaproteobacteria,o:PAC002541_o,f:PAC002541_f,g:PAC002541_g,s:DQ223206_s
KS-30	88.022	1294	132	16	32	1306	2	1291	0.0	1520	tax=d:Bacteria,p:Proteobacteria,c:Betaproteobacteria,o:Burkholderiales,f:Comamonadaceae,g:Tepidimonas,s:Tepidimonas aquatica
KS-30	88.153	1283	130	19	35	1306	8	1279	0.0	1519	tax=d:Bacteria,p:Proteobacteria,c:Betaproteobacteria,o:Burkholderiales,f:Oxalobacteraceae,g:Massilia,s:Massilia phosphatilytica
KS-30	87.876	1295	141	14	21	1304	1	1290	0.0	1519	tax=d:Bacteria,p:Proteobacteria,c:Betaproteobacteria,o:Burkholderiales,f:Oxalobacteraceae,g:Massilia,s:HQ450148_s
KS-30	87.829	1290	149	8	22	1306	2	1288	0.0	1519	tax=d:Bacteria,p:Proteobacteria,c:Betaproteobacteria,o:Burkholderiales,f:Comamonadaceae,g:Melaminivora,s:FJ445211_s
KS-30	87.858	1293	145	10	21	1306	1	1288	0.0	1519	tax=d:Bacteria,p:Proteobacteria,c:Betaproteobacteria,o:Burkholderiales,f:Comamonadaceae,g:Hydrogenophaga,s:Hydrogenophaga defluvii
KS-30	87.799	1295	146	10	21	1306	1	1292	0.0	1517	tax=d:Bacteria,p:Proteobacteria,c:Betaproteobacteria,o:Burkholderiales,f:Comamonadaceae,g:Acidovorax,s:Acidovorax radicis
KS-30	88.277	1271	130	17	47	1306	1	1263	0.0	1517	tax=d:Bacteria,p:Proteobacteria,c:Betaproteobacteria,o:Burkholderiales,f:Comamonadaceae,g:JN679217_g,s:AB286599_s
KS-30	87.966	1288	139	15	29	1306	1	1282	0.0	1517	tax=d:Bacteria,p:Proteobacteria,c:Betaproteobacteria,o:Burkholderiales,f:Comamonadaceae,g:Azohydromonas,s:Azohydromonas australica
KS-30	88.175	1277	136	13	21	1286	1	1273	0.0	1513	tax=d:Bacteria,p:Proteobacteria,c:Betaproteobacteria,o:PAC002541_o,f:PAC002248_f,g:PAC002248_g,s:PAC002248_s
KS-30	87.741	1297	145	12	21	1306	1	1294	0.0	1513	tax=d:Bacteria,p:Proteobacteria,c:Betaproteobacteria,o:Burkholderiales,f:Comamonadaceae,g:EU801607_g,s:EU801607_s
KS-30	87.954	1295	130	19	21	1295	1	1289	0.0	1511	tax=d:Bacteria,p:Proteobacteria,c:Betaproteobacteria,o:Neisseriales,f:Neisseriaceae,g:Vitreoscilla,s:EU370420_s
KS-30	87.807	1304	130	24	21	1304	1	1295	0.0	1511	tax=d:Bacteria,p:Proteobacteria,c:Betaproteobacteria,o:PAC002541_o,f:PAC002541_f,g:AF467301_g,s:AB294330_s
KS-30	87.780	1293	142	14	21	1306	1	1284	0.0	1509	tax=d:Bacteria,p:Proteobacteria,c:Betaproteobacteria,o:Burkholderiales,f:Comamonadaceae,g:Malikia,s:JUEA_s
KS-30	88.148	1274	132	18	46	1306	9	1276	0.0	1509	tax=d:Bacteria,p:Proteobacteria,c:Betaproteobacteria,o:PAC001921_o,f:PAC001921_f,g:PAC002247_g,s:JN592649_s
KS-30	88.185	1278	123	23	46	1306	1	1267	0.0	1509	tax=d:Bacteria,p:Proteobacteria,c:Betaproteobacteria,o:Burkholderiales,f:Oxalobacteraceae,g:Massilia,s:Massilia aerilata
KS-30	88.835	1227	127	10	88	1306	66	1290	0.0	1509	tax=d:Bacteria,p:Proteobacteria,c:Betaproteobacteria,o:PAC001907_o,f:PAC001907_f,g:PAC001907_g,s:EF019945_s
KS-30	87.702	1301	138	21	21	1304	1	1296	0.0	1507	tax=d:Bacteria,p:Proteobacteria,c:Betaproteobacteria,o:PAC002541_o,f:PAC002541_f,g:PAC002541_g,s:PAC002542_s
KS-30	87.741	1297	139	18	21	1306	1	1288	0.0	1507	tax=d:Bacteria,p:Proteobacteria,c:Betaproteobacteria,o:Burkholderiales,f:Oxalobacteraceae,g:Massilia,s:Massilia namucuonensis
KS-30	87.654	1296	146	14	21	1306	1	1292	0.0	1506	tax=d:Bacteria,p:Proteobacteria,c:Betaproteobacteria,o:PAC001907_o,f:PAC001907_f,g:PAC001907_g,s:PAC002537_s
KS-30	87.645	1295	148	11	21	1306	1	1292	0.0	1506	tax=d:Bacteria,p:Proteobacteria,c:Betaproteobacteria,o:Burkholderiales,f:Comamonadaceae,g:Comamonas,s:Comamonas jiangduensis
KS-30	87.654	1296	146	12	21	1306	1	1292	0.0	1506	tax=d:Bacteria,p:Proteobacteria,c:Betaproteobacteria,o:Burkholderiales,f:Comamonadaceae,g:Acidovorax,s:CP016447_s
KS-30	87.673	1298	142	15	21	1306	1	1292	0.0	1506	tax=d:Bacteria,p:Proteobacteria,c:Betaproteobacteria,o:Burkholderiales,f:Comamonadaceae,g:Hydrogenophaga,s:Hydrogenophaga taeniospiralis
KS-30	87.749	1306	127	28	21	1306	1	1293	0.0	1506	tax=d:Bacteria,p:Proteobacteria,c:Betaproteobacteria,o:CP012157_o,f:CP012157_f,g:CP012157_g,s:AF236012_s
KS-30	87.673	1298	141	17	21	1306	1	1291	0.0	1504	tax=d:Bacteria,p:Proteobacteria,c:Betaproteobacteria,o:PAC001907_o,f:PAC001907_f,g:PAC001907_g,s:FJ479331_s
KS-30	87.703	1293	143	14	21	1306	1	1284	0.0	1504	tax=d:Bacteria,p:Proteobacteria,c:Betaproteobacteria,o:Burkholderiales,f:Comamonadaceae,g:Malikia,s:AP014569_s
KS-30	87.801	1287	141	11	21	1295	1	1283	0.0	1500	tax=d:Bacteria,p:Proteobacteria,c:Betaproteobacteria,o:Neisseriales,f:Neisseriaceae,g:Chromobacterium,s:Chromobacterium sphagni
KS-30	87.922	1275	141	13	29	1295	1	1270	0.0	1496	tax=d:Bacteria,p:Proteobacteria,c:Betaproteobacteria,o:Burkholderiales,f:Burkholderiaceae,g:Paraburkholderia,s:HQ753692_s
KS-30	87.500	1312	129	25	21	1306	1	1303	0.0	1493	tax=d:Bacteria,p:Proteobacteria,c:Betaproteobacteria,o:Burkholderiales,f:Burkholderiaceae,g:Glomeribacter,s:EU625665_s
KS-30	87.471	1293	152	10	21	1306	1	1290	0.0	1493	tax=d:Bacteria,p:Proteobacteria,c:Betaproteobacteria,o:Burkholderiales,f:Comamonadaceae,g:Comamonas,s:EU464941_s
KS-30	87.558	1302	132	24	21	1304	1	1290	0.0	1491	tax=d:Bacteria,p:Proteobacteria,c:Betaproteobacteria,o:PAC002541_o,f:PAC002541_f,g:PAC002541_g,s:PAC002614_s
KS-30	87.636	1286	145	11	21	1295	1	1283	0.0	1489	tax=d:Bacteria,p:Proteobacteria,c:Betaproteobacteria,o:Neisseriales,f:Neisseriaceae,g:Chromobacterium,s:Chromobacterium vaccinii
KS-30	87.548	1301	133	26	23	1306	1	1289	0.0	1489	tax=d:Bacteria,p:Proteobacteria,c:Betaproteobacteria,o:PAC001907_o,f:PAC001907_f,g:PAC001907_g,s:EF516769_s
KS-30	87.433	1297	147	15	21	1306	1	1292	0.0	1489	tax=d:Bacteria,p:Proteobacteria,c:Betaproteobacteria,o:Burkholderiales,f:Comamonadaceae,g:Comamonas,s:EF111109_s
KS-30	87.736	1272	146	10	42	1306	2	1270	0.0	1487	tax=d:Bacteria,p:Proteobacteria,c:Betaproteobacteria,o:Burkholderiales,f:Comamonadaceae,g:Ramlibacter,s:HQ809779_s
KS-30	87.588	1281	149	10	32	1306	2	1278	0.0	1487	tax=d:Bacteria,p:Proteobacteria,c:Betaproteobacteria,o:Burkholderiales,f:Comamonadaceae,g:Tepidicella,s:Tepidicella xavieri
KS-30	87.481	1294	144	16	21	1306	1	1284	0.0	1487	tax=d:Bacteria,p:Proteobacteria,c:Betaproteobacteria,o:Burkholderiales,f:Comamonadaceae,g:Malikia,s:BAWN_s
KS-30	87.666	1281	138	13	42	1306	3	1279	0.0	1483	tax=d:Bacteria,p:Proteobacteria,c:Betaproteobacteria,o:Burkholderiales,f:Comamonadaceae,g:Tepidimonas,s:Tepidimonas fonticaldi
KS-30	87.385	1300	142	18	21	1306	1	1292	0.0	1483	tax=d:Bacteria,p:Proteobacteria,c:Betaproteobacteria,o:Burkholderiales,f:Comamonadaceae,g:Hydrogenophaga,s:Hydrogenophaga crassostreae
