ST-10	99.318	440	2	1	3	442	303	741	0.0	795	AGZU01000005.175430.176904 Bacteria;Pseudomonadota;Alphaproteobacteria;Sphingomonadales;Sphingomonadaceae;Sphingobium;Sphingobium yanoikuyae ATCC 51230
ST-10	99.318	440	2	1	3	442	303	741	0.0	795	AGZU01000008.329136.330610 Bacteria;Pseudomonadota;Alphaproteobacteria;Sphingomonadales;Sphingomonadaceae;Sphingobium;Sphingobium yanoikuyae ATCC 51230
ST-10	99.318	440	2	1	3	442	303	741	0.0	795	AGZU01000008.216252.217726 Bacteria;Pseudomonadota;Alphaproteobacteria;Sphingomonadales;Sphingomonadaceae;Sphingobium;Sphingobium yanoikuyae ATCC 51230
ST-10	99.318	440	2	1	3	442	303	741	0.0	795	AGZU01000016.551448.552922 Bacteria;Pseudomonadota;Alphaproteobacteria;Sphingomonadales;Sphingomonadaceae;Sphingobium;Sphingobium yanoikuyae ATCC 51230
ST-10	99.318	440	2	1	3	442	279	717	0.0	795	HM798799.1.1401 Bacteria;Pseudomonadota;Alphaproteobacteria;Sphingomonadales;Sphingomonadaceae;Sphingobium;uncultured Sphingomonadales bacterium
ST-10	99.318	440	2	1	3	442	311	749	0.0	795	CP033230.1604481.1605973 Bacteria;Pseudomonadota;Alphaproteobacteria;Sphingomonadales;Sphingomonadaceae;Sphingobium;Sphingobium yanoikuyae
ST-10	99.318	440	2	1	3	442	311	749	0.0	795	CP033230.4071185.4072677 Bacteria;Pseudomonadota;Alphaproteobacteria;Sphingomonadales;Sphingomonadaceae;Sphingobium;Sphingobium yanoikuyae
ST-10	99.318	440	2	1	3	442	311	749	0.0	795	CP033230.3959048.3960540 Bacteria;Pseudomonadota;Alphaproteobacteria;Sphingomonadales;Sphingomonadaceae;Sphingobium;Sphingobium yanoikuyae
ST-10	99.318	440	2	1	3	442	284	722	0.0	795	D16145.1.1447 Bacteria;Pseudomonadota;Alphaproteobacteria;Sphingomonadales;Sphingomonadaceae;Sphingobium;Sphingobium yanoikuyae
ST-10	99.318	440	2	1	3	442	311	749	0.0	795	CP033230.660262.661754 Bacteria;Pseudomonadota;Alphaproteobacteria;Sphingomonadales;Sphingomonadaceae;Sphingobium;Sphingobium yanoikuyae
ST-10	99.318	440	2	1	3	442	312	750	0.0	795	CP023741.4513056.4514551 Bacteria;Pseudomonadota;Alphaproteobacteria;Sphingomonadales;Sphingomonadaceae;Sphingobium;Sphingobium yanoikuyae
ST-10	99.318	440	2	1	3	442	312	750	0.0	795	CP023741.1484180.1485675 Bacteria;Pseudomonadota;Alphaproteobacteria;Sphingomonadales;Sphingomonadaceae;Sphingobium;Sphingobium yanoikuyae
ST-10	99.318	440	2	1	3	442	312	750	0.0	795	CP023741.2254673.2256168 Bacteria;Pseudomonadota;Alphaproteobacteria;Sphingomonadales;Sphingomonadaceae;Sphingobium;Sphingobium yanoikuyae
ST-10	99.318	440	2	1	3	442	312	750	0.0	795	CP023741.4400105.4401600 Bacteria;Pseudomonadota;Alphaproteobacteria;Sphingomonadales;Sphingomonadaceae;Sphingobium;Sphingobium yanoikuyae
ST-10	99.318	440	2	1	3	442	328	766	0.0	795	EU730987.1.1454 Bacteria;Pseudomonadota;Alphaproteobacteria;Sphingomonadales;Sphingomonadaceae;Sphingobium;uncultured bacterium
ST-10	99.318	440	2	1	3	442	253	691	0.0	795	EU704885.1.1240 Bacteria;Pseudomonadota;Alphaproteobacteria;Sphingomonadales;Sphingomonadaceae;Sphingobium;uncultured Sphingomonas sp.
ST-10	99.318	440	2	1	3	442	233	671	0.0	795	EU705724.1.1206 Bacteria;Pseudomonadota;Alphaproteobacteria;Sphingomonadales;Sphingomonadaceae;Novosphingobium;uncultured bacterium
ST-10	99.318	440	2	1	3	442	296	734	0.0	795	HM069066.1.1429 Bacteria;Pseudomonadota;Alphaproteobacteria;Sphingomonadales;Sphingomonadaceae;Sphingobium;uncultured bacterium
ST-10	99.318	440	2	1	3	442	304	742	0.0	795	KJ809401.1.1455 Bacteria;Pseudomonadota;Alphaproteobacteria;Sphingomonadales;Sphingomonadaceae;Sphingobium;uncultured bacterium
ST-10	99.318	440	2	1	3	442	304	742	0.0	795	KJ809409.1.1357 Bacteria;Pseudomonadota;Alphaproteobacteria;Sphingomonadales;Sphingomonadaceae;Sphingobium;uncultured bacterium
ST-10	99.318	440	2	1	3	442	282	720	0.0	795	AF181571.1.1438 Bacteria;Pseudomonadota;Alphaproteobacteria;Sphingomonadales;Sphingomonadaceae;Sphingobium;Sphingomonas sp. JRL-4
ST-10	99.318	440	2	1	3	442	275	713	0.0	795	MH394206.1.1207 Bacteria;Pseudomonadota;Alphaproteobacteria;Sphingomonadales;Sphingomonadaceae;Sphingobium;Sphingobium yanoikuyae
ST-10	99.318	440	2	1	3	442	263	701	0.0	795	KY596055.1.1333 Bacteria;Pseudomonadota;Alphaproteobacteria;Sphingomonadales;Sphingomonadaceae;Sphingobium;Sphingomonas sp.
ST-10	99.318	440	2	1	3	442	283	721	0.0	795	AB680787.1.1412 Bacteria;Pseudomonadota;Alphaproteobacteria;Sphingomonadales;Sphingomonadaceae;Sphingobium;Sphingobium yanoikuyae
ST-10	99.318	440	2	1	3	442	283	721	0.0	795	AB680769.1.1412 Bacteria;Pseudomonadota;Alphaproteobacteria;Sphingomonadales;Sphingomonadaceae;Sphingobium;Sphingobium yanoikuyae
ST-10	99.318	440	2	1	3	442	283	721	0.0	795	AB680786.1.1412 Bacteria;Pseudomonadota;Alphaproteobacteria;Sphingomonadales;Sphingomonadaceae;Sphingobium;Sphingobium yanoikuyae
ST-10	99.318	440	2	1	3	442	294	732	0.0	795	JF772521.1.1428 Bacteria;Pseudomonadota;Alphaproteobacteria;Sphingomonadales;Sphingomonadaceae;Sphingobium;Sphingobium sp. bB5(2011)
ST-10	99.318	440	2	1	3	442	247	685	0.0	795	JF459945.1.1356 Bacteria;Pseudomonadota;Alphaproteobacteria;Sphingomonadales;Sphingomonadaceae;Sphingobium;Sphingobium yanoikuyae
ST-10	99.318	440	2	1	3	442	267	705	0.0	795	EU183233.1.1410 Bacteria;Pseudomonadota;Alphaproteobacteria;Sphingomonadales;Sphingomonadaceae;Sphingobium;Sphingobium yanoikuyae
ST-10	99.318	440	2	1	3	442	277	715	0.0	795	KM871866.1.1393 Bacteria;Pseudomonadota;Alphaproteobacteria;Sphingomonadales;Sphingomonadaceae;Sphingobium;Sphingobium yanoikuyae
ST-10	99.318	440	2	1	3	442	292	730	0.0	795	MG818731.1.1418 Bacteria;Pseudomonadota;Alphaproteobacteria;Sphingomonadales;Sphingomonadaceae;Sphingobium;Sphingomonas sp.
ST-10	99.318	440	2	1	3	442	260	698	0.0	795	MG818745.1.1390 Bacteria;Pseudomonadota;Alphaproteobacteria;Sphingomonadales;Sphingomonadaceae;Sphingobium;Sphingomonas sp.
ST-10	99.318	440	2	1	3	442	290	728	0.0	795	MG818744.1.1419 Bacteria;Pseudomonadota;Alphaproteobacteria;Sphingomonadales;Sphingomonadaceae;Sphingobium;Sphingomonas sp.
ST-10	99.318	440	2	1	3	442	270	708	0.0	795	JQ928370.1.1382 Bacteria;Pseudomonadota;Alphaproteobacteria;Sphingomonadales;Sphingomonadaceae;Sphingobium;Sphingobium sp. P15
ST-10	99.318	440	2	1	3	442	283	721	0.0	795	GQ140325.1.1418 Bacteria;Pseudomonadota;Alphaproteobacteria;Sphingomonadales;Sphingomonadaceae;Sphingobium;Sphingobium yanoikuyae
ST-10	99.318	440	2	1	3	442	276	714	0.0	795	EU931555.1.1428 Bacteria;Pseudomonadota;Alphaproteobacteria;Sphingomonadales;Sphingomonadaceae;Sphingobium;Sphingomonas paucimobilis
ST-10	99.318	440	2	1	3	442	291	729	0.0	795	X94099.1.1436 Bacteria;Pseudomonadota;Alphaproteobacteria;Sphingomonadales;Sphingomonadaceae;Sphingobium;Sphingomonas sp.
ST-10	99.318	440	2	1	3	442	283	721	0.0	795	X87165.1.1442 Bacteria;Pseudomonadota;Alphaproteobacteria;Sphingomonadales;Sphingomonadaceae;Sphingobium;Sphingomonas sp.
ST-10	99.318	440	2	1	3	442	303	741	0.0	795	U37524.1.1430 Bacteria;Pseudomonadota;Alphaproteobacteria;Sphingomonadales;Sphingomonadaceae;Sphingobium;Sphingobium yanoikuyae
ST-10	99.318	440	2	1	3	442	277	715	0.0	795	JN082736.1.1398 Bacteria;Pseudomonadota;Alphaproteobacteria;Sphingomonadales;Sphingomonadaceae;Sphingobium;Sphingomonas sp. MN1
ST-10	99.091	440	3	1	3	442	304	742	0.0	789	JX945327.1.1452 Bacteria;Pseudomonadota;Alphaproteobacteria;Sphingomonadales;Sphingomonadaceae;Sphingobium;uncultured bacterium
ST-10	99.091	440	3	1	3	442	277	715	0.0	789	HM459845.1.1398 Bacteria;Pseudomonadota;Alphaproteobacteria;Sphingomonadales;Sphingomonadaceae;Sphingobium;Sphingomonas sp. enrichment culture clone CL-8
ST-10	99.091	440	3	1	3	442	253	691	0.0	789	EU705126.1.1240 Bacteria;Pseudomonadota;Alphaproteobacteria;Sphingomonadales;Sphingomonadaceae;Sphingobium;uncultured Sphingomonas sp.
ST-10	99.091	440	2	2	3	442	267	704	0.0	789	EU009209.1.1335 Bacteria;Pseudomonadota;Alphaproteobacteria;Sphingomonadales;Sphingomonadaceae;Sphingobium;Sphingobium scionense
ST-10	98.869	442	2	3	3	442	234	674	0.0	785	EU240418.1.1318 Bacteria;Pseudomonadota;Alphaproteobacteria;Sphingomonadales;Sphingomonadaceae;Sphingobium;Sphingobium yanoikuyae
ST-10	98.866	441	4	1	2	442	244	683	0.0	785	DQ885954.1.1333 Bacteria;Pseudomonadota;Alphaproteobacteria;Sphingomonadales;Sphingomonadaceae;Sphingobium;Sphingomonas sp. BSL8
ST-10	98.864	440	4	1	3	442	301	739	0.0	784	D13728.1.1415 Bacteria;Pseudomonadota;Alphaproteobacteria;Sphingomonadales;Sphingomonadaceae;Sphingobium;Sphingobium yanoikuyae
ST-10	98.864	440	4	1	3	442	312	750	0.0	784	CP020925.936984.938479 Bacteria;Pseudomonadota;Alphaproteobacteria;Sphingomonadales;Sphingomonadaceae;Sphingobium;Sphingobium yanoikuyae
ST-10	98.864	440	4	1	3	442	312	750	0.0	784	CP020925.2648034.2649529 Bacteria;Pseudomonadota;Alphaproteobacteria;Sphingomonadales;Sphingomonadaceae;Sphingobium;Sphingobium yanoikuyae
ST-10	98.864	440	4	1	3	442	312	750	0.0	784	CP020925.1049997.1051492 Bacteria;Pseudomonadota;Alphaproteobacteria;Sphingomonadales;Sphingomonadaceae;Sphingobium;Sphingobium yanoikuyae
ST-10	98.864	440	4	1	3	442	312	750	0.0	784	CP020925.3231421.3232916 Bacteria;Pseudomonadota;Alphaproteobacteria;Sphingomonadales;Sphingomonadaceae;Sphingobium;Sphingobium yanoikuyae
ST-10	98.864	440	4	1	3	442	300	738	0.0	784	JQ323134.1.1444 Bacteria;Pseudomonadota;Alphaproteobacteria;Sphingomonadales;Sphingomonadaceae;Sphingobium;uncultured Sphingomonas sp.
ST-10	98.864	440	4	1	3	442	279	717	0.0	784	KR021364.1.1401 Bacteria;Pseudomonadota;Alphaproteobacteria;Sphingomonadales;Sphingomonadaceae;Sphingobium;Sphingobium yanoikuyae
ST-10	98.864	440	4	1	3	442	247	685	0.0	784	DQ885953.1.1330 Bacteria;Pseudomonadota;Alphaproteobacteria;Sphingomonadales;Sphingomonadaceae;Sphingobium;Sphingomonas sp. BSL5
ST-10	98.864	440	4	1	3	442	252	690	0.0	784	KY643710.1.1350 Bacteria;Pseudomonadota;Alphaproteobacteria;Sphingomonadales;Sphingomonadaceae;Sphingobium;Sphingobium yanoikuyae
ST-10	98.864	440	4	1	3	442	273	711	0.0	784	JN082746.1.1400 Bacteria;Pseudomonadota;Alphaproteobacteria;Sphingomonadales;Sphingomonadaceae;Sphingobium;Sphingomonas sp. MN35
ST-10	98.636	440	5	1	3	442	264	702	0.0	780	MG818740.1.1391 Bacteria;Pseudomonadota;Alphaproteobacteria;Sphingomonadales;Sphingomonadaceae;Sphingobium;Sphingomonas sp.
ST-10	98.643	442	3	2	3	442	402	842	0.0	780	AB128872.1.1589 Bacteria;Pseudomonadota;Alphaproteobacteria;Sphingomonadales;Sphingomonadaceae;Sphingobium;uncultured bacterium
ST-10	98.636	440	5	1	3	442	303	741	0.0	778	FPLL01001347.11.1479 Bacteria;Pseudomonadota;Alphaproteobacteria;Sphingomonadales;Sphingomonadaceae;Sphingobium;metagenome
ST-10	98.409	440	5	2	3	442	284	721	0.0	778	D13946.1.1372 Bacteria;Pseudomonadota;Alphaproteobacteria;Sphingomonadales;Sphingomonadaceae;Sphingobium;Chromobacterium lividum
ST-10	98.636	440	5	1	3	442	291	729	0.0	778	MG818741.1.1418 Bacteria;Pseudomonadota;Alphaproteobacteria;Sphingomonadales;Sphingomonadaceae;Sphingobium;Sphingomonas sp.
ST-10	98.636	440	5	1	3	442	290	728	0.0	778	MG818732.1.1418 Bacteria;Pseudomonadota;Alphaproteobacteria;Sphingomonadales;Sphingomonadaceae;Sphingobium;Sphingomonas sp.
ST-10	98.409	440	5	2	3	442	300	737	0.0	776	FJ192238.1.1416 Bacteria;Pseudomonadota;Alphaproteobacteria;Sphingomonadales;Sphingomonadaceae;Sphingobium;uncultured Sphingobium sp.
ST-10	98.409	440	6	1	3	442	253	691	0.0	773	EU704946.1.1247 Bacteria;Pseudomonadota;Alphaproteobacteria;Sphingomonadales;Sphingomonadaceae;Sphingobium;uncultured Sphingomonas sp.
ST-10	98.409	440	6	1	3	442	282	720	0.0	773	AB426560.1.1386 Bacteria;Pseudomonadota;Alphaproteobacteria;Sphingomonadales;Sphingomonadaceae;Sphingobium;Sphingomonadaceae bacterium HINF002
ST-10	98.194	443	4	3	3	442	304	745	0.0	771	KJ809159.1.1462 Bacteria;Pseudomonadota;Alphaproteobacteria;Sphingomonadales;Sphingomonadaceae;Sphingobium;uncultured bacterium
ST-10	97.991	448	1	8	3	442	304	751	0.0	771	KJ809157.1.1466 Bacteria;Pseudomonadota;Alphaproteobacteria;Sphingomonadales;Sphingomonadaceae;Sphingobium;uncultured bacterium
ST-10	98.190	442	4	4	3	442	283	722	0.0	769	JF176962.1.1308 Bacteria;Pseudomonadota;Alphaproteobacteria;Sphingomonadales;Sphingomonadaceae;Sphingobium;uncultured bacterium
ST-10	98.186	441	7	1	2	442	261	700	0.0	769	JF775445.1.1370 Bacteria;Pseudomonadota;Alphaproteobacteria;Sphingomonadales;Sphingomonadaceae;Sphingobium;bacterium YCG12
ST-10	98.182	440	7	1	3	442	304	742	0.0	767	KF494513.1.1454 Bacteria;Pseudomonadota;Alphaproteobacteria;Sphingomonadales;Sphingomonadaceae;Rhizorhapis;uncultured bacterium
ST-10	98.182	440	7	1	3	442	303	741	0.0	767	EF363042.1.1482 Bacteria;Pseudomonadota;Alphaproteobacteria;Sphingomonadales;Sphingomonadaceae;Rhizorhapis;uncultured bacterium
ST-10	98.182	440	7	1	3	442	291	729	0.0	767	FJ711206.1.1428 Bacteria;Pseudomonadota;Alphaproteobacteria;Sphingomonadales;Sphingomonadaceae;Sphingobium;alpha proteobacterium KC-IT-H8
ST-10	98.182	440	7	1	3	442	302	740	0.0	767	JN591315.1.1439 Bacteria;Pseudomonadota;Alphaproteobacteria;Sphingomonadales;Sphingomonadaceae;Sphingobium;Sphingobium boeckii
ST-10	97.727	440	9	1	3	442	303	741	0.0	765	GU368370.1.1344 Bacteria;Pseudomonadota;Alphaproteobacteria;Sphingomonadales;Sphingomonadaceae;Sphingobium;Sphingomonas sp. JPPB A9
ST-10	98.182	440	3	5	3	442	280	714	0.0	763	AJ583165.1.1384 Bacteria;Pseudomonadota;Alphaproteobacteria;Sphingomonadales;Sphingomonadaceae;Sphingobium;uncultured Alphaproteobacteria bacterium
ST-10	97.964	442	6	3	3	442	304	744	0.0	763	KJ809350.1.1463 Bacteria;Pseudomonadota;Alphaproteobacteria;Sphingomonadales;Sphingomonadaceae;Sphingobium;uncultured bacterium
ST-10	98.182	440	2	5	3	442	283	716	0.0	763	AJ224940.1.1402 Bacteria;Pseudomonadota;Alphaproteobacteria;Sphingomonadales;Sphingomonadaceae;Sphingobium;Sphingomonas sp.
ST-10	97.955	440	8	1	3	442	303	741	0.0	761	FPLS01025741.17.1483 Bacteria;Pseudomonadota;Alphaproteobacteria;Sphingomonadales;Sphingomonadaceae;Sphingobium;metagenome
ST-10	97.727	440	6	4	3	442	270	705	0.0	761	FJ191702.1.1413 Bacteria;Pseudomonadota;Alphaproteobacteria;Sphingomonadales;Sphingomonadaceae;Sphingobium;uncultured Sphingobium sp.
ST-10	97.955	440	8	1	3	442	292	730	0.0	761	KY445652.1.1445 Bacteria;Pseudomonadota;Alphaproteobacteria;Sphingomonadales;Sphingomonadaceae;Sphingobium;Sphingobium sp.
ST-10	97.727	440	9	1	3	442	303	741	0.0	756	FPLS01062517.12.1480 Bacteria;Pseudomonadota;Alphaproteobacteria;Sphingomonadales;Sphingomonadaceae;Sphingobium;metagenome
ST-10	97.727	440	9	1	3	442	299	737	0.0	756	FM211709.1.1465 Bacteria;Pseudomonadota;Alphaproteobacteria;Sphingomonadales;Sphingomonadaceae;Sphingomonas;alpha proteobacterium J05
ST-10	97.727	440	9	1	3	442	303	741	0.0	756	AB257646.1.1479 Bacteria;Pseudomonadota;Alphaproteobacteria;Sphingomonadales;Sphingomonadaceae;Qipengyuania;uncultured Alphaproteobacteria bacterium
ST-10	97.309	446	5	7	3	442	304	748	0.0	752	KJ809466.1.1463 Bacteria;Pseudomonadota;Alphaproteobacteria;Sphingomonadales;Sphingomonadaceae;Sphingobium;uncultured bacterium
ST-10	97.315	447	4	8	3	442	304	749	0.0	752	KJ809143.1.1460 Bacteria;Pseudomonadota;Alphaproteobacteria;Sphingomonadales;Sphingomonadaceae;Sphingobium;uncultured bacterium
ST-10	97.500	440	10	1	3	442	292	730	0.0	750	AJVL01000072.4839.6206 Bacteria;Pseudomonadota;Alphaproteobacteria;Sphingomonadales;Sphingomonadaceae;Sphingobium;Sphingobium sp. AP49
ST-10	97.500	440	9	2	3	442	303	740	0.0	750	FPLS01011394.11.1478 Bacteria;Pseudomonadota;Alphaproteobacteria;Sphingomonadales;Sphingomonadaceae;Sphingobium;metagenome
ST-10	97.500	440	10	1	3	442	303	741	0.0	750	FPLS01055391.11.1477 Bacteria;Pseudomonadota;Alphaproteobacteria;Sphingomonadales;Sphingomonadaceae;Sphingobium;metagenome
ST-10	97.500	440	10	1	3	442	283	721	0.0	750	GQ115879.1.1308 Bacteria;Pseudomonadota;Alphaproteobacteria;Sphingomonadales;Sphingomonadaceae;Sphingobium;uncultured bacterium
ST-10	97.500	440	10	1	3	442	244	682	0.0	750	KJ191391.1.1333 Bacteria;Pseudomonadota;Alphaproteobacteria;Sphingomonadales;Sphingomonadaceae;Sphingobium;Sphingomonas sp. JD1
ST-10	97.105	449	3	10	3	442	275	722	0.0	749	MH058028.1.1487 Bacteria;Pseudomonadota;Alphaproteobacteria;Sphingomonadales;Sphingomonadaceae;Sphingobium;Sphingobium sp.
ST-10	97.273	440	11	1	3	442	307	745	0.0	745	FPLS01059414.21.1493 Bacteria;Pseudomonadota;Alphaproteobacteria;Sphingomonadales;Sphingomonadaceae;Sphingobium;metagenome
ST-10	97.273	440	11	1	3	442	303	741	0.0	745	JF417777.1.1450 Bacteria;Pseudomonadota;Alphaproteobacteria;Sphingomonadales;Sphingomonadaceae;Sphingobium;uncultured bacterium
ST-10	97.273	440	11	1	3	442	301	739	0.0	745	D13737.1.1415 Bacteria;Pseudomonadota;Alphaproteobacteria;Sphingomonadales;Sphingomonadaceae;Rhizorhapis;Rhizorhapis suberifaciens (corky root of lettuce)
ST-10	97.273	440	11	1	3	442	283	721	0.0	745	JF222435.1.1306 Bacteria;Pseudomonadota;Alphaproteobacteria;Sphingomonadales;Sphingomonadaceae;Sphingomonas;uncultured bacterium
ST-10	97.273	440	11	1	3	442	303	741	0.0	745	HM596217.1.1450 Bacteria;Pseudomonadota;Alphaproteobacteria;Sphingomonadales;Sphingomonadaceae;Sphingobium;uncultured soil bacterium
ST-10	97.273	440	11	1	3	442	311	749	0.0	745	CP026372.3933010.3934504 Bacteria;Pseudomonadota;Alphaproteobacteria;Sphingomonadales;Sphingomonadaceae;Sphingobium;Sphingobium sp. SCG-1
ST-10	97.273	440	11	1	3	442	283	721	0.0	745	JF136026.1.1308 Bacteria;Pseudomonadota;Alphaproteobacteria;Sphingomonadales;Sphingomonadaceae;Novosphingobium;uncultured bacterium
ST-10	97.273	440	11	1	3	442	311	749	0.0	745	CP026372.2774363.2775857 Bacteria;Pseudomonadota;Alphaproteobacteria;Sphingomonadales;Sphingomonadaceae;Sphingobium;Sphingobium sp. SCG-1
ST-10	97.273	440	10	2	3	442	265	702	0.0	745	HM438402.1.1441 Bacteria;Pseudomonadota;Alphaproteobacteria;Sphingomonadales;Sphingomonadaceae;Incertae Sedis;uncultured Sphingomonadaceae bacterium
ST-10	97.273	440	11	1	3	442	283	721	0.0	745	JN409122.1.1409 Bacteria;Pseudomonadota;Alphaproteobacteria;Sphingomonadales;Sphingomonadaceae;Incertae Sedis;uncultured Alphaproteobacteria bacterium
ST-10	97.273	440	11	1	3	442	292	730	0.0	745	DQ532238.1.1453 Bacteria;Pseudomonadota;Alphaproteobacteria;Sphingomonadales;Sphingomonadaceae;Qipengyuania;uncultured bacterium
ST-10	97.273	440	11	1	3	442	283	721	0.0	745	AY913360.1.1414 Bacteria;Pseudomonadota;Alphaproteobacteria;Sphingomonadales;Sphingomonadaceae;Incertae Sedis;uncultured forest soil bacterium
ST-10	97.273	440	11	1	3	442	265	703	0.0	745	JQ428561.1.1441 Bacteria;Pseudomonadota;Alphaproteobacteria;Sphingomonadales;Sphingomonadaceae;Tsuneonella;uncultured bacterium
ST-10	97.273	440	11	1	3	442	265	703	0.0	745	JQ428316.1.1439 Bacteria;Pseudomonadota;Alphaproteobacteria;Sphingomonadales;Sphingomonadaceae;Incertae Sedis;uncultured bacterium
ST-10	97.273	440	11	1	3	442	265	703	0.0	745	JQ427266.1.1439 Bacteria;Pseudomonadota;Alphaproteobacteria;Sphingomonadales;Sphingomonadaceae;Incertae Sedis;uncultured bacterium
ST-10	97.273	440	11	1	3	442	265	703	0.0	745	JQ426147.1.1443 Bacteria;Pseudomonadota;Alphaproteobacteria;Sphingomonadales;Sphingomonadaceae;Altererythrobacter;uncultured bacterium
ST-10	97.273	440	11	1	3	442	265	703	0.0	745	JQ427062.1.1445 Bacteria;Pseudomonadota;Alphaproteobacteria;Sphingomonadales;Sphingomonadaceae;Incertae Sedis;uncultured bacterium
ST-10	97.273	440	11	1	3	442	265	703	0.0	745	JQ426416.1.1443 Bacteria;Pseudomonadota;Alphaproteobacteria;Sphingomonadales;Sphingomonadaceae;Incertae Sedis;uncultured bacterium
ST-10	97.273	440	11	1	3	442	258	696	0.0	745	FN421879.1.1367 Bacteria;Pseudomonadota;Alphaproteobacteria;Sphingomonadales;Sphingomonadaceae;Sphingomonas;uncultured bacterium
ST-10	97.273	440	11	1	3	442	283	721	0.0	745	KX009024.1.1411 Bacteria;Pseudomonadota;Alphaproteobacteria;Sphingomonadales;Sphingomonadaceae;Altererythrobacter;Altererythrobacter sp. TEGR-12
ST-10	97.273	440	11	1	3	442	283	721	0.0	745	AB680813.1.1414 Bacteria;Pseudomonadota;Alphaproteobacteria;Sphingomonadales;Sphingomonadaceae;Rhizorhapis;Rhizorhapis suberifaciens (corky root of lettuce)
ST-10	97.273	440	11	1	3	442	283	721	0.0	745	AB680814.1.1414 Bacteria;Pseudomonadota;Alphaproteobacteria;Sphingomonadales;Sphingomonadaceae;Rhizorhapis;Rhizorhapis suberifaciens (corky root of lettuce)
ST-10	97.273	440	11	1	3	442	246	684	0.0	745	JF706522.1.1328 Bacteria;Pseudomonadota;Alphaproteobacteria;Sphingomonadales;Sphingomonadaceae;Sphingobium;Sphingobium sp. PDD-35b-9
ST-10	97.273	440	11	1	3	442	261	699	0.0	745	JF459959.1.1363 Bacteria;Pseudomonadota;Alphaproteobacteria;Sphingomonadales;Sphingomonadaceae;Sphingobium;Sphingobium amiense
ST-10	97.273	440	11	1	3	442	303	741	0.0	745	KF437561.1.1453 Bacteria;Pseudomonadota;Alphaproteobacteria;Sphingomonadales;Sphingomonadaceae;Rhizorhapis;Rhizorhapis suberifaciens NBRC 15211
ST-10	97.273	440	11	1	3	442	303	741	0.0	745	KF437575.1.1453 Bacteria;Pseudomonadota;Alphaproteobacteria;Sphingomonadales;Sphingomonadaceae;Sphingobium;Sphingobium sp. NL4
ST-10	97.273	440	11	1	3	442	265	703	0.0	745	AM942551.1.1270 Bacteria;Pseudomonadota;Alphaproteobacteria;Sphingomonadales;Sphingomonadaceae;Sphingobium;Sphingomonas sp. sph1
ST-10	97.273	440	11	1	3	442	274	712	0.0	745	KC455432.1.1396 Bacteria;Pseudomonadota;Alphaproteobacteria;Sphingomonadales;Sphingomonadaceae;Novosphingobium;Sphingomonas sp. WFR-69
ST-10	97.273	440	11	1	3	442	305	743	0.0	745	KJ940052.1.1462 Bacteria;Pseudomonadota;Alphaproteobacteria;Sphingomonadales;Sphingomonadaceae;Novosphingobium;Novosphingobium oryzae
ST-10	97.273	440	11	1	3	442	274	712	0.0	745	KU311004.1.1422 Bacteria;Pseudomonadota;Alphaproteobacteria;Sphingomonadales;Sphingomonadaceae;Tsuneonella;Altererythrobacter aerius
ST-10	97.273	440	11	1	3	442	281	719	0.0	745	AJ000918.1.1444 Bacteria;Pseudomonadota;Alphaproteobacteria;Sphingomonadales;Sphingomonadaceae;Rhizorhapis;Sphingomonas sp. K6
ST-10	97.500	440	2	9	3	442	288	718	0.0	743	AF494099.1.1421 Bacteria;Pseudomonadota;Alphaproteobacteria;Sphingomonadales;Sphingomonadaceae;Sphingobium;Sphingomonas sp. KMG425
ST-10	97.045	440	12	1	3	442	303	741	0.0	739	FPLS01050492.20.1484 Bacteria;Pseudomonadota;Alphaproteobacteria;Sphingomonadales;Sphingomonadaceae;Novosphingobium;metagenome
ST-10	97.045	440	12	1	3	442	303	741	0.0	739	FPLS01015440.8.1476 Bacteria;Pseudomonadota;Alphaproteobacteria;Sphingomonadales;Sphingomonadaceae;Novosphingobium;metagenome
ST-10	97.045	440	11	2	3	442	303	740	0.0	739	FPLS01048807.23.1490 Bacteria;Pseudomonadota;Alphaproteobacteria;Sphingomonadales;Sphingomonadaceae;Sphingobium;metagenome
ST-10	97.045	440	12	1	3	442	303	741	0.0	739	FPLS01005981.9.1477 Bacteria;Pseudomonadota;Alphaproteobacteria;Sphingomonadales;Sphingomonadaceae;Ellin6055;metagenome
ST-10	97.045	440	12	1	3	442	195	633	0.0	739	FPLL01007950.1.1361 Bacteria;Pseudomonadota;Alphaproteobacteria;Sphingomonadales;Sphingomonadaceae;Ellin6055;metagenome
ST-10	97.045	440	12	1	3	442	303	741	0.0	739	HQ010186.1.1251 Bacteria;Pseudomonadota;Alphaproteobacteria;Sphingomonadales;Sphingomonadaceae;Novosphingobium;uncultured Bacteroidetes bacterium
ST-10	97.045	440	12	1	3	442	302	740	0.0	739	JX441480.1.1449 Bacteria;Pseudomonadota;Alphaproteobacteria;Sphingomonadales;Sphingomonadaceae;Sphingobium;uncultured bacterium
ST-10	97.052	441	9	4	3	442	283	720	0.0	739	JF118734.1.1307 Bacteria;Pseudomonadota;Alphaproteobacteria;Sphingomonadales;Sphingomonadaceae;Sphingobium;uncultured bacterium
ST-10	97.045	440	12	1	3	442	265	703	0.0	739	HM438565.1.1391 Bacteria;Pseudomonadota;Alphaproteobacteria;Sphingomonadales;Sphingomonadaceae;Novosphingobium;uncultured Novosphingobium sp.
ST-10	97.045	440	11	2	3	442	265	702	0.0	739	HM438323.1.1442 Bacteria;Pseudomonadota;Alphaproteobacteria;Sphingomonadales;Sphingomonadaceae;Incertae Sedis;uncultured Sphingomonadaceae bacterium
ST-10	97.045	440	12	1	3	442	303	741	0.0	739	HQ856402.1.1450 Bacteria;Pseudomonadota;Alphaproteobacteria;Sphingomonadales;Sphingomonadaceae;Blastomonas;uncultured bacterium
ST-10	97.045	440	12	1	3	442	303	741	0.0	739	HQ856401.1.1448 Bacteria;Pseudomonadota;Alphaproteobacteria;Sphingomonadales;Sphingomonadaceae;Blastomonas;uncultured bacterium
ST-10	97.045	440	12	1	3	442	304	742	0.0	739	MF314790.1.1454 Bacteria;Pseudomonadota;Alphaproteobacteria;Sphingomonadales;Sphingomonadaceae;Tsuneonella;uncultured bacterium
ST-10	97.045	440	12	1	3	442	303	741	0.0	739	HQ682022.1.1451 Bacteria;Pseudomonadota;Alphaproteobacteria;Sphingomonadales;Sphingomonadaceae;Sphingobium;uncultured bacterium
ST-10	97.045	440	12	1	3	442	309	747	0.0	739	CP020083.1172265.1173759 Bacteria;Pseudomonadota;Alphaproteobacteria;Sphingomonadales;Sphingomonadaceae;Blastomonas;Blastomonas fulva
ST-10	97.045	440	12	1	3	442	302	740	0.0	739	AY922004.1.1344 Bacteria;Pseudomonadota;Alphaproteobacteria;Sphingomonadales;Sphingomonadaceae;Novosphingobium;uncultured Alphaproteobacteria bacterium
ST-10	97.045	440	12	1	3	442	309	747	0.0	739	CP020083.1394900.1396394 Bacteria;Pseudomonadota;Alphaproteobacteria;Sphingomonadales;Sphingomonadaceae;Blastomonas;Blastomonas fulva
ST-10	97.045	440	12	1	3	442	303	741	0.0	739	JQ404430.1.1451 Bacteria;Pseudomonadota;Alphaproteobacteria;Sphingomonadales;Sphingomonadaceae;Incertae Sedis;uncultured Alphaproteobacteria bacterium
ST-10	97.045	440	12	1	3	442	265	703	0.0	739	JQ426426.1.1445 Bacteria;Pseudomonadota;Alphaproteobacteria;Sphingomonadales;Sphingomonadaceae;Incertae Sedis;uncultured bacterium
ST-10	97.045	440	12	1	3	442	283	721	0.0	739	LN875362.1.1409 Bacteria;Pseudomonadota;Alphaproteobacteria;Sphingomonadales;Sphingomonadaceae;Sphingobium;uncultured bacterium
ST-10	97.045	440	12	1	3	442	302	740	0.0	739	CP016460.3086814.3088288 Bacteria;Pseudomonadota;Alphaproteobacteria;Sphingomonadales;Sphingomonadaceae;Blastomonas;Blastomonas sp. RAC04
ST-10	97.045	440	12	1	3	442	303	741	0.0	739	CP016460.3313199.3314675 Bacteria;Pseudomonadota;Alphaproteobacteria;Sphingomonadales;Sphingomonadaceae;Blastomonas;Blastomonas sp. RAC04
ST-10	97.045	440	12	1	3	442	283	721	0.0	739	AB930691.1.1411 Bacteria;Pseudomonadota;Alphaproteobacteria;Sphingomonadales;Sphingomonadaceae;Sphingobium;uncultured bacterium
ST-10	97.045	440	12	1	3	442	249	687	0.0	739	KX148519.1.1418 Bacteria;Pseudomonadota;Alphaproteobacteria;Sphingomonadales;Sphingomonadaceae;Blastomonas;Sphingomonas sp. NM4.18
ST-10	97.045	440	12	1	3	442	227	665	0.0	739	HE602863.1.1338 Bacteria;Pseudomonadota;Alphaproteobacteria;Sphingomonadales;Sphingomonadaceae;Incertae Sedis;uncultured bacterium
ST-10	97.045	440	12	1	3	442	307	745	0.0	739	AP018664.3556051.3557536 Bacteria;Pseudomonadota;Alphaproteobacteria;Sphingomonadales;Sphingomonadaceae;Sphingobium;Sphingobium amiense
ST-10	97.045	440	12	1	3	442	307	745	0.0	739	HQ118415.1.1458 Bacteria;Pseudomonadota;Alphaproteobacteria;Sphingomonadales;Sphingomonadaceae;Novosphingobium;uncultured bacterium
ST-10	97.045	440	12	1	3	442	307	745	0.0	739	AP018664.3389467.3390952 Bacteria;Pseudomonadota;Alphaproteobacteria;Sphingomonadales;Sphingomonadaceae;Sphingobium;Sphingobium amiense
ST-10	97.045	440	12	1	3	442	283	721	0.0	739	AB681852.1.1414 Bacteria;Pseudomonadota;Alphaproteobacteria;Sphingomonadales;Sphingomonadaceae;Sphingobium;Sphingobium amiense
ST-10	97.045	440	12	1	3	442	289	727	0.0	739	LT627669.1.1446 Bacteria;Pseudomonadota;Alphaproteobacteria;Sphingomonadales;Sphingomonadaceae;Novosphingobium;Novosphingobium sp. FSY-9
ST-10	97.045	440	12	1	3	442	277	715	0.0	739	KJ528316.1.1392 Bacteria;Pseudomonadota;Alphaproteobacteria;Sphingomonadales;Sphingomonadaceae;Blastomonas;Blastomonas aquatica
ST-10	97.045	440	12	1	3	442	253	691	0.0	739	HQ231933.1.1408 Bacteria;Pseudomonadota;Alphaproteobacteria;Sphingomonadales;Sphingomonadaceae;Sphingobium;Sphingomonas sp. CY2N4
ST-10	97.045	440	12	1	3	442	280	718	0.0	739	KM253206.1.1406 Bacteria;Pseudomonadota;Alphaproteobacteria;Sphingomonadales;Sphingomonadaceae;Sphingobium;Sphingobium sp. UR 2-10
ST-10	97.045	440	12	1	3	442	303	741	0.0	739	LC101917.1.1481 Bacteria;Pseudomonadota;Alphaproteobacteria;Sphingomonadales;Sphingomonadaceae;Sphingobium;Sphingomonas sp. N-9
ST-10	97.045	440	12	1	3	442	275	713	0.0	739	AB047364.8.1448 Bacteria;Pseudomonadota;Alphaproteobacteria;Sphingomonadales;Sphingomonadaceae;Sphingobium;Sphingobium amiense
ST-10	97.045	440	12	1	3	442	230	668	0.0	739	EU400649.1.1314 Bacteria;Pseudomonadota;Alphaproteobacteria;Sphingomonadales;Sphingomonadaceae;Sphingomonas;Sphingomonas sp. LBS8
ST-10	97.045	440	12	1	3	442	303	741	0.0	739	AJ427917.1.1435 Bacteria;Pseudomonadota;Alphaproteobacteria;Sphingomonadales;Sphingomonadaceae;Sphingobium;Sphingomonas sp. JS1
ST-10	97.045	440	12	1	3	442	283	721	0.0	739	AJ009708.1.1446 Bacteria;Pseudomonadota;Alphaproteobacteria;Sphingomonadales;Sphingomonadaceae;Sphingobium;Sphingobium sp. K40
ST-10	96.136	440	16	1	3	442	298	736	0.0	736	FJ191787.1.1392 Bacteria;Pseudomonadota;Alphaproteobacteria;Sphingomonadales;Sphingomonadaceae;Sphingobium;uncultured Sphingobium sp.
ST-10	96.833	442	11	3	3	442	283	723	0.0	736	GQ108201.1.1310 Bacteria;Pseudomonadota;Alphaproteobacteria;Sphingomonadales;Sphingomonadaceae;Sphingobium;uncultured bacterium
ST-10	96.818	440	13	1	3	442	302	740	0.0	736	EU341285.1.1456 Bacteria;Pseudomonadota;Alphaproteobacteria;Sphingomonadales;Sphingomonadaceae;Qipengyuania;uncultured Agrobacterium sp.
ST-10	97.045	440	8	5	3	442	303	737	0.0	736	KJ590022.1.1436 Bacteria;Pseudomonadota;Alphaproteobacteria;Sphingomonadales;Sphingomonadaceae;Sphingobium;uncultured Sphingobium sp.
ST-10	96.818	440	13	1	3	442	303	741	0.0	734	FPLS01034245.12.1478 Bacteria;Pseudomonadota;Alphaproteobacteria;Sphingomonadales;Sphingomonadaceae;Ellin6055;metagenome
ST-10	96.818	440	13	1	3	442	303	741	0.0	734	FPLS01032957.77.1524 Bacteria;Pseudomonadota;Alphaproteobacteria;Sphingomonadales;Sphingomonadaceae;Incertae Sedis;metagenome
ST-10	96.818	440	13	1	3	442	303	741	0.0	734	FPLS01001187.12.1480 Bacteria;Pseudomonadota;Alphaproteobacteria;Sphingomonadales;Sphingomonadaceae;Incertae Sedis;metagenome
ST-10	96.818	440	13	1	3	442	303	741	0.0	734	FPLS01011072.15.1479 Bacteria;Pseudomonadota;Alphaproteobacteria;Sphingomonadales;Sphingomonadaceae;Novosphingobium;metagenome
ST-10	96.818	440	13	1	3	442	303	741	0.0	734	FPLS01052488.16.1484 Bacteria;Pseudomonadota;Alphaproteobacteria;Sphingomonadales;Sphingomonadaceae;Ellin6055;metagenome
ST-10	96.818	440	13	1	3	442	283	721	0.0	734	JF319281.1.1411 Bacteria;Pseudomonadota;Alphaproteobacteria;Sphingomonadales;Sphingomonadaceae;Incertae Sedis;uncultured Alphaproteobacteria bacterium
ST-10	96.818	440	13	1	3	442	183	621	0.0	734	JF275024.1.1217 Bacteria;Pseudomonadota;Alphaproteobacteria;Sphingomonadales;Sphingomonadaceae;Novosphingobium;uncultured Sphingomonadaceae bacterium
ST-10	96.818	440	13	1	3	442	282	720	0.0	734	JX878983.1.1408 Bacteria;Pseudomonadota;Alphaproteobacteria;Sphingomonadales;Sphingomonadaceae;Sphingobium;uncultured bacterium
ST-10	96.818	440	13	1	3	442	303	741	0.0	734	JN868800.1.1477 Bacteria;Pseudomonadota;Alphaproteobacteria;Sphingomonadales;Sphingomonadaceae;Novosphingobium;uncultured bacterium
ST-10	96.818	440	13	1	3	442	303	741	0.0	734	KF712699.1.1452 Bacteria;Pseudomonadota;Alphaproteobacteria;Sphingomonadales;Sphingomonadaceae;Parablastomonas;uncultured bacterium
ST-10	96.818	440	13	1	3	442	283	721	0.0	734	JF096677.1.1308 Bacteria;Pseudomonadota;Alphaproteobacteria;Sphingomonadales;Sphingomonadaceae;Incertae Sedis;uncultured bacterium
ST-10	96.599	441	10	5	3	442	268	704	0.0	734	FJ191483.1.1412 Bacteria;Pseudomonadota;Alphaproteobacteria;Sphingomonadales;Sphingomonadaceae;Sphingobium;uncultured Sphingobium sp.
ST-10	96.818	440	13	1	3	442	303	741	0.0	734	KF494547.1.1454 Bacteria;Pseudomonadota;Alphaproteobacteria;Sphingomonadales;Sphingomonadaceae;Incertae Sedis;uncultured bacterium
ST-10	96.818	440	13	1	3	442	265	703	0.0	734	HM438608.1.1442 Bacteria;Pseudomonadota;Alphaproteobacteria;Sphingomonadales;Sphingomonadaceae;Incertae Sedis;uncultured Sphingomonas sp.
ST-10	96.818	440	13	1	3	442	303	741	0.0	734	KU961707.1.1451 Bacteria;Pseudomonadota;Alphaproteobacteria;Sphingomonadales;Sphingomonadaceae;Altererythrobacter;uncultured Altererythrobacter sp.
ST-10	96.818	440	12	2	3	442	265	702	0.0	734	HM438329.1.1439 Bacteria;Pseudomonadota;Alphaproteobacteria;Sphingomonadales;Sphingomonadaceae;Novosphingobium;uncultured Sphingomonadaceae bacterium
ST-10	96.818	440	13	1	3	442	306	744	0.0	734	KF037485.1.1452 Bacteria;Pseudomonadota;Alphaproteobacteria;Sphingomonadales;Sphingomonadaceae;Novosphingobium;uncultured bacterium
ST-10	96.818	440	13	1	3	442	306	744	0.0	734	KF037442.1.1454 Bacteria;Pseudomonadota;Alphaproteobacteria;Sphingomonadales;Sphingomonadaceae;Incertae Sedis;uncultured bacterium
ST-10	96.818	440	13	1	3	442	306	744	0.0	734	KF037322.1.1456 Bacteria;Pseudomonadota;Alphaproteobacteria;Sphingomonadales;Sphingomonadaceae;Ellin6055;uncultured bacterium
ST-10	96.818	440	13	1	3	442	283	721	0.0	734	HM274615.1.1308 Bacteria;Pseudomonadota;Alphaproteobacteria;Sphingomonadales;Sphingomonadaceae;Incertae Sedis;uncultured bacterium
ST-10	96.818	440	13	1	3	442	304	742	0.0	734	DQ248230.1.1452 Bacteria;Pseudomonadota;Alphaproteobacteria;Sphingomonadales;Sphingomonadaceae;Incertae Sedis;uncultured soil bacterium
ST-10	96.818	440	13	1	3	442	283	721	0.0	734	HM270401.1.1308 Bacteria;Pseudomonadota;Alphaproteobacteria;Sphingomonadales;Sphingomonadaceae;Altererythrobacter;uncultured bacterium
ST-10	96.818	440	13	1	3	442	303	741	0.0	734	JQ769975.1.1450 Bacteria;Pseudomonadota;Alphaproteobacteria;Sphingomonadales;Sphingomonadaceae;Qipengyuania;uncultured bacterium
ST-10	96.818	440	13	1	3	442	304	742	0.0	734	JQ769976.1.1450 Bacteria;Pseudomonadota;Alphaproteobacteria;Sphingomonadales;Sphingomonadaceae;Qipengyuania;uncultured bacterium
ST-10	96.818	440	13	1	3	442	265	703	0.0	734	JN023796.1.1441 Bacteria;Pseudomonadota;Alphaproteobacteria;Sphingomonadales;Sphingomonadaceae;Novosphingobium;uncultured bacterium
ST-10	96.818	440	13	1	3	442	265	703	0.0	734	JN023659.1.1443 Bacteria;Pseudomonadota;Alphaproteobacteria;Sphingomonadales;Sphingomonadaceae;Sphingomonas;uncultured bacterium
ST-10	96.818	440	13	1	3	442	265	703	0.0	734	JN023989.1.1439 Bacteria;Pseudomonadota;Alphaproteobacteria;Sphingomonadales;Sphingomonadaceae;Ellin6055;uncultured bacterium
ST-10	96.818	440	13	1	3	442	280	718	0.0	734	HM127167.1.1409 Bacteria;Pseudomonadota;Alphaproteobacteria;Sphingomonadales;Sphingomonadaceae;Sphingobium;uncultured bacterium
ST-10	96.818	440	13	1	3	442	303	741	0.0	734	JF697448.1.1452 Bacteria;Pseudomonadota;Alphaproteobacteria;Sphingomonadales;Sphingomonadaceae;Sphingobium;uncultured bacterium
ST-10	96.818	440	13	1	3	442	265	703	0.0	734	JQ427130.1.1442 Bacteria;Pseudomonadota;Alphaproteobacteria;Sphingomonadales;Sphingomonadaceae;Ellin6055;uncultured bacterium
ST-10	96.818	440	13	1	3	442	265	703	0.0	734	JQ428438.1.1443 Bacteria;Pseudomonadota;Alphaproteobacteria;Sphingomonadales;Sphingomonadaceae;Ellin6055;uncultured bacterium
ST-10	96.818	440	13	1	3	442	303	741	0.0	734	CP016591.2980516.2981992 Bacteria;Pseudomonadota;Alphaproteobacteria;Sphingomonadales;Sphingomonadaceae;Tsuneonella;Altererythrobacter dongtanensis
ST-10	96.818	440	13	1	3	442	283	721	0.0	734	EF540379.1.1411 Bacteria;Pseudomonadota;Alphaproteobacteria;Sphingomonadales;Sphingomonadaceae;Incertae Sedis;uncultured soil bacterium
ST-10	96.818	440	13	1	3	442	283	721	0.0	734	MK121890.1.1411 Bacteria;Pseudomonadota;Alphaproteobacteria;Sphingomonadales;Sphingomonadaceae;Alteriqipengyuania;Erythrobacter sp. KEM-5
ST-10	96.460	452	3	12	3	442	304	754	0.0	734	KJ809402.1.1466 Bacteria;Pseudomonadota;Alphaproteobacteria;Sphingomonadales;Sphingomonadaceae;Sphingobium;uncultured bacterium
ST-10	96.818	440	13	1	3	442	303	741	0.0	734	AY162055.1.1345 Bacteria;Pseudomonadota;Alphaproteobacteria;Sphingomonadales;Sphingomonadaceae;Sphingobium;alpha proteobacterium PI_GH4.1.H5
ST-10	96.818	440	13	1	3	442	252	690	0.0	734	AY026948.1.1430 Bacteria;Pseudomonadota;Alphaproteobacteria;Sphingomonadales;Sphingomonadaceae;Sphingobium;Sphingomonas sp. ML1
ST-10	96.818	440	13	1	3	442	308	746	0.0	734	HQ121059.1.1462 Bacteria;Pseudomonadota;Alphaproteobacteria;Sphingomonadales;Sphingomonadaceae;Incertae Sedis;uncultured bacterium
ST-10	96.818	440	13	1	3	442	303	741	0.0	734	HQ132433.1.1448 Bacteria;Pseudomonadota;Alphaproteobacteria;Sphingomonadales;Sphingomonadaceae;Qipengyuania;uncultured Alphaproteobacteria bacterium
ST-10	96.818	440	13	1	3	442	277	715	0.0	734	AY676115.1.1389 Bacteria;Pseudomonadota;Alphaproteobacteria;Sphingomonadales;Sphingomonadaceae;Tsuneonella;Altererythrobacter troitsensis
ST-10	96.818	440	13	1	3	442	291	729	0.0	734	KT885190.1.1417 Bacteria;Pseudomonadota;Alphaproteobacteria;Sphingomonadales;Sphingomonadaceae;Novosphingobium;Novosphingobium lotistagni
ST-10	96.818	440	13	1	3	442	262	700	0.0	734	JF958134.1.1363 Bacteria;Pseudomonadota;Alphaproteobacteria;Sphingomonadales;Sphingomonadaceae;Novosphingobium;Novosphingobium sp. JSC-P2-623-2
ST-10	96.818	440	13	1	3	442	303	741	0.0	734	JF922306.1.1446 Bacteria;Pseudomonadota;Alphaproteobacteria;Sphingomonadales;Sphingomonadaceae;Sphingomonas;Sphingomonas sp. JS8(2011)
ST-10	96.818	440	13	1	3	442	294	732	0.0	734	KP997219.1.1427 Bacteria;Pseudomonadota;Alphaproteobacteria;Sphingomonadales;Sphingomonadaceae;Altererythrobacter;Altererythrobacter rigui
ST-10	96.818	440	13	1	3	442	283	721	0.0	734	KF551123.1.1411 Bacteria;Pseudomonadota;Alphaproteobacteria;Sphingomonadales;Sphingomonadaceae;Sphingobium;Sphingobium endophyticum
ST-10	96.818	440	13	1	3	442	307	745	0.0	734	KP721487.1.1492 Bacteria;Pseudomonadota;Alphaproteobacteria;Sphingomonadales;Sphingomonadaceae;Novosphingobium;Novosphingobium endophyticum
ST-10	96.818	440	13	1	3	442	291	729	0.0	734	AB245348.1.1434 Bacteria;Pseudomonadota;Alphaproteobacteria;Sphingomonadales;Sphingomonadaceae;Incertae Sedis;Sphingomonadaceae bacterium Gsoil 690
ST-10	96.818	440	13	1	3	442	282	720	0.0	734	MH041150.1.1313 Bacteria;Pseudomonadota;Alphaproteobacteria;Sphingomonadales;Sphingomonadaceae;Incertae Sedis;uncultured bacterium
ST-10	96.818	440	13	1	3	442	282	720	0.0	734	MH041031.1.1311 Bacteria;Pseudomonadota;Alphaproteobacteria;Sphingomonadales;Sphingomonadaceae;Qipengyuania;uncultured bacterium
ST-10	96.818	440	13	1	3	442	291	729	0.0	734	GU166344.1.1436 Bacteria;Pseudomonadota;Alphaproteobacteria;Sphingomonadales;Sphingomonadaceae;Tsuneonella;Altererythrobacter dongtanensis
ST-10	96.818	440	13	1	3	442	280	718	0.0	734	KM253009.1.1360 Bacteria;Pseudomonadota;Alphaproteobacteria;Sphingomonadales;Sphingomonadaceae;Novosphingobium;Novosphingobium sp. DR 3-11
ST-10	96.818	440	13	1	3	442	262	700	0.0	734	JQ977102.1.1371 Bacteria;Pseudomonadota;Alphaproteobacteria;Sphingomonadales;Sphingomonadaceae;Sphingomonas;Sphingomonas sp. Cra17
ST-10	96.818	440	13	1	3	442	312	750	0.0	734	CP013264.787306.788800 Bacteria;Pseudomonadota;Alphaproteobacteria;Sphingomonadales;Sphingomonadaceae;Sphingobium;Sphingobium baderi
ST-10	96.818	440	13	1	3	442	312	750	0.0	734	CP013264.1378686.1380180 Bacteria;Pseudomonadota;Alphaproteobacteria;Sphingomonadales;Sphingomonadaceae;Sphingobium;Sphingobium baderi
ST-10	96.818	440	13	1	3	442	265	703	0.0	734	JX983164.1.1307 Bacteria;Pseudomonadota;Alphaproteobacteria;Sphingomonadales;Sphingomonadaceae;Sphingobium;Sphingomonas sp. TMW1
ST-10	96.818	440	13	1	3	442	255	693	0.0	734	JN244985.1.1389 Bacteria;Pseudomonadota;Alphaproteobacteria;Sphingomonadales;Sphingomonadaceae;Qipengyuania;Erythrobacter sp. DHXJ15
ST-10	96.818	440	11	3	3	442	284	720	0.0	732	GQ052642.1.1307 Bacteria;Pseudomonadota;Alphaproteobacteria;Sphingomonadales;Sphingomonadaceae;Sphingobium;uncultured bacterium
ST-10	96.614	443	11	4	3	442	102	543	0.0	732	EU341137.1.1240 Bacteria;Pseudomonadota;Alphaproteobacteria;Sphingomonadales;Sphingomonadaceae;Altererythrobacter;uncultured Erythrobacter sp.
ST-10	96.444	450	5	11	3	442	304	752	0.0	732	KJ809163.1.1463 Bacteria;Pseudomonadota;Alphaproteobacteria;Sphingomonadales;Sphingomonadaceae;Sphingobium;uncultured bacterium
ST-10	96.614	443	11	4	3	442	300	741	0.0	732	KJ734993.1.1452 Bacteria;Pseudomonadota;Alphaproteobacteria;Sphingomonadales;Sphingomonadaceae;Qipengyuania;Qipengyuania sediminis
ST-10	96.599	441	13	2	3	442	302	741	0.0	730	DQ450761.1.1345 Bacteria;Pseudomonadota;Alphaproteobacteria;Sphingomonadales;Sphingomonadaceae;Novosphingobium;uncultured Alphaproteobacteria bacterium
ST-10	96.606	442	12	3	3	442	265	705	0.0	730	JQ425981.1.1445 Bacteria;Pseudomonadota;Alphaproteobacteria;Sphingomonadales;Sphingomonadaceae;Rhizorhapis;uncultured bacterium
ST-10	96.599	441	13	2	3	442	265	704	0.0	730	JQ427502.1.1446 Bacteria;Pseudomonadota;Alphaproteobacteria;Sphingomonadales;Sphingomonadaceae;Qipengyuania;uncultured bacterium
ST-10	96.599	441	13	2	3	442	283	722	0.0	730	LN568285.1.1322 Bacteria;Pseudomonadota;Alphaproteobacteria;Sphingomonadales;Sphingomonadaceae;Sphingobium;uncultured bacterium
ST-10	96.591	440	14	1	3	442	303	741	0.0	728	FPLS01058419.13.1481 Bacteria;Pseudomonadota;Alphaproteobacteria;Sphingomonadales;Sphingomonadaceae;Incertae Sedis;metagenome
ST-10	96.591	440	14	1	3	442	303	741	0.0	728	FPLL01001264.6.1447 Bacteria;Pseudomonadota;Alphaproteobacteria;Sphingomonadales;Sphingomonadaceae;Ellin6055;metagenome
ST-10	96.591	440	14	1	3	442	303	741	0.0	728	FPLS01035229.11.1479 Bacteria;Pseudomonadota;Alphaproteobacteria;Sphingomonadales;Sphingomonadaceae;Ellin6055;metagenome
ST-10	96.591	440	14	1	3	442	303	741	0.0	728	FPLS01002836.14.1480 Bacteria;Pseudomonadota;Alphaproteobacteria;Sphingomonadales;Sphingomonadaceae;Sphingobium;metagenome
ST-10	96.591	440	14	1	3	442	302	740	0.0	728	FPLL01006251.9.1474 Bacteria;Pseudomonadota;Alphaproteobacteria;Sphingomonadales;Sphingomonadaceae;Novosphingobium;metagenome
ST-10	96.591	440	14	1	3	442	312	750	0.0	728	LMKV01000011.45080.46574 Bacteria;Pseudomonadota;Alphaproteobacteria;Sphingomonadales;Sphingomonadaceae;Sphingobium;Sphingobium sp. Leaf26
ST-10	96.591	440	14	1	3	442	303	741	0.0	728	FPLS01022527.20.1488 Bacteria;Pseudomonadota;Alphaproteobacteria;Sphingomonadales;Sphingomonadaceae;Ellin6055;metagenome
ST-10	96.591	440	14	1	3	442	305	743	0.0	728	JF417853.1.1452 Bacteria;Pseudomonadota;Alphaproteobacteria;Sphingomonadales;Sphingomonadaceae;Incertae Sedis;uncultured bacterium
ST-10	96.599	441	12	3	3	442	283	721	0.0	728	HM813191.1.1308 Bacteria;Pseudomonadota;Alphaproteobacteria;Sphingomonadales;Sphingomonadaceae;Sphingobium;uncultured bacterium
ST-10	96.591	440	14	1	3	442	302	740	0.0	728	FJ674974.1.1343 Bacteria;Pseudomonadota;Alphaproteobacteria;Sphingomonadales;Sphingomonadaceae;Incertae Sedis;uncultured bacterium
ST-10	96.591	440	14	1	3	442	303	741	0.0	728	KY609391.1.1448 Bacteria;Pseudomonadota;Alphaproteobacteria;Sphingomonadales;Sphingomonadaceae;Tsuneonella;uncultured bacterium
ST-10	96.591	440	14	1	3	442	285	723	0.0	728	JF231895.1.1308 Bacteria;Pseudomonadota;Alphaproteobacteria;Sphingomonadales;Sphingomonadaceae;Novosphingobium;uncultured bacterium
ST-10	96.591	440	14	1	3	442	283	721	0.0	728	JF217280.1.1306 Bacteria;Pseudomonadota;Alphaproteobacteria;Sphingomonadales;Sphingomonadaceae;Sphingomonas;uncultured bacterium
ST-10	96.591	440	14	1	3	442	283	721	0.0	728	JF231402.1.1304 Bacteria;Pseudomonadota;Alphaproteobacteria;Sphingomonadales;Sphingomonadaceae;Novosphingobium;uncultured bacterium
ST-10	96.591	440	14	1	3	442	303	741	0.0	728	FJ444668.1.1448 Bacteria;Pseudomonadota;Alphaproteobacteria;Sphingomonadales;Sphingomonadaceae;Novosphingobium;uncultured Novosphingobium sp.
ST-10	96.591	440	14	1	3	442	303	741	0.0	728	JN868831.1.1479 Bacteria;Pseudomonadota;Alphaproteobacteria;Sphingomonadales;Sphingomonadaceae;Blastomonas;uncultured bacterium
ST-10	96.591	440	14	1	3	442	172	610	0.0	728	JX568501.1.1209 Bacteria;Pseudomonadota;Alphaproteobacteria;Sphingomonadales;Sphingomonadaceae;Sphingomonas;uncultured Sphingomonas sp.
ST-10	96.591	440	14	1	3	442	283	721	0.0	728	JF177292.1.1308 Bacteria;Pseudomonadota;Alphaproteobacteria;Sphingomonadales;Sphingomonadaceae;Ellin6055;uncultured bacterium
ST-10	96.591	440	14	1	3	442	303	741	0.0	728	KJ191887.1.1452 Bacteria;Pseudomonadota;Alphaproteobacteria;Sphingomonadales;Sphingomonadaceae;Novosphingobium;uncultured Novosphingobium sp.
ST-10	96.591	440	14	1	3	442	283	721	0.0	728	KF557603.1.1409 Bacteria;Pseudomonadota;Alphaproteobacteria;Sphingomonadales;Sphingomonadaceae;Sphingomonas;uncultured bacterium
ST-10	96.591	440	14	1	3	442	268	706	0.0	728	GQ129861.1.1421 Bacteria;Pseudomonadota;Alphaproteobacteria;Sphingomonadales;Sphingomonadaceae;Sphingomonas;uncultured Sphingomonas sp.
ST-10	96.591	440	14	1	3	442	283	721	0.0	728	GQ111232.1.1308 Bacteria;Pseudomonadota;Alphaproteobacteria;Sphingomonadales;Sphingomonadaceae;Sphingobium;uncultured bacterium
ST-10	96.591	440	14	1	3	442	303	741	0.0	728	KT342858.15110.16584 Bacteria;Pseudomonadota;Alphaproteobacteria;Sphingomonadales;Sphingomonadaceae;Novosphingobium;uncultured bacterium 5H7
ST-10	96.591	440	14	1	3	442	286	724	0.0	728	GQ097624.1.1309 Bacteria;Pseudomonadota;Alphaproteobacteria;Sphingomonadales;Sphingomonadaceae;Sphingomonas;uncultured bacterium
ST-10	96.591	440	14	1	3	442	283	721	0.0	728	GQ093148.1.1308 Bacteria;Pseudomonadota;Alphaproteobacteria;Sphingomonadales;Sphingomonadaceae;Sphingobium;uncultured bacterium
ST-10	96.591	440	14	1	3	442	283	721	0.0	728	HM323285.1.1306 Bacteria;Pseudomonadota;Alphaproteobacteria;Sphingomonadales;Sphingomonadaceae;Sphingomonas;uncultured bacterium
ST-10	96.591	440	14	1	3	442	252	690	0.0	728	EU704986.1.1239 Bacteria;Pseudomonadota;Alphaproteobacteria;Sphingomonadales;Sphingomonadaceae;Sphingobium;uncultured Sphingobium sp.
ST-10	96.591	440	14	1	3	442	303	741	0.0	728	EU753665.1.1448 Bacteria;Pseudomonadota;Alphaproteobacteria;Sphingomonadales;Sphingomonadaceae;Sphingomonas;uncultured Alphaproteobacteria bacterium
ST-10	96.591	440	14	1	3	442	303	741	0.0	728	JX222835.1.1448 Bacteria;Pseudomonadota;Alphaproteobacteria;Sphingomonadales;Sphingomonadaceae;Blastomonas;uncultured bacterium
ST-10	96.591	440	14	1	3	442	307	745	0.0	728	EU644200.1.1409 Bacteria;Pseudomonadota;Alphaproteobacteria;Sphingomonadales;Sphingomonadaceae;Novosphingobium;uncultured bacterium
ST-10	96.591	440	14	1	3	442	306	744	0.0	728	KF037886.1.1454 Bacteria;Pseudomonadota;Alphaproteobacteria;Sphingomonadales;Sphingomonadaceae;Incertae Sedis;uncultured bacterium
ST-10	96.591	440	14	1	3	442	306	744	0.0	728	KF037672.1.1456 Bacteria;Pseudomonadota;Alphaproteobacteria;Sphingomonadales;Sphingomonadaceae;Incertae Sedis;uncultured bacterium
ST-10	96.591	440	14	1	3	442	303	741	0.0	728	HQ622741.1.1448 Bacteria;Pseudomonadota;Alphaproteobacteria;Sphingomonadales;Sphingomonadaceae;Rhizorhapis;uncultured Alphaproteobacteria bacterium
ST-10	96.591	440	14	1	3	442	306	744	0.0	728	KF037759.1.1454 Bacteria;Pseudomonadota;Alphaproteobacteria;Sphingomonadales;Sphingomonadaceae;Sphingomonas;uncultured bacterium
ST-10	96.591	440	14	1	3	442	271	709	0.0	728	KR779686.1.1297 Bacteria;Pseudomonadota;Alphaproteobacteria;Sphingomonadales;Sphingomonadaceae;Sphingomonas;uncultured bacterium
ST-10	96.591	440	14	1	3	442	304	742	0.0	728	DQ248246.1.1448 Bacteria;Pseudomonadota;Alphaproteobacteria;Sphingomonadales;Sphingomonadaceae;Incertae Sedis;uncultured soil bacterium
ST-10	96.591	440	14	1	3	442	303	741	0.0	728	JQ923965.1.1450 Bacteria;Pseudomonadota;Alphaproteobacteria;Sphingomonadales;Sphingomonadaceae;Sphingobium;uncultured bacterium
ST-10	96.591	440	14	1	3	442	303	741	0.0	728	JQ923644.1.1450 Bacteria;Pseudomonadota;Alphaproteobacteria;Sphingomonadales;Sphingomonadaceae;Blastomonas;uncultured bacterium
ST-10	96.591	440	14	1	3	442	303	741	0.0	728	JQ801111.1.1453 Bacteria;Pseudomonadota;Alphaproteobacteria;Sphingomonadales;Sphingomonadaceae;Incertae Sedis;uncultured bacterium
ST-10	96.591	440	14	1	3	442	303	741	0.0	728	JQ801133.1.1453 Bacteria;Pseudomonadota;Alphaproteobacteria;Sphingomonadales;Sphingomonadaceae;Novosphingobium;uncultured bacterium
ST-10	96.591	440	14	1	3	442	303	741	0.0	728	JQ800722.1.1453 Bacteria;Pseudomonadota;Alphaproteobacteria;Sphingomonadales;Sphingomonadaceae;Croceibacterium;uncultured bacterium
ST-10	96.591	440	14	1	3	442	283	721	0.0	728	HM224432.1.1411 Bacteria;Pseudomonadota;Alphaproteobacteria;Sphingomonadales;Sphingomonadaceae;Incertae Sedis;uncultured Sphingomonadaceae bacterium
ST-10	96.591	440	14	1	3	442	265	703	0.0	728	JN023655.1.1442 Bacteria;Pseudomonadota;Alphaproteobacteria;Sphingomonadales;Sphingomonadaceae;Incertae Sedis;uncultured bacterium
ST-10	96.591	440	14	1	3	442	265	703	0.0	728	JN023996.1.1442 Bacteria;Pseudomonadota;Alphaproteobacteria;Sphingomonadales;Sphingomonadaceae;Ellin6055;uncultured bacterium
ST-10	96.591	440	14	1	3	442	225	663	0.0	728	JQ675500.1.1252 Bacteria;Pseudomonadota;Alphaproteobacteria;Sphingomonadales;Sphingomonadaceae;Novosphingobium;uncultured bacterium
ST-10	96.591	440	14	1	3	442	283	721	0.0	728	HM240929.1.1308 Bacteria;Pseudomonadota;Alphaproteobacteria;Sphingomonadales;Sphingomonadaceae;Incertae Sedis;uncultured bacterium
ST-10	96.591	440	14	1	3	442	303	741	0.0	728	JN038711.1.1447 Bacteria;Pseudomonadota;Alphaproteobacteria;Sphingomonadales;Sphingomonadaceae;Ellin6055;uncultured Alphaproteobacteria bacterium
ST-10	96.591	440	14	1	3	442	283	721	0.0	728	JQ771989.1.1410 Bacteria;Pseudomonadota;Alphaproteobacteria;Sphingomonadales;Sphingomonadaceae;Incertae Sedis;uncultured Sphingomonadaceae bacterium
ST-10	96.591	440	14	1	3	442	274	712	0.0	728	JQ627534.1.1337 Bacteria;Pseudomonadota;Alphaproteobacteria;Sphingomonadales;Sphingomonadaceae;Sphingomonas;uncultured Alphaproteobacteria bacterium
ST-10	96.591	440	14	1	3	442	303	741	0.0	728	AY957887.1.1473 Bacteria;Pseudomonadota;Alphaproteobacteria;Sphingomonadales;Sphingomonadaceae;Blastomonas;uncultured bacterium
ST-10	96.591	440	14	1	3	442	303	741	0.0	728	JF979319.1.1489 Bacteria;Pseudomonadota;Alphaproteobacteria;Sphingomonadales;Sphingomonadaceae;Sphingobium;uncultured Sphingomonas sp.
ST-10	96.591	440	14	1	3	442	265	703	0.0	728	JN023468.1.1439 Bacteria;Pseudomonadota;Alphaproteobacteria;Sphingomonadales;Sphingomonadaceae;Ellin6055;uncultured bacterium
ST-10	96.591	440	14	1	3	442	301	739	0.0	728	JF922464.1.1449 Bacteria;Pseudomonadota;Alphaproteobacteria;Sphingomonadales;Sphingomonadaceae;Sphingobium;uncultured bacterium
ST-10	96.591	440	14	1	3	442	288	726	0.0	728	FR675957.1.1392 Bacteria;Pseudomonadota;Alphaproteobacteria;Sphingomonadales;Sphingomonadaceae;Incertae Sedis;uncultured bacterium
ST-10	96.591	440	14	1	3	442	47	485	0.0	728	JF927246.1.1206 Bacteria;Pseudomonadota;Alphaproteobacteria;Sphingomonadales;Sphingomonadaceae;Sphingomonas;uncultured marine bacterium
ST-10	96.591	440	14	1	3	442	304	742	0.0	728	JF766470.1.1458 Bacteria;Pseudomonadota;Alphaproteobacteria;Sphingomonadales;Sphingomonadaceae;Novosphingobium;uncultured bacterium
ST-10	96.591	440	14	1	3	442	303	741	0.0	728	JF922492.1.1451 Bacteria;Pseudomonadota;Alphaproteobacteria;Sphingomonadales;Sphingomonadaceae;Sphingobium;uncultured bacterium
ST-10	96.591	440	14	1	3	442	283	721	0.0	728	AM936190.1.1307 Bacteria;Pseudomonadota;Alphaproteobacteria;Sphingomonadales;Sphingomonadaceae;Altererythrobacter;uncultured Sphingomonas sp.
ST-10	96.591	440	14	1	3	442	283	721	0.0	728	AM936042.1.1307 Bacteria;Pseudomonadota;Alphaproteobacteria;Sphingomonadales;Sphingomonadaceae;Novosphingobium;uncultured Novosphingobium sp.
ST-10	96.591	440	14	1	3	442	283	721	0.0	728	AM936457.1.1307 Bacteria;Pseudomonadota;Alphaproteobacteria;Sphingomonadales;Sphingomonadaceae;Novosphingobium;uncultured Sphingomonas sp.
ST-10	96.591	440	14	1	3	442	265	703	0.0	728	JQ426391.1.1443 Bacteria;Pseudomonadota;Alphaproteobacteria;Sphingomonadales;Sphingomonadaceae;Incertae Sedis;uncultured bacterium
ST-10	96.591	440	14	1	3	442	265	703	0.0	728	JQ426592.1.1443 Bacteria;Pseudomonadota;Alphaproteobacteria;Sphingomonadales;Sphingomonadaceae;Ellin6055;uncultured bacterium
ST-10	96.591	440	14	1	3	442	265	703	0.0	728	JQ427600.1.1443 Bacteria;Pseudomonadota;Alphaproteobacteria;Sphingomonadales;Sphingomonadaceae;Incertae Sedis;uncultured bacterium
ST-10	96.591	440	14	1	3	442	304	742	0.0	728	JQ404427.1.1449 Bacteria;Pseudomonadota;Alphaproteobacteria;Sphingomonadales;Sphingomonadaceae;Qipengyuania;uncultured Alphaproteobacteria bacterium
ST-10	96.591	440	14	1	3	442	265	703	0.0	728	JQ425952.1.1445 Bacteria;Pseudomonadota;Alphaproteobacteria;Sphingomonadales;Sphingomonadaceae;Novosphingobium;uncultured bacterium
ST-10	96.591	440	14	1	3	442	247	685	0.0	728	AJ532702.1.1268 Bacteria;Pseudomonadota;Alphaproteobacteria;Sphingomonadales;Sphingomonadaceae;Incertae Sedis;uncultured Alphaproteobacteria bacterium
ST-10	96.591	440	14	1	3	442	294	732	0.0	728	FM872861.1.1446 Bacteria;Pseudomonadota;Alphaproteobacteria;Sphingomonadales;Sphingomonadaceae;Novosphingobium;uncultured bacterium
ST-10	96.591	440	14	1	3	442	263	701	0.0	728	KX268601.1.1384 Bacteria;Pseudomonadota;Alphaproteobacteria;Sphingomonadales;Sphingomonadaceae;Parasphingopyxis;Parasphingopyxis sp. MA-8-16
ST-10	96.591	440	14	1	3	442	290	728	0.0	728	MH686069.1.1458 Bacteria;Pseudomonadota;Alphaproteobacteria;Sphingomonadales;Sphingomonadaceae;Sphingomonas;Sphingomonas sp.
ST-10	96.591	440	14	1	3	442	309	747	0.0	728	M83797.1.1425 Bacteria;Pseudomonadota;Alphaproteobacteria;Sphingomonadales;Sphingomonadaceae;Sphingomonas;Caulobacter subvibrioides CB81
ST-10	96.591	440	14	1	3	442	303	741	0.0	728	EF363045.1.1482 Bacteria;Pseudomonadota;Alphaproteobacteria;Sphingomonadales;Sphingomonadaceae;Sphingobium;uncultured bacterium
ST-10	96.591	440	14	1	3	442	307	745	0.0	728	AP018519.586842.588325 Bacteria;Pseudomonadota;Alphaproteobacteria;Sphingomonadales;Sphingomonadaceae;Sphingobium;Sphingobium sp. YG1
ST-10	96.591	440	14	1	3	442	307	745	0.0	728	AP018518.2806449.2807932 Bacteria;Pseudomonadota;Alphaproteobacteria;Sphingomonadales;Sphingomonadaceae;Sphingobium;Sphingobium sp. YG1
ST-10	96.591	440	14	1	3	442	307	745	0.0	728	AP018519.1798062.1799545 Bacteria;Pseudomonadota;Alphaproteobacteria;Sphingomonadales;Sphingomonadaceae;Sphingobium;Sphingobium sp. YG1
ST-10	96.591	440	14	1	3	442	283	721	0.0	728	LN568284.1.1322 Bacteria;Pseudomonadota;Alphaproteobacteria;Sphingomonadales;Sphingomonadaceae;Sphingobium;uncultured bacterium
ST-10	96.591	440	14	1	3	442	307	745	0.0	728	AP018519.85593.87076 Bacteria;Pseudomonadota;Alphaproteobacteria;Sphingomonadales;Sphingomonadaceae;Sphingobium;Sphingobium sp. YG1
ST-10	96.591	440	14	1	3	442	273	711	0.0	728	MH071315.1.1392 Bacteria;Pseudomonadota;Alphaproteobacteria;Sphingomonadales;Sphingomonadaceae;Sphingomonas;Sphingomonas kyeonggiensis
ST-10	96.591	440	14	1	3	442	261	699	0.0	728	KJ606800.1.1350 Bacteria;Pseudomonadota;Alphaproteobacteria;Sphingomonadales;Sphingomonadaceae;Sphingomonas;Sphingomonas sp. PAMC 26530
ST-10	96.591	440	14	1	3	442	283	721	0.0	728	AB680933.1.1414 Bacteria;Pseudomonadota;Alphaproteobacteria;Sphingomonadales;Sphingomonadaceae;Blastomonas;Blastomonas natatoria
ST-10	96.591	440	14	1	3	442	256	694	0.0	728	JF496361.1.1358 Bacteria;Pseudomonadota;Alphaproteobacteria;Sphingomonadales;Sphingomonadaceae;Sphingomonas;Sphingomonas pituitosa
ST-10	96.591	440	14	1	3	442	304	742	0.0	728	KJ548902.1.1452 Bacteria;Pseudomonadota;Alphaproteobacteria;Sphingomonadales;Sphingomonadaceae;Novosphingobium;uncultured bacterium
ST-10	96.591	440	14	1	3	442	278	716	0.0	728	KU598723.1.1289 Bacteria;Pseudomonadota;Alphaproteobacteria;Sphingomonadales;Sphingomonadaceae;Sphingomonas;Sphingomonas sp. U33
ST-10	96.591	440	14	1	3	442	283	721	0.0	728	KY200670.1.1414 Bacteria;Pseudomonadota;Alphaproteobacteria;Sphingomonadales;Sphingomonadaceae;Parasphingopyxis;Parasphingopyxis algicola
ST-10	96.591	440	14	1	3	442	305	743	0.0	728	KY176966.1.1447 Bacteria;Pseudomonadota;Alphaproteobacteria;Sphingomonadales;Sphingomonadaceae;Incertae Sedis;Sphingosinicella sp.
ST-10	96.591	440	14	1	3	442	287	725	0.0	728	KY117511.1.1439 Bacteria;Pseudomonadota;Alphaproteobacteria;Sphingomonadales;Sphingomonadaceae;Incertae Sedis;Sphingosinicella sp.
ST-10	96.591	440	14	1	3	442	289	727	0.0	728	AB245346.1.1441 Bacteria;Pseudomonadota;Alphaproteobacteria;Sphingomonadales;Sphingomonadaceae;Incertae Sedis;Sphingomonadaceae bacterium Gsoil 359
ST-10	96.591	440	14	1	3	442	253	691	0.0	728	KX990223.1.1354 Bacteria;Pseudomonadota;Alphaproteobacteria;Sphingomonadales;Sphingomonadaceae;Sphingomonas;Sphingomonas sp.
ST-10	96.591	440	14	1	3	442	267	705	0.0	728	KX959972.1.1379 Bacteria;Pseudomonadota;Alphaproteobacteria;Sphingomonadales;Sphingomonadaceae;Sphingomonas;Sphingomonas leidyi
ST-10	96.591	440	14	1	3	442	273	711	0.0	728	LN890294.1.1411 Bacteria;Pseudomonadota;Alphaproteobacteria;Sphingomonadales;Sphingomonadaceae;Novosphingobium;Novosphingobium bradum
ST-10	96.591	440	14	1	3	442	243	681	0.0	728	KR703549.1.1331 Bacteria;Pseudomonadota;Alphaproteobacteria;Sphingomonadales;Sphingomonadaceae;Sphingobium;Sphingobium sp. E64II
ST-10	96.591	440	14	1	3	442	253	691	0.0	728	KC429616.1.1348 Bacteria;Pseudomonadota;Alphaproteobacteria;Sphingomonadales;Sphingomonadaceae;Sphingomonas;Sphingomonas leidyi
ST-10	96.591	440	14	1	3	442	305	743	0.0	728	KC252615.1.1407 Bacteria;Pseudomonadota;Alphaproteobacteria;Sphingomonadales;Sphingomonadaceae;Sphingomonas;Sphingomonas kyeonggiensis
ST-10	96.591	440	14	1	3	442	286	724	0.0	728	EF207155.1.1419 Bacteria;Pseudomonadota;Alphaproteobacteria;Sphingomonadales;Sphingomonadaceae;Sphingobium;Sphingobium ummariense
ST-10	96.591	440	14	1	3	442	272	710	0.0	728	AM181012.27.1442 Bacteria;Pseudomonadota;Alphaproteobacteria;Sphingomonadales;Sphingomonadaceae;Sphingobium;Sphingobium aromaticiconvertens
ST-10	96.591	440	14	1	3	442	254	692	0.0	728	KC157042.1.1351 Bacteria;Pseudomonadota;Alphaproteobacteria;Sphingomonadales;Sphingomonadaceae;Novosphingobium;Novosphingobium sp. HME8651
ST-10	96.372	441	15	1	3	442	254	694	0.0	728	KY938134.1.1348 Bacteria;Pseudomonadota;Alphaproteobacteria;Sphingomonadales;Sphingomonadaceae;Blastomonas;Blastomonas natatoria
ST-10	96.591	440	14	1	3	442	307	745	0.0	728	JQ723715.1.1431 Bacteria;Pseudomonadota;Alphaproteobacteria;Sphingomonadales;Sphingomonadaceae;Sphingomonas;Caulobacter sp. HWE-A10
ST-10	96.591	440	14	1	3	442	303	741	0.0	728	AB024289.1.1476 Bacteria;Pseudomonadota;Alphaproteobacteria;Sphingomonadales;Sphingomonadaceae;Blastomonas;Blastomonas ursincola
ST-10	96.591	440	14	1	3	442	303	741	0.0	728	AB024288.1.1477 Bacteria;Pseudomonadota;Alphaproteobacteria;Sphingomonadales;Sphingomonadaceae;Blastomonas;Blastomonas natatoria
ST-10	96.591	440	14	1	3	442	279	717	0.0	728	LK056647.1.1423 Bacteria;Pseudomonadota;Alphaproteobacteria;Sphingomonadales;Sphingomonadaceae;Novosphingobium;Novosphingobium piscinae
ST-10	96.591	440	14	1	3	442	293	731	0.0	728	U87782.1.1446 Bacteria;Pseudomonadota;Alphaproteobacteria;Sphingomonadales;Sphingomonadaceae;Sphingomonas;Afipia genosp. 11
ST-10	96.591	440	14	1	3	442	283	721	0.0	728	AJ227812.1.1442 Bacteria;Pseudomonadota;Alphaproteobacteria;Sphingomonadales;Sphingomonadaceae;Sphingomonas;Sphingomonas leidyi
ST-10	96.591	440	14	1	3	442	289	727	0.0	728	AJ007800.1.1416 Bacteria;Pseudomonadota;Alphaproteobacteria;Sphingomonadales;Sphingomonadaceae;Sphingomonas;Asticcacaulis excentricus
ST-10	96.591	440	14	1	3	442	285	723	0.0	728	AJ007799.1.1405 Bacteria;Pseudomonadota;Alphaproteobacteria;Sphingomonadales;Sphingomonadaceae;Sphingomonas;Asticcacaulis biprosthecium
ST-10	96.591	440	14	1	3	442	262	700	0.0	728	AJ007806.1.1393 Bacteria;Pseudomonadota;Alphaproteobacteria;Sphingomonadales;Sphingomonadaceae;Sphingomonas;Sphingomonas leidyi
ST-10	96.591	440	14	1	3	442	306	744	0.0	728	JN591313.1.1441 Bacteria;Pseudomonadota;Alphaproteobacteria;Sphingomonadales;Sphingomonadaceae;Sphingobium;Sphingobium limneticum
ST-10	96.388	443	12	4	3	442	227	668	0.0	726	EU341135.1.1365 Bacteria;Pseudomonadota;Alphaproteobacteria;Sphingomonadales;Sphingomonadaceae;Qipengyuania;uncultured Agrobacterium sp.
ST-10	96.372	441	14	2	3	442	265	704	0.0	725	FJ595613.1.1311 Bacteria;Pseudomonadota;Alphaproteobacteria;Sphingomonadales;Sphingomonadaceae;Incertae Sedis;uncultured bacterium
ST-10	96.364	440	14	2	3	442	265	702	0.0	725	HM447761.1.1437 Bacteria;Pseudomonadota;Alphaproteobacteria;Sphingomonadales;Sphingomonadaceae;Incertae Sedis;uncultured Sphingomonadaceae bacterium
ST-10	96.372	441	14	2	3	442	283	722	0.0	725	JN409012.1.1413 Bacteria;Pseudomonadota;Alphaproteobacteria;Sphingomonadales;Sphingomonadaceae;Tsuneonella;uncultured Alphaproteobacteria bacterium
ST-10	96.364	440	14	2	3	442	267	704	0.0	725	JN023138.1.1438 Bacteria;Pseudomonadota;Alphaproteobacteria;Sphingomonadales;Sphingomonadaceae;Novosphingobium;uncultured bacterium
ST-10	96.372	441	14	2	3	442	265	704	0.0	725	JQ428071.1.1444 Bacteria;Pseudomonadota;Alphaproteobacteria;Sphingomonadales;Sphingomonadaceae;Incertae Sedis;uncultured bacterium
ST-10	96.380	442	12	4	3	442	303	742	0.0	725	KC683088.1.1481 Bacteria;Pseudomonadota;Alphaproteobacteria;Sphingomonadales;Sphingomonadaceae;Rhizorhapis;uncultured bacterium
ST-10	96.372	441	14	2	3	442	283	722	0.0	725	LN570454.1.1322 Bacteria;Pseudomonadota;Alphaproteobacteria;Sphingomonadales;Sphingomonadaceae;MN 122.2a;uncultured bacterium
ST-10	96.372	441	14	2	3	442	320	759	0.0	725	KX808674.1.1505 Bacteria;Pseudomonadota;Alphaproteobacteria;Sphingomonadales;Sphingomonadaceae;Alteraurantiacibacter;Altererythrobacter palmitatis
ST-10	96.364	440	15	1	3	442	304	742	0.0	725	KC169804.1.1488 Bacteria;Pseudomonadota;Alphaproteobacteria;Sphingomonadales;Sphingomonadaceae;Incertae Sedis;Altererythrobacter sp. CC-VAM-21
ST-10	96.364	440	15	1	3	442	312	750	0.0	723	LXVX01000033.308.1803 Bacteria;Pseudomonadota;Alphaproteobacteria;Sphingomonadales;Sphingomonadaceae;Sphingobium;Sphingobium sp. TCM1
ST-10	96.364	440	15	1	3	442	303	741	0.0	723	FPLS01047138.19.1487 Bacteria;Pseudomonadota;Alphaproteobacteria;Sphingomonadales;Sphingomonadaceae;Sphingomonas;metagenome
ST-10	96.364	440	15	1	3	442	303	741	0.0	723	FPLS01056423.11.1481 Bacteria;Pseudomonadota;Alphaproteobacteria;Sphingomonadales;Sphingomonadaceae;Novosphingobium;metagenome
ST-10	96.364	440	15	1	3	442	166	604	0.0	723	FPLS01049013.1.1221 Bacteria;Pseudomonadota;Alphaproteobacteria;Sphingomonadales;Sphingomonadaceae;Novosphingobium;metagenome
ST-10	96.364	440	15	1	3	442	303	741	0.0	723	FPLS01023710.16.1482 Bacteria;Pseudomonadota;Alphaproteobacteria;Sphingomonadales;Sphingomonadaceae;Sphingomonas;metagenome
ST-10	96.364	440	15	1	3	442	303	741	0.0	723	FPLP01002163.1.1404 Bacteria;Pseudomonadota;Alphaproteobacteria;Sphingomonadales;Sphingomonadaceae;Novosphingobium;metagenome
ST-10	96.364	440	15	1	3	442	303	741	0.0	723	FPLK01000337.24.1488 Bacteria;Pseudomonadota;Alphaproteobacteria;Sphingomonadales;Sphingomonadaceae;Novosphingobium;metagenome
ST-10	96.364	440	15	1	3	442	303	741	0.0	723	FPLL01001986.16.1484 Bacteria;Pseudomonadota;Alphaproteobacteria;Sphingomonadales;Sphingomonadaceae;Novosphingobium;metagenome
ST-10	96.364	440	15	1	3	442	303	741	0.0	723	FPLS01018252.20.1488 Bacteria;Pseudomonadota;Alphaproteobacteria;Sphingomonadales;Sphingomonadaceae;Incertae Sedis;metagenome
ST-10	96.364	440	14	2	3	442	303	740	0.0	723	FPLL01003587.18.1485 Bacteria;Pseudomonadota;Alphaproteobacteria;Sphingomonadales;Sphingomonadaceae;Sphingobium;metagenome
ST-10	96.364	440	15	1	3	442	303	741	0.0	723	HQ003519.1.1451 Bacteria;Pseudomonadota;Alphaproteobacteria;Sphingomonadales;Sphingomonadaceae;Incertae Sedis;uncultured Sphingomonadales bacterium
ST-10	96.364	440	15	1	3	442	312	750	0.0	723	NFUR01000005.249156.250745 Bacteria;Pseudomonadota;Alphaproteobacteria;Sphingomonadales;Sphingomonadaceae;Sphingopyxis;Sphingomonas sp. IBVSS2
ST-10	96.364	440	15	1	3	442	303	741	0.0	723	JF417855.1.1450 Bacteria;Pseudomonadota;Alphaproteobacteria;Sphingomonadales;Sphingomonadaceae;Ellin6055;uncultured bacterium
ST-10	96.364	440	15	1	3	442	283	721	0.0	723	JF237092.1.1306 Bacteria;Pseudomonadota;Alphaproteobacteria;Sphingomonadales;Sphingomonadaceae;Sphingomonas;uncultured bacterium
ST-10	96.364	440	15	1	3	442	283	721	0.0	723	JF237686.1.1306 Bacteria;Pseudomonadota;Alphaproteobacteria;Sphingomonadales;Sphingomonadaceae;Sphingomonas;uncultured bacterium
ST-10	96.364	440	15	1	3	442	307	745	0.0	723	FJ382598.1.1348 Bacteria;Pseudomonadota;Alphaproteobacteria;Sphingomonadales;Sphingomonadaceae;Sphingomonas;uncultured bacterium
ST-10	96.364	440	15	1	3	442	303	741	0.0	723	FJ444690.1.1450 Bacteria;Pseudomonadota;Alphaproteobacteria;Sphingomonadales;Sphingomonadaceae;Novosphingobium;uncultured Novosphingobium sp.
ST-10	96.364	440	15	1	3	442	303	741	0.0	723	FJ444724.1.1446 Bacteria;Pseudomonadota;Alphaproteobacteria;Sphingomonadales;Sphingomonadaceae;Novosphingobium;uncultured bacterium
ST-10	96.364	440	15	1	3	442	283	721	0.0	723	KY190568.1.1411 Bacteria;Pseudomonadota;Alphaproteobacteria;Sphingomonadales;Sphingomonadaceae;Rhizorhapis;uncultured bacterium
ST-10	96.364	440	15	1	3	442	283	721	0.0	723	KY190686.1.1407 Bacteria;Pseudomonadota;Alphaproteobacteria;Sphingomonadales;Sphingomonadaceae;Novosphingobium;uncultured bacterium
ST-10	96.364	440	15	1	3	442	283	721	0.0	723	KX771429.1.1306 Bacteria;Pseudomonadota;Alphaproteobacteria;Sphingomonadales;Sphingomonadaceae;Sphingomonas;uncultured bacterium
ST-10	96.364	440	15	1	3	442	295	733	0.0	723	KX771584.1.1316 Bacteria;Pseudomonadota;Alphaproteobacteria;Sphingomonadales;Sphingomonadaceae;Novosphingobium;uncultured bacterium
ST-10	96.364	440	15	1	3	442	303	741	0.0	723	KX508817.1.1448 Bacteria;Pseudomonadota;Alphaproteobacteria;Sphingomonadales;Sphingomonadaceae;Sphingomonas;uncultured bacterium
ST-10	96.364	440	15	1	3	442	303	741	0.0	723	GQ397036.1.1454 Bacteria;Pseudomonadota;Alphaproteobacteria;Sphingomonadales;Sphingomonadaceae;Incertae Sedis;uncultured bacterium
ST-10	96.364	440	15	1	3	442	283	721	0.0	723	JF143349.1.1306 Bacteria;Pseudomonadota;Alphaproteobacteria;Sphingomonadales;Sphingomonadaceae;Sphingomonas;uncultured bacterium
ST-10	96.364	440	15	1	3	442	225	663	0.0	723	KX163348.1.1233 Bacteria;Pseudomonadota;Alphaproteobacteria;Sphingomonadales;Sphingomonadaceae;Blastomonas;uncultured bacterium
ST-10	96.364	440	15	1	3	442	283	721	0.0	723	KF598758.1.1407 Bacteria;Pseudomonadota;Alphaproteobacteria;Sphingomonadales;Sphingomonadaceae;Novosphingobium;uncultured bacterium
ST-10	96.364	440	15	1	3	442	310	748	0.0	723	CP024923.2332803.2334294 Bacteria;Pseudomonadota;Alphaproteobacteria;Sphingomonadales;Sphingomonadaceae;Sphingomonas;Sphingomonas sp. Cra20
ST-10	96.364	440	14	2	3	442	265	702	0.0	723	HM438090.1.1441 Bacteria;Pseudomonadota;Alphaproteobacteria;Sphingomonadales;Sphingomonadaceae;Altererythrobacter;uncultured Sphingomonadales bacterium
ST-10	96.372	441	13	3	3	442	265	703	0.0	723	HM438340.1.1440 Bacteria;Pseudomonadota;Alphaproteobacteria;Sphingomonadales;Sphingomonadaceae;Altererythrobacter;uncultured Sphingomonadaceae bacterium
ST-10	96.364	440	15	1	3	442	310	748	0.0	723	CP024923.3104793.3106284 Bacteria;Pseudomonadota;Alphaproteobacteria;Sphingomonadales;Sphingomonadaceae;Sphingomonas;Sphingomonas sp. Cra20
ST-10	96.364	440	15	1	3	442	303	741	0.0	723	EU937972.1.1446 Bacteria;Pseudomonadota;Alphaproteobacteria;Sphingomonadales;Sphingomonadaceae;Novosphingobium;uncultured bacterium
ST-10	96.364	440	15	1	3	442	313	751	0.0	723	CP010836.1.5191536 Bacteria;Pseudomonadota;Alphaproteobacteria;Sphingomonadales;Sphingomonadaceae;Sphingomonas;Sphingomonas hengshuiensis
ST-10	96.364	440	15	1	3	442	303	741	0.0	723	EU937930.1.1450 Bacteria;Pseudomonadota;Alphaproteobacteria;Sphingomonadales;Sphingomonadaceae;Novosphingobium;uncultured bacterium
ST-10	96.364	440	15	1	3	442	304	742	0.0	723	DQ856560.1.1455 Bacteria;Pseudomonadota;Alphaproteobacteria;Sphingomonadales;Sphingomonadaceae;Altererythrobacter;uncultured bacterium
ST-10	96.364	440	15	1	3	442	269	707	0.0	723	DQ840461.1.1308 Bacteria;Pseudomonadota;Alphaproteobacteria;Sphingomonadales;Sphingomonadaceae;Novosphingobium;uncultured bacterium
ST-10	96.364	440	15	1	3	442	283	721	0.0	723	HM321295.1.1309 Bacteria;Pseudomonadota;Alphaproteobacteria;Sphingomonadales;Sphingomonadaceae;Sphingobium;uncultured bacterium
ST-10	96.364	440	15	1	3	442	282	720	0.0	723	HM328182.1.1307 Bacteria;Pseudomonadota;Alphaproteobacteria;Sphingomonadales;Sphingomonadaceae;Ellin6055;uncultured bacterium
ST-10	96.364	440	15	1	3	442	275	713	0.0	723	HQ747729.1.1395 Bacteria;Pseudomonadota;Alphaproteobacteria;Sphingomonadales;Sphingomonadaceae;Qipengyuania;uncultured organism
ST-10	96.364	440	15	1	3	442	283	721	0.0	723	KF094290.1.1308 Bacteria;Pseudomonadota;Alphaproteobacteria;Sphingomonadales;Sphingomonadaceae;Alteraurantiacibacter;uncultured bacterium
ST-10	96.364	440	15	1	3	442	304	742	0.0	723	KT122208.1.1449 Bacteria;Pseudomonadota;Alphaproteobacteria;Sphingomonadales;Sphingomonadaceae;Novosphingobium;uncultured Novosphingobium sp.
ST-10	96.364	440	15	1	3	442	276	714	0.0	723	DQ676427.1.1395 Bacteria;Pseudomonadota;Alphaproteobacteria;Sphingomonadales;Sphingomonadaceae;Alteraurantiacibacter;uncultured Alphaproteobacteria bacterium
ST-10	96.364	440	15	1	3	442	283	721	0.0	723	HM312973.1.1306 Bacteria;Pseudomonadota;Alphaproteobacteria;Sphingomonadales;Sphingomonadaceae;Sphingomonas;uncultured bacterium
ST-10	96.364	440	15	1	3	442	306	744	0.0	723	KF037874.1.1456 Bacteria;Pseudomonadota;Alphaproteobacteria;Sphingomonadales;Sphingomonadaceae;Incertae Sedis;uncultured bacterium
ST-10	96.364	440	15	1	3	442	300	738	0.0	723	JN113079.1.1443 Bacteria;Pseudomonadota;Alphaproteobacteria;Sphingomonadales;Sphingomonadaceae;Tsuneonella;uncultured bacterium
ST-10	96.364	440	15	1	3	442	308	746	0.0	723	KF037942.1.1456 Bacteria;Pseudomonadota;Alphaproteobacteria;Sphingomonadales;Sphingomonadaceae;Sphingomonas;uncultured bacterium
ST-10	96.364	440	15	1	3	442	312	750	0.0	723	DQ494790.1.1464 Bacteria;Pseudomonadota;Alphaproteobacteria;Sphingomonadales;Sphingomonadaceae;Novosphingobium;uncultured bacterium
ST-10	96.364	440	15	1	3	442	283	721	0.0	723	HM289010.1.1306 Bacteria;Pseudomonadota;Alphaproteobacteria;Sphingomonadales;Sphingomonadaceae;Sphingomonas;uncultured bacterium
ST-10	96.364	440	15	1	3	442	302	740	0.0	723	DQ395648.1.1479 Bacteria;Pseudomonadota;Alphaproteobacteria;Sphingomonadales;Sphingomonadaceae;Novosphingobium;uncultured organism
ST-10	96.364	440	15	1	3	442	306	744	0.0	723	KF037865.1.1456 Bacteria;Pseudomonadota;Alphaproteobacteria;Sphingomonadales;Sphingomonadaceae;Novosphingobium;uncultured bacterium
ST-10	96.364	440	15	1	3	442	303	741	0.0	723	DQ354723.1.1450 Bacteria;Pseudomonadota;Alphaproteobacteria;Sphingomonadales;Sphingomonadaceae;Novosphingobium;uncultured bacterium
ST-10	96.364	440	15	1	3	442	303	741	0.0	723	JQ801150.1.1453 Bacteria;Pseudomonadota;Alphaproteobacteria;Sphingomonadales;Sphingomonadaceae;Ellin6055;uncultured bacterium
ST-10	96.364	440	15	1	3	442	265	703	0.0	723	EU449631.1.1395 Bacteria;Pseudomonadota;Alphaproteobacteria;Sphingomonadales;Sphingomonadaceae;Ellin6055;uncultured Sphingosinicella sp.
ST-10	96.364	440	15	1	3	442	303	741	0.0	723	JQ769883.1.1446 Bacteria;Pseudomonadota;Alphaproteobacteria;Sphingomonadales;Sphingomonadaceae;Novosphingobium;uncultured bacterium
ST-10	96.364	440	15	1	3	442	303	741	0.0	723	JQ801275.1.1453 Bacteria;Pseudomonadota;Alphaproteobacteria;Sphingomonadales;Sphingomonadaceae;Novosphingobium;uncultured bacterium
ST-10	96.364	440	15	1	3	442	265	703	0.0	723	JN023179.1.1439 Bacteria;Pseudomonadota;Alphaproteobacteria;Sphingomonadales;Sphingomonadaceae;Sphingomonas;uncultured bacterium
ST-10	96.364	440	15	1	3	442	265	703	0.0	723	JN023311.1.1440 Bacteria;Pseudomonadota;Alphaproteobacteria;Sphingomonadales;Sphingomonadaceae;Sphingomonas;uncultured bacterium
ST-10	96.364	440	15	1	3	442	303	741	0.0	723	EU360289.1.1450 Bacteria;Pseudomonadota;Alphaproteobacteria;Sphingomonadales;Sphingomonadaceae;Qinpengyuania;uncultured Novosphingobium sp.
ST-10	96.364	440	15	1	3	442	315	753	0.0	723	EU360290.1.1462 Bacteria;Pseudomonadota;Alphaproteobacteria;Sphingomonadales;Sphingomonadaceae;Qinpengyuania;uncultured Novosphingobium sp.
ST-10	96.364	440	15	1	3	442	295	733	0.0	723	FQ660243.1.1316 Bacteria;Pseudomonadota;Alphaproteobacteria;Sphingomonadales;Sphingomonadaceae;Novosphingobium;uncultured soil bacterium
ST-10	96.364	440	15	1	3	442	177	615	0.0	723	AY642584.1.1258 Bacteria;Pseudomonadota;Alphaproteobacteria;Sphingomonadales;Sphingomonadaceae;Novosphingobium;uncultured Alphaproteobacteria bacterium
ST-10	96.364	440	15	1	3	442	251	689	0.0	723	EU246809.1.1355 Bacteria;Pseudomonadota;Alphaproteobacteria;Sphingomonadales;Sphingomonadaceae;Sphingomonas;uncultured Alphaproteobacteria bacterium
ST-10	96.364	440	15	1	3	442	302	740	0.0	723	AY349412.1.1479 Bacteria;Pseudomonadota;Alphaproteobacteria;Sphingomonadales;Sphingomonadaceae;Sphingobium;Sphingomonas sp. oral clone FZ016
ST-10	96.364	440	15	1	3	442	283	721	0.0	723	KM205514.1.1413 Bacteria;Pseudomonadota;Alphaproteobacteria;Sphingomonadales;Sphingomonadaceae;Qinpengyuania;uncultured soil bacterium
ST-10	96.364	440	15	1	3	442	283	721	0.0	723	KM205481.1.1410 Bacteria;Pseudomonadota;Alphaproteobacteria;Sphingomonadales;Sphingomonadaceae;Novosphingobium;uncultured soil bacterium
ST-10	96.364	440	15	1	3	442	302	740	0.0	723	AY349411.1.1480 Bacteria;Pseudomonadota;Alphaproteobacteria;Sphingomonadales;Sphingomonadaceae;Novosphingobium;Sphingomonas sp. oral clone FI012
ST-10	96.364	440	15	1	3	442	277	715	0.0	723	JF703558.1.1394 Bacteria;Pseudomonadota;Alphaproteobacteria;Sphingomonadales;Sphingomonadaceae;Sphingomonas;uncultured Sphingomonadaceae bacterium
ST-10	96.364	440	15	1	3	442	282	720	0.0	723	EU133364.1.1315 Bacteria;Pseudomonadota;Alphaproteobacteria;Sphingomonadales;Sphingomonadaceae;Ellin6055;uncultured bacterium
ST-10	96.364	440	15	1	3	442	283	721	0.0	723	AM697005.1.1441 Bacteria;Pseudomonadota;Alphaproteobacteria;Sphingomonadales;Sphingomonadaceae;Novosphingobium;uncultured bacterium
ST-10	96.364	440	15	1	3	442	269	707	0.0	723	EU000445.1.1306 Bacteria;Pseudomonadota;Alphaproteobacteria;Sphingomonadales;Sphingomonadaceae;Novosphingobium;uncultured bacterium
ST-10	96.364	440	15	1	3	442	265	703	0.0	723	JQ426149.1.1443 Bacteria;Pseudomonadota;Alphaproteobacteria;Sphingomonadales;Sphingomonadaceae;Ellin6055;uncultured bacterium
ST-10	96.364	440	15	1	3	442	265	703	0.0	723	JQ426259.1.1445 Bacteria;Pseudomonadota;Alphaproteobacteria;Sphingomonadales;Sphingomonadaceae;Croceibacterium;uncultured bacterium
ST-10	96.364	440	15	1	3	442	265	703	0.0	723	JQ428581.1.1443 Bacteria;Pseudomonadota;Alphaproteobacteria;Sphingomonadales;Sphingomonadaceae;Ellin6055;uncultured bacterium
ST-10	96.364	440	15	1	3	442	283	721	0.0	723	AM697385.1.1439 Bacteria;Pseudomonadota;Alphaproteobacteria;Sphingomonadales;Sphingomonadaceae;Sphingomonas;uncultured bacterium
ST-10	96.364	440	15	1	3	442	265	703	0.0	723	JQ426138.1.1445 Bacteria;Pseudomonadota;Alphaproteobacteria;Sphingomonadales;Sphingomonadaceae;Croceibacterium;uncultured bacterium
ST-10	96.364	440	15	1	3	442	283	721	0.0	723	AJ617857.1.1407 Bacteria;Pseudomonadota;Alphaproteobacteria;Sphingomonadales;Sphingomonadaceae;Novosphingobium;uncultured bacterium
ST-10	96.364	440	15	1	3	442	258	696	0.0	723	FN421916.1.1369 Bacteria;Pseudomonadota;Alphaproteobacteria;Sphingomonadales;Sphingomonadaceae;Novosphingobium;uncultured bacterium
ST-10	96.364	440	15	1	3	442	265	703	0.0	723	JQ427743.1.1440 Bacteria;Pseudomonadota;Alphaproteobacteria;Sphingomonadales;Sphingomonadaceae;Sphingomonas;uncultured bacterium
ST-10	96.364	440	15	1	3	442	303	741	0.0	723	LN833512.1.1453 Bacteria;Pseudomonadota;Alphaproteobacteria;Sphingomonadales;Sphingomonadaceae;Incertae Sedis;uncultured Sphingomonadaceae bacterium
ST-10	96.364	440	15	1	3	442	291	729	0.0	723	AF411072.1.1466 Bacteria;Pseudomonadota;Alphaproteobacteria;Sphingomonadales;Sphingomonadaceae;Novosphingobium;Sphingomonas sp. ACM-3962
ST-10	96.364	440	15	1	3	442	302	740	0.0	723	MH744686.1.1472 Bacteria;Pseudomonadota;Alphaproteobacteria;Sphingomonadales;Sphingomonadaceae;Novosphingobium;Novosphingobium sp.
ST-10	96.009	451	6	12	3	442	304	753	0.0	723	KJ809407.1.1468 Bacteria;Pseudomonadota;Alphaproteobacteria;Sphingomonadales;Sphingomonadaceae;Sphingobium;uncultured bacterium
ST-10	96.364	440	15	1	3	442	263	701	0.0	723	AF116181.1.1247 Bacteria;Pseudomonadota;Alphaproteobacteria;Sphingomonadales;Sphingomonadaceae;Sphingomonas;Caulobacter sp. CB296
ST-10	96.364	440	15	1	3	442	283	721	0.0	723	LN571255.1.1322 Bacteria;Pseudomonadota;Alphaproteobacteria;Sphingomonadales;Sphingomonadaceae;Ellin6055;uncultured bacterium
ST-10	96.364	440	15	1	3	442	300	738	0.0	723	HG005350.1.1480 Bacteria;Pseudomonadota;Alphaproteobacteria;Sphingomonadales;Sphingomonadaceae;Sphingomonas;Sphingomonas roseiflava
ST-10	96.364	440	15	1	3	442	105	543	0.0	723	HQ119565.1.1257 Bacteria;Pseudomonadota;Alphaproteobacteria;Sphingomonadales;Sphingomonadaceae;Incertae Sedis;uncultured bacterium
ST-10	96.364	440	15	1	3	442	310	748	0.0	723	HQ118231.1.1463 Bacteria;Pseudomonadota;Alphaproteobacteria;Sphingomonadales;Sphingomonadaceae;Sphingobium;uncultured bacterium
ST-10	96.364	440	15	1	3	442	283	721	0.0	723	LN572274.1.1321 Bacteria;Pseudomonadota;Alphaproteobacteria;Sphingomonadales;Sphingomonadaceae;Sphingobium;uncultured bacterium
ST-10	96.364	440	15	1	3	442	283	721	0.0	723	LN571260.1.1321 Bacteria;Pseudomonadota;Alphaproteobacteria;Sphingomonadales;Sphingomonadaceae;Novosphingobium;uncultured bacterium
ST-10	96.364	440	15	1	3	442	283	721	0.0	723	KC211836.1.1411 Bacteria;Pseudomonadota;Alphaproteobacteria;Sphingomonadales;Sphingomonadaceae;Novosphingobium;uncultured bacterium
ST-10	96.364	440	15	1	3	442	254	692	0.0	723	GU644357.1.1376 Bacteria;Pseudomonadota;Alphaproteobacteria;Sphingomonadales;Sphingomonadaceae;Erythrobacter;Erythrobacter sp. KLE1224
ST-10	96.364	440	15	1	3	442	283	721	0.0	723	LN564869.1.1321 Bacteria;Pseudomonadota;Alphaproteobacteria;Sphingomonadales;Sphingomonadaceae;Novosphingobium;uncultured bacterium
ST-10	96.364	440	15	1	3	442	309	747	0.0	723	AP017655.2542424.2543909 Bacteria;Pseudomonadota;Alphaproteobacteria;Sphingomonadales;Sphingomonadaceae;Sphingobium;Sphingobium cloacae
ST-10	96.364	440	15	1	3	442	309	747	0.0	723	AP017655.1824982.1826467 Bacteria;Pseudomonadota;Alphaproteobacteria;Sphingomonadales;Sphingomonadaceae;Sphingobium;Sphingobium cloacae
ST-10	96.364	440	15	1	3	442	303	741	0.0	723	KC138517.1.1453 Bacteria;Pseudomonadota;Alphaproteobacteria;Sphingomonadales;Sphingomonadaceae;Croceibacterium;uncultured bacterium
ST-10	96.364	440	15	1	3	442	303	741	0.0	723	AB636939.1.1447 Bacteria;Pseudomonadota;Alphaproteobacteria;Sphingomonadales;Sphingomonadaceae;Incertae Sedis;uncultured bacterium
ST-10	96.364	440	15	1	3	442	311	749	0.0	723	LT629743.2905719.2907206 Bacteria;Pseudomonadota;Alphaproteobacteria;Sphingomonadales;Sphingomonadaceae;Erythrobacter;Erythrobacter sp. HL-111
ST-10	96.364	440	15	1	3	442	283	721	0.0	723	AB681851.1.1412 Bacteria;Pseudomonadota;Alphaproteobacteria;Sphingomonadales;Sphingomonadaceae;Sphingobium;Sphingobium cloacae
ST-10	96.364	440	15	1	3	442	288	726	0.0	723	KT750339.1.1436 Bacteria;Pseudomonadota;Alphaproteobacteria;Sphingomonadales;Sphingomonadaceae;Novosphingobium;Novosphingobium flavum
ST-10	96.364	440	15	1	3	442	47	485	0.0	723	KY498225.1.1222 Bacteria;Pseudomonadota;Alphaproteobacteria;Sphingomonadales;Sphingomonadaceae;Tsuneonella;Oculatella atacamensis ATA3-4Q-CV5
ST-10	96.364	440	15	1	3	442	273	711	0.0	723	KJ528315.1.1390 Bacteria;Pseudomonadota;Alphaproteobacteria;Sphingomonadales;Sphingomonadaceae;Blastomonas;Blastomonas sp. N5-10m-1
ST-10	96.364	440	15	1	3	442	293	731	0.0	723	KY445648.1.1433 Bacteria;Pseudomonadota;Alphaproteobacteria;Sphingomonadales;Sphingomonadaceae;Sphingomonas;Sphingomonas sp.
ST-10	96.364	440	15	1	3	442	297	735	0.0	723	AB524074.1.1447 Bacteria;Pseudomonadota;Alphaproteobacteria;Sphingomonadales;Sphingomonadaceae;Parasphingopyxis;Parasphingopyxis lamellibrachiae
ST-10	96.364	440	15	1	3	442	292	730	0.0	723	KY386535.1.1454 Bacteria;Pseudomonadota;Alphaproteobacteria;Sphingomonadales;Sphingomonadaceae;Sphingomonas;Sphingomonas sp.
ST-10	96.364	440	15	1	3	442	291	729	0.0	723	KY121990.1.1441 Bacteria;Pseudomonadota;Alphaproteobacteria;Sphingomonadales;Sphingomonadaceae;Sphingomonas;Sphingomonas sp.
ST-10	96.364	440	15	1	3	442	277	715	0.0	723	EU130953.1.1396 Bacteria;Pseudomonadota;Alphaproteobacteria;Sphingomonadales;Sphingomonadaceae;Sphingomonas;Afipia sp. BAC146
ST-10	96.364	440	15	1	3	442	303	741	0.0	723	AB202200.1.1445 Bacteria;Pseudomonadota;Alphaproteobacteria;Sphingomonadales;Sphingomonadaceae;Novosphingobium;bacterium 072827
ST-10	96.364	440	15	1	3	442	289	727	0.0	723	KC735149.1.1426 Bacteria;Pseudomonadota;Alphaproteobacteria;Sphingomonadales;Sphingomonadaceae;Sphingomonas;Sphingomonas naasensis
ST-10	96.364	440	15	1	3	442	303	741	0.0	723	GU227429.1.1448 Bacteria;Pseudomonadota;Alphaproteobacteria;Sphingomonadales;Sphingomonadaceae;Erythrobacter;Erythrobacter sp. CJ012
ST-10	96.364	440	15	1	3	442	303	741	0.0	723	KP257600.1.1451 Bacteria;Pseudomonadota;Alphaproteobacteria;Sphingomonadales;Sphingomonadaceae;Sphingobium;Sphingobium phenoxybenzoativorans
ST-10	96.364	440	15	1	3	442	303	741	0.0	723	FN397680.1.1479 Bacteria;Pseudomonadota;Alphaproteobacteria;Sphingomonadales;Sphingomonadaceae;Croceibacterium;Altererythrobacter sp. AMV9
ST-10	96.364	440	15	1	3	442	280	718	0.0	723	KM253232.1.1404 Bacteria;Pseudomonadota;Alphaproteobacteria;Sphingomonadales;Sphingomonadaceae;Sphingomonas;Sphingomonas sp. UR 7-12
ST-10	96.364	440	15	1	3	442	257	695	0.0	723	LN913073.1.1360 Bacteria;Pseudomonadota;Alphaproteobacteria;Sphingomonadales;Sphingomonadaceae;Sphingobium;Hephaestia sp. DUSK 48
ST-10	96.364	440	15	1	3	442	306	744	0.0	723	JQ977105.1.1456 Bacteria;Pseudomonadota;Alphaproteobacteria;Sphingomonadales;Sphingomonadaceae;Sphingomonas;Sphingomonas sp. Cra20
ST-10	96.364	440	15	1	3	442	303	741	0.0	723	LC160264.1.1413 Bacteria;Pseudomonadota;Alphaproteobacteria;Sphingomonadales;Sphingomonadaceae;Rhizorhapis;Sphingomonas gotjawalisoli
ST-10	96.364	440	15	1	3	442	274	712	0.0	723	KR708912.1.1394 Bacteria;Pseudomonadota;Alphaproteobacteria;Sphingomonadales;Sphingomonadaceae;Sphingomonas;Sphingomonas roseiflava
ST-10	96.364	440	15	1	3	442	302	740	0.0	723	KC410867.1.1447 Bacteria;Pseudomonadota;Alphaproteobacteria;Sphingomonadales;Sphingomonadaceae;Novosphingobium;Novosphingobium sp. DC-9
ST-10	96.364	440	15	1	3	442	303	741	0.0	723	FJ999662.1.1450 Bacteria;Pseudomonadota;Alphaproteobacteria;Sphingomonadales;Sphingomonadaceae;Blastomonas;Sphingomonas phyllosphaerae
ST-10	96.364	440	15	1	3	442	283	721	0.0	723	FJ948169.1.1411 Bacteria;Pseudomonadota;Alphaproteobacteria;Sphingomonadales;Sphingomonadaceae;Hephaestia;Hephaestia caeni
ST-10	96.364	440	15	1	3	442	281	719	0.0	723	MF980915.1.1409 Bacteria;Pseudomonadota;Alphaproteobacteria;Sphingomonadales;Sphingomonadaceae;Sphingobium;Sphingobium aquiterrae
ST-10	96.364	440	15	1	3	442	303	741	0.0	723	AB257639.1.1479 Bacteria;Pseudomonadota;Alphaproteobacteria;Sphingomonadales;Sphingomonadaceae;Sphingomonas;uncultured Alphaproteobacteria bacterium
ST-10	96.364	440	15	1	3	442	283	721	0.0	723	FJ686047.1.1410 Bacteria;Pseudomonadota;Alphaproteobacteria;Sphingomonadales;Sphingomonadaceae;Sphingobium;Sphingobium wenxiniae
ST-10	96.364	440	15	1	3	442	140	578	0.0	723	AB066230.1.1266 Bacteria;Pseudomonadota;Alphaproteobacteria;Sphingomonadales;Sphingomonadaceae;Sphingobium;Sphingomonas sp. PT20
ST-10	96.364	440	15	1	3	442	303	741	0.0	723	DJ344662.1.1452 Bacteria;Pseudomonadota;Alphaproteobacteria;Sphingomonadales;Sphingomonadaceae;Sphingobium;Sphingomonadaceae
ST-10	96.364	440	15	1	3	442	275	713	0.0	723	KM035959.1.1395 Bacteria;Pseudomonadota;Alphaproteobacteria;Sphingomonadales;Sphingomonadaceae;Novosphingobium;Novosphingobium sp. THG-DN6.4
ST-10	96.364	440	15	1	3	442	273	711	0.0	723	JQ418294.1.1392 Bacteria;Pseudomonadota;Alphaproteobacteria;Sphingomonadales;Sphingomonadaceae;Novosphingobium;Novosphingobium sp. AH-E
ST-10	96.364	440	15	1	3	442	262	700	0.0	723	Y13774.1.1421 Bacteria;Pseudomonadota;Alphaproteobacteria;Sphingomonadales;Sphingomonadaceae;Blastomonas;Blastomonas natatoria
ST-10	96.364	440	15	1	3	442	278	716	0.0	723	Y10677.1.1430 Bacteria;Pseudomonadota;Alphaproteobacteria;Sphingomonadales;Sphingomonadaceae;Blastomonas;Blastomonas ursincola
ST-10	96.364	440	15	1	3	442	265	703	0.0	723	FJ373058.1.1401 Bacteria;Pseudomonadota;Alphaproteobacteria;Sphingomonadales;Sphingomonadaceae;Sphingobium;Sphingobium faniae
ST-10	96.364	440	15	1	3	442	283	721	0.0	723	AY234707.1.1429 Bacteria;Pseudomonadota;Alphaproteobacteria;Sphingomonadales;Sphingomonadaceae;Ellin6055;bacterium Ellin6055
ST-10	96.364	440	15	1	3	442	291	729	0.0	723	AB040739.1.1417 Bacteria;Pseudomonadota;Alphaproteobacteria;Sphingomonadales;Sphingomonadaceae;Sphingobium;Sphingobium cloacae
ST-10	96.364	440	15	1	3	442	288	726	0.0	723	JQ687103.1.1411 Bacteria;Pseudomonadota;Alphaproteobacteria;Sphingomonadales;Sphingomonadaceae;Novosphingobium;Novosphingobium sp. UKW20
ST-10	96.364	440	15	1	3	442	251	689	0.0	723	FJ177534.1.1387 Bacteria;Pseudomonadota;Alphaproteobacteria;Sphingomonadales;Sphingomonadaceae;Novosphingobium;Novosphingobium sediminicola
ST-10	96.364	440	15	1	3	442	304	742	0.0	723	AJ416411.1.1485 Bacteria;Pseudomonadota;Alphaproteobacteria;Sphingomonadales;Sphingomonadaceae;Novosphingobium;Novosphingobium hassiacum
ST-10	96.364	440	15	1	3	442	293	731	0.0	723	JQ236840.1.1406 Bacteria;Pseudomonadota;Alphaproteobacteria;Sphingomonadales;Sphingomonadaceae;Sphingomonas;Sphingomonas sp. hswX148
ST-10	96.364	440	15	1	3	442	303	741	0.0	723	JN695620.1.1462 Bacteria;Pseudomonadota;Alphaproteobacteria;Sphingomonadales;Sphingomonadaceae;Sphingobium;Sphingobium baderi LL03
ST-10	96.364	440	15	1	3	442	265	703	0.0	723	AB008391.1.1400 Bacteria;Pseudomonadota;Alphaproteobacteria;Sphingomonadales;Sphingomonadaceae;Sphingomonas;Sphingomonas leidyi
ST-10	96.364	440	15	1	3	442	272	710	0.0	723	JN082739.1.1372 Bacteria;Pseudomonadota;Alphaproteobacteria;Sphingomonadales;Sphingomonadaceae;Novosphingobium;Novosphingobium sp. MN6
ST-10	96.355	439	15	1	3	441	250	687	0.0	721	FJ478653.1.1397 Bacteria;Pseudomonadota;Alphaproteobacteria;Sphingomonadales;Sphingomonadaceae;Ellin6055;uncultured bacterium
ST-10	96.163	443	13	4	3	442	306	747	0.0	721	JQ919525.1.1334 Bacteria;Pseudomonadota;Alphaproteobacteria;Sphingomonadales;Sphingomonadaceae;Sphingobium;uncultured Alphaproteobacteria bacterium
ST-10	96.347	438	15	1	5	442	237	673	0.0	721	AB002653.1.1372 Bacteria;Pseudomonadota;Alphaproteobacteria;Sphingomonadales;Sphingomonadaceae;Blastomonas;alpha proteobacterium HTA473
ST-10	96.145	441	15	2	3	442	303	742	0.0	719	FPLS01003511.12.1482 Bacteria;Pseudomonadota;Alphaproteobacteria;Sphingomonadales;Sphingomonadaceae;Incertae Sedis;metagenome
ST-10	96.347	438	15	1	3	440	303	739	0.0	719	JN868836.1.1479 Bacteria;Pseudomonadota;Alphaproteobacteria;Sphingomonadales;Sphingomonadaceae;Qipengyuania;uncultured bacterium
ST-10	96.347	438	15	1	3	440	265	701	0.0	719	HM438359.1.1439 Bacteria;Pseudomonadota;Alphaproteobacteria;Sphingomonadales;Sphingomonadaceae;Incertae Sedis;uncultured Sphingomonadaceae bacterium
ST-10	96.347	438	15	1	5	442	289	725	0.0	719	DQ676432.1.1392 Bacteria;Pseudomonadota;Alphaproteobacteria;Sphingomonadales;Sphingomonadaceae;Novosphingobium;uncultured Alphaproteobacteria bacterium
ST-10	96.145	441	15	2	3	442	265	704	0.0	719	JN024076.1.1443 Bacteria;Pseudomonadota;Alphaproteobacteria;Sphingomonadales;Sphingomonadaceae;Incertae Sedis;uncultured bacterium
ST-10	96.145	441	15	2	3	442	303	742	0.0	719	EU071484.1.1450 Bacteria;Pseudomonadota;Alphaproteobacteria;Sphingomonadales;Sphingomonadaceae;Sphingomonas;uncultured Sphingomonas sp.
ST-10	96.154	442	14	3	3	442	261	701	0.0	719	KT956996.1.1371 Bacteria;Pseudomonadota;Alphaproteobacteria;Sphingomonadales;Sphingomonadaceae;Blastomonas;Blastomonas natatoria
ST-10	96.145	441	15	2	3	442	215	654	0.0	719	JF920114.1.1275 Bacteria;Pseudomonadota;Alphaproteobacteria;Sphingomonadales;Sphingomonadaceae;Blastomonas;Sphingomonas sp. TS-001
ST-10	96.145	441	15	2	3	442	302	741	0.0	719	AB104886.1.1418 Bacteria;Pseudomonadota;Alphaproteobacteria;Sphingomonadales;Sphingomonadaceae;Sphingobium;Sphingomonas sp. A4
ST-10	96.145	441	15	2	3	442	308	747	0.0	719	FJ796422.1.1459 Bacteria;Pseudomonadota;Alphaproteobacteria;Sphingomonadales;Sphingomonadaceae;Sphingobium;Sphingobium subterraneum
ST-10	96.136	440	16	1	3	442	259	697	0.0	719	KU523694.1.1373 Bacteria;Pseudomonadota;Alphaproteobacteria;Sphingomonadales;Sphingomonadaceae;Novosphingobium;Novosphingobium sp. THG-C3
ST-10	96.136	440	16	1	3	442	309	747	0.0	717	ATHL01000125.103.1595 Bacteria;Pseudomonadota;Alphaproteobacteria;Sphingomonadales;Sphingomonadaceae;Novosphingobium;Novosphingobium lindaniclasticum LE124
ST-10	96.136	440	16	1	3	442	303	741	0.0	717	FPLS01046092.16.1480 Bacteria;Pseudomonadota;Alphaproteobacteria;Sphingomonadales;Sphingomonadaceae;Novosphingobium;metagenome
ST-10	96.136	440	16	1	3	442	303	741	0.0	717	FPLS01056810.10.1428 Bacteria;Pseudomonadota;Alphaproteobacteria;Sphingomonadales;Sphingomonadaceae;Sphingomonas;metagenome
