ST-A29	99.549	443	2	0	1	443	327	769	0.0	808	AB042085.1.1507 Bacteria;Actinomycetota;Actinobacteria;Micrococcales;Microbacteriaceae;Microbacterium;Microbacterium sp. VKM Ac-2051
ST-A29	99.549	443	2	0	1	443	326	768	0.0	808	AB042080.1.1505 Bacteria;Actinomycetota;Actinobacteria;Micrococcales;Microbacteriaceae;Microbacterium;Microbacterium sp. VKM Ac-2015
ST-A29	99.549	443	2	0	1	443	329	771	0.0	808	AB042084.1.1509 Bacteria;Actinomycetota;Actinobacteria;Micrococcales;Microbacteriaceae;Microbacterium;Microbacterium sp. VKM Ac-2050
ST-A29	99.549	443	2	0	1	443	325	767	0.0	808	AB042075.1.1507 Bacteria;Actinomycetota;Actinobacteria;Micrococcales;Microbacteriaceae;Microbacterium;Microbacterium sp. VKM Ac-1808
ST-A29	99.548	442	2	0	2	443	306	747	0.0	806	DQ417926.1.1464 Bacteria;Actinomycetota;Actinobacteria;Micrococcales;Microbacteriaceae;Microbacterium;Microbacterium sp. ZD-M2
ST-A29	99.548	442	2	0	2	443	345	786	0.0	806	DQ350817.1.1531 Bacteria;Actinomycetota;Actinobacteria;Micrococcales;Microbacteriaceae;Microbacterium;Microbacterium saperdae
ST-A29	99.548	442	2	0	2	443	342	783	0.0	806	CP012299.1345047.1346575 Bacteria;Actinomycetota;Actinobacteria;Micrococcales;Microbacteriaceae;Microbacterium;Microbacterium sp. CGR1
ST-A29	99.548	442	2	0	2	443	342	783	0.0	806	CP012299.2162566.2164094 Bacteria;Actinomycetota;Actinobacteria;Micrococcales;Microbacteriaceae;Microbacterium;Microbacterium sp. CGR1
ST-A29	99.548	442	2	0	2	443	314	755	0.0	806	DQ814695.1.1438 Bacteria;Actinomycetota;Actinobacteria;Micrococcales;Microbacteriaceae;Microbacterium;uncultured bacterium
ST-A29	99.548	442	2	0	2	443	341	782	0.0	806	CP019892.3294175.3295702 Bacteria;Actinomycetota;Actinobacteria;Micrococcales;Microbacteriaceae;Microbacterium;Microbacterium foliorum
ST-A29	99.548	442	2	0	2	443	341	782	0.0	806	CP019892.2459555.2461082 Bacteria;Actinomycetota;Actinobacteria;Micrococcales;Microbacteriaceae;Microbacterium;Microbacterium foliorum
ST-A29	99.548	442	2	0	2	443	341	782	0.0	806	CP018151.2298116.2299643 Bacteria;Actinomycetota;Actinobacteria;Micrococcales;Microbacteriaceae;Microbacterium;Microbacterium sp. 1.5R
ST-A29	99.548	442	2	0	2	443	341	782	0.0	806	CP018151.3181352.3182879 Bacteria;Actinomycetota;Actinobacteria;Micrococcales;Microbacteriaceae;Microbacterium;Microbacterium sp. 1.5R
ST-A29	99.548	442	2	0	2	443	309	750	0.0	806	GU082325.1.1470 Bacteria;Actinomycetota;Actinobacteria;Micrococcales;Microbacteriaceae;Microbacterium;Microbacterium sp. enrichment culture clone ts0625T
ST-A29	99.548	442	2	0	2	443	332	773	0.0	806	AY864634.1.1420 Bacteria;Actinomycetota;Actinobacteria;Micrococcales;Microbacteriaceae;Microbacterium;Microbacterium sp. DVS4a2
ST-A29	99.548	442	2	0	2	443	302	743	0.0	806	MH325273.1.1204 Bacteria;Actinomycetota;Actinobacteria;Micrococcales;Microbacteriaceae;Microbacterium;Micrococcus sp.
ST-A29	99.548	442	2	0	2	443	297	738	0.0	806	MH144271.1.1455 Bacteria;Actinomycetota;Actinobacteria;Micrococcales;Microbacteriaceae;Microbacterium;Microbacterium oxydans
ST-A29	99.548	442	2	0	2	443	298	739	0.0	806	MH144295.1.1413 Bacteria;Actinomycetota;Actinobacteria;Micrococcales;Microbacteriaceae;Microbacterium;Microbacterium phyllosphaerae
ST-A29	99.548	442	2	0	2	443	297	738	0.0	806	MH144309.1.1412 Bacteria;Actinomycetota;Actinobacteria;Micrococcales;Microbacteriaceae;Microbacterium;Microbacterium oxydans
ST-A29	99.548	442	2	0	2	443	348	789	0.0	806	KY612279.1.1547 Bacteria;Actinomycetota;Actinobacteria;Micrococcales;Microbacteriaceae;Microbacterium;Microbacterium phyllosphaerae
ST-A29	99.548	442	2	0	2	443	258	699	0.0	806	KR088388.1.1600 Bacteria;Actinomycetota;Actinobacteria;Micrococcales;Microbacteriaceae;Microbacterium;Microbacterium saperdae
ST-A29	99.387	163	1	0	281	443	798	960	1.61e-78	296	KR088388.1.1600 Bacteria;Actinomycetota;Actinobacteria;Micrococcales;Microbacteriaceae;Microbacterium;Microbacterium saperdae
ST-A29	99.548	442	2	0	2	443	334	775	0.0	806	KR085809.1.1490 Bacteria;Actinomycetota;Actinobacteria;Micrococcales;Microbacteriaceae;Microbacterium;Microbacterium oxydans
ST-A29	99.548	442	2	0	2	443	312	753	0.0	806	KR055025.1.1445 Bacteria;Actinomycetota;Actinobacteria;Micrococcales;Microbacteriaceae;Microbacterium;Microbacterium sp. KAR64
ST-A29	99.548	442	2	0	2	443	307	748	0.0	806	KJ504166.1.1437 Bacteria;Actinomycetota;Actinobacteria;Micrococcales;Microbacteriaceae;Microbacterium;Microbacterium sp. Y-fx6
ST-A29	99.548	442	2	0	2	443	318	759	0.0	806	HQ260891.1.1456 Bacteria;Actinomycetota;Actinobacteria;Micrococcales;Microbacteriaceae;Microbacterium;Microbacterium sp. MW3
ST-A29	99.548	442	2	0	2	443	309	750	0.0	806	HQ219961.1.1442 Bacteria;Actinomycetota;Actinobacteria;Micrococcales;Microbacteriaceae;Microbacterium;Microbacterium oxydans
ST-A29	99.548	442	2	0	2	443	288	729	0.0	806	KU612235.1.1393 Bacteria;Actinomycetota;Actinobacteria;Micrococcales;Microbacteriaceae;Microbacterium;Microbacterium sp. S4
ST-A29	99.548	442	2	0	2	443	268	709	0.0	806	KF454839.1.1364 Bacteria;Actinomycetota;Actinobacteria;Micrococcales;Microbacteriaceae;Microbacterium;Microbacterium oxydans
ST-A29	99.548	442	2	0	2	443	269	710	0.0	806	KF454838.1.1366 Bacteria;Actinomycetota;Actinobacteria;Micrococcales;Microbacteriaceae;Microbacterium;Microbacterium oxydans
ST-A29	99.548	442	2	0	2	443	308	749	0.0	806	MG719537.1.1435 Bacteria;Actinomycetota;Actinobacteria;Micrococcales;Microbacteriaceae;Microbacterium;Microbacterium foliorum
ST-A29	99.548	442	2	0	2	443	297	738	0.0	806	KM894196.1.1438 Bacteria;Actinomycetota;Actinobacteria;Micrococcales;Microbacteriaceae;Microbacterium;Microbacterium oxydans
ST-A29	99.548	442	2	0	2	443	304	745	0.0	806	HQ831379.1.1425 Bacteria;Actinomycetota;Actinobacteria;Micrococcales;Microbacteriaceae;Microbacterium;Microbacterium phyllosphaerae
ST-A29	99.548	442	2	0	2	443	307	748	0.0	806	MG576164.1.1433 Bacteria;Actinomycetota;Actinobacteria;Micrococcales;Microbacteriaceae;Microbacterium;Microbacterium sp.
ST-A29	99.548	442	2	0	2	443	309	750	0.0	806	KM253049.1.1434 Bacteria;Actinomycetota;Actinobacteria;Micrococcales;Microbacteriaceae;Microbacterium;Microbacterium sp. DT 3-07
ST-A29	99.548	442	2	0	2	443	300	741	0.0	806	JQ977681.1.1420 Bacteria;Actinomycetota;Actinobacteria;Micrococcales;Microbacteriaceae;Microbacterium;Microbacterium sp. Drb5
ST-A29	99.548	442	2	0	2	443	307	748	0.0	806	JQ977619.1.1440 Bacteria;Actinomycetota;Actinobacteria;Micrococcales;Microbacteriaceae;Microbacterium;Microbacterium sp. Emb12
ST-A29	99.548	442	2	0	2	443	311	752	0.0	806	JQ977593.1.1446 Bacteria;Actinomycetota;Actinobacteria;Micrococcales;Microbacteriaceae;Microbacterium;Microbacterium sp. Ala8
ST-A29	99.548	442	2	0	2	443	313	754	0.0	806	JQ977598.1.1443 Bacteria;Actinomycetota;Actinobacteria;Micrococcales;Microbacteriaceae;Microbacterium;Microbacterium sp. Ala28
ST-A29	99.548	442	2	0	2	443	312	753	0.0	806	JQ977553.1.1443 Bacteria;Actinomycetota;Actinobacteria;Micrococcales;Microbacteriaceae;Microbacterium;Microbacterium sp. Bma25
ST-A29	99.548	442	2	0	2	443	303	744	0.0	806	JQ977480.1.1427 Bacteria;Actinomycetota;Actinobacteria;Micrococcales;Microbacteriaceae;Microbacterium;Microbacterium sp. Bma10
ST-A29	99.548	442	2	0	2	443	302	743	0.0	806	JQ977208.1.1423 Bacteria;Actinomycetota;Actinobacteria;Micrococcales;Microbacteriaceae;Microbacterium;Microbacterium sp. Rs52
ST-A29	99.548	442	2	0	2	443	308	749	0.0	806	JQ977247.1.1437 Bacteria;Actinomycetota;Actinobacteria;Micrococcales;Microbacteriaceae;Microbacterium;Microbacterium sp. Aza23
ST-A29	99.548	442	2	0	2	443	307	748	0.0	806	JQ977290.1.1434 Bacteria;Actinomycetota;Actinobacteria;Micrococcales;Microbacteriaceae;Microbacterium;Microbacterium sp. Gzab16
ST-A29	99.548	442	2	0	2	443	313	754	0.0	806	AY395021.1.1468 Bacteria;Actinomycetota;Actinobacteria;Micrococcales;Microbacteriaceae;Microbacterium;Microbacterium sp. NAB17
ST-A29	99.548	442	2	0	2	443	305	746	0.0	806	FJ959372.1.1422 Bacteria;Actinomycetota;Actinobacteria;Micrococcales;Microbacteriaceae;Microbacterium;Microbacterium sp. 0-20
ST-A29	99.548	442	2	0	2	443	305	746	0.0	806	KC019198.1.1433 Bacteria;Actinomycetota;Actinobacteria;Micrococcales;Microbacteriaceae;Microbacterium;Microbacterium foliorum
ST-A29	99.548	442	2	0	2	443	312	753	0.0	806	EU834267.1.1439 Bacteria;Actinomycetota;Actinobacteria;Micrococcales;Microbacteriaceae;Microbacterium;Microbacterium oxydans
ST-A29	99.548	442	2	0	2	443	309	750	0.0	806	EU834273.1.1436 Bacteria;Actinomycetota;Actinobacteria;Micrococcales;Microbacteriaceae;Microbacterium;Microbacterium phyllosphaerae
ST-A29	99.548	442	2	0	2	443	304	745	0.0	806	EU821338.1.1563 Bacteria;Actinomycetota;Actinobacteria;Micrococcales;Microbacteriaceae;Microbacterium;Microbacterium oxydans
ST-A29	99.548	442	2	0	2	443	292	733	0.0	806	EU723168.1.1319 Bacteria;Actinomycetota;Actinobacteria;Micrococcales;Microbacteriaceae;Microbacterium;actinobacterium kmd_340
ST-A29	99.548	442	2	0	2	443	305	746	0.0	806	KM100587.1.1431 Bacteria;Actinomycetota;Actinobacteria;Micrococcales;Microbacteriaceae;Microbacterium;Microbacterium sp. THG-J11
ST-A29	99.548	442	2	0	2	443	324	765	0.0	806	AJ698726.1.1495 Bacteria;Actinomycetota;Actinobacteria;Micrococcales;Microbacteriaceae;Microbacterium;Microbacterium hydrocarbonoxydans
ST-A29	99.548	442	2	0	2	443	315	756	0.0	806	Y17236.1.1473 Bacteria;Actinomycetota;Actinobacteria;Micrococcales;Microbacteriaceae;Microbacterium;Microbacterium saperdae
ST-A29	99.548	442	2	0	2	443	305	746	0.0	806	MF581435.1.1430 Bacteria;Actinomycetota;Actinobacteria;Micrococcales;Microbacteriaceae;Microbacterium;Microbacterium sp.
ST-A29	99.548	442	2	0	2	443	272	713	0.0	806	KY742777.1.1340 Bacteria;Actinomycetota;Actinobacteria;Micrococcales;Microbacteriaceae;Microbacterium;Microbacterium sp.
ST-A29	99.548	442	2	0	2	443	283	724	0.0	806	JQ012995.1.1402 Bacteria;Actinomycetota;Actinobacteria;Micrococcales;Microbacteriaceae;Microbacterium;Microbacterium sp. 371
ST-A29	99.548	442	2	0	2	443	302	743	0.0	806	JN993727.1.1419 Bacteria;Actinomycetota;Actinobacteria;Micrococcales;Microbacteriaceae;Microbacterium;Microbacterium foliorum
ST-A29	99.548	442	2	0	2	443	312	753	0.0	806	AJ277840.1.1478 Bacteria;Actinomycetota;Actinobacteria;Micrococcales;Microbacteriaceae;Microbacterium;Microbacterium phyllosphaerae
ST-A29	99.321	442	3	0	2	443	304	745	0.0	802	Y17235.1.1462 Bacteria;Actinomycetota;Actinobacteria;Micrococcales;Microbacteriaceae;Microbacterium;Microbacterium luteolum
ST-A29	99.321	442	3	0	2	443	301	742	0.0	800	DQ357776.1.1426 Bacteria;Actinomycetota;Actinobacteria;Micrococcales;Microbacteriaceae;Microbacterium;Microbacterium sp. B5-6a
ST-A29	99.321	442	3	0	2	443	285	726	0.0	800	DQ270680.1.1387 Bacteria;Actinomycetota;Actinobacteria;Micrococcales;Microbacteriaceae;Microbacterium;Microbacterium sp. B-1122
ST-A29	99.321	442	3	0	2	443	333	774	0.0	800	JX515433.1.1485 Bacteria;Actinomycetota;Actinobacteria;Micrococcales;Microbacteriaceae;Microbacterium;uncultured bacterium
ST-A29	99.323	443	2	1	2	443	305	747	0.0	800	KP843032.1.1434 Bacteria;Actinomycetota;Actinobacteria;Micrococcales;Microbacteriaceae;Microbacterium;uncultured bacterium
ST-A29	99.321	442	3	0	2	443	274	715	0.0	800	MK100468.1.1246 Bacteria;Actinomycetota;Actinobacteria;Micrococcales;Microbacteriaceae;Microbacterium;Microbacterium maritypicum
ST-A29	99.321	442	3	0	2	443	283	724	0.0	800	MF326573.1.1273 Bacteria;Actinomycetota;Actinobacteria;Micrococcales;Microbacteriaceae;Microbacterium;Microbacterium oxydans
ST-A29	99.321	442	3	0	2	443	278	719	0.0	800	KX056919.1.1303 Bacteria;Actinomycetota;Actinobacteria;Micrococcales;Microbacteriaceae;Microbacterium;Microbacterium sp.
ST-A29	99.321	442	3	0	2	443	309	750	0.0	800	MF326576.1.1274 Bacteria;Actinomycetota;Actinobacteria;Micrococcales;Microbacteriaceae;Microbacterium;Microbacterium oxydans
ST-A29	99.321	442	3	0	2	443	95	536	0.0	800	MH751910.1.1206 Bacteria;Actinomycetota;Actinobacteria;Micrococcales;Microbacteriaceae;Microbacterium;Microbacterium maritypicum
ST-A29	99.321	442	3	0	2	443	162	603	0.0	800	MH749462.1.1270 Bacteria;Actinomycetota;Actinobacteria;Micrococcales;Microbacteriaceae;Microbacterium;Microbacterium maritypicum
ST-A29	99.323	443	2	1	2	443	262	704	0.0	800	KU712001.1.1347 Bacteria;Actinomycetota;Actinobacteria;Micrococcales;Microbacteriaceae;Microbacterium;Microbacterium oxydans
ST-A29	99.321	442	3	0	2	443	254	695	0.0	800	KU711963.1.1340 Bacteria;Actinomycetota;Actinobacteria;Micrococcales;Microbacteriaceae;Microbacterium;Microbacterium oxydans
ST-A29	99.321	442	3	0	2	443	333	774	0.0	800	AP017975.326702.328205 Bacteria;Actinomycetota;Actinobacteria;Micrococcales;Microbacteriaceae;Microbacterium;Microbacterium sp. TPU 3598
ST-A29	99.321	442	3	0	2	443	333	774	0.0	800	AP017975.1343769.1345272 Bacteria;Actinomycetota;Actinobacteria;Micrococcales;Microbacteriaceae;Microbacterium;Microbacterium sp. TPU 3598
ST-A29	99.321	442	3	0	2	443	323	764	0.0	800	MH211256.1.1434 Bacteria;Actinomycetota;Actinobacteria;Micrococcales;Microbacteriaceae;Microbacterium;Microbacterium hydrocarbonoxydans
ST-A29	99.321	442	3	0	2	443	286	727	0.0	800	MH165376.1.1438 Bacteria;Actinomycetota;Actinobacteria;Micrococcales;Microbacteriaceae;Microbacterium;Microbacterium oxydans
ST-A29	99.321	442	3	0	2	443	304	745	0.0	800	JF730219.1.1427 Bacteria;Actinomycetota;Actinobacteria;Micrococcales;Microbacteriaceae;Microbacterium;Microbacterium sp. Chr-11
ST-A29	99.321	442	3	0	2	443	293	734	0.0	800	KJ139435.1.1414 Bacteria;Actinomycetota;Actinobacteria;Micrococcales;Microbacteriaceae;Microbacterium;Microbacterium sp. TS-3
ST-A29	99.321	442	3	0	2	443	295	736	0.0	800	KJ128976.1.1411 Bacteria;Actinomycetota;Actinobacteria;Micrococcales;Microbacteriaceae;Microbacterium;actinobacterium FJ4JKDS9
ST-A29	99.321	442	3	0	2	443	303	744	0.0	800	KY312729.1.1426 Bacteria;Actinomycetota;Actinobacteria;Micrococcales;Microbacteriaceae;Microbacterium;Microbacterium maritypicum
ST-A29	99.321	442	3	0	2	443	306	747	0.0	800	MG719577.1.1431 Bacteria;Actinomycetota;Actinobacteria;Micrococcales;Microbacteriaceae;Microbacterium;Microbacterium oxydans
ST-A29	99.321	442	3	0	2	443	330	771	0.0	800	EU158324.1.1512 Bacteria;Actinomycetota;Actinobacteria;Micrococcales;Microbacteriaceae;Microbacterium;Microbacterium sp. 5
ST-A29	99.321	442	3	0	2	443	314	755	0.0	800	HQ832574.1.1450 Bacteria;Actinomycetota;Actinobacteria;Micrococcales;Microbacteriaceae;Microbacterium;Microbacterium foliorum
ST-A29	99.321	442	3	0	2	443	304	745	0.0	800	JQ977540.1.1425 Bacteria;Actinomycetota;Actinobacteria;Micrococcales;Microbacteriaceae;Microbacterium;Microbacterium sp. Bca57
ST-A29	99.321	442	3	0	2	443	307	748	0.0	800	JQ977597.1.1436 Bacteria;Actinomycetota;Actinobacteria;Micrococcales;Microbacteriaceae;Microbacterium;Microbacterium sp. Ala23
ST-A29	99.321	442	3	0	2	443	305	746	0.0	800	KR906218.1.1434 Bacteria;Actinomycetota;Actinobacteria;Micrococcales;Microbacteriaceae;Microbacterium;Microbacterium sp. HBUM179109
ST-A29	99.321	442	3	0	2	443	305	746	0.0	800	KR906367.1.1429 Bacteria;Actinomycetota;Actinobacteria;Micrococcales;Microbacteriaceae;Microbacterium;Microbacterium sp. HBUM179731
ST-A29	99.321	442	3	0	2	443	302	743	0.0	800	KR906224.1.1436 Bacteria;Actinomycetota;Actinobacteria;Micrococcales;Microbacteriaceae;Microbacterium;Microbacterium sp. HBUM179155
ST-A29	99.321	442	3	0	2	443	305	746	0.0	800	KR906255.1.1437 Bacteria;Actinomycetota;Actinobacteria;Micrococcales;Microbacteriaceae;Microbacterium;Microbacterium sp. HBUM179307
ST-A29	99.321	442	3	0	2	443	298	739	0.0	800	EF514877.1.1421 Bacteria;Actinomycetota;Actinobacteria;Micrococcales;Microbacteriaceae;Microbacterium;Microbacterium sp. PAO-12
ST-A29	99.321	442	3	0	2	443	297	738	0.0	800	KP214599.6.1225 Bacteria;Actinomycetota;Actinobacteria;Micrococcales;Microbacteriaceae;Microbacterium;Microbacterium maritypicum
ST-A29	99.321	442	3	0	2	443	297	738	0.0	800	JQ977115.1.1421 Bacteria;Actinomycetota;Actinobacteria;Micrococcales;Microbacteriaceae;Microbacterium;Microbacterium sp. Cra30
ST-A29	99.321	442	3	0	2	443	307	748	0.0	800	JQ977155.1.1437 Bacteria;Actinomycetota;Actinobacteria;Micrococcales;Microbacteriaceae;Microbacterium;Microbacterium sp. Era16
ST-A29	99.321	442	3	0	2	443	321	762	0.0	800	KF886283.1.1490 Bacteria;Actinomycetota;Actinobacteria;Micrococcales;Microbacteriaceae;Microbacterium;Microbacterium sp. CGS13
ST-A29	99.321	442	3	0	2	443	317	758	0.0	800	FJ950590.1.1447 Bacteria;Actinomycetota;Actinobacteria;Micrococcales;Microbacteriaceae;Microbacterium;Microbacterium oxydans
ST-A29	99.321	442	3	0	2	443	317	758	0.0	800	AM181506.1.1345 Bacteria;Actinomycetota;Actinobacteria;Micrococcales;Microbacteriaceae;Microbacterium;Microbacterium maritypicum
ST-A29	99.321	442	3	0	2	443	287	728	0.0	800	KC128945.1.1385 Bacteria;Actinomycetota;Actinobacteria;Micrococcales;Microbacteriaceae;Microbacterium;Microbacterium oxydans
ST-A29	99.321	442	3	0	2	443	291	732	0.0	800	KC119117.1.1407 Bacteria;Actinomycetota;Actinobacteria;Micrococcales;Microbacteriaceae;Microbacterium;Microbacterium sp. CMJ1-24
ST-A29	99.321	442	3	0	2	443	295	736	0.0	800	EU918731.1.1439 Bacteria;Actinomycetota;Actinobacteria;Micrococcales;Microbacteriaceae;Microbacterium;Microbacterium oxydans
ST-A29	99.323	443	2	1	2	443	284	726	0.0	800	KP120790.1.1390 Bacteria;Actinomycetota;Actinobacteria;Micrococcales;Microbacteriaceae;Microbacterium;Microbacterium sp. 91_40
ST-A29	99.321	442	3	0	2	443	212	653	0.0	800	MF767919.1.1384 Bacteria;Actinomycetota;Actinobacteria;Micrococcales;Microbacteriaceae;Microbacterium;Microbacterium oxydans
ST-A29	99.323	443	2	1	2	443	310	752	0.0	800	KM073970.1.1438 Bacteria;Actinomycetota;Actinobacteria;Micrococcales;Microbacteriaceae;Microbacterium;Microbacterium sp. THG S15-6
ST-A29	99.321	442	3	0	2	443	339	780	0.0	800	AJ853910.1.1437 Bacteria;Actinomycetota;Actinobacteria;Micrococcales;Microbacteriaceae;Microbacterium;Microbacterium maritypicum
ST-A29	99.323	443	2	1	1	443	327	768	0.0	800	AB042083.1.1507 Bacteria;Actinomycetota;Actinobacteria;Micrococcales;Microbacteriaceae;Microbacterium;Microbacterium sp. VKM Ac-2048
ST-A29	99.321	442	3	0	2	443	326	767	0.0	800	AB042079.1.1505 Bacteria;Actinomycetota;Actinobacteria;Micrococcales;Microbacteriaceae;Microbacterium;Microbacterium sp. VKM Ac-2014
ST-A29	99.321	442	3	0	2	443	311	752	0.0	800	EU434520.1.1439 Bacteria;Actinomycetota;Actinobacteria;Micrococcales;Microbacteriaceae;Microbacterium;Microbacterium maritypicum
ST-A29	99.323	443	2	1	2	443	301	743	0.0	800	KU221447.1.1446 Bacteria;Actinomycetota;Actinobacteria;Micrococcales;Microbacteriaceae;Microbacterium;bacterium T50
ST-A29	99.321	442	2	1	2	443	287	727	0.0	798	KR088442.1.1364 Bacteria;Actinomycetota;Actinobacteria;Micrococcales;Microbacteriaceae;Microbacterium;Microbacterium sp. Ze05
ST-A29	99.095	442	4	0	2	443	283	724	0.0	798	KU612236.1.1327 Bacteria;Actinomycetota;Actinobacteria;Micrococcales;Microbacteriaceae;Microbacterium;Microbacterium sp. S5
ST-A29	99.321	442	2	1	2	443	288	728	0.0	798	JX103449.1.1408 Bacteria;Actinomycetota;Actinobacteria;Micrococcales;Microbacteriaceae;Microbacterium;Microbacterium sp. 16S-11
ST-A29	99.320	441	3	0	3	443	315	755	0.0	798	FJ950591.1.1445 Bacteria;Actinomycetota;Actinobacteria;Micrococcales;Microbacteriaceae;Microbacterium;Microbacterium oxydans
ST-A29	99.320	441	3	0	3	443	179	619	0.0	798	MF767915.1.1305 Bacteria;Actinomycetota;Actinobacteria;Micrococcales;Microbacteriaceae;Microbacterium;Microbacterium hydrocarbonoxydans
ST-A29	99.099	444	2	2	2	443	315	758	0.0	797	KX022164.1.1456 Bacteria;Actinomycetota;Actinobacteria;Micrococcales;Microbacteriaceae;Microbacterium;uncultured bacterium
ST-A29	99.099	444	2	1	2	443	275	718	0.0	797	KP120772.1.1361 Bacteria;Actinomycetota;Actinobacteria;Micrococcales;Microbacteriaceae;Microbacterium;Microbacterium sp. 91_36.2
ST-A29	99.099	444	2	2	2	443	308	751	0.0	797	KM035943.1.1438 Bacteria;Actinomycetota;Actinobacteria;Micrococcales;Microbacteriaceae;Microbacterium;Microbacterium sp. THG-DN3.1
ST-A29	99.095	442	4	0	2	443	304	745	0.0	797	Y17227.1.1466 Bacteria;Actinomycetota;Actinobacteria;Micrococcales;Microbacteriaceae;Microbacterium;Microbacterium oxydans
ST-A29	99.099	444	2	2	2	443	334	777	0.0	797	MF541530.1.1492 Bacteria;Actinomycetota;Actinobacteria;Micrococcales;Microbacteriaceae;Microbacterium;Microbacterium phyllosphaerae
ST-A29	99.095	442	4	0	2	443	312	753	0.0	795	HM277697.1.1343 Bacteria;Actinomycetota;Actinobacteria;Micrococcales;Microbacteriaceae;Microbacterium;uncultured bacterium
ST-A29	99.095	442	4	0	2	443	333	774	0.0	795	EU537176.1.1383 Bacteria;Actinomycetota;Actinobacteria;Micrococcales;Microbacteriaceae;Microbacterium;uncultured bacterium
ST-A29	99.095	442	4	0	2	443	311	752	0.0	795	GQ009760.1.1342 Bacteria;Actinomycetota;Actinobacteria;Micrococcales;Microbacteriaceae;Microbacterium;uncultured bacterium
ST-A29	99.095	442	4	0	2	443	284	725	0.0	795	MF326575.1.1295 Bacteria;Actinomycetota;Actinobacteria;Micrococcales;Microbacteriaceae;Microbacterium;Microbacterium oxydans
ST-A29	99.097	443	3	1	2	443	307	749	0.0	795	HF934962.1.1450 Bacteria;Actinomycetota;Actinobacteria;Micrococcales;Microbacteriaceae;Microbacterium;Microbacterium luteolum
ST-A29	99.095	442	4	0	2	443	273	714	0.0	795	KU711970.1.1361 Bacteria;Actinomycetota;Actinobacteria;Micrococcales;Microbacteriaceae;Microbacterium;Microbacterium maritypicum
ST-A29	99.095	442	4	0	2	443	335	776	0.0	795	KP862607.1.1486 Bacteria;Actinomycetota;Actinobacteria;Micrococcales;Microbacteriaceae;Microbacterium;Microbacterium sp. RZS6
ST-A29	99.095	442	4	0	2	443	289	730	0.0	795	KJ184992.1.1371 Bacteria;Actinomycetota;Actinobacteria;Micrococcales;Microbacteriaceae;Microbacterium;Microbacterium sp. FSBRD6
ST-A29	99.095	442	4	0	2	443	295	736	0.0	795	KM874403.1.1403 Bacteria;Actinomycetota;Actinobacteria;Micrococcales;Microbacteriaceae;Microbacterium;Microbacterium oxydans
ST-A29	99.095	442	4	0	2	443	331	772	0.0	795	JX067690.1.1483 Bacteria;Actinomycetota;Actinobacteria;Micrococcales;Microbacteriaceae;Microbacterium;Microbacterium sp. SAP771.5
ST-A29	99.095	442	4	0	2	443	304	745	0.0	795	KX940925.1.1433 Bacteria;Actinomycetota;Actinobacteria;Micrococcales;Microbacteriaceae;Microbacterium;Microbacterium sp.
ST-A29	99.095	442	4	0	2	443	305	746	0.0	795	JQ977228.1.1431 Bacteria;Actinomycetota;Actinobacteria;Micrococcales;Microbacteriaceae;Microbacterium;Microbacterium sp. Cmb2
ST-A29	99.095	442	4	0	2	443	313	754	0.0	795	KR811203.1.1446 Bacteria;Actinomycetota;Actinobacteria;Micrococcales;Microbacteriaceae;Microbacterium;Microbacterium phyllosphaerae
ST-A29	99.095	442	4	0	2	443	338	779	0.0	795	JQ861547.1.1398 Bacteria;Actinomycetota;Actinobacteria;Micrococcales;Microbacteriaceae;Microbacterium;Microbacterium oxydans
ST-A29	99.095	442	4	0	2	443	313	754	0.0	795	KC182739.1.1390 Bacteria;Actinomycetota;Actinobacteria;Micrococcales;Microbacteriaceae;Microbacterium;Microbacterium sp. AD-13
ST-A29	99.095	442	4	0	2	443	302	743	0.0	795	KF876854.1.1423 Bacteria;Actinomycetota;Actinobacteria;Micrococcales;Microbacteriaceae;Microbacterium;Microbacterium oxydans
ST-A29	99.097	443	3	1	2	443	317	759	0.0	795	JQ435870.1.1436 Bacteria;Actinomycetota;Actinobacteria;Micrococcales;Microbacteriaceae;Microbacterium;Microbacterium sp. 3(2012)
ST-A29	99.097	443	3	1	2	443	288	730	0.0	795	EU571124.1.1372 Bacteria;Actinomycetota;Actinobacteria;Micrococcales;Microbacteriaceae;Microbacterium;Microbacterium sp. 1-17
ST-A29	99.097	443	3	1	1	443	325	766	0.0	795	AB042077.1.1502 Bacteria;Actinomycetota;Actinobacteria;Micrococcales;Microbacteriaceae;Microbacterium;Microbacterium sp. VKM Ac-2012
ST-A29	99.095	442	4	0	2	443	284	725	0.0	795	KC978871.1.1417 Bacteria;Actinomycetota;Actinobacteria;Micrococcales;Microbacteriaceae;Microbacterium;Microbacterium sp. PJE4
ST-A29	99.095	442	2	2	2	443	307	746	0.0	793	KF454845.1.1425 Bacteria;Actinomycetota;Actinobacteria;Micrococcales;Microbacteriaceae;Microbacterium;Microbacterium oxydans
ST-A29	99.095	442	3	1	2	443	329	769	0.0	793	AB042076.1.1505 Bacteria;Actinomycetota;Actinobacteria;Micrococcales;Microbacteriaceae;Microbacterium;Microbacterium sp. VKM Ac-2011
ST-A29	98.874	444	3	2	2	443	271	714	0.0	791	KU712022.1.1366 Bacteria;Actinomycetota;Actinobacteria;Micrococcales;Microbacteriaceae;Microbacterium;Microbacterium oxydans
ST-A29	98.876	445	2	3	2	443	310	754	0.0	791	JQ977281.1.1442 Bacteria;Actinomycetota;Actinobacteria;Micrococcales;Microbacteriaceae;Microbacterium;Microbacterium sp. Ama26
ST-A29	98.876	445	2	3	2	443	311	755	0.0	791	HQ316116.1.1478 Bacteria;Actinomycetota;Actinobacteria;Micrococcales;Microbacteriaceae;Microbacterium;Microbacterium oxydans
ST-A29	98.869	442	5	0	2	443	304	745	0.0	791	Y14699.1.1461 Bacteria;Actinomycetota;Actinobacteria;Micrococcales;Microbacteriaceae;Microbacterium;Microbacterium resistens
ST-A29	98.874	444	3	2	2	443	332	775	0.0	791	JQ684245.1.1495 Bacteria;Actinomycetota;Actinobacteria;Micrococcales;Microbacteriaceae;Microbacterium;Microbacterium phyllosphaerae
ST-A29	98.876	445	2	3	2	443	292	736	0.0	791	JQ268557.1.1410 Bacteria;Actinomycetota;Actinobacteria;Micrococcales;Microbacteriaceae;Microbacterium;Microbacterium sp. E19
ST-A29	98.869	442	5	0	2	443	340	781	0.0	789	FTPQ01000007.254.1779 Bacteria;Actinomycetota;Actinobacteria;Micrococcales;Microbacteriaceae;Microbacterium;Microbacterium sp. RU1D
ST-A29	98.869	442	5	0	2	443	175	616	0.0	789	FPLM01008850.1.1341 Bacteria;Actinomycetota;Actinobacteria;Micrococcales;Microbacteriaceae;Microbacterium;metagenome
ST-A29	98.869	442	5	0	2	443	332	773	0.0	789	JUGQ01000001.501.2003 Bacteria;Actinomycetota;Actinobacteria;Micrococcales;Microbacteriaceae;Microbacterium;Microbacterium sp. CF335
ST-A29	98.869	442	5	0	2	443	334	775	0.0	789	DQ337515.1.1486 Bacteria;Actinomycetota;Actinobacteria;Micrococcales;Microbacteriaceae;Microbacterium;Microbacterium sp. BBDP82
ST-A29	98.869	442	5	0	2	443	208	649	0.0	789	DQ347534.1.1320 Bacteria;Actinomycetota;Actinobacteria;Micrococcales;Microbacteriaceae;Microbacterium;Microbacterium sp. B-2027
ST-A29	98.869	442	5	0	2	443	283	724	0.0	789	DQ270716.1.2826 Bacteria;Actinomycetota;Actinobacteria;Micrococcales;Microbacteriaceae;Microbacterium;Halomonas sp. B-1083
ST-A29	98.869	442	5	0	2	443	293	734	0.0	789	DQ270700.1.1401 Bacteria;Actinomycetota;Actinobacteria;Micrococcales;Microbacteriaceae;Microbacterium;Microbacterium sp. B-3029
ST-A29	98.869	442	5	0	2	443	313	754	0.0	789	JF176076.1.1344 Bacteria;Actinomycetota;Actinobacteria;Micrococcales;Microbacteriaceae;Microbacterium;uncultured bacterium
ST-A29	98.869	442	5	0	2	443	341	782	0.0	789	CP027434.2332836.2334363 Bacteria;Actinomycetota;Actinobacteria;Micrococcales;Microbacteriaceae;Microbacterium;Microbacterium sp. str. 'China'
ST-A29	98.869	442	5	0	2	443	314	755	0.0	789	JF123916.1.1345 Bacteria;Actinomycetota;Actinobacteria;Micrococcales;Microbacteriaceae;Microbacterium;uncultured bacterium
ST-A29	98.869	442	5	0	2	443	334	775	0.0	789	CP025299.1537782.1539300 Bacteria;Actinomycetota;Actinobacteria;Micrococcales;Microbacteriaceae;Microbacterium;Microbacterium hominis
ST-A29	98.869	442	5	0	2	443	312	753	0.0	789	KF557646.1.1445 Bacteria;Actinomycetota;Actinobacteria;Micrococcales;Microbacteriaceae;Microbacterium;uncultured bacterium
ST-A29	98.869	442	5	0	2	443	335	776	0.0	789	CP025299.2521527.2523052 Bacteria;Actinomycetota;Actinobacteria;Micrococcales;Microbacteriaceae;Microbacterium;Microbacterium hominis
ST-A29	98.869	442	5	0	2	443	334	775	0.0	789	CP025422.315135.316639 Bacteria;Actinomycetota;Actinobacteria;Micrococcales;Microbacteriaceae;Microbacterium;Zhihengliuella sp. ISTPL4
ST-A29	98.869	442	5	0	2	443	299	740	0.0	789	JQ976753.1.1415 Bacteria;Actinomycetota;Actinobacteria;Micrococcales;Microbacteriaceae;Microbacterium;uncultured Microbacterium sp.
ST-A29	98.869	442	5	0	2	443	300	741	0.0	789	MH767037.1.1422 Bacteria;Actinomycetota;Actinobacteria;Micrococcales;Microbacteriaceae;Microbacterium;uncultured Aurantimicrobium sp.
ST-A29	98.869	442	5	0	2	443	335	776	0.0	789	MH671523.1.1524 Bacteria;Actinomycetota;Actinobacteria;Micrococcales;Microbacteriaceae;Microbacterium;Microbacterium sp.
ST-A29	98.869	442	5	0	2	443	316	757	0.0	789	MH553174.1.1451 Bacteria;Actinomycetota;Actinobacteria;Micrococcales;Microbacteriaceae;Microbacterium;Microbacterium sp.
ST-A29	98.869	442	5	0	2	443	312	753	0.0	789	MH553173.1.1443 Bacteria;Actinomycetota;Actinobacteria;Micrococcales;Microbacteriaceae;Microbacterium;Microbacterium sp.
ST-A29	98.869	442	5	0	2	443	261	702	0.0	789	KU711972.1.1337 Bacteria;Actinomycetota;Actinobacteria;Micrococcales;Microbacteriaceae;Microbacterium;Microbacterium hominis
ST-A29	98.869	442	5	0	2	443	313	754	0.0	789	LN568990.1.1357 Bacteria;Actinomycetota;Actinobacteria;Micrococcales;Microbacteriaceae;Microbacterium;uncultured bacterium
ST-A29	98.869	442	5	0	2	443	342	783	0.0	789	CP014313.775726.777254 Bacteria;Actinomycetota;Actinobacteria;Micrococcales;Microbacteriaceae;Microbacterium;Microbacterium sp. PAMC 28756
ST-A29	98.869	442	5	0	2	443	342	783	0.0	789	CP014313.66995.68523 Bacteria;Actinomycetota;Actinobacteria;Micrococcales;Microbacteriaceae;Microbacterium;Microbacterium sp. PAMC 28756
ST-A29	98.869	442	5	0	2	443	294	735	0.0	789	MH144333.1.1410 Bacteria;Actinomycetota;Actinobacteria;Micrococcales;Microbacteriaceae;Microbacterium;Microbacterium natoriense
ST-A29	98.869	442	5	0	2	443	300	741	0.0	789	MH368259.1.1300 Bacteria;Actinomycetota;Actinobacteria;Micrococcales;Microbacteriaceae;Microbacterium;Microbacterium testaceum
ST-A29	98.869	442	5	0	2	443	297	738	0.0	789	MH144232.1.1455 Bacteria;Actinomycetota;Actinobacteria;Micrococcales;Microbacteriaceae;Microbacterium;Microbacterium foliorum
ST-A29	98.869	442	5	0	2	443	300	741	0.0	789	MH368257.1.1310 Bacteria;Actinomycetota;Actinobacteria;Micrococcales;Microbacteriaceae;Microbacterium;Microbacterium testaceum
ST-A29	98.869	442	5	0	2	443	326	767	0.0	789	AY741722.1.1513 Bacteria;Actinomycetota;Actinobacteria;Micrococcales;Microbacteriaceae;Microbacterium;Microbacterium sp. SKJH-23
ST-A29	98.869	442	5	0	2	443	373	814	0.0	789	MH100891.1.1503 Bacteria;Actinomycetota;Actinobacteria;Micrococcales;Microbacteriaceae;Microbacterium;Microbacterium paraoxydans
ST-A29	98.869	442	5	0	2	443	343	784	0.0	789	LT629770.876168.877696 Bacteria;Actinomycetota;Actinobacteria;Micrococcales;Microbacteriaceae;Microbacterium;Microbacterium paraoxydans
ST-A29	98.869	442	5	0	2	443	343	784	0.0	789	LT629770.1501642.1503170 Bacteria;Actinomycetota;Actinobacteria;Micrococcales;Microbacteriaceae;Microbacterium;Microbacterium paraoxydans
ST-A29	98.869	442	5	0	2	443	234	675	0.0	789	KF803585.1.1370 Bacteria;Actinomycetota;Actinobacteria;Micrococcales;Microbacteriaceae;Microbacterium;Microbacterium foliorum
ST-A29	98.869	442	5	0	2	443	305	746	0.0	789	KF788221.1.1430 Bacteria;Actinomycetota;Actinobacteria;Micrococcales;Microbacteriaceae;Microbacterium;Microbacterium sp. F28(2013)
ST-A29	98.869	442	5	0	2	443	308	749	0.0	789	KT818722.1.1429 Bacteria;Actinomycetota;Actinobacteria;Micrococcales;Microbacteriaceae;Microbacterium;bacterium B12(2016)
ST-A29	98.869	442	5	0	2	443	346	787	0.0	789	KY561620.1.1502 Bacteria;Actinomycetota;Actinobacteria;Micrococcales;Microbacteriaceae;Microbacterium;Microbacterium sp.
ST-A29	98.869	442	5	0	2	443	335	776	0.0	789	KT735048.1.1500 Bacteria;Actinomycetota;Actinobacteria;Micrococcales;Microbacteriaceae;Microbacterium;Microbacterium telephonicum
ST-A29	98.869	442	5	0	2	443	283	724	0.0	789	JF915347.1.1384 Bacteria;Actinomycetota;Actinobacteria;Micrococcales;Microbacteriaceae;Microbacterium;Microbacterium natoriense
ST-A29	98.869	442	5	0	2	443	306	747	0.0	789	KR052878.1.1429 Bacteria;Actinomycetota;Actinobacteria;Micrococcales;Microbacteriaceae;Microbacterium;Microbacterium hydrocarbonoxydans
ST-A29	98.869	442	5	0	2	443	314	755	0.0	789	HQ220047.1.1445 Bacteria;Actinomycetota;Actinobacteria;Micrococcales;Microbacteriaceae;Microbacterium;Microbacterium sp. AAI9
ST-A29	98.869	442	5	0	2	443	302	743	0.0	789	KP895793.1.1432 Bacteria;Actinomycetota;Actinobacteria;Micrococcales;Microbacteriaceae;Microbacterium;Microbacterium sp. CV7
ST-A29	98.869	442	5	0	2	443	309	750	0.0	789	KP895791.1.1439 Bacteria;Actinomycetota;Actinobacteria;Micrococcales;Microbacteriaceae;Microbacterium;Microbacterium sp. CV5
ST-A29	98.869	442	5	0	2	443	339	780	0.0	789	AP012052.5062.6584 Bacteria;Actinomycetota;Actinobacteria;Micrococcales;Microbacteriaceae;Microbacterium;Microbacterium testaceum StLB037
ST-A29	98.869	442	5	0	2	443	339	780	0.0	789	AP012052.2360807.2362329 Bacteria;Actinomycetota;Actinobacteria;Micrococcales;Microbacteriaceae;Microbacterium;Microbacterium testaceum StLB037
ST-A29	98.869	442	5	0	2	443	303	744	0.0	789	KJ185039.1.1425 Bacteria;Actinomycetota;Actinobacteria;Micrococcales;Microbacteriaceae;Microbacterium;Microbacterium sp. FSBRN2
ST-A29	98.869	442	5	0	2	443	265	706	0.0	789	KJ184988.1.1378 Bacteria;Actinomycetota;Actinobacteria;Micrococcales;Microbacteriaceae;Microbacterium;Microbacterium sp. FSBRD9
ST-A29	98.869	442	5	0	2	443	286	727	0.0	789	HL098382.1.1408 Bacteria;Actinomycetota;Actinobacteria;Micrococcales;Microbacteriaceae;Microbacterium;unidentified
ST-A29	98.869	442	5	0	2	443	298	739	0.0	789	HM755674.1.1360 Bacteria;Actinomycetota;Actinobacteria;Micrococcales;Microbacteriaceae;Microbacterium;Microbacterium laevaniformans
ST-A29	98.869	442	5	0	2	443	323	764	0.0	789	JF274930.1.1495 Bacteria;Actinomycetota;Actinobacteria;Micrococcales;Microbacteriaceae;Microbacterium;Microbacterium sp. PX16a_S1
ST-A29	98.869	442	5	0	2	443	293	734	0.0	789	HM584226.1.1426 Bacteria;Actinomycetota;Actinobacteria;Micrococcales;Microbacteriaceae;Microbacterium;Microbacterium oxydans
ST-A29	98.869	442	5	0	2	443	262	703	0.0	789	EU240437.1.1350 Bacteria;Actinomycetota;Actinobacteria;Micrococcales;Microbacteriaceae;Microbacterium;Microbacterium trichothecenolyticum
ST-A29	98.869	442	5	0	2	443	306	747	0.0	789	KM977824.1.1447 Bacteria;Actinomycetota;Actinobacteria;Micrococcales;Microbacteriaceae;Microbacterium;Microbacterium sp. LP21_S02
ST-A29	98.869	442	5	0	2	443	277	718	0.0	789	AB686541.1.1369 Bacteria;Actinomycetota;Actinobacteria;Micrococcales;Microbacteriaceae;Microbacterium;Microbacterium sp. KW016
ST-A29	98.869	442	5	0	2	443	309	750	0.0	789	JX196958.1.1434 Bacteria;Actinomycetota;Actinobacteria;Micrococcales;Microbacteriaceae;Microbacterium;Microbacterium sp. Yangling I10
ST-A29	98.869	442	5	0	2	443	303	744	0.0	789	HQ831382.1.1425 Bacteria;Actinomycetota;Actinobacteria;Micrococcales;Microbacteriaceae;Microbacterium;Microbacterium dextranolyticum
ST-A29	98.869	442	5	0	2	443	314	755	0.0	789	KT154906.1.1363 Bacteria;Actinomycetota;Actinobacteria;Micrococcales;Microbacteriaceae;Microbacterium;Microbacterium sp. FS66
ST-A29	98.869	442	5	0	2	443	332	773	0.0	789	KC814160.1.1519 Bacteria;Actinomycetota;Actinobacteria;Micrococcales;Microbacteriaceae;Microbacterium;Microbacterium sp. C0711
ST-A29	98.869	442	5	0	2	443	285	726	0.0	789	KC810832.1.1344 Bacteria;Actinomycetota;Actinobacteria;Micrococcales;Microbacteriaceae;Microbacterium;Microbacterium sp. 9-3
ST-A29	98.869	442	5	0	2	443	332	773	0.0	789	KF973240.1.1515 Bacteria;Actinomycetota;Actinobacteria;Micrococcales;Microbacteriaceae;Microbacterium;Microbacterium thalassium
ST-A29	98.869	442	5	0	2	443	280	721	0.0	789	KC734323.1.1360 Bacteria;Actinomycetota;Actinobacteria;Micrococcales;Microbacteriaceae;Microbacterium;bacterium W110
ST-A29	98.869	442	5	0	2	443	308	749	0.0	789	JQ977591.1.1441 Bacteria;Actinomycetota;Actinobacteria;Micrococcales;Microbacteriaceae;Microbacterium;Microbacterium sp. Ala4
ST-A29	98.869	442	5	0	2	443	301	742	0.0	789	KR906339.1.1425 Bacteria;Actinomycetota;Actinobacteria;Micrococcales;Microbacteriaceae;Microbacterium;Microbacterium sp. HBUM178894
ST-A29	98.869	442	5	0	2	443	304	745	0.0	789	KR906228.1.1435 Bacteria;Actinomycetota;Actinobacteria;Micrococcales;Microbacteriaceae;Microbacterium;Microbacterium sp. HBUM179158
ST-A29	98.869	442	5	0	2	443	305	746	0.0	789	KR906288.1.1431 Bacteria;Actinomycetota;Actinobacteria;Micrococcales;Microbacteriaceae;Microbacterium;Microbacterium sp. HBUM179450
ST-A29	98.869	442	5	0	2	443	306	747	0.0	789	KR906235.1.1436 Bacteria;Actinomycetota;Actinobacteria;Micrococcales;Microbacteriaceae;Microbacterium;Microbacterium sp. HBUM179194
ST-A29	98.869	442	5	0	2	443	334	775	0.0	789	MG232371.1.1488 Bacteria;Actinomycetota;Actinobacteria;Micrococcales;Microbacteriaceae;Microbacterium;Microbacterium sp.
ST-A29	98.869	442	5	0	2	443	306	747	0.0	789	KR906284.1.1433 Bacteria;Actinomycetota;Actinobacteria;Micrococcales;Microbacteriaceae;Microbacterium;Microbacterium sp. HBUM179425
ST-A29	98.869	442	5	0	2	443	303	744	0.0	789	KR906350.1.1427 Bacteria;Actinomycetota;Actinobacteria;Micrococcales;Microbacteriaceae;Microbacterium;Microbacterium sp. HBUM178948
ST-A29	98.869	442	5	0	2	443	309	750	0.0	789	KR906290.1.1459 Bacteria;Actinomycetota;Actinobacteria;Micrococcales;Microbacteriaceae;Microbacterium;Microbacterium sp. HBUM179393
ST-A29	98.869	442	5	0	2	443	305	746	0.0	789	KR906247.1.1433 Bacteria;Actinomycetota;Actinobacteria;Micrococcales;Microbacteriaceae;Microbacterium;Microbacterium sp. HBUM179272
ST-A29	98.869	442	5	0	2	443	303	744	0.0	789	KR906241.1.1434 Bacteria;Actinomycetota;Actinobacteria;Micrococcales;Microbacteriaceae;Microbacterium;Microbacterium sp. HBUM179195
ST-A29	98.869	442	5	0	2	443	306	747	0.0	789	KR906181.1.1424 Bacteria;Actinomycetota;Actinobacteria;Micrococcales;Microbacteriaceae;Microbacterium;Microbacterium sp. HBUM178557
ST-A29	98.869	442	5	0	2	443	306	747	0.0	789	KR906233.1.1432 Bacteria;Actinomycetota;Actinobacteria;Micrococcales;Microbacteriaceae;Microbacterium;Microbacterium sp. HBUM179179
ST-A29	98.869	442	5	0	2	443	306	747	0.0	789	KR906282.1.1433 Bacteria;Actinomycetota;Actinobacteria;Micrococcales;Microbacteriaceae;Microbacterium;Microbacterium sp. HBUM179395
ST-A29	98.869	442	5	0	2	443	303	744	0.0	789	KR906186.1.1436 Bacteria;Actinomycetota;Actinobacteria;Micrococcales;Microbacteriaceae;Microbacterium;Microbacterium sp. HBUM178580
ST-A29	98.869	442	5	0	2	443	309	750	0.0	789	KR906170.1.1434 Bacteria;Actinomycetota;Actinobacteria;Micrococcales;Microbacteriaceae;Microbacterium;Microbacterium sp. HBUM178513
ST-A29	98.869	442	5	0	2	443	330	771	0.0	789	MG234282.1.1482 Bacteria;Actinomycetota;Actinobacteria;Micrococcales;Microbacteriaceae;Microbacterium;Microbacterium sp.
ST-A29	98.869	442	5	0	2	443	308	749	0.0	789	KR906250.1.1435 Bacteria;Actinomycetota;Actinobacteria;Micrococcales;Microbacteriaceae;Microbacterium;Microbacterium sp. HBUM179294
ST-A29	98.869	442	5	0	2	443	303	744	0.0	789	KR906246.1.1428 Bacteria;Actinomycetota;Actinobacteria;Micrococcales;Microbacteriaceae;Microbacterium;Microbacterium sp. HBUM179558
ST-A29	98.869	442	5	0	2	443	311	752	0.0	789	KR906264.1.1437 Bacteria;Actinomycetota;Actinobacteria;Micrococcales;Microbacteriaceae;Microbacterium;Microbacterium sp. HBUM179451
ST-A29	98.869	442	5	0	2	443	297	738	0.0	789	MG214547.1.1490 Bacteria;Actinomycetota;Actinobacteria;Micrococcales;Microbacteriaceae;Microbacterium;Microbacterium sp.
ST-A29	98.869	442	5	0	2	443	303	744	0.0	789	KR906188.1.1425 Bacteria;Actinomycetota;Actinobacteria;Micrococcales;Microbacteriaceae;Microbacterium;Microbacterium sp. HBUM178589
ST-A29	98.869	442	5	0	2	443	321	762	0.0	789	AM411961.1.1356 Bacteria;Actinomycetota;Actinobacteria;Micrococcales;Microbacteriaceae;Microbacterium;Microbacterium sp. P-65
ST-A29	98.869	442	5	0	2	443	354	795	0.0	789	HM146190.1.1477 Bacteria;Actinomycetota;Actinobacteria;Micrococcales;Microbacteriaceae;Microbacterium;Microbacterium assamensis
ST-A29	98.869	442	5	0	2	443	334	775	0.0	789	KP208636.1.1500 Bacteria;Actinomycetota;Actinobacteria;Micrococcales;Microbacteriaceae;Microbacterium;Microbacterium foliorum
ST-A29	98.869	442	5	0	2	443	300	741	0.0	789	KR780367.1.1424 Bacteria;Actinomycetota;Actinobacteria;Micrococcales;Microbacteriaceae;Microbacterium;Microbacterium sp. CS11
ST-A29	98.869	442	5	0	2	443	306	747	0.0	789	HQ326998.1.1431 Bacteria;Actinomycetota;Actinobacteria;Micrococcales;Microbacteriaceae;Microbacterium;Microbacterium ginsengisoli
ST-A29	98.869	442	5	0	2	443	303	744	0.0	789	HM063035.1.1422 Bacteria;Actinomycetota;Actinobacteria;Micrococcales;Microbacteriaceae;Microbacterium;Microbacterium sp. CRRI-13
ST-A29	98.869	442	5	0	2	443	299	740	0.0	789	KU560296.1.1421 Bacteria;Actinomycetota;Actinobacteria;Micrococcales;Microbacteriaceae;Microbacterium;Microbacterium sp. MCCC 1A09840
ST-A29	98.869	442	5	0	2	443	313	754	0.0	789	KC355288.1.1464 Bacteria;Actinomycetota;Actinobacteria;Micrococcales;Microbacteriaceae;Microbacterium;Microbacterium phyllosphaerae
ST-A29	98.869	442	5	0	2	443	334	775	0.0	789	AM403655.1.1484 Bacteria;Actinomycetota;Actinobacteria;Micrococcales;Microbacteriaceae;Microbacterium;Microbacterium sp. 70(27zx)
ST-A29	98.869	442	5	0	2	443	294	735	0.0	789	MG011577.1.1436 Bacteria;Actinomycetota;Actinobacteria;Micrococcales;Microbacteriaceae;Microbacterium;Hydrogenophaga atypica
ST-A29	98.869	442	5	0	2	443	307	748	0.0	789	KX645725.1.1436 Bacteria;Actinomycetota;Actinobacteria;Micrococcales;Microbacteriaceae;Microbacterium;Microbacterium sp.
ST-A29	98.869	442	5	0	2	443	307	748	0.0	789	KX645720.1.1432 Bacteria;Actinomycetota;Actinobacteria;Micrococcales;Microbacteriaceae;Microbacterium;Microbacterium sp.
ST-A29	98.869	442	5	0	2	443	279	720	0.0	789	KC182737.1.1378 Bacteria;Actinomycetota;Actinobacteria;Micrococcales;Microbacteriaceae;Microbacterium;Microbacterium sp. BD-4
ST-A29	98.869	442	5	0	2	443	328	769	0.0	789	AM181504.1.1512 Bacteria;Actinomycetota;Actinobacteria;Micrococcales;Microbacteriaceae;Microbacterium;Microbacterium hominis
ST-A29	98.869	442	5	0	2	443	321	762	0.0	789	EU873314.1.1427 Bacteria;Actinomycetota;Actinobacteria;Micrococcales;Microbacteriaceae;Microbacterium;Microbacterium ginsengiterrae
ST-A29	98.869	442	5	0	2	443	286	727	0.0	789	KF036182.1.1404 Bacteria;Actinomycetota;Actinobacteria;Micrococcales;Microbacteriaceae;Microbacterium;Microbacterium testaceum
ST-A29	98.869	442	5	0	2	443	319	760	0.0	789	EU879962.1.1480 Bacteria;Actinomycetota;Actinobacteria;Micrococcales;Microbacteriaceae;Microbacterium;Microbacterium laevaniformans
ST-A29	98.869	442	5	0	2	443	260	701	0.0	789	LN774644.1.1203 Bacteria;Actinomycetota;Actinobacteria;Micrococcales;Microbacteriaceae;Microbacterium;Microbacterium phyllosphaerae
ST-A29	98.869	442	5	0	2	443	302	743	0.0	789	KY962353.1.1459 Bacteria;Actinomycetota;Actinobacteria;Micrococcales;Microbacteriaceae;Microbacterium;Microbacterium resistens
ST-A29	98.869	442	5	0	2	443	306	747	0.0	789	EU816584.1.1463 Bacteria;Actinomycetota;Actinobacteria;Micrococcales;Microbacteriaceae;Microbacterium;Microbacterium sp. MB-1-1-102
ST-A29	98.869	442	5	0	2	443	336	777	0.0	789	AB186855.1.1489 Bacteria;Actinomycetota;Actinobacteria;Micrococcales;Microbacteriaceae;Microbacterium;uncultured bacterium
ST-A29	98.869	442	5	0	2	443	264	705	0.0	789	MF765334.1.1250 Bacteria;Actinomycetota;Actinobacteria;Micrococcales;Microbacteriaceae;Microbacterium;Microbacterium natoriense
ST-A29	98.869	442	5	0	2	443	311	752	0.0	789	EU741043.1.1452 Bacteria;Actinomycetota;Actinobacteria;Micrococcales;Microbacteriaceae;Microbacterium;Microbacterium sp. FeL27
ST-A29	98.869	442	5	0	2	443	307	748	0.0	789	EU741038.1.1437 Bacteria;Actinomycetota;Actinobacteria;Micrococcales;Microbacteriaceae;Microbacterium;Microbacterium sp. FeL09
ST-A29	98.869	442	5	0	2	443	306	747	0.0	789	KF010634.1.1464 Bacteria;Actinomycetota;Actinobacteria;Micrococcales;Microbacteriaceae;Microbacterium;Microbacterium sp. Gr-1
ST-A29	98.869	442	5	0	2	443	291	732	0.0	789	KM114958.1.1402 Bacteria;Actinomycetota;Actinobacteria;Micrococcales;Microbacteriaceae;Microbacterium;Microbacterium sp. 142
ST-A29	98.869	442	5	0	2	443	291	732	0.0	789	JQ638443.1.1399 Bacteria;Actinomycetota;Actinobacteria;Micrococcales;Microbacteriaceae;Microbacterium;actinomycete LQ39
ST-A29	98.869	442	5	0	2	443	301	742	0.0	789	JQ579637.1.1424 Bacteria;Actinomycetota;Actinobacteria;Micrococcales;Microbacteriaceae;Microbacterium;Microbacterium sp. H6(2012)
ST-A29	98.871	443	3	2	1	443	326	766	0.0	789	AB042092.1.1506 Bacteria;Actinomycetota;Actinobacteria;Micrococcales;Microbacteriaceae;Microbacterium;Curtobacterium sp. VKM Ac-2057
ST-A29	98.871	443	3	2	1	443	326	766	0.0	789	AB042078.1.1504 Bacteria;Actinomycetota;Actinobacteria;Micrococcales;Microbacteriaceae;Microbacterium;Microbacterium sp. VKM Ac-2013
ST-A29	98.869	442	5	0	2	443	211	652	0.0	789	FJ348013.1.1251 Bacteria;Actinomycetota;Actinobacteria;Micrococcales;Microbacteriaceae;Microbacterium;Microbacterium sp. GGC-P15B
ST-A29	98.869	442	5	0	2	443	286	727	0.0	789	KJ920278.1.1438 Bacteria;Actinomycetota;Actinobacteria;Micrococcales;Microbacteriaceae;Microbacterium;Microbacterium halimionae
ST-A29	98.869	442	5	0	2	443	311	752	0.0	789	X77445.1.1469 Bacteria;Actinomycetota;Actinobacteria;Micrococcales;Microbacteriaceae;Microbacterium;Microbacterium testaceum
ST-A29	98.869	442	5	0	2	443	335	776	0.0	789	AJ491806.1.1490 Bacteria;Actinomycetota;Actinobacteria;Micrococcales;Microbacteriaceae;Microbacterium;Microbacterium paraoxydans
ST-A29	98.869	442	5	0	2	443	330	771	0.0	789	AB007416.1.1440 Bacteria;Actinomycetota;Actinobacteria;Micrococcales;Microbacteriaceae;Microbacterium;Microbacterium laevaniformans
ST-A29	98.869	442	5	0	2	443	319	760	0.0	789	AB007417.1.1437 Bacteria;Actinomycetota;Actinobacteria;Micrococcales;Microbacteriaceae;Microbacterium;Microbacterium dextranolyticum
ST-A29	98.869	442	5	0	2	443	282	723	0.0	789	JN187419.1.1392 Bacteria;Actinomycetota;Actinobacteria;Micrococcales;Microbacteriaceae;Microbacterium;Microbacterium sp. WW-by108
ST-A29	98.869	442	5	0	2	443	300	741	0.0	789	KU221446.1.1428 Bacteria;Actinomycetota;Actinobacteria;Micrococcales;Microbacteriaceae;Microbacterium;bacterium T64
ST-A29	98.649	444	4	2	2	443	270	713	0.0	785	KU711953.1.1360 Bacteria;Actinomycetota;Actinobacteria;Micrococcales;Microbacteriaceae;Microbacterium;Microbacterium oxydans
ST-A29	98.649	444	4	2	2	443	263	706	0.0	785	KU712030.1.1348 Bacteria;Actinomycetota;Actinobacteria;Micrococcales;Microbacteriaceae;Microbacterium;Microbacterium oxydans
ST-A29	98.652	445	3	3	2	443	297	741	0.0	785	HM755672.1.1432 Bacteria;Actinomycetota;Actinobacteria;Micrococcales;Microbacteriaceae;Microbacterium;Microbacterium oxydans
ST-A29	98.649	444	4	2	2	443	337	780	0.0	785	HQ717386.1.1493 Bacteria;Actinomycetota;Actinobacteria;Micrococcales;Microbacteriaceae;Microbacterium;Microbacterium sp. LH-CAB3
ST-A29	98.649	444	4	2	2	443	271	714	0.0	785	KC422679.1.1412 Bacteria;Actinomycetota;Actinobacteria;Micrococcales;Microbacteriaceae;Microbacterium;Microbacterium oxydans
ST-A29	98.869	442	2	3	2	443	256	694	0.0	785	KC170013.1.1407 Bacteria;Actinomycetota;Actinobacteria;Micrococcales;Microbacteriaceae;Microbacterium;Microbacterium oxydans
ST-A29	98.646	443	6	0	1	443	324	766	0.0	785	AB042072.1.1505 Bacteria;Actinomycetota;Actinobacteria;Micrococcales;Microbacteriaceae;Microbacterium;Microbacterium sp. VKM Ac-1781
ST-A29	98.643	442	6	0	2	443	298	739	0.0	785	JN084138.1.1416 Bacteria;Actinomycetota;Actinobacteria;Micrococcales;Microbacteriaceae;Microbacterium;Microbacterium testaceum
ST-A29	98.643	442	6	0	2	443	331	772	0.0	784	CBVQ010000169.16978.18487 Bacteria;Actinomycetota;Actinobacteria;Micrococcales;Microbacteriaceae;Microbacterium;Microbacterium sp. C448
ST-A29	98.643	442	6	0	2	443	281	722	0.0	784	DQ664254.1.1314 Bacteria;Actinomycetota;Actinobacteria;Micrococcales;Microbacteriaceae;Microbacterium;Microbacterium sp. IMCC1739
ST-A29	98.643	442	6	0	2	443	341	782	0.0	784	CP031425.2319721.2321248 Bacteria;Actinomycetota;Actinobacteria;Micrococcales;Microbacteriaceae;Microbacterium;Microbacterium foliorum
ST-A29	98.643	442	6	0	2	443	341	782	0.0	784	CP031425.2571716.2573243 Bacteria;Actinomycetota;Actinobacteria;Micrococcales;Microbacteriaceae;Microbacterium;Microbacterium foliorum
ST-A29	98.643	442	6	0	2	443	333	774	0.0	784	HQ857734.1.1486 Bacteria;Actinomycetota;Actinobacteria;Micrococcales;Microbacteriaceae;Microbacterium;uncultured Microbacterium sp.
ST-A29	98.643	442	6	0	2	443	311	752	0.0	784	GQ114709.1.1342 Bacteria;Actinomycetota;Actinobacteria;Micrococcales;Microbacteriaceae;Microbacterium;uncultured bacterium
ST-A29	98.643	442	6	0	2	443	311	752	0.0	784	HM305018.1.1342 Bacteria;Actinomycetota;Actinobacteria;Micrococcales;Microbacteriaceae;Microbacterium;uncultured bacterium
ST-A29	98.643	442	6	0	2	443	322	763	0.0	784	EU509055.1.1373 Bacteria;Actinomycetota;Actinobacteria;Micrococcales;Microbacteriaceae;Microbacterium;uncultured bacterium
ST-A29	98.643	442	6	0	2	443	333	774	0.0	784	JF935217.1.1484 Bacteria;Actinomycetota;Actinobacteria;Micrococcales;Microbacteriaceae;Microbacterium;uncultured bacterium
ST-A29	98.643	442	6	0	2	443	331	772	0.0	784	JF979236.1.1520 Bacteria;Actinomycetota;Actinobacteria;Micrococcales;Microbacteriaceae;Microbacterium;uncultured Microbacterium sp.
ST-A29	98.643	442	6	0	2	443	338	779	0.0	784	CP018134.2967832.2969358 Bacteria;Actinomycetota;Actinobacteria;Micrococcales;Microbacteriaceae;Microbacterium;Microbacterium paludicola
ST-A29	98.643	442	6	0	2	443	338	779	0.0	784	CP018134.288664.290190 Bacteria;Actinomycetota;Actinobacteria;Micrococcales;Microbacteriaceae;Microbacterium;Microbacterium paludicola
ST-A29	98.646	443	5	1	2	443	304	746	0.0	784	KP843016.1.1431 Bacteria;Actinomycetota;Actinobacteria;Micrococcales;Microbacteriaceae;Microbacterium;uncultured bacterium
ST-A29	98.643	442	6	0	2	443	338	779	0.0	784	CP017674.3265825.3267349 Bacteria;Actinomycetota;Actinobacteria;Micrococcales;Microbacteriaceae;Microbacterium;Microbacterium sp. BH-3-3-3
ST-A29	98.643	442	6	0	2	443	338	779	0.0	784	CP017674.2533668.2535192 Bacteria;Actinomycetota;Actinobacteria;Micrococcales;Microbacteriaceae;Microbacterium;Microbacterium sp. BH-3-3-3
ST-A29	98.643	442	6	0	2	443	338	779	0.0	784	CP017674.485911.487435 Bacteria;Actinomycetota;Actinobacteria;Micrococcales;Microbacteriaceae;Microbacterium;Microbacterium sp. BH-3-3-3
ST-A29	98.643	442	6	0	2	443	332	773	0.0	784	CDAR01000007.250.1752 Bacteria;Actinomycetota;Actinobacteria;Micrococcales;Microbacteriaceae;Microbacterium;Microbacterium sp. G3
ST-A29	98.643	442	6	0	2	443	339	780	0.0	784	CP015810.1843631.1845160 Bacteria;Actinomycetota;Actinobacteria;Micrococcales;Microbacteriaceae;Microbacterium;Microbacterium chocolatum
ST-A29	98.643	442	6	0	2	443	339	780	0.0	784	CP015810.2539715.2541244 Bacteria;Actinomycetota;Actinobacteria;Micrococcales;Microbacteriaceae;Microbacterium;Microbacterium chocolatum
ST-A29	98.643	442	6	0	2	443	332	773	0.0	784	MH790143.1.1481 Bacteria;Actinomycetota;Actinobacteria;Micrococcales;Microbacteriaceae;Microbacterium;Microbacterium sp.
ST-A29	98.643	442	6	0	2	443	332	773	0.0	784	KM023871.1.1379 Bacteria;Actinomycetota;Actinobacteria;Micrococcales;Microbacteriaceae;Microbacterium;uncultured bacterium
ST-A29	98.646	443	5	1	2	443	331	773	0.0	784	KC305873.1.1485 Bacteria;Actinomycetota;Actinobacteria;Micrococcales;Microbacteriaceae;Microbacterium;uncultured bacterium
ST-A29	98.643	442	6	0	2	443	313	754	0.0	784	LN571901.1.1357 Bacteria;Actinomycetota;Actinobacteria;Micrococcales;Microbacteriaceae;Microbacterium;uncultured bacterium
ST-A29	98.643	442	6	0	2	443	312	753	0.0	784	LN568985.1.1358 Bacteria;Actinomycetota;Actinobacteria;Micrococcales;Microbacteriaceae;Microbacterium;uncultured bacterium
ST-A29	98.646	443	5	1	2	443	252	694	0.0	784	KU711939.1.1326 Bacteria;Actinomycetota;Actinobacteria;Micrococcales;Microbacteriaceae;Microbacterium;Microbacterium paraoxydans
ST-A29	98.643	442	6	0	2	443	331	772	0.0	784	HE716934.1.1485 Bacteria;Actinomycetota;Actinobacteria;Micrococcales;Microbacteriaceae;Microbacterium;Microbacterium sp. LHR-08
ST-A29	98.643	442	6	0	2	443	339	780	0.0	784	MH368254.1.1389 Bacteria;Actinomycetota;Actinobacteria;Micrococcales;Microbacteriaceae;Microbacterium;Microbacterium testaceum
ST-A29	98.643	442	6	0	2	443	314	755	0.0	784	LN565157.1.1358 Bacteria;Actinomycetota;Actinobacteria;Micrococcales;Microbacteriaceae;Microbacterium;uncultured bacterium
ST-A29	98.643	442	6	0	2	443	303	744	0.0	784	MH283847.1.1423 Bacteria;Actinomycetota;Actinobacteria;Micrococcales;Microbacteriaceae;Microbacterium;Microbacterium proteolyticum
ST-A29	98.643	442	6	0	2	443	313	754	0.0	784	LN562120.1.1360 Bacteria;Actinomycetota;Actinobacteria;Micrococcales;Microbacteriaceae;Microbacterium;uncultured bacterium
ST-A29	98.643	442	6	0	2	443	305	746	0.0	784	MH368258.1.1322 Bacteria;Actinomycetota;Actinobacteria;Micrococcales;Microbacteriaceae;Microbacterium;Microbacterium arborescens
ST-A29	98.643	442	6	0	2	443	271	712	0.0	784	MH044566.1.1354 Bacteria;Actinomycetota;Actinobacteria;Micrococcales;Microbacteriaceae;Microbacterium;Microbacterium paraoxydans
ST-A29	98.643	442	6	0	2	443	302	743	0.0	784	KJ648175.1.1428 Bacteria;Actinomycetota;Actinobacteria;Micrococcales;Microbacteriaceae;Microbacterium;Microbacterium sp. C38
ST-A29	98.643	442	6	0	2	443	301	742	0.0	784	KF732700.1.1423 Bacteria;Actinomycetota;Actinobacteria;Micrococcales;Microbacteriaceae;Microbacterium;Microbacterium sp. M39
ST-A29	98.643	442	6	0	2	443	334	775	0.0	784	CP013859.3125946.3127458 Bacteria;Actinomycetota;Actinobacteria;Micrococcales;Microbacteriaceae;Microbacterium;Microbacterium sp. XT11
ST-A29	98.643	442	6	0	2	443	334	775	0.0	784	CP013859.3394745.3396257 Bacteria;Actinomycetota;Actinobacteria;Micrococcales;Microbacteriaceae;Microbacterium;Microbacterium sp. XT11
ST-A29	98.643	442	6	0	2	443	324	765	0.0	784	KR085808.1.1473 Bacteria;Actinomycetota;Actinobacteria;Micrococcales;Microbacteriaceae;Microbacterium;Microbacterium oleivorans
ST-A29	98.643	442	6	0	2	443	330	771	0.0	784	AB736273.1.1482 Bacteria;Actinomycetota;Actinobacteria;Micrococcales;Microbacteriaceae;Microbacterium;Microbacterium saccharophilum
ST-A29	98.643	442	6	0	2	443	314	755	0.0	784	AY635868.1.1480 Bacteria;Actinomycetota;Actinobacteria;Micrococcales;Microbacteriaceae;Microbacterium;Microbacterium sp. BM-25
ST-A29	98.643	442	6	0	2	443	295	736	0.0	784	HQ234269.1.1401 Bacteria;Actinomycetota;Actinobacteria;Micrococcales;Microbacteriaceae;Microbacterium;Microbacterium marinilacus
ST-A29	98.643	442	6	0	2	443	294	735	0.0	784	HQ222355.1.1408 Bacteria;Actinomycetota;Actinobacteria;Micrococcales;Microbacteriaceae;Microbacterium;Microbacterium sp. H16(2010)
ST-A29	98.646	443	5	1	2	443	301	743	0.0	784	JF700419.1.1425 Bacteria;Actinomycetota;Actinobacteria;Micrococcales;Microbacteriaceae;Microbacterium;Microbacterium hydrocarbonoxydans
ST-A29	98.643	442	6	0	2	443	282	723	0.0	784	JF508362.1.1389 Bacteria;Actinomycetota;Actinobacteria;Micrococcales;Microbacteriaceae;Microbacterium;Microbacterium paludicola
ST-A29	98.643	442	6	0	2	443	296	737	0.0	784	KJ185002.1.1409 Bacteria;Actinomycetota;Actinobacteria;Micrococcales;Microbacteriaceae;Microbacterium;Microbacterium sp. FSBRY24
ST-A29	98.643	442	6	0	2	443	273	714	0.0	784	JF327662.1.1364 Bacteria;Actinomycetota;Actinobacteria;Micrococcales;Microbacteriaceae;Microbacterium;Microbacterium sp. CMFN7
ST-A29	98.643	442	6	0	2	443	292	733	0.0	784	KY266799.1.1279 Bacteria;Actinomycetota;Actinobacteria;Micrococcales;Microbacteriaceae;Microbacterium;bacterium
ST-A29	98.643	442	6	0	2	443	300	741	0.0	784	KC887940.1.1455 Bacteria;Actinomycetota;Actinobacteria;Micrococcales;Microbacteriaceae;Microbacterium;actinobacterium K21
ST-A29	98.643	442	6	0	2	443	305	746	0.0	784	HM579805.1.1430 Bacteria;Actinomycetota;Actinobacteria;Micrococcales;Microbacteriaceae;Microbacterium;Microbacterium sp. HY14(2010)
ST-A29	98.643	442	6	0	2	443	307	748	0.0	784	KC853141.1.1419 Bacteria;Actinomycetota;Actinobacteria;Micrococcales;Microbacteriaceae;Microbacterium;Microbacterium sp. Am7
ST-A29	98.643	442	6	0	2	443	306	747	0.0	784	KM974893.1.1441 Bacteria;Actinomycetota;Actinobacteria;Micrococcales;Microbacteriaceae;Microbacterium;bacterium L3-2
ST-A29	98.643	442	6	0	2	443	310	751	0.0	784	AB286029.1.1467 Bacteria;Actinomycetota;Actinobacteria;Micrococcales;Microbacteriaceae;Microbacterium;Microbacterium flavum
ST-A29	98.643	442	6	0	2	443	332	773	0.0	784	AB286021.1.1472 Bacteria;Actinomycetota;Actinobacteria;Micrococcales;Microbacteriaceae;Microbacterium;Microbacterium sediminicola
ST-A29	98.643	442	6	0	2	443	317	758	0.0	784	KM877230.1.1408 Bacteria;Actinomycetota;Actinobacteria;Micrococcales;Microbacteriaceae;Microbacterium;Microbacterium sp. 15Ma
ST-A29	98.646	443	5	1	2	443	299	741	0.0	784	AY566291.1.1429 Bacteria;Actinomycetota;Actinobacteria;Micrococcales;Microbacteriaceae;Microbacterium;Microbacterium natoriense
ST-A29	98.643	442	6	0	2	443	306	747	0.0	784	EU124562.1.1438 Bacteria;Actinomycetota;Actinobacteria;Micrococcales;Microbacteriaceae;Microbacterium;Microbacterium sp. OSS 27
ST-A29	98.643	442	6	0	2	443	293	734	0.0	784	MG557685.1.1404 Bacteria;Actinomycetota;Actinobacteria;Micrococcales;Microbacteriaceae;Microbacterium;Microbacterium sp.
ST-A29	98.643	442	6	0	2	443	261	702	0.0	784	LC320034.1.1330 Bacteria;Actinomycetota;Actinobacteria;Micrococcales;Microbacteriaceae;Microbacterium;Microbacterium arborescens
ST-A29	98.643	442	6	0	2	443	300	741	0.0	784	KM507654.1.1426 Bacteria;Actinomycetota;Actinobacteria;Micrococcales;Microbacteriaceae;Microbacterium;Microbacterium sp. FXJ8.141
ST-A29	98.643	442	6	0	2	443	323	764	0.0	784	MG786609.1.1453 Bacteria;Actinomycetota;Actinobacteria;Micrococcales;Microbacteriaceae;Microbacterium;Microbacterium sp.
ST-A29	98.643	442	6	0	2	443	284	725	0.0	784	KM359785.1.1436 Bacteria;Actinomycetota;Actinobacteria;Micrococcales;Microbacteriaceae;Microbacterium;Microbacterium proteolyticum
ST-A29	98.643	442	6	0	2	443	249	690	0.0	784	HQ398389.1.1382 Bacteria;Actinomycetota;Actinobacteria;Micrococcales;Microbacteriaceae;Microbacterium;Microbacterium sp. CO81
ST-A29	98.643	442	6	0	2	443	309	750	0.0	784	JQ977248.1.1448 Bacteria;Actinomycetota;Actinobacteria;Micrococcales;Microbacteriaceae;Microbacterium;Microbacterium sp. Bza12
ST-A29	98.643	442	6	0	2	443	302	743	0.0	784	JQ977139.1.1431 Bacteria;Actinomycetota;Actinobacteria;Micrococcales;Microbacteriaceae;Microbacterium;Microbacterium sp. Dra25
ST-A29	98.646	443	5	1	2	443	308	750	0.0	784	JQ977282.1.1436 Bacteria;Actinomycetota;Actinobacteria;Micrococcales;Microbacteriaceae;Microbacterium;Microbacterium sp. Ama27
ST-A29	98.643	442	6	0	2	443	303	744	0.0	784	JQ977090.1.1423 Bacteria;Actinomycetota;Actinobacteria;Micrococcales;Microbacteriaceae;Microbacterium;Microbacterium sp. Bra47
ST-A29	98.643	442	6	0	2	443	303	744	0.0	784	HM104370.1.1422 Bacteria;Actinomycetota;Actinobacteria;Micrococcales;Microbacteriaceae;Microbacterium;Microbacterium sp. AMP-4
ST-A29	98.643	442	6	0	2	443	293	734	0.0	784	JQ958831.1.1450 Bacteria;Actinomycetota;Actinobacteria;Micrococcales;Microbacteriaceae;Microbacterium;Microbacterium arborescens
ST-A29	98.646	443	5	1	2	443	298	740	0.0	784	KX710178.1.1393 Bacteria;Actinomycetota;Actinobacteria;Micrococcales;Microbacteriaceae;Microbacterium;Microbacterium paraoxydans
ST-A29	98.643	442	6	0	2	443	307	748	0.0	784	KR476445.1.1427 Bacteria;Actinomycetota;Actinobacteria;Micrococcales;Microbacteriaceae;Microbacterium;Microbacterium terricola
ST-A29	98.643	442	6	0	2	443	311	752	0.0	784	GQ351351.1.1444 Bacteria;Actinomycetota;Actinobacteria;Micrococcales;Microbacteriaceae;Microbacterium;Microbacterium mitrae
ST-A29	98.643	442	6	0	2	443	281	722	0.0	784	GQ288938.1.1391 Bacteria;Actinomycetota;Actinobacteria;Micrococcales;Microbacteriaceae;Microbacterium;bacterium KR 1999/1_122
ST-A29	98.643	442	6	0	2	443	308	749	0.0	784	GQ284456.1.1450 Bacteria;Actinomycetota;Actinobacteria;Micrococcales;Microbacteriaceae;Microbacterium;Microbacterium sp. TSWCW8
ST-A29	98.643	442	6	0	2	443	311	752	0.0	784	GQ284459.1.1448 Bacteria;Actinomycetota;Actinobacteria;Micrococcales;Microbacteriaceae;Microbacterium;Microbacterium sp. TSWCW12
ST-A29	98.646	443	5	1	2	443	280	722	0.0	784	GQ280096.1.1380 Bacteria;Actinomycetota;Actinobacteria;Micrococcales;Microbacteriaceae;Microbacterium;Microbacterium oxydans
ST-A29	98.643	442	6	0	2	443	230	671	0.0	784	MF928358.1.1308 Bacteria;Actinomycetota;Actinobacteria;Micrococcales;Microbacteriaceae;Microbacterium;Microbacterium aurantiacum
ST-A29	98.646	443	5	1	2	443	308	750	0.0	784	MF924391.1.1436 Bacteria;Actinomycetota;Actinobacteria;Micrococcales;Microbacteriaceae;Microbacterium;Microbacterium sp.
ST-A29	98.643	442	6	0	2	443	326	767	0.0	784	AM181503.1.1509 Bacteria;Actinomycetota;Actinobacteria;Micrococcales;Microbacteriaceae;Microbacterium;Microbacterium chocolatum
ST-A29	98.643	442	6	0	2	443	303	744	0.0	784	EU931556.1.1456 Bacteria;Actinomycetota;Actinobacteria;Micrococcales;Microbacteriaceae;Microbacterium;Cellulosimicrobium cellulans
ST-A29	98.643	442	6	0	2	443	303	744	0.0	784	KF876879.1.1424 Bacteria;Actinomycetota;Actinobacteria;Micrococcales;Microbacteriaceae;Microbacterium;Microbacterium aerolatum
ST-A29	98.646	443	5	1	2	443	294	736	0.0	784	EU841532.1.1442 Bacteria;Actinomycetota;Actinobacteria;Micrococcales;Microbacteriaceae;Microbacterium;Microbacterium sp. 101
ST-A29	98.643	442	6	0	2	443	296	737	0.0	784	JX981957.1.1417 Bacteria;Actinomycetota;Actinobacteria;Micrococcales;Microbacteriaceae;Microbacterium;Microbacterium sp. THG-N5
ST-A29	98.643	442	6	0	2	443	298	739	0.0	784	JX981954.1.1419 Bacteria;Actinomycetota;Actinobacteria;Micrococcales;Microbacteriaceae;Microbacterium;Microbacterium sp. THG-T5
ST-A29	98.643	442	6	0	2	443	173	614	0.0	784	EU741110.1.1342 Bacteria;Actinomycetota;Actinobacteria;Micrococcales;Microbacteriaceae;Microbacterium;Microbacterium sp. 13630I
ST-A29	98.643	442	6	0	2	443	337	778	0.0	784	AJ853909.1.1452 Bacteria;Actinomycetota;Actinobacteria;Micrococcales;Microbacteriaceae;Microbacterium;Microbacterium paludicola
ST-A29	98.643	442	6	0	2	443	308	749	0.0	784	AJ629067.27.1478 Bacteria;Actinomycetota;Actinobacteria;Micrococcales;Microbacteriaceae;Microbacterium;Microbacterium sp. Pei021
ST-A29	98.643	442	6	0	2	443	332	773	0.0	784	DQ985071.1.1483 Bacteria;Actinomycetota;Actinobacteria;Micrococcales;Microbacteriaceae;Microbacterium;Microbacterium sp. JL1116
ST-A29	98.643	442	6	0	2	443	271	712	0.0	784	KP100514.1.1372 Bacteria;Actinomycetota;Actinobacteria;Micrococcales;Microbacteriaceae;Microbacterium;Microbacterium testaceum
ST-A29	98.643	442	6	0	2	443	291	732	0.0	784	JQ689174.1.1419 Bacteria;Actinomycetota;Actinobacteria;Micrococcales;Microbacteriaceae;Microbacterium;Microbacterium arthrosphaerae
ST-A29	98.643	442	6	0	2	443	309	750	0.0	784	MF592283.1.1433 Bacteria;Actinomycetota;Actinobacteria;Micrococcales;Microbacteriaceae;Microbacterium;Microbacterium sp.
ST-A29	98.643	442	6	0	2	443	312	753	0.0	784	HK241395.1.1475 Bacteria;Actinomycetota;Actinobacteria;Micrococcales;Microbacteriaceae;Microbacterium;unidentified
ST-A29	98.643	442	6	0	2	443	311	752	0.0	784	X77443.1.1468 Bacteria;Actinomycetota;Actinobacteria;Micrococcales;Microbacteriaceae;Microbacterium;Microbacterium arborescens
ST-A29	98.643	442	6	0	2	443	313	754	0.0	784	X77444.1.1474 Bacteria;Actinomycetota;Actinobacteria;Micrococcales;Microbacteriaceae;Microbacterium;Microbacterium liquefaciens
ST-A29	98.643	442	6	0	2	443	307	748	0.0	784	MF443454.1.1433 Bacteria;Actinomycetota;Actinobacteria;Micrococcales;Microbacteriaceae;Microbacterium;Microbacterium sp.
ST-A29	98.643	442	6	0	2	443	314	755	0.0	784	AJ249780.1.1480 Bacteria;Actinomycetota;Actinobacteria;Micrococcales;Microbacteriaceae;Microbacterium;Microbacterium foliorum
ST-A29	98.646	443	5	1	2	443	305	747	0.0	784	JN571050.1.1397 Bacteria;Actinomycetota;Actinobacteria;Micrococcales;Microbacteriaceae;Microbacterium;Microbacterium natoriense
ST-A29	98.643	442	6	0	2	443	331	772	0.0	784	AB007421.1.1440 Bacteria;Actinomycetota;Actinobacteria;Micrococcales;Microbacteriaceae;Microbacterium;Microbacterium arborescens
ST-A29	98.643	442	6	0	2	443	331	772	0.0	784	AB007415.1.1456 Bacteria;Actinomycetota;Actinobacteria;Micrococcales;Microbacteriaceae;Microbacterium;Microbacterium lacticum
ST-A29	98.643	442	4	2	2	443	341	780	0.0	782	CP027434.2943461.2944982 Bacteria;Actinomycetota;Actinobacteria;Micrococcales;Microbacteriaceae;Microbacterium;Microbacterium sp. str. 'China'
ST-A29	98.643	442	5	1	3	443	293	734	0.0	782	KY393356.1.1422 Bacteria;Actinomycetota;Actinobacteria;Micrococcales;Microbacteriaceae;Microbacterium;Microbacterium testaceum
ST-A29	98.643	442	5	1	2	443	328	768	0.0	782	HM036663.1.1461 Bacteria;Actinomycetota;Actinobacteria;Micrococcales;Microbacteriaceae;Microbacterium;Microbacterium sp. NII-1012
ST-A29	98.643	442	5	1	2	443	149	589	0.0	782	KP099932.1.1245 Bacteria;Actinomycetota;Actinobacteria;Micrococcales;Microbacteriaceae;Microbacterium;Microbacterium sp. SBC1a
ST-A29	98.416	442	7	0	2	443	333	774	0.0	780	HM773469.1.1490 Bacteria;Actinomycetota;Actinobacteria;Micrococcales;Microbacteriaceae;Microbacterium;uncultured bacterium
ST-A29	98.427	445	4	3	2	443	320	764	0.0	780	KX057692.1.1466 Bacteria;Actinomycetota;Actinobacteria;Micrococcales;Microbacteriaceae;Microbacterium;Microbacteriaceae bacterium
ST-A29	98.423	444	5	2	2	443	260	703	0.0	780	KU712011.1.1348 Bacteria;Actinomycetota;Actinobacteria;Micrococcales;Microbacteriaceae;Microbacterium;Microbacterium paraoxydans
ST-A29	98.423	444	5	2	2	443	263	706	0.0	780	KU711941.1.1356 Bacteria;Actinomycetota;Actinobacteria;Micrococcales;Microbacteriaceae;Microbacterium;Microbacterium paraoxydans
ST-A29	98.423	444	5	2	2	443	259	702	0.0	780	KU711937.1.1351 Bacteria;Actinomycetota;Actinobacteria;Micrococcales;Microbacteriaceae;Microbacterium;Microbacterium paraoxydans
ST-A29	98.423	444	5	2	2	443	304	747	0.0	780	KY393348.1.1441 Bacteria;Actinomycetota;Actinobacteria;Micrococcales;Microbacteriaceae;Microbacterium;Microbacterium testaceum
ST-A29	98.427	445	4	3	2	443	296	740	0.0	780	JF421612.1.1414 Bacteria;Actinomycetota;Actinobacteria;Micrococcales;Microbacteriaceae;Microbacterium;Microbacterium enclense
ST-A29	98.423	444	5	2	2	443	236	679	0.0	780	EU169182.1.1325 Bacteria;Actinomycetota;Actinobacteria;Micrococcales;Microbacteriaceae;Microbacterium;Microbacterium trichothecenolyticum
ST-A29	98.643	442	3	3	2	443	240	678	0.0	780	KC170005.1.1352 Bacteria;Actinomycetota;Actinobacteria;Micrococcales;Microbacteriaceae;Microbacterium;Microbacterium oxydans
ST-A29	98.423	444	5	2	2	443	297	740	0.0	780	KY859835.1.1313 Bacteria;Actinomycetota;Actinobacteria;Micrococcales;Microbacteriaceae;Microbacterium;Microbacterium paraoxydans
ST-A29	98.416	442	7	0	2	443	317	758	0.0	780	Y17230.1.1477 Bacteria;Actinomycetota;Actinobacteria;Micrococcales;Microbacteriaceae;Microbacterium;Microbacterium dextranolyticum
ST-A29	98.420	443	7	0	1	443	326	768	0.0	780	AB042070.1.1506 Bacteria;Actinomycetota;Actinobacteria;Micrococcales;Microbacteriaceae;Microbacterium;Microbacterium sp. VKM Ac-1389
ST-A29	98.420	443	7	0	1	443	324	766	0.0	780	AB042096.1.1505 Bacteria;Actinomycetota;Actinobacteria;Micrococcales;Microbacteriaceae;Microbacterium;Curtobacterium sp. VKM Ac-2061
ST-A29	98.420	443	7	0	1	443	326	768	0.0	780	AB042082.1.1504 Bacteria;Actinomycetota;Actinobacteria;Micrococcales;Microbacteriaceae;Microbacterium;Microbacterium sp. VKM Ac-2047
ST-A29	98.420	443	7	0	1	443	326	768	0.0	780	AB042074.1.1509 Bacteria;Actinomycetota;Actinobacteria;Micrococcales;Microbacteriaceae;Microbacterium;Microbacterium sp. VKM Ac-1807
ST-A29	98.416	442	7	0	2	443	242	683	0.0	780	AJ309929.48.1392 Bacteria;Actinomycetota;Actinobacteria;Micrococcales;Microbacteriaceae;Microbacterium;Microbacterium aerolatum
ST-A29	98.416	442	7	0	2	443	325	766	0.0	780	AB004717.1.1520 Bacteria;Actinomycetota;Actinobacteria;Micrococcales;Microbacteriaceae;Microbacterium;Microbacterium keratanolyticum
ST-A29	98.416	442	7	0	2	443	331	772	0.0	778	CAJF01000059.3817.5318 Bacteria;Actinomycetota;Actinobacteria;Micrococcales;Microbacteriaceae;Microbacterium;Microbacterium yannicii PS01
ST-A29	98.416	442	7	0	2	443	326	767	0.0	778	LMNI01000010.959628.961144 Bacteria;Actinomycetota;Actinobacteria;Micrococcales;Microbacteriaceae;Microbacterium;Microbacterium sp. Leaf288
ST-A29	98.416	442	7	0	2	443	333	774	0.0	778	JF417839.1.1485 Bacteria;Actinomycetota;Actinobacteria;Micrococcales;Microbacteriaceae;Microbacterium;uncultured bacterium
ST-A29	98.416	442	7	0	2	443	312	753	0.0	778	HM844145.1.1343 Bacteria;Actinomycetota;Actinobacteria;Micrococcales;Microbacteriaceae;Microbacterium;uncultured bacterium
ST-A29	98.416	442	7	0	2	443	317	758	0.0	778	DQ365561.1.1452 Bacteria;Actinomycetota;Actinobacteria;Micrococcales;Microbacteriaceae;Microbacterium;Microbacterium phyllosphaerae
ST-A29	98.416	442	7	0	2	443	330	771	0.0	778	JX490023.1.1482 Bacteria;Actinomycetota;Actinobacteria;Micrococcales;Microbacteriaceae;Microbacterium;uncultured soil bacterium
ST-A29	98.416	442	7	0	2	443	312	753	0.0	778	JF184029.1.1343 Bacteria;Actinomycetota;Actinobacteria;Micrococcales;Microbacteriaceae;Microbacterium;uncultured bacterium
ST-A29	98.416	442	7	0	2	443	337	778	0.0	778	KP243094.1.1499 Bacteria;Actinomycetota;Actinobacteria;Micrococcales;Microbacteriaceae;Microbacterium;uncultured bacterium
ST-A29	98.416	442	7	0	2	443	313	754	0.0	778	HM557932.1.1356 Bacteria;Actinomycetota;Actinobacteria;Micrococcales;Microbacteriaceae;Microbacterium;uncultured bacterium
ST-A29	98.416	442	7	0	2	443	311	752	0.0	778	JN408882.1.1444 Bacteria;Actinomycetota;Actinobacteria;Micrococcales;Microbacteriaceae;Microbacterium;uncultured actinobacterium
ST-A29	98.416	442	7	0	2	443	334	775	0.0	778	CP022162.1410410.1411934 Bacteria;Actinomycetota;Actinobacteria;Micrococcales;Microbacteriaceae;Microbacterium;Microbacterium sp. PM5
ST-A29	98.416	442	7	0	2	443	331	772	0.0	778	DQ256342.1.1483 Bacteria;Actinomycetota;Actinobacteria;Micrococcales;Microbacteriaceae;Microbacterium;uncultured bacterium
ST-A29	98.416	442	7	0	2	443	334	775	0.0	778	GU272297.1.1489 Bacteria;Actinomycetota;Actinobacteria;Micrococcales;Microbacteriaceae;Microbacterium;uncultured bacterium
ST-A29	98.416	442	7	0	2	443	320	761	0.0	778	KX456190.1.1433 Bacteria;Actinomycetota;Actinobacteria;Micrococcales;Microbacteriaceae;Microbacterium;Microbacterium hibisci
ST-A29	98.416	442	7	0	2	443	283	724	0.0	778	FM865665.1.1437 Bacteria;Actinomycetota;Actinobacteria;Micrococcales;Microbacteriaceae;Microbacterium;uncultured Microbacterium sp.
ST-A29	98.416	442	7	0	2	443	284	725	0.0	778	KX400858.1.1375 Bacteria;Actinomycetota;Actinobacteria;Micrococcales;Microbacteriaceae;Microbacterium;Microbacterium sp. HJ5
ST-A29	98.416	442	7	0	2	443	312	753	0.0	778	HE589883.1.1447 Bacteria;Actinomycetota;Actinobacteria;Micrococcales;Microbacteriaceae;Microbacterium;uncultured bacterium
ST-A29	98.416	442	7	0	2	443	312	753	0.0	778	HE589824.1.1445 Bacteria;Actinomycetota;Actinobacteria;Micrococcales;Microbacteriaceae;Microbacterium;uncultured bacterium
ST-A29	98.416	442	7	0	2	443	312	753	0.0	778	HE589836.1.1446 Bacteria;Actinomycetota;Actinobacteria;Micrococcales;Microbacteriaceae;Microbacterium;uncultured bacterium
ST-A29	98.416	442	7	0	2	443	333	774	0.0	778	KJ890525.1.1487 Bacteria;Actinomycetota;Actinobacteria;Micrococcales;Microbacteriaceae;Microbacterium;uncultured bacterium
ST-A29	98.416	442	7	0	2	443	305	746	0.0	778	MK014205.1.1413 Bacteria;Actinomycetota;Actinobacteria;Micrococcales;Microbacteriaceae;Microbacterium;Microbacterium sp.
ST-A29	98.416	442	7	0	2	443	317	758	0.0	778	MH671519.1.1498 Bacteria;Actinomycetota;Actinobacteria;Micrococcales;Microbacteriaceae;Microbacterium;Microbacterium sp.
ST-A29	98.416	442	7	0	2	443	301	742	0.0	778	KU843548.1.1415 Bacteria;Actinomycetota;Actinobacteria;Micrococcales;Microbacteriaceae;Microbacterium;Microbacterium diaminobutyricum
ST-A29	98.416	442	7	0	2	443	289	730	0.0	778	MH279648.1.1410 Bacteria;Actinomycetota;Actinobacteria;Micrococcales;Microbacteriaceae;Microbacterium;bacterium
ST-A29	98.416	442	7	0	2	443	311	752	0.0	778	LN569033.1.1354 Bacteria;Actinomycetota;Actinobacteria;Micrococcales;Microbacteriaceae;Microbacterium;uncultured bacterium
ST-A29	98.416	442	7	0	2	443	314	755	0.0	778	LN561218.1.1359 Bacteria;Actinomycetota;Actinobacteria;Micrococcales;Microbacteriaceae;Microbacterium;uncultured bacterium
ST-A29	98.416	442	7	0	2	443	306	747	0.0	778	MH394203.1.1213 Bacteria;Actinomycetota;Actinobacteria;Micrococcales;Microbacteriaceae;Microbacterium;Microbacterium oleivorans
ST-A29	98.416	442	7	0	2	443	314	755	0.0	778	LN561237.1.1363 Bacteria;Actinomycetota;Actinobacteria;Micrococcales;Microbacteriaceae;Microbacterium;uncultured bacterium
ST-A29	98.416	442	7	0	2	443	229	670	0.0	778	MH084937.1.1285 Bacteria;Actinomycetota;Actinobacteria;Micrococcales;Microbacteriaceae;Microbacterium;Microbacterium sp.
ST-A29	98.416	442	7	0	2	443	301	742	0.0	778	KU179351.1.1459 Bacteria;Actinomycetota;Actinobacteria;Micrococcales;Microbacteriaceae;Microbacterium;Microbacterium trichothecenolyticum
ST-A29	98.416	442	7	0	2	443	286	727	0.0	778	KJ726677.1.1371 Bacteria;Actinomycetota;Actinobacteria;Micrococcales;Microbacteriaceae;Microbacterium;Microbacterium sp. 44
ST-A29	98.416	442	7	0	2	443	309	750	0.0	778	KR259221.1.1442 Bacteria;Actinomycetota;Actinobacteria;Micrococcales;Microbacteriaceae;Microbacterium;Microbacterium arborescens
ST-A29	98.416	442	7	0	2	443	295	736	0.0	778	KT900595.1.1423 Bacteria;Actinomycetota;Actinobacteria;Micrococcales;Microbacteriaceae;Microbacterium;Microbacterium sp. NE2TTS10
ST-A29	98.416	442	7	0	2	443	292	733	0.0	778	KT900596.1.1417 Bacteria;Actinomycetota;Actinobacteria;Micrococcales;Microbacteriaceae;Microbacterium;Microbacterium sp. NE2RTS3
ST-A29	98.416	442	7	0	2	443	297	738	0.0	778	KT900598.1.1421 Bacteria;Actinomycetota;Actinobacteria;Micrococcales;Microbacteriaceae;Microbacterium;Microbacterium sp. NE2HP2
ST-A29	98.416	442	7	0	2	443	298	739	0.0	778	KT900594.1.1423 Bacteria;Actinomycetota;Actinobacteria;Micrococcales;Microbacteriaceae;Microbacterium;Microbacterium sp. NE2TL11
ST-A29	98.416	442	7	0	2	443	341	782	0.0	778	LT627736.1922398.1923924 Bacteria;Actinomycetota;Actinobacteria;Micrococcales;Microbacteriaceae;Microbacterium;Microbacterium sp. LKL04
ST-A29	98.416	442	7	0	2	443	341	782	0.0	778	LT627736.556936.558462 Bacteria;Actinomycetota;Actinobacteria;Micrococcales;Microbacteriaceae;Microbacterium;Microbacterium sp. LKL04
ST-A29	98.416	442	7	0	2	443	283	724	0.0	778	JF915346.1.1383 Bacteria;Actinomycetota;Actinobacteria;Micrococcales;Microbacteriaceae;Microbacterium;Microbacterium sp. NW40
ST-A29	98.416	442	7	0	2	443	312	753	0.0	778	KY445696.1.1497 Bacteria;Actinomycetota;Actinobacteria;Micrococcales;Microbacteriaceae;Microbacterium;Microbacterium sp.
ST-A29	98.416	442	7	0	2	443	319	760	0.0	778	HQ220051.1.1451 Bacteria;Actinomycetota;Actinobacteria;Micrococcales;Microbacteriaceae;Microbacterium;Microbacterium sp. AAI13
ST-A29	98.416	442	7	0	2	443	304	745	0.0	778	HQ220046.1.1430 Bacteria;Actinomycetota;Actinobacteria;Micrococcales;Microbacteriaceae;Microbacterium;Microbacterium sp. AAI8
ST-A29	98.416	442	7	0	2	443	303	744	0.0	778	KF454846.1.1426 Bacteria;Actinomycetota;Actinobacteria;Micrococcales;Microbacteriaceae;Microbacterium;Microbacterium sp. MCCB 211
ST-A29	98.416	442	7	0	2	443	289	730	0.0	778	HM629348.1.1417 Bacteria;Actinomycetota;Actinobacteria;Micrococcales;Microbacteriaceae;Microbacterium;Microbacterium schleiferi
ST-A29	98.416	442	7	0	2	443	324	765	0.0	778	HM584225.1.1376 Bacteria;Actinomycetota;Actinobacteria;Micrococcales;Microbacteriaceae;Microbacterium;Microbacterium oxydans
ST-A29	98.420	443	6	1	2	443	281	723	0.0	778	KP720612.1.1389 Bacteria;Actinomycetota;Actinobacteria;Micrococcales;Microbacteriaceae;Microbacterium;Microbacterium sp. IPC2-9
ST-A29	98.416	442	7	0	2	443	304	745	0.0	778	KJ009453.1.1427 Bacteria;Actinomycetota;Actinobacteria;Micrococcales;Microbacteriaceae;Microbacterium;Microbacterium pumilum
ST-A29	98.416	442	7	0	2	443	325	766	0.0	778	AB286020.1.1465 Bacteria;Actinomycetota;Actinobacteria;Micrococcales;Microbacteriaceae;Microbacterium;Microbacterium marinilacus
ST-A29	98.416	442	7	0	2	443	331	772	0.0	778	AB274908.1.1484 Bacteria;Actinomycetota;Actinobacteria;Micrococcales;Microbacteriaceae;Microbacterium;Microbacterium hatanonis
ST-A29	98.416	442	7	0	2	443	295	736	0.0	778	KM874406.1.1401 Bacteria;Actinomycetota;Actinobacteria;Micrococcales;Microbacteriaceae;Microbacterium;Microbacterium arborescens
ST-A29	98.416	442	7	0	2	443	295	736	0.0	778	KM874404.1.1401 Bacteria;Actinomycetota;Actinobacteria;Micrococcales;Microbacteriaceae;Microbacterium;Microbacterium arborescens
ST-A29	98.416	442	7	0	2	443	284	725	0.0	778	KM874405.1.1390 Bacteria;Actinomycetota;Actinobacteria;Micrococcales;Microbacteriaceae;Microbacterium;Microbacterium arborescens
ST-A29	98.416	442	7	0	2	443	295	736	0.0	778	KM874402.1.1403 Bacteria;Actinomycetota;Actinobacteria;Micrococcales;Microbacteriaceae;Microbacterium;Microbacterium schleiferi
ST-A29	98.416	442	7	0	2	443	306	747	0.0	778	HQ831384.1.1425 Bacteria;Actinomycetota;Actinobacteria;Micrococcales;Microbacteriaceae;Microbacterium;Microbacterium imperiale
ST-A29	98.416	442	7	0	2	443	286	727	0.0	778	EU090133.1.1424 Bacteria;Actinomycetota;Actinobacteria;Micrococcales;Microbacteriaceae;Microbacterium;Microbacterium sp. 68Xb2
ST-A29	98.420	443	6	1	2	443	297	739	0.0	778	KC764967.1.1421 Bacteria;Actinomycetota;Actinobacteria;Micrococcales;Microbacteriaceae;Microbacterium;Microbacterium testaceum
ST-A29	98.420	443	6	1	2	443	334	776	0.0	778	HM222659.1.1483 Bacteria;Actinomycetota;Actinobacteria;Micrococcales;Microbacteriaceae;Microbacterium;Microbacterium sp. 0704C10-2
ST-A29	98.416	442	7	0	2	443	303	744	0.0	778	KX989419.1.1424 Bacteria;Actinomycetota;Actinobacteria;Micrococcales;Microbacteriaceae;Microbacterium;Microbacterium sp.
ST-A29	98.416	442	7	0	2	443	271	712	0.0	778	KM406771.1.1383 Bacteria;Actinomycetota;Actinobacteria;Micrococcales;Microbacteriaceae;Microbacterium;Microbacterium sp. VP2-3
ST-A29	98.416	442	7	0	2	443	312	753	0.0	778	HQ622524.1.1445 Bacteria;Actinomycetota;Actinobacteria;Micrococcales;Microbacteriaceae;Microbacterium;Microbacterium marinum
ST-A29	98.416	442	7	0	2	443	329	770	0.0	778	KM374718.1.1486 Bacteria;Actinomycetota;Actinobacteria;Micrococcales;Microbacteriaceae;Microbacterium;Microbacterium schleiferi
ST-A29	98.416	442	7	0	2	443	311	752	0.0	778	GU217693.1.1434 Bacteria;Actinomycetota;Actinobacteria;Micrococcales;Microbacteriaceae;Microbacterium;Microbacterium sp. ljh-3
ST-A29	98.416	442	7	0	2	443	306	747	0.0	778	GU217714.1.1429 Bacteria;Actinomycetota;Actinobacteria;Micrococcales;Microbacteriaceae;Microbacterium;bacterium ljh-24
ST-A29	98.416	442	7	0	2	443	302	743	0.0	778	GU198196.1.1420 Bacteria;Actinomycetota;Actinobacteria;Micrococcales;Microbacteriaceae;Microbacterium;Microbacterium schleiferi
ST-A29	99.076	433	4	0	11	443	311	743	0.0	778	KF192058.1.1405 Bacteria;Actinomycetota;Actinobacteria;Micrococcales;Microbacteriaceae;Microbacterium;Microbacterium sp. G12
ST-A29	98.416	442	7	0	2	443	306	747	0.0	778	KR906119.1.1433 Bacteria;Actinomycetota;Actinobacteria;Micrococcales;Microbacteriaceae;Microbacterium;Microbacterium sp. HBUM178157
ST-A29	98.416	442	7	0	2	443	302	743	0.0	778	KR906324.1.1425 Bacteria;Actinomycetota;Actinobacteria;Micrococcales;Microbacteriaceae;Microbacterium;Microbacterium sp. HBUM178938
ST-A29	98.416	442	7	0	2	443	309	750	0.0	778	KR906377.1.1434 Bacteria;Actinomycetota;Actinobacteria;Micrococcales;Microbacteriaceae;Microbacterium;Microbacterium sp. HBUM179577
ST-A29	98.416	442	7	0	2	443	302	743	0.0	778	KR906229.1.1430 Bacteria;Actinomycetota;Actinobacteria;Micrococcales;Microbacteriaceae;Microbacterium;Microbacterium sp. HBUM179167
ST-A29	98.416	442	7	0	2	443	305	746	0.0	778	KR906390.1.1428 Bacteria;Actinomycetota;Actinobacteria;Micrococcales;Microbacteriaceae;Microbacterium;Microbacterium sp. HBUM190046
ST-A29	98.416	442	7	0	2	443	309	750	0.0	778	KR906204.1.1443 Bacteria;Actinomycetota;Actinobacteria;Micrococcales;Microbacteriaceae;Microbacterium;Microbacterium sp. HBUM178788
ST-A29	98.416	442	7	0	2	443	304	745	0.0	778	KR906179.1.1428 Bacteria;Actinomycetota;Actinobacteria;Micrococcales;Microbacteriaceae;Microbacterium;Microbacterium sp. HBUM178707
ST-A29	98.416	442	7	0	2	443	308	749	0.0	778	KR906230.1.1434 Bacteria;Actinomycetota;Actinobacteria;Micrococcales;Microbacteriaceae;Microbacterium;Microbacterium sp. HBUM179157
ST-A29	98.416	442	7	0	2	443	306	747	0.0	778	KR906219.1.1433 Bacteria;Actinomycetota;Actinobacteria;Micrococcales;Microbacteriaceae;Microbacterium;Microbacterium sp. HBUM179111
ST-A29	98.416	442	7	0	2	443	302	743	0.0	778	KR906190.1.1432 Bacteria;Actinomycetota;Actinobacteria;Micrococcales;Microbacteriaceae;Microbacterium;Microbacterium sp. HBUM178592
ST-A29	98.416	442	7	0	2	443	308	749	0.0	778	KR906262.1.1437 Bacteria;Actinomycetota;Actinobacteria;Micrococcales;Microbacteriaceae;Microbacterium;Microbacterium sp. HBUM179433
ST-A29	98.416	442	7	0	2	443	312	753	0.0	778	KR906274.1.1443 Bacteria;Actinomycetota;Actinobacteria;Micrococcales;Microbacteriaceae;Microbacterium;Microbacterium sp. HBUM179066
ST-A29	98.416	442	7	0	2	443	301	742	0.0	778	KR906178.1.1428 Bacteria;Actinomycetota;Actinobacteria;Micrococcales;Microbacteriaceae;Microbacterium;Microbacterium sp. HBUM178673
ST-A29	98.416	442	7	0	2	443	307	748	0.0	778	KR906227.1.1438 Bacteria;Actinomycetota;Actinobacteria;Micrococcales;Microbacteriaceae;Microbacterium;Microbacterium sp. HBUM179150
ST-A29	98.416	442	7	0	2	443	309	750	0.0	778	KR906208.1.1444 Bacteria;Actinomycetota;Actinobacteria;Micrococcales;Microbacteriaceae;Microbacterium;Microbacterium sp. HBUM179672
ST-A29	98.416	442	7	0	2	443	298	739	0.0	778	KC492986.1.1416 Bacteria;Actinomycetota;Actinobacteria;Micrococcales;Microbacteriaceae;Microbacterium;Microbacterium sp. VITPRS4
ST-A29	98.416	442	7	0	2	443	304	745	0.0	778	JQ958839.1.1450 Bacteria;Actinomycetota;Actinobacteria;Micrococcales;Microbacteriaceae;Microbacterium;Microbacterium flavescens
ST-A29	98.416	442	7	0	2	443	314	755	0.0	778	KM210266.1.1477 Bacteria;Actinomycetota;Actinobacteria;Micrococcales;Microbacteriaceae;Microbacterium;Microbacterium xylanilyticum
ST-A29	98.416	442	7	0	2	443	289	730	0.0	778	KC315778.1.1401 Bacteria;Actinomycetota;Actinobacteria;Micrococcales;Microbacteriaceae;Microbacterium;Microbacterium sp. M80
ST-A29	98.416	442	7	0	2	443	332	773	0.0	778	FJ999574.1.1515 Bacteria;Actinomycetota;Actinobacteria;Micrococcales;Microbacteriaceae;Microbacterium;Microbacterium sp. HLSB285
ST-A29	98.416	442	7	0	2	443	310	751	0.0	778	MG016448.1.1432 Bacteria;Actinomycetota;Actinobacteria;Micrococcales;Microbacteriaceae;Microbacterium;Microbacterium oleivorans
ST-A29	98.416	442	7	0	2	443	331	772	0.0	778	GQ284526.1.1457 Bacteria;Actinomycetota;Actinobacteria;Micrococcales;Microbacteriaceae;Microbacterium;Microbacterium sp. TSSAS2-38
ST-A29	98.416	442	7	0	2	443	307	748	0.0	778	GQ329713.1.1430 Bacteria;Actinomycetota;Actinobacteria;Micrococcales;Microbacteriaceae;Microbacterium;Microbacterium radiodurans
ST-A29	98.416	442	7	0	2	443	302	743	0.0	778	GQ280061.1.1425 Bacteria;Actinomycetota;Actinobacteria;Micrococcales;Microbacteriaceae;Microbacterium;Microbacterium sp. BJ-51
ST-A29	98.416	442	7	0	2	443	304	745	0.0	778	KX601087.1.1426 Bacteria;Actinomycetota;Actinobacteria;Micrococcales;Microbacteriaceae;Microbacterium;bacterium
ST-A29	98.416	442	7	0	2	443	305	746	0.0	778	KP125974.1.1416 Bacteria;Actinomycetota;Actinobacteria;Micrococcales;Microbacteriaceae;Microbacterium;Microbacterium paludicola
ST-A29	98.416	442	7	0	2	443	321	762	0.0	778	KC169799.1.1493 Bacteria;Actinomycetota;Actinobacteria;Micrococcales;Microbacteriaceae;Microbacterium;Microbacterium sp. CC-AMFLN-3
ST-A29	98.416	442	7	0	2	443	327	768	0.0	778	AM181505.1.1509 Bacteria;Actinomycetota;Actinobacteria;Micrococcales;Microbacteriaceae;Microbacterium;Microbacterium kitamiense
ST-A29	98.416	442	7	0	2	443	309	750	0.0	778	KC136835.1.1451 Bacteria;Actinomycetota;Actinobacteria;Micrococcales;Microbacteriaceae;Microbacterium;Microbacterium laevaniformans
ST-A29	98.416	442	7	0	2	443	283	724	0.0	778	FJ719325.1.1285 Bacteria;Actinomycetota;Actinobacteria;Micrococcales;Microbacteriaceae;Microbacterium;Microbacterium sp. T105
ST-A29	98.416	442	7	0	2	443	295	736	0.0	778	EU912487.1.1373 Bacteria;Actinomycetota;Actinobacteria;Micrococcales;Microbacteriaceae;Microbacterium;Microbacterium azadirachtae
ST-A29	98.416	442	7	0	2	443	332	773	0.0	778	JX997973.1.1443 Bacteria;Actinomycetota;Actinobacteria;Micrococcales;Microbacteriaceae;Microbacterium;Microbacterium kyungheense
ST-A29	98.416	442	7	0	2	443	302	743	0.0	778	KF876846.1.1423 Bacteria;Actinomycetota;Actinobacteria;Micrococcales;Microbacteriaceae;Microbacterium;Microbacterium binotii
ST-A29	98.416	442	7	0	2	443	253	694	0.0	778	EU863415.1.1364 Bacteria;Actinomycetota;Actinobacteria;Micrococcales;Microbacteriaceae;Microbacterium;Microbacterium aurantiacum
ST-A29	98.416	442	7	0	2	443	275	716	0.0	778	MF767916.1.1455 Bacteria;Actinomycetota;Actinobacteria;Micrococcales;Microbacteriaceae;Microbacterium;Microbacterium oleivorans
ST-A29	98.416	442	7	0	2	443	303	744	0.0	778	EU821337.1.1460 Bacteria;Actinomycetota;Actinobacteria;Micrococcales;Microbacteriaceae;Microbacterium;Microbacterium sp. LM1
ST-A29	98.420	443	6	1	2	443	303	745	0.0	778	EU730942.1.1427 Bacteria;Actinomycetota;Actinobacteria;Micrococcales;Microbacteriaceae;Microbacterium;Microbacterium flavescens
ST-A29	98.416	442	7	0	2	443	303	744	0.0	778	KF010636.1.1460 Bacteria;Actinomycetota;Actinobacteria;Micrococcales;Microbacteriaceae;Microbacterium;Microbacterium sp. Gr-22
ST-A29	98.416	442	7	0	2	443	306	747	0.0	778	KF010641.1.1462 Bacteria;Actinomycetota;Actinobacteria;Micrococcales;Microbacteriaceae;Microbacterium;Microbacterium sp. Cr-44
ST-A29	98.420	443	6	1	2	443	295	737	0.0	778	FJ493024.1.1384 Bacteria;Actinomycetota;Actinobacteria;Micrococcales;Microbacteriaceae;Microbacterium;Microbacterium laevaniformans
ST-A29	98.416	442	7	0	2	443	306	747	0.0	778	KM073946.1.1433 Bacteria;Actinomycetota;Actinobacteria;Micrococcales;Microbacteriaceae;Microbacterium;Microbacterium sp. THG S6-6
ST-A29	98.416	442	7	0	2	443	304	745	0.0	778	KM073940.1.1428 Bacteria;Actinomycetota;Actinobacteria;Micrococcales;Microbacteriaceae;Microbacterium;Microbacterium sp. THG S3-4
ST-A29	98.416	442	7	0	2	443	325	766	0.0	778	AJ968703.1.1456 Bacteria;Actinomycetota;Actinobacteria;Micrococcales;Microbacteriaceae;Microbacterium;Microbacterium sp. ORS 1417
ST-A29	98.416	442	7	0	2	443	325	766	0.0	778	AJ853908.1.1476 Bacteria;Actinomycetota;Actinobacteria;Micrococcales;Microbacteriaceae;Microbacterium;Microbacterium xylanilyticum
ST-A29	98.416	442	7	0	2	443	301	742	0.0	778	KM031089.1.1455 Bacteria;Actinomycetota;Actinobacteria;Micrococcales;Microbacteriaceae;Microbacterium;Microbacterium sp. HYM323
ST-A29	98.416	442	7	0	2	443	306	747	0.0	778	JQ418292.1.1406 Bacteria;Actinomycetota;Actinobacteria;Micrococcales;Microbacteriaceae;Microbacterium;Microbacterium sp. AHC-A
