ST-B11	99.553	447	2	0	1	447	327	773	0.0	815	AB042085.1.1507 Bacteria;Actinomycetota;Actinobacteria;Micrococcales;Microbacteriaceae;Microbacterium;Microbacterium sp. VKM Ac-2051
ST-B11	99.553	447	2	0	1	447	326	772	0.0	815	AB042080.1.1505 Bacteria;Actinomycetota;Actinobacteria;Micrococcales;Microbacteriaceae;Microbacterium;Microbacterium sp. VKM Ac-2015
ST-B11	99.553	447	2	0	1	447	329	775	0.0	815	AB042084.1.1509 Bacteria;Actinomycetota;Actinobacteria;Micrococcales;Microbacteriaceae;Microbacterium;Microbacterium sp. VKM Ac-2050
ST-B11	99.553	447	2	0	1	447	325	771	0.0	815	AB042075.1.1507 Bacteria;Actinomycetota;Actinobacteria;Micrococcales;Microbacteriaceae;Microbacterium;Microbacterium sp. VKM Ac-1808
ST-B11	99.552	446	2	0	2	447	306	751	0.0	813	DQ417926.1.1464 Bacteria;Actinomycetota;Actinobacteria;Micrococcales;Microbacteriaceae;Microbacterium;Microbacterium sp. ZD-M2
ST-B11	99.552	446	2	0	2	447	345	790	0.0	813	DQ350817.1.1531 Bacteria;Actinomycetota;Actinobacteria;Micrococcales;Microbacteriaceae;Microbacterium;Microbacterium saperdae
ST-B11	99.552	446	2	0	2	447	342	787	0.0	813	CP012299.1345047.1346575 Bacteria;Actinomycetota;Actinobacteria;Micrococcales;Microbacteriaceae;Microbacterium;Microbacterium sp. CGR1
ST-B11	99.552	446	2	0	2	447	342	787	0.0	813	CP012299.2162566.2164094 Bacteria;Actinomycetota;Actinobacteria;Micrococcales;Microbacteriaceae;Microbacterium;Microbacterium sp. CGR1
ST-B11	99.552	446	2	0	2	447	314	759	0.0	813	DQ814695.1.1438 Bacteria;Actinomycetota;Actinobacteria;Micrococcales;Microbacteriaceae;Microbacterium;uncultured bacterium
ST-B11	99.552	446	2	0	2	447	341	786	0.0	813	CP019892.3294175.3295702 Bacteria;Actinomycetota;Actinobacteria;Micrococcales;Microbacteriaceae;Microbacterium;Microbacterium foliorum
ST-B11	99.552	446	2	0	2	447	341	786	0.0	813	CP019892.2459555.2461082 Bacteria;Actinomycetota;Actinobacteria;Micrococcales;Microbacteriaceae;Microbacterium;Microbacterium foliorum
ST-B11	99.552	446	2	0	2	447	341	786	0.0	813	CP018151.2298116.2299643 Bacteria;Actinomycetota;Actinobacteria;Micrococcales;Microbacteriaceae;Microbacterium;Microbacterium sp. 1.5R
ST-B11	99.552	446	2	0	2	447	341	786	0.0	813	CP018151.3181352.3182879 Bacteria;Actinomycetota;Actinobacteria;Micrococcales;Microbacteriaceae;Microbacterium;Microbacterium sp. 1.5R
ST-B11	99.552	446	2	0	2	447	309	754	0.0	813	GU082325.1.1470 Bacteria;Actinomycetota;Actinobacteria;Micrococcales;Microbacteriaceae;Microbacterium;Microbacterium sp. enrichment culture clone ts0625T
ST-B11	99.552	446	2	0	2	447	332	777	0.0	813	AY864634.1.1420 Bacteria;Actinomycetota;Actinobacteria;Micrococcales;Microbacteriaceae;Microbacterium;Microbacterium sp. DVS4a2
ST-B11	99.552	446	2	0	2	447	302	747	0.0	813	MH325273.1.1204 Bacteria;Actinomycetota;Actinobacteria;Micrococcales;Microbacteriaceae;Microbacterium;Micrococcus sp.
ST-B11	99.552	446	2	0	2	447	297	742	0.0	813	MH144271.1.1455 Bacteria;Actinomycetota;Actinobacteria;Micrococcales;Microbacteriaceae;Microbacterium;Microbacterium oxydans
ST-B11	99.552	446	2	0	2	447	298	743	0.0	813	MH144295.1.1413 Bacteria;Actinomycetota;Actinobacteria;Micrococcales;Microbacteriaceae;Microbacterium;Microbacterium phyllosphaerae
ST-B11	99.552	446	2	0	2	447	297	742	0.0	813	MH144309.1.1412 Bacteria;Actinomycetota;Actinobacteria;Micrococcales;Microbacteriaceae;Microbacterium;Microbacterium oxydans
ST-B11	99.552	446	2	0	2	447	348	793	0.0	813	KY612279.1.1547 Bacteria;Actinomycetota;Actinobacteria;Micrococcales;Microbacteriaceae;Microbacterium;Microbacterium phyllosphaerae
ST-B11	99.552	446	2	0	2	447	258	703	0.0	813	KR088388.1.1600 Bacteria;Actinomycetota;Actinobacteria;Micrococcales;Microbacteriaceae;Microbacterium;Microbacterium saperdae
ST-B11	99.401	167	1	0	281	447	798	964	9.62e-81	303	KR088388.1.1600 Bacteria;Actinomycetota;Actinobacteria;Micrococcales;Microbacteriaceae;Microbacterium;Microbacterium saperdae
ST-B11	99.552	446	2	0	2	447	334	779	0.0	813	KR085809.1.1490 Bacteria;Actinomycetota;Actinobacteria;Micrococcales;Microbacteriaceae;Microbacterium;Microbacterium oxydans
ST-B11	99.552	446	2	0	2	447	312	757	0.0	813	KR055025.1.1445 Bacteria;Actinomycetota;Actinobacteria;Micrococcales;Microbacteriaceae;Microbacterium;Microbacterium sp. KAR64
ST-B11	99.552	446	2	0	2	447	307	752	0.0	813	KJ504166.1.1437 Bacteria;Actinomycetota;Actinobacteria;Micrococcales;Microbacteriaceae;Microbacterium;Microbacterium sp. Y-fx6
ST-B11	99.552	446	2	0	2	447	318	763	0.0	813	HQ260891.1.1456 Bacteria;Actinomycetota;Actinobacteria;Micrococcales;Microbacteriaceae;Microbacterium;Microbacterium sp. MW3
ST-B11	99.552	446	2	0	2	447	309	754	0.0	813	HQ219961.1.1442 Bacteria;Actinomycetota;Actinobacteria;Micrococcales;Microbacteriaceae;Microbacterium;Microbacterium oxydans
ST-B11	99.552	446	2	0	2	447	288	733	0.0	813	KU612235.1.1393 Bacteria;Actinomycetota;Actinobacteria;Micrococcales;Microbacteriaceae;Microbacterium;Microbacterium sp. S4
ST-B11	99.552	446	2	0	2	447	268	713	0.0	813	KF454839.1.1364 Bacteria;Actinomycetota;Actinobacteria;Micrococcales;Microbacteriaceae;Microbacterium;Microbacterium oxydans
ST-B11	99.552	446	2	0	2	447	269	714	0.0	813	KF454838.1.1366 Bacteria;Actinomycetota;Actinobacteria;Micrococcales;Microbacteriaceae;Microbacterium;Microbacterium oxydans
ST-B11	99.552	446	2	0	2	447	308	753	0.0	813	MG719537.1.1435 Bacteria;Actinomycetota;Actinobacteria;Micrococcales;Microbacteriaceae;Microbacterium;Microbacterium foliorum
ST-B11	99.552	446	2	0	2	447	297	742	0.0	813	KM894196.1.1438 Bacteria;Actinomycetota;Actinobacteria;Micrococcales;Microbacteriaceae;Microbacterium;Microbacterium oxydans
ST-B11	99.552	446	2	0	2	447	304	749	0.0	813	HQ831379.1.1425 Bacteria;Actinomycetota;Actinobacteria;Micrococcales;Microbacteriaceae;Microbacterium;Microbacterium phyllosphaerae
ST-B11	99.552	446	2	0	2	447	307	752	0.0	813	MG576164.1.1433 Bacteria;Actinomycetota;Actinobacteria;Micrococcales;Microbacteriaceae;Microbacterium;Microbacterium sp.
ST-B11	99.552	446	2	0	2	447	309	754	0.0	813	KM253049.1.1434 Bacteria;Actinomycetota;Actinobacteria;Micrococcales;Microbacteriaceae;Microbacterium;Microbacterium sp. DT 3-07
ST-B11	99.552	446	2	0	2	447	300	745	0.0	813	JQ977681.1.1420 Bacteria;Actinomycetota;Actinobacteria;Micrococcales;Microbacteriaceae;Microbacterium;Microbacterium sp. Drb5
ST-B11	99.552	446	2	0	2	447	307	752	0.0	813	JQ977619.1.1440 Bacteria;Actinomycetota;Actinobacteria;Micrococcales;Microbacteriaceae;Microbacterium;Microbacterium sp. Emb12
ST-B11	99.552	446	2	0	2	447	311	756	0.0	813	JQ977593.1.1446 Bacteria;Actinomycetota;Actinobacteria;Micrococcales;Microbacteriaceae;Microbacterium;Microbacterium sp. Ala8
ST-B11	99.552	446	2	0	2	447	313	758	0.0	813	JQ977598.1.1443 Bacteria;Actinomycetota;Actinobacteria;Micrococcales;Microbacteriaceae;Microbacterium;Microbacterium sp. Ala28
ST-B11	99.552	446	2	0	2	447	312	757	0.0	813	JQ977553.1.1443 Bacteria;Actinomycetota;Actinobacteria;Micrococcales;Microbacteriaceae;Microbacterium;Microbacterium sp. Bma25
ST-B11	99.552	446	2	0	2	447	303	748	0.0	813	JQ977480.1.1427 Bacteria;Actinomycetota;Actinobacteria;Micrococcales;Microbacteriaceae;Microbacterium;Microbacterium sp. Bma10
ST-B11	99.552	446	2	0	2	447	302	747	0.0	813	JQ977208.1.1423 Bacteria;Actinomycetota;Actinobacteria;Micrococcales;Microbacteriaceae;Microbacterium;Microbacterium sp. Rs52
ST-B11	99.552	446	2	0	2	447	308	753	0.0	813	JQ977247.1.1437 Bacteria;Actinomycetota;Actinobacteria;Micrococcales;Microbacteriaceae;Microbacterium;Microbacterium sp. Aza23
ST-B11	99.552	446	2	0	2	447	307	752	0.0	813	JQ977290.1.1434 Bacteria;Actinomycetota;Actinobacteria;Micrococcales;Microbacteriaceae;Microbacterium;Microbacterium sp. Gzab16
ST-B11	99.552	446	2	0	2	447	313	758	0.0	813	AY395021.1.1468 Bacteria;Actinomycetota;Actinobacteria;Micrococcales;Microbacteriaceae;Microbacterium;Microbacterium sp. NAB17
ST-B11	99.552	446	2	0	2	447	305	750	0.0	813	FJ959372.1.1422 Bacteria;Actinomycetota;Actinobacteria;Micrococcales;Microbacteriaceae;Microbacterium;Microbacterium sp. 0-20
ST-B11	99.552	446	2	0	2	447	305	750	0.0	813	KC019198.1.1433 Bacteria;Actinomycetota;Actinobacteria;Micrococcales;Microbacteriaceae;Microbacterium;Microbacterium foliorum
ST-B11	99.552	446	2	0	2	447	312	757	0.0	813	EU834267.1.1439 Bacteria;Actinomycetota;Actinobacteria;Micrococcales;Microbacteriaceae;Microbacterium;Microbacterium oxydans
ST-B11	99.552	446	2	0	2	447	309	754	0.0	813	EU834273.1.1436 Bacteria;Actinomycetota;Actinobacteria;Micrococcales;Microbacteriaceae;Microbacterium;Microbacterium phyllosphaerae
ST-B11	99.552	446	2	0	2	447	304	749	0.0	813	EU821338.1.1563 Bacteria;Actinomycetota;Actinobacteria;Micrococcales;Microbacteriaceae;Microbacterium;Microbacterium oxydans
ST-B11	99.552	446	2	0	2	447	292	737	0.0	813	EU723168.1.1319 Bacteria;Actinomycetota;Actinobacteria;Micrococcales;Microbacteriaceae;Microbacterium;actinobacterium kmd_340
ST-B11	99.552	446	2	0	2	447	305	750	0.0	813	KM100587.1.1431 Bacteria;Actinomycetota;Actinobacteria;Micrococcales;Microbacteriaceae;Microbacterium;Microbacterium sp. THG-J11
ST-B11	99.552	446	2	0	2	447	324	769	0.0	813	AJ698726.1.1495 Bacteria;Actinomycetota;Actinobacteria;Micrococcales;Microbacteriaceae;Microbacterium;Microbacterium hydrocarbonoxydans
ST-B11	99.552	446	2	0	2	447	315	760	0.0	813	Y17236.1.1473 Bacteria;Actinomycetota;Actinobacteria;Micrococcales;Microbacteriaceae;Microbacterium;Microbacterium saperdae
ST-B11	99.552	446	2	0	2	447	305	750	0.0	813	MF581435.1.1430 Bacteria;Actinomycetota;Actinobacteria;Micrococcales;Microbacteriaceae;Microbacterium;Microbacterium sp.
ST-B11	99.552	446	2	0	2	447	272	717	0.0	813	KY742777.1.1340 Bacteria;Actinomycetota;Actinobacteria;Micrococcales;Microbacteriaceae;Microbacterium;Microbacterium sp.
ST-B11	99.552	446	2	0	2	447	283	728	0.0	813	JQ012995.1.1402 Bacteria;Actinomycetota;Actinobacteria;Micrococcales;Microbacteriaceae;Microbacterium;Microbacterium sp. 371
ST-B11	99.552	446	2	0	2	447	302	747	0.0	813	JN993727.1.1419 Bacteria;Actinomycetota;Actinobacteria;Micrococcales;Microbacteriaceae;Microbacterium;Microbacterium foliorum
ST-B11	99.552	446	2	0	2	447	312	757	0.0	813	AJ277840.1.1478 Bacteria;Actinomycetota;Actinobacteria;Micrococcales;Microbacteriaceae;Microbacterium;Microbacterium phyllosphaerae
ST-B11	99.327	446	3	0	2	447	304	749	0.0	809	Y17235.1.1462 Bacteria;Actinomycetota;Actinobacteria;Micrococcales;Microbacteriaceae;Microbacterium;Microbacterium luteolum
ST-B11	99.327	446	3	0	2	447	301	746	0.0	808	DQ357776.1.1426 Bacteria;Actinomycetota;Actinobacteria;Micrococcales;Microbacteriaceae;Microbacterium;Microbacterium sp. B5-6a
ST-B11	99.327	446	3	0	2	447	285	730	0.0	808	DQ270680.1.1387 Bacteria;Actinomycetota;Actinobacteria;Micrococcales;Microbacteriaceae;Microbacterium;Microbacterium sp. B-1122
ST-B11	99.327	446	3	0	2	447	333	778	0.0	808	JX515433.1.1485 Bacteria;Actinomycetota;Actinobacteria;Micrococcales;Microbacteriaceae;Microbacterium;uncultured bacterium
ST-B11	99.329	447	2	1	2	447	305	751	0.0	808	KP843032.1.1434 Bacteria;Actinomycetota;Actinobacteria;Micrococcales;Microbacteriaceae;Microbacterium;uncultured bacterium
ST-B11	99.327	446	3	0	2	447	274	719	0.0	808	MK100468.1.1246 Bacteria;Actinomycetota;Actinobacteria;Micrococcales;Microbacteriaceae;Microbacterium;Microbacterium maritypicum
ST-B11	99.327	446	3	0	2	447	283	728	0.0	808	MF326573.1.1273 Bacteria;Actinomycetota;Actinobacteria;Micrococcales;Microbacteriaceae;Microbacterium;Microbacterium oxydans
ST-B11	99.327	446	3	0	2	447	278	723	0.0	808	KX056919.1.1303 Bacteria;Actinomycetota;Actinobacteria;Micrococcales;Microbacteriaceae;Microbacterium;Microbacterium sp.
ST-B11	99.327	446	3	0	2	447	309	754	0.0	808	MF326576.1.1274 Bacteria;Actinomycetota;Actinobacteria;Micrococcales;Microbacteriaceae;Microbacterium;Microbacterium oxydans
ST-B11	99.327	446	3	0	2	447	95	540	0.0	808	MH751910.1.1206 Bacteria;Actinomycetota;Actinobacteria;Micrococcales;Microbacteriaceae;Microbacterium;Microbacterium maritypicum
ST-B11	99.327	446	3	0	2	447	162	607	0.0	808	MH749462.1.1270 Bacteria;Actinomycetota;Actinobacteria;Micrococcales;Microbacteriaceae;Microbacterium;Microbacterium maritypicum
ST-B11	99.329	447	2	1	2	447	262	708	0.0	808	KU712001.1.1347 Bacteria;Actinomycetota;Actinobacteria;Micrococcales;Microbacteriaceae;Microbacterium;Microbacterium oxydans
ST-B11	99.327	446	3	0	2	447	254	699	0.0	808	KU711963.1.1340 Bacteria;Actinomycetota;Actinobacteria;Micrococcales;Microbacteriaceae;Microbacterium;Microbacterium oxydans
ST-B11	99.327	446	3	0	2	447	333	778	0.0	808	AP017975.326702.328205 Bacteria;Actinomycetota;Actinobacteria;Micrococcales;Microbacteriaceae;Microbacterium;Microbacterium sp. TPU 3598
ST-B11	99.327	446	3	0	2	447	333	778	0.0	808	AP017975.1343769.1345272 Bacteria;Actinomycetota;Actinobacteria;Micrococcales;Microbacteriaceae;Microbacterium;Microbacterium sp. TPU 3598
ST-B11	99.327	446	3	0	2	447	323	768	0.0	808	MH211256.1.1434 Bacteria;Actinomycetota;Actinobacteria;Micrococcales;Microbacteriaceae;Microbacterium;Microbacterium hydrocarbonoxydans
ST-B11	99.327	446	3	0	2	447	286	731	0.0	808	MH165376.1.1438 Bacteria;Actinomycetota;Actinobacteria;Micrococcales;Microbacteriaceae;Microbacterium;Microbacterium oxydans
ST-B11	99.327	446	3	0	2	447	304	749	0.0	808	JF730219.1.1427 Bacteria;Actinomycetota;Actinobacteria;Micrococcales;Microbacteriaceae;Microbacterium;Microbacterium sp. Chr-11
ST-B11	99.327	446	3	0	2	447	293	738	0.0	808	KJ139435.1.1414 Bacteria;Actinomycetota;Actinobacteria;Micrococcales;Microbacteriaceae;Microbacterium;Microbacterium sp. TS-3
ST-B11	99.327	446	3	0	2	447	295	740	0.0	808	KJ128976.1.1411 Bacteria;Actinomycetota;Actinobacteria;Micrococcales;Microbacteriaceae;Microbacterium;actinobacterium FJ4JKDS9
ST-B11	99.327	446	3	0	2	447	303	748	0.0	808	KY312729.1.1426 Bacteria;Actinomycetota;Actinobacteria;Micrococcales;Microbacteriaceae;Microbacterium;Microbacterium maritypicum
ST-B11	99.327	446	3	0	2	447	306	751	0.0	808	MG719577.1.1431 Bacteria;Actinomycetota;Actinobacteria;Micrococcales;Microbacteriaceae;Microbacterium;Microbacterium oxydans
ST-B11	99.327	446	3	0	2	447	330	775	0.0	808	EU158324.1.1512 Bacteria;Actinomycetota;Actinobacteria;Micrococcales;Microbacteriaceae;Microbacterium;Microbacterium sp. 5
ST-B11	99.327	446	3	0	2	447	314	759	0.0	808	HQ832574.1.1450 Bacteria;Actinomycetota;Actinobacteria;Micrococcales;Microbacteriaceae;Microbacterium;Microbacterium foliorum
ST-B11	99.327	446	3	0	2	447	304	749	0.0	808	JQ977540.1.1425 Bacteria;Actinomycetota;Actinobacteria;Micrococcales;Microbacteriaceae;Microbacterium;Microbacterium sp. Bca57
ST-B11	99.327	446	3	0	2	447	307	752	0.0	808	JQ977597.1.1436 Bacteria;Actinomycetota;Actinobacteria;Micrococcales;Microbacteriaceae;Microbacterium;Microbacterium sp. Ala23
ST-B11	99.327	446	3	0	2	447	305	750	0.0	808	KR906218.1.1434 Bacteria;Actinomycetota;Actinobacteria;Micrococcales;Microbacteriaceae;Microbacterium;Microbacterium sp. HBUM179109
ST-B11	99.327	446	3	0	2	447	305	750	0.0	808	KR906367.1.1429 Bacteria;Actinomycetota;Actinobacteria;Micrococcales;Microbacteriaceae;Microbacterium;Microbacterium sp. HBUM179731
ST-B11	99.327	446	3	0	2	447	302	747	0.0	808	KR906224.1.1436 Bacteria;Actinomycetota;Actinobacteria;Micrococcales;Microbacteriaceae;Microbacterium;Microbacterium sp. HBUM179155
ST-B11	99.327	446	3	0	2	447	305	750	0.0	808	KR906255.1.1437 Bacteria;Actinomycetota;Actinobacteria;Micrococcales;Microbacteriaceae;Microbacterium;Microbacterium sp. HBUM179307
ST-B11	99.327	446	3	0	2	447	298	743	0.0	808	EF514877.1.1421 Bacteria;Actinomycetota;Actinobacteria;Micrococcales;Microbacteriaceae;Microbacterium;Microbacterium sp. PAO-12
ST-B11	99.327	446	3	0	2	447	297	742	0.0	808	KP214599.6.1225 Bacteria;Actinomycetota;Actinobacteria;Micrococcales;Microbacteriaceae;Microbacterium;Microbacterium maritypicum
ST-B11	99.327	446	3	0	2	447	297	742	0.0	808	JQ977115.1.1421 Bacteria;Actinomycetota;Actinobacteria;Micrococcales;Microbacteriaceae;Microbacterium;Microbacterium sp. Cra30
ST-B11	99.327	446	3	0	2	447	307	752	0.0	808	JQ977155.1.1437 Bacteria;Actinomycetota;Actinobacteria;Micrococcales;Microbacteriaceae;Microbacterium;Microbacterium sp. Era16
ST-B11	99.327	446	3	0	2	447	321	766	0.0	808	KF886283.1.1490 Bacteria;Actinomycetota;Actinobacteria;Micrococcales;Microbacteriaceae;Microbacterium;Microbacterium sp. CGS13
ST-B11	99.327	446	3	0	2	447	317	762	0.0	808	FJ950590.1.1447 Bacteria;Actinomycetota;Actinobacteria;Micrococcales;Microbacteriaceae;Microbacterium;Microbacterium oxydans
ST-B11	99.327	446	3	0	2	447	317	762	0.0	808	AM181506.1.1345 Bacteria;Actinomycetota;Actinobacteria;Micrococcales;Microbacteriaceae;Microbacterium;Microbacterium maritypicum
ST-B11	99.327	446	3	0	2	447	287	732	0.0	808	KC128945.1.1385 Bacteria;Actinomycetota;Actinobacteria;Micrococcales;Microbacteriaceae;Microbacterium;Microbacterium oxydans
ST-B11	99.327	446	3	0	2	447	291	736	0.0	808	KC119117.1.1407 Bacteria;Actinomycetota;Actinobacteria;Micrococcales;Microbacteriaceae;Microbacterium;Microbacterium sp. CMJ1-24
ST-B11	99.327	446	3	0	2	447	295	740	0.0	808	EU918731.1.1439 Bacteria;Actinomycetota;Actinobacteria;Micrococcales;Microbacteriaceae;Microbacterium;Microbacterium oxydans
ST-B11	99.329	447	2	1	2	447	284	730	0.0	808	KP120790.1.1390 Bacteria;Actinomycetota;Actinobacteria;Micrococcales;Microbacteriaceae;Microbacterium;Microbacterium sp. 91_40
ST-B11	99.327	446	3	0	2	447	212	657	0.0	808	MF767919.1.1384 Bacteria;Actinomycetota;Actinobacteria;Micrococcales;Microbacteriaceae;Microbacterium;Microbacterium oxydans
ST-B11	99.329	447	2	1	2	447	310	756	0.0	808	KM073970.1.1438 Bacteria;Actinomycetota;Actinobacteria;Micrococcales;Microbacteriaceae;Microbacterium;Microbacterium sp. THG S15-6
ST-B11	99.327	446	3	0	2	447	339	784	0.0	808	AJ853910.1.1437 Bacteria;Actinomycetota;Actinobacteria;Micrococcales;Microbacteriaceae;Microbacterium;Microbacterium maritypicum
ST-B11	99.329	447	2	1	1	447	327	772	0.0	808	AB042083.1.1507 Bacteria;Actinomycetota;Actinobacteria;Micrococcales;Microbacteriaceae;Microbacterium;Microbacterium sp. VKM Ac-2048
ST-B11	99.327	446	3	0	2	447	326	771	0.0	808	AB042079.1.1505 Bacteria;Actinomycetota;Actinobacteria;Micrococcales;Microbacteriaceae;Microbacterium;Microbacterium sp. VKM Ac-2014
ST-B11	99.327	446	3	0	2	447	311	756	0.0	808	EU434520.1.1439 Bacteria;Actinomycetota;Actinobacteria;Micrococcales;Microbacteriaceae;Microbacterium;Microbacterium maritypicum
ST-B11	99.329	447	2	1	2	447	301	747	0.0	808	KU221447.1.1446 Bacteria;Actinomycetota;Actinobacteria;Micrococcales;Microbacteriaceae;Microbacterium;bacterium T50
ST-B11	99.327	446	2	1	2	447	287	731	0.0	806	KR088442.1.1364 Bacteria;Actinomycetota;Actinobacteria;Micrococcales;Microbacteriaceae;Microbacterium;Microbacterium sp. Ze05
ST-B11	99.103	446	4	0	2	447	283	728	0.0	806	KU612236.1.1327 Bacteria;Actinomycetota;Actinobacteria;Micrococcales;Microbacteriaceae;Microbacterium;Microbacterium sp. S5
ST-B11	99.327	446	2	1	2	447	288	732	0.0	806	JX103449.1.1408 Bacteria;Actinomycetota;Actinobacteria;Micrococcales;Microbacteriaceae;Microbacterium;Microbacterium sp. 16S-11
ST-B11	99.326	445	3	0	3	447	315	759	0.0	806	FJ950591.1.1445 Bacteria;Actinomycetota;Actinobacteria;Micrococcales;Microbacteriaceae;Microbacterium;Microbacterium oxydans
ST-B11	99.326	445	3	0	3	447	179	623	0.0	806	MF767915.1.1305 Bacteria;Actinomycetota;Actinobacteria;Micrococcales;Microbacteriaceae;Microbacterium;Microbacterium hydrocarbonoxydans
ST-B11	99.107	448	2	2	2	447	315	762	0.0	804	KX022164.1.1456 Bacteria;Actinomycetota;Actinobacteria;Micrococcales;Microbacteriaceae;Microbacterium;uncultured bacterium
ST-B11	99.107	448	2	1	2	447	275	722	0.0	804	KP120772.1.1361 Bacteria;Actinomycetota;Actinobacteria;Micrococcales;Microbacteriaceae;Microbacterium;Microbacterium sp. 91_36.2
ST-B11	99.107	448	2	2	2	447	308	755	0.0	804	KM035943.1.1438 Bacteria;Actinomycetota;Actinobacteria;Micrococcales;Microbacteriaceae;Microbacterium;Microbacterium sp. THG-DN3.1
ST-B11	99.103	446	4	0	2	447	304	749	0.0	804	Y17227.1.1466 Bacteria;Actinomycetota;Actinobacteria;Micrococcales;Microbacteriaceae;Microbacterium;Microbacterium oxydans
ST-B11	99.107	448	2	2	2	447	334	781	0.0	804	MF541530.1.1492 Bacteria;Actinomycetota;Actinobacteria;Micrococcales;Microbacteriaceae;Microbacterium;Microbacterium phyllosphaerae
ST-B11	99.103	446	4	0	2	447	312	757	0.0	802	HM277697.1.1343 Bacteria;Actinomycetota;Actinobacteria;Micrococcales;Microbacteriaceae;Microbacterium;uncultured bacterium
ST-B11	99.103	446	4	0	2	447	333	778	0.0	802	EU537176.1.1383 Bacteria;Actinomycetota;Actinobacteria;Micrococcales;Microbacteriaceae;Microbacterium;uncultured bacterium
ST-B11	99.103	446	4	0	2	447	311	756	0.0	802	GQ009760.1.1342 Bacteria;Actinomycetota;Actinobacteria;Micrococcales;Microbacteriaceae;Microbacterium;uncultured bacterium
ST-B11	99.103	446	4	0	2	447	284	729	0.0	802	MF326575.1.1295 Bacteria;Actinomycetota;Actinobacteria;Micrococcales;Microbacteriaceae;Microbacterium;Microbacterium oxydans
ST-B11	99.105	447	3	1	2	447	307	753	0.0	802	HF934962.1.1450 Bacteria;Actinomycetota;Actinobacteria;Micrococcales;Microbacteriaceae;Microbacterium;Microbacterium luteolum
ST-B11	99.103	446	4	0	2	447	273	718	0.0	802	KU711970.1.1361 Bacteria;Actinomycetota;Actinobacteria;Micrococcales;Microbacteriaceae;Microbacterium;Microbacterium maritypicum
ST-B11	99.103	446	4	0	2	447	335	780	0.0	802	KP862607.1.1486 Bacteria;Actinomycetota;Actinobacteria;Micrococcales;Microbacteriaceae;Microbacterium;Microbacterium sp. RZS6
ST-B11	99.103	446	4	0	2	447	289	734	0.0	802	KJ184992.1.1371 Bacteria;Actinomycetota;Actinobacteria;Micrococcales;Microbacteriaceae;Microbacterium;Microbacterium sp. FSBRD6
ST-B11	99.103	446	4	0	2	447	295	740	0.0	802	KM874403.1.1403 Bacteria;Actinomycetota;Actinobacteria;Micrococcales;Microbacteriaceae;Microbacterium;Microbacterium oxydans
ST-B11	99.103	446	4	0	2	447	331	776	0.0	802	JX067690.1.1483 Bacteria;Actinomycetota;Actinobacteria;Micrococcales;Microbacteriaceae;Microbacterium;Microbacterium sp. SAP771.5
ST-B11	99.103	446	4	0	2	447	304	749	0.0	802	KX940925.1.1433 Bacteria;Actinomycetota;Actinobacteria;Micrococcales;Microbacteriaceae;Microbacterium;Microbacterium sp.
ST-B11	99.103	446	4	0	2	447	305	750	0.0	802	JQ977228.1.1431 Bacteria;Actinomycetota;Actinobacteria;Micrococcales;Microbacteriaceae;Microbacterium;Microbacterium sp. Cmb2
ST-B11	99.103	446	4	0	2	447	313	758	0.0	802	KR811203.1.1446 Bacteria;Actinomycetota;Actinobacteria;Micrococcales;Microbacteriaceae;Microbacterium;Microbacterium phyllosphaerae
ST-B11	99.103	446	4	0	2	447	338	783	0.0	802	JQ861547.1.1398 Bacteria;Actinomycetota;Actinobacteria;Micrococcales;Microbacteriaceae;Microbacterium;Microbacterium oxydans
ST-B11	99.103	446	4	0	2	447	313	758	0.0	802	KC182739.1.1390 Bacteria;Actinomycetota;Actinobacteria;Micrococcales;Microbacteriaceae;Microbacterium;Microbacterium sp. AD-13
ST-B11	99.103	446	4	0	2	447	302	747	0.0	802	KF876854.1.1423 Bacteria;Actinomycetota;Actinobacteria;Micrococcales;Microbacteriaceae;Microbacterium;Microbacterium oxydans
ST-B11	99.105	447	3	1	2	447	317	763	0.0	802	JQ435870.1.1436 Bacteria;Actinomycetota;Actinobacteria;Micrococcales;Microbacteriaceae;Microbacterium;Microbacterium sp. 3(2012)
ST-B11	99.105	447	3	1	2	447	288	734	0.0	802	EU571124.1.1372 Bacteria;Actinomycetota;Actinobacteria;Micrococcales;Microbacteriaceae;Microbacterium;Microbacterium sp. 1-17
ST-B11	99.105	447	3	1	1	447	325	770	0.0	802	AB042077.1.1502 Bacteria;Actinomycetota;Actinobacteria;Micrococcales;Microbacteriaceae;Microbacterium;Microbacterium sp. VKM Ac-2012
ST-B11	99.103	446	4	0	2	447	284	729	0.0	802	KC978871.1.1417 Bacteria;Actinomycetota;Actinobacteria;Micrococcales;Microbacteriaceae;Microbacterium;Microbacterium sp. PJE4
ST-B11	99.103	446	2	2	2	447	307	750	0.0	800	KF454845.1.1425 Bacteria;Actinomycetota;Actinobacteria;Micrococcales;Microbacteriaceae;Microbacterium;Microbacterium oxydans
ST-B11	99.103	446	3	1	2	447	329	773	0.0	800	AB042076.1.1505 Bacteria;Actinomycetota;Actinobacteria;Micrococcales;Microbacteriaceae;Microbacterium;Microbacterium sp. VKM Ac-2011
ST-B11	98.884	448	3	2	2	447	271	718	0.0	798	KU712022.1.1366 Bacteria;Actinomycetota;Actinobacteria;Micrococcales;Microbacteriaceae;Microbacterium;Microbacterium oxydans
ST-B11	98.886	449	2	3	2	447	310	758	0.0	798	JQ977281.1.1442 Bacteria;Actinomycetota;Actinobacteria;Micrococcales;Microbacteriaceae;Microbacterium;Microbacterium sp. Ama26
ST-B11	98.886	449	2	3	2	447	311	759	0.0	798	HQ316116.1.1478 Bacteria;Actinomycetota;Actinobacteria;Micrococcales;Microbacteriaceae;Microbacterium;Microbacterium oxydans
ST-B11	98.879	446	5	0	2	447	304	749	0.0	798	Y14699.1.1461 Bacteria;Actinomycetota;Actinobacteria;Micrococcales;Microbacteriaceae;Microbacterium;Microbacterium resistens
ST-B11	98.884	448	3	2	2	447	332	779	0.0	798	JQ684245.1.1495 Bacteria;Actinomycetota;Actinobacteria;Micrococcales;Microbacteriaceae;Microbacterium;Microbacterium phyllosphaerae
ST-B11	98.886	449	2	3	2	447	292	740	0.0	798	JQ268557.1.1410 Bacteria;Actinomycetota;Actinobacteria;Micrococcales;Microbacteriaceae;Microbacterium;Microbacterium sp. E19
ST-B11	98.879	446	5	0	2	447	340	785	0.0	797	FTPQ01000007.254.1779 Bacteria;Actinomycetota;Actinobacteria;Micrococcales;Microbacteriaceae;Microbacterium;Microbacterium sp. RU1D
ST-B11	98.879	446	5	0	2	447	175	620	0.0	797	FPLM01008850.1.1341 Bacteria;Actinomycetota;Actinobacteria;Micrococcales;Microbacteriaceae;Microbacterium;metagenome
ST-B11	98.879	446	5	0	2	447	332	777	0.0	797	JUGQ01000001.501.2003 Bacteria;Actinomycetota;Actinobacteria;Micrococcales;Microbacteriaceae;Microbacterium;Microbacterium sp. CF335
ST-B11	98.879	446	5	0	2	447	334	779	0.0	797	DQ337515.1.1486 Bacteria;Actinomycetota;Actinobacteria;Micrococcales;Microbacteriaceae;Microbacterium;Microbacterium sp. BBDP82
ST-B11	98.879	446	5	0	2	447	208	653	0.0	797	DQ347534.1.1320 Bacteria;Actinomycetota;Actinobacteria;Micrococcales;Microbacteriaceae;Microbacterium;Microbacterium sp. B-2027
ST-B11	98.879	446	5	0	2	447	283	728	0.0	797	DQ270716.1.2826 Bacteria;Actinomycetota;Actinobacteria;Micrococcales;Microbacteriaceae;Microbacterium;Halomonas sp. B-1083
ST-B11	98.879	446	5	0	2	447	293	738	0.0	797	DQ270700.1.1401 Bacteria;Actinomycetota;Actinobacteria;Micrococcales;Microbacteriaceae;Microbacterium;Microbacterium sp. B-3029
ST-B11	98.879	446	5	0	2	447	313	758	0.0	797	JF176076.1.1344 Bacteria;Actinomycetota;Actinobacteria;Micrococcales;Microbacteriaceae;Microbacterium;uncultured bacterium
ST-B11	98.879	446	5	0	2	447	341	786	0.0	797	CP027434.2332836.2334363 Bacteria;Actinomycetota;Actinobacteria;Micrococcales;Microbacteriaceae;Microbacterium;Microbacterium sp. str. 'China'
ST-B11	98.879	446	5	0	2	447	314	759	0.0	797	JF123916.1.1345 Bacteria;Actinomycetota;Actinobacteria;Micrococcales;Microbacteriaceae;Microbacterium;uncultured bacterium
ST-B11	98.879	446	5	0	2	447	334	779	0.0	797	CP025299.1537782.1539300 Bacteria;Actinomycetota;Actinobacteria;Micrococcales;Microbacteriaceae;Microbacterium;Microbacterium hominis
ST-B11	98.879	446	5	0	2	447	312	757	0.0	797	KF557646.1.1445 Bacteria;Actinomycetota;Actinobacteria;Micrococcales;Microbacteriaceae;Microbacterium;uncultured bacterium
ST-B11	98.879	446	5	0	2	447	335	780	0.0	797	CP025299.2521527.2523052 Bacteria;Actinomycetota;Actinobacteria;Micrococcales;Microbacteriaceae;Microbacterium;Microbacterium hominis
ST-B11	98.879	446	5	0	2	447	334	779	0.0	797	CP025422.315135.316639 Bacteria;Actinomycetota;Actinobacteria;Micrococcales;Microbacteriaceae;Microbacterium;Zhihengliuella sp. ISTPL4
ST-B11	98.879	446	5	0	2	447	299	744	0.0	797	JQ976753.1.1415 Bacteria;Actinomycetota;Actinobacteria;Micrococcales;Microbacteriaceae;Microbacterium;uncultured Microbacterium sp.
ST-B11	98.879	446	5	0	2	447	300	745	0.0	797	MH767037.1.1422 Bacteria;Actinomycetota;Actinobacteria;Micrococcales;Microbacteriaceae;Microbacterium;uncultured Aurantimicrobium sp.
ST-B11	98.879	446	5	0	2	447	335	780	0.0	797	MH671523.1.1524 Bacteria;Actinomycetota;Actinobacteria;Micrococcales;Microbacteriaceae;Microbacterium;Microbacterium sp.
ST-B11	98.879	446	5	0	2	447	316	761	0.0	797	MH553174.1.1451 Bacteria;Actinomycetota;Actinobacteria;Micrococcales;Microbacteriaceae;Microbacterium;Microbacterium sp.
ST-B11	98.879	446	5	0	2	447	312	757	0.0	797	MH553173.1.1443 Bacteria;Actinomycetota;Actinobacteria;Micrococcales;Microbacteriaceae;Microbacterium;Microbacterium sp.
ST-B11	98.879	446	5	0	2	447	261	706	0.0	797	KU711972.1.1337 Bacteria;Actinomycetota;Actinobacteria;Micrococcales;Microbacteriaceae;Microbacterium;Microbacterium hominis
ST-B11	98.879	446	5	0	2	447	313	758	0.0	797	LN568990.1.1357 Bacteria;Actinomycetota;Actinobacteria;Micrococcales;Microbacteriaceae;Microbacterium;uncultured bacterium
ST-B11	98.879	446	5	0	2	447	342	787	0.0	797	CP014313.775726.777254 Bacteria;Actinomycetota;Actinobacteria;Micrococcales;Microbacteriaceae;Microbacterium;Microbacterium sp. PAMC 28756
ST-B11	98.879	446	5	0	2	447	342	787	0.0	797	CP014313.66995.68523 Bacteria;Actinomycetota;Actinobacteria;Micrococcales;Microbacteriaceae;Microbacterium;Microbacterium sp. PAMC 28756
ST-B11	98.879	446	5	0	2	447	294	739	0.0	797	MH144333.1.1410 Bacteria;Actinomycetota;Actinobacteria;Micrococcales;Microbacteriaceae;Microbacterium;Microbacterium natoriense
ST-B11	98.879	446	5	0	2	447	300	745	0.0	797	MH368259.1.1300 Bacteria;Actinomycetota;Actinobacteria;Micrococcales;Microbacteriaceae;Microbacterium;Microbacterium testaceum
ST-B11	98.879	446	5	0	2	447	297	742	0.0	797	MH144232.1.1455 Bacteria;Actinomycetota;Actinobacteria;Micrococcales;Microbacteriaceae;Microbacterium;Microbacterium foliorum
ST-B11	98.879	446	5	0	2	447	300	745	0.0	797	MH368257.1.1310 Bacteria;Actinomycetota;Actinobacteria;Micrococcales;Microbacteriaceae;Microbacterium;Microbacterium testaceum
ST-B11	98.879	446	5	0	2	447	326	771	0.0	797	AY741722.1.1513 Bacteria;Actinomycetota;Actinobacteria;Micrococcales;Microbacteriaceae;Microbacterium;Microbacterium sp. SKJH-23
ST-B11	98.879	446	5	0	2	447	373	818	0.0	797	MH100891.1.1503 Bacteria;Actinomycetota;Actinobacteria;Micrococcales;Microbacteriaceae;Microbacterium;Microbacterium paraoxydans
ST-B11	98.879	446	5	0	2	447	343	788	0.0	797	LT629770.876168.877696 Bacteria;Actinomycetota;Actinobacteria;Micrococcales;Microbacteriaceae;Microbacterium;Microbacterium paraoxydans
ST-B11	98.879	446	5	0	2	447	343	788	0.0	797	LT629770.1501642.1503170 Bacteria;Actinomycetota;Actinobacteria;Micrococcales;Microbacteriaceae;Microbacterium;Microbacterium paraoxydans
ST-B11	98.879	446	5	0	2	447	234	679	0.0	797	KF803585.1.1370 Bacteria;Actinomycetota;Actinobacteria;Micrococcales;Microbacteriaceae;Microbacterium;Microbacterium foliorum
ST-B11	98.879	446	5	0	2	447	305	750	0.0	797	KF788221.1.1430 Bacteria;Actinomycetota;Actinobacteria;Micrococcales;Microbacteriaceae;Microbacterium;Microbacterium sp. F28(2013)
ST-B11	98.879	446	5	0	2	447	308	753	0.0	797	KT818722.1.1429 Bacteria;Actinomycetota;Actinobacteria;Micrococcales;Microbacteriaceae;Microbacterium;bacterium B12(2016)
ST-B11	98.879	446	5	0	2	447	346	791	0.0	797	KY561620.1.1502 Bacteria;Actinomycetota;Actinobacteria;Micrococcales;Microbacteriaceae;Microbacterium;Microbacterium sp.
ST-B11	98.879	446	5	0	2	447	335	780	0.0	797	KT735048.1.1500 Bacteria;Actinomycetota;Actinobacteria;Micrococcales;Microbacteriaceae;Microbacterium;Microbacterium telephonicum
ST-B11	98.879	446	5	0	2	447	283	728	0.0	797	JF915347.1.1384 Bacteria;Actinomycetota;Actinobacteria;Micrococcales;Microbacteriaceae;Microbacterium;Microbacterium natoriense
ST-B11	98.879	446	5	0	2	447	306	751	0.0	797	KR052878.1.1429 Bacteria;Actinomycetota;Actinobacteria;Micrococcales;Microbacteriaceae;Microbacterium;Microbacterium hydrocarbonoxydans
ST-B11	98.879	446	5	0	2	447	314	759	0.0	797	HQ220047.1.1445 Bacteria;Actinomycetota;Actinobacteria;Micrococcales;Microbacteriaceae;Microbacterium;Microbacterium sp. AAI9
ST-B11	98.879	446	5	0	2	447	302	747	0.0	797	KP895793.1.1432 Bacteria;Actinomycetota;Actinobacteria;Micrococcales;Microbacteriaceae;Microbacterium;Microbacterium sp. CV7
ST-B11	98.879	446	5	0	2	447	309	754	0.0	797	KP895791.1.1439 Bacteria;Actinomycetota;Actinobacteria;Micrococcales;Microbacteriaceae;Microbacterium;Microbacterium sp. CV5
ST-B11	98.879	446	5	0	2	447	339	784	0.0	797	AP012052.5062.6584 Bacteria;Actinomycetota;Actinobacteria;Micrococcales;Microbacteriaceae;Microbacterium;Microbacterium testaceum StLB037
ST-B11	98.879	446	5	0	2	447	339	784	0.0	797	AP012052.2360807.2362329 Bacteria;Actinomycetota;Actinobacteria;Micrococcales;Microbacteriaceae;Microbacterium;Microbacterium testaceum StLB037
ST-B11	98.879	446	5	0	2	447	303	748	0.0	797	KJ185039.1.1425 Bacteria;Actinomycetota;Actinobacteria;Micrococcales;Microbacteriaceae;Microbacterium;Microbacterium sp. FSBRN2
ST-B11	98.879	446	5	0	2	447	265	710	0.0	797	KJ184988.1.1378 Bacteria;Actinomycetota;Actinobacteria;Micrococcales;Microbacteriaceae;Microbacterium;Microbacterium sp. FSBRD9
ST-B11	98.879	446	5	0	2	447	286	731	0.0	797	HL098382.1.1408 Bacteria;Actinomycetota;Actinobacteria;Micrococcales;Microbacteriaceae;Microbacterium;unidentified
ST-B11	98.879	446	5	0	2	447	298	743	0.0	797	HM755674.1.1360 Bacteria;Actinomycetota;Actinobacteria;Micrococcales;Microbacteriaceae;Microbacterium;Microbacterium laevaniformans
ST-B11	98.879	446	5	0	2	447	323	768	0.0	797	JF274930.1.1495 Bacteria;Actinomycetota;Actinobacteria;Micrococcales;Microbacteriaceae;Microbacterium;Microbacterium sp. PX16a_S1
ST-B11	98.879	446	5	0	2	447	293	738	0.0	797	HM584226.1.1426 Bacteria;Actinomycetota;Actinobacteria;Micrococcales;Microbacteriaceae;Microbacterium;Microbacterium oxydans
ST-B11	98.879	446	5	0	2	447	262	707	0.0	797	EU240437.1.1350 Bacteria;Actinomycetota;Actinobacteria;Micrococcales;Microbacteriaceae;Microbacterium;Microbacterium trichothecenolyticum
ST-B11	98.879	446	5	0	2	447	306	751	0.0	797	KM977824.1.1447 Bacteria;Actinomycetota;Actinobacteria;Micrococcales;Microbacteriaceae;Microbacterium;Microbacterium sp. LP21_S02
ST-B11	98.879	446	5	0	2	447	277	722	0.0	797	AB686541.1.1369 Bacteria;Actinomycetota;Actinobacteria;Micrococcales;Microbacteriaceae;Microbacterium;Microbacterium sp. KW016
ST-B11	98.879	446	5	0	2	447	309	754	0.0	797	JX196958.1.1434 Bacteria;Actinomycetota;Actinobacteria;Micrococcales;Microbacteriaceae;Microbacterium;Microbacterium sp. Yangling I10
ST-B11	98.879	446	5	0	2	447	303	748	0.0	797	HQ831382.1.1425 Bacteria;Actinomycetota;Actinobacteria;Micrococcales;Microbacteriaceae;Microbacterium;Microbacterium dextranolyticum
ST-B11	98.879	446	5	0	2	447	314	759	0.0	797	KT154906.1.1363 Bacteria;Actinomycetota;Actinobacteria;Micrococcales;Microbacteriaceae;Microbacterium;Microbacterium sp. FS66
ST-B11	98.879	446	5	0	2	447	332	777	0.0	797	KC814160.1.1519 Bacteria;Actinomycetota;Actinobacteria;Micrococcales;Microbacteriaceae;Microbacterium;Microbacterium sp. C0711
ST-B11	98.879	446	5	0	2	447	285	730	0.0	797	KC810832.1.1344 Bacteria;Actinomycetota;Actinobacteria;Micrococcales;Microbacteriaceae;Microbacterium;Microbacterium sp. 9-3
ST-B11	98.879	446	5	0	2	447	332	777	0.0	797	KF973240.1.1515 Bacteria;Actinomycetota;Actinobacteria;Micrococcales;Microbacteriaceae;Microbacterium;Microbacterium thalassium
ST-B11	98.879	446	5	0	2	447	280	725	0.0	797	KC734323.1.1360 Bacteria;Actinomycetota;Actinobacteria;Micrococcales;Microbacteriaceae;Microbacterium;bacterium W110
ST-B11	98.879	446	5	0	2	447	308	753	0.0	797	JQ977591.1.1441 Bacteria;Actinomycetota;Actinobacteria;Micrococcales;Microbacteriaceae;Microbacterium;Microbacterium sp. Ala4
ST-B11	98.879	446	5	0	2	447	301	746	0.0	797	KR906339.1.1425 Bacteria;Actinomycetota;Actinobacteria;Micrococcales;Microbacteriaceae;Microbacterium;Microbacterium sp. HBUM178894
ST-B11	98.879	446	5	0	2	447	304	749	0.0	797	KR906228.1.1435 Bacteria;Actinomycetota;Actinobacteria;Micrococcales;Microbacteriaceae;Microbacterium;Microbacterium sp. HBUM179158
ST-B11	98.879	446	5	0	2	447	305	750	0.0	797	KR906288.1.1431 Bacteria;Actinomycetota;Actinobacteria;Micrococcales;Microbacteriaceae;Microbacterium;Microbacterium sp. HBUM179450
ST-B11	98.879	446	5	0	2	447	306	751	0.0	797	KR906235.1.1436 Bacteria;Actinomycetota;Actinobacteria;Micrococcales;Microbacteriaceae;Microbacterium;Microbacterium sp. HBUM179194
ST-B11	98.879	446	5	0	2	447	334	779	0.0	797	MG232371.1.1488 Bacteria;Actinomycetota;Actinobacteria;Micrococcales;Microbacteriaceae;Microbacterium;Microbacterium sp.
ST-B11	98.879	446	5	0	2	447	306	751	0.0	797	KR906284.1.1433 Bacteria;Actinomycetota;Actinobacteria;Micrococcales;Microbacteriaceae;Microbacterium;Microbacterium sp. HBUM179425
ST-B11	98.879	446	5	0	2	447	303	748	0.0	797	KR906350.1.1427 Bacteria;Actinomycetota;Actinobacteria;Micrococcales;Microbacteriaceae;Microbacterium;Microbacterium sp. HBUM178948
ST-B11	98.879	446	5	0	2	447	309	754	0.0	797	KR906290.1.1459 Bacteria;Actinomycetota;Actinobacteria;Micrococcales;Microbacteriaceae;Microbacterium;Microbacterium sp. HBUM179393
ST-B11	98.879	446	5	0	2	447	305	750	0.0	797	KR906247.1.1433 Bacteria;Actinomycetota;Actinobacteria;Micrococcales;Microbacteriaceae;Microbacterium;Microbacterium sp. HBUM179272
ST-B11	98.879	446	5	0	2	447	303	748	0.0	797	KR906241.1.1434 Bacteria;Actinomycetota;Actinobacteria;Micrococcales;Microbacteriaceae;Microbacterium;Microbacterium sp. HBUM179195
ST-B11	98.879	446	5	0	2	447	306	751	0.0	797	KR906181.1.1424 Bacteria;Actinomycetota;Actinobacteria;Micrococcales;Microbacteriaceae;Microbacterium;Microbacterium sp. HBUM178557
ST-B11	98.879	446	5	0	2	447	306	751	0.0	797	KR906233.1.1432 Bacteria;Actinomycetota;Actinobacteria;Micrococcales;Microbacteriaceae;Microbacterium;Microbacterium sp. HBUM179179
ST-B11	98.879	446	5	0	2	447	306	751	0.0	797	KR906282.1.1433 Bacteria;Actinomycetota;Actinobacteria;Micrococcales;Microbacteriaceae;Microbacterium;Microbacterium sp. HBUM179395
ST-B11	98.879	446	5	0	2	447	303	748	0.0	797	KR906186.1.1436 Bacteria;Actinomycetota;Actinobacteria;Micrococcales;Microbacteriaceae;Microbacterium;Microbacterium sp. HBUM178580
ST-B11	98.879	446	5	0	2	447	309	754	0.0	797	KR906170.1.1434 Bacteria;Actinomycetota;Actinobacteria;Micrococcales;Microbacteriaceae;Microbacterium;Microbacterium sp. HBUM178513
ST-B11	98.879	446	5	0	2	447	330	775	0.0	797	MG234282.1.1482 Bacteria;Actinomycetota;Actinobacteria;Micrococcales;Microbacteriaceae;Microbacterium;Microbacterium sp.
ST-B11	98.879	446	5	0	2	447	308	753	0.0	797	KR906250.1.1435 Bacteria;Actinomycetota;Actinobacteria;Micrococcales;Microbacteriaceae;Microbacterium;Microbacterium sp. HBUM179294
ST-B11	98.879	446	5	0	2	447	303	748	0.0	797	KR906246.1.1428 Bacteria;Actinomycetota;Actinobacteria;Micrococcales;Microbacteriaceae;Microbacterium;Microbacterium sp. HBUM179558
ST-B11	98.879	446	5	0	2	447	311	756	0.0	797	KR906264.1.1437 Bacteria;Actinomycetota;Actinobacteria;Micrococcales;Microbacteriaceae;Microbacterium;Microbacterium sp. HBUM179451
ST-B11	98.879	446	5	0	2	447	297	742	0.0	797	MG214547.1.1490 Bacteria;Actinomycetota;Actinobacteria;Micrococcales;Microbacteriaceae;Microbacterium;Microbacterium sp.
ST-B11	98.879	446	5	0	2	447	303	748	0.0	797	KR906188.1.1425 Bacteria;Actinomycetota;Actinobacteria;Micrococcales;Microbacteriaceae;Microbacterium;Microbacterium sp. HBUM178589
ST-B11	98.879	446	5	0	2	447	321	766	0.0	797	AM411961.1.1356 Bacteria;Actinomycetota;Actinobacteria;Micrococcales;Microbacteriaceae;Microbacterium;Microbacterium sp. P-65
ST-B11	98.879	446	5	0	2	447	354	799	0.0	797	HM146190.1.1477 Bacteria;Actinomycetota;Actinobacteria;Micrococcales;Microbacteriaceae;Microbacterium;Microbacterium assamensis
ST-B11	98.879	446	5	0	2	447	334	779	0.0	797	KP208636.1.1500 Bacteria;Actinomycetota;Actinobacteria;Micrococcales;Microbacteriaceae;Microbacterium;Microbacterium foliorum
ST-B11	98.879	446	5	0	2	447	300	745	0.0	797	KR780367.1.1424 Bacteria;Actinomycetota;Actinobacteria;Micrococcales;Microbacteriaceae;Microbacterium;Microbacterium sp. CS11
ST-B11	98.879	446	5	0	2	447	306	751	0.0	797	HQ326998.1.1431 Bacteria;Actinomycetota;Actinobacteria;Micrococcales;Microbacteriaceae;Microbacterium;Microbacterium ginsengisoli
ST-B11	98.879	446	5	0	2	447	303	748	0.0	797	HM063035.1.1422 Bacteria;Actinomycetota;Actinobacteria;Micrococcales;Microbacteriaceae;Microbacterium;Microbacterium sp. CRRI-13
ST-B11	98.879	446	5	0	2	447	299	744	0.0	797	KU560296.1.1421 Bacteria;Actinomycetota;Actinobacteria;Micrococcales;Microbacteriaceae;Microbacterium;Microbacterium sp. MCCC 1A09840
ST-B11	98.879	446	5	0	2	447	313	758	0.0	797	KC355288.1.1464 Bacteria;Actinomycetota;Actinobacteria;Micrococcales;Microbacteriaceae;Microbacterium;Microbacterium phyllosphaerae
ST-B11	98.879	446	5	0	2	447	334	779	0.0	797	AM403655.1.1484 Bacteria;Actinomycetota;Actinobacteria;Micrococcales;Microbacteriaceae;Microbacterium;Microbacterium sp. 70(27zx)
ST-B11	98.879	446	5	0	2	447	294	739	0.0	797	MG011577.1.1436 Bacteria;Actinomycetota;Actinobacteria;Micrococcales;Microbacteriaceae;Microbacterium;Hydrogenophaga atypica
ST-B11	98.879	446	5	0	2	447	307	752	0.0	797	KX645725.1.1436 Bacteria;Actinomycetota;Actinobacteria;Micrococcales;Microbacteriaceae;Microbacterium;Microbacterium sp.
ST-B11	98.879	446	5	0	2	447	307	752	0.0	797	KX645720.1.1432 Bacteria;Actinomycetota;Actinobacteria;Micrococcales;Microbacteriaceae;Microbacterium;Microbacterium sp.
ST-B11	98.879	446	5	0	2	447	279	724	0.0	797	KC182737.1.1378 Bacteria;Actinomycetota;Actinobacteria;Micrococcales;Microbacteriaceae;Microbacterium;Microbacterium sp. BD-4
ST-B11	98.879	446	5	0	2	447	328	773	0.0	797	AM181504.1.1512 Bacteria;Actinomycetota;Actinobacteria;Micrococcales;Microbacteriaceae;Microbacterium;Microbacterium hominis
ST-B11	98.879	446	5	0	2	447	321	766	0.0	797	EU873314.1.1427 Bacteria;Actinomycetota;Actinobacteria;Micrococcales;Microbacteriaceae;Microbacterium;Microbacterium ginsengiterrae
ST-B11	98.879	446	5	0	2	447	286	731	0.0	797	KF036182.1.1404 Bacteria;Actinomycetota;Actinobacteria;Micrococcales;Microbacteriaceae;Microbacterium;Microbacterium testaceum
ST-B11	98.879	446	5	0	2	447	319	764	0.0	797	EU879962.1.1480 Bacteria;Actinomycetota;Actinobacteria;Micrococcales;Microbacteriaceae;Microbacterium;Microbacterium laevaniformans
ST-B11	98.879	446	5	0	2	447	260	705	0.0	797	LN774644.1.1203 Bacteria;Actinomycetota;Actinobacteria;Micrococcales;Microbacteriaceae;Microbacterium;Microbacterium phyllosphaerae
ST-B11	98.879	446	5	0	2	447	302	747	0.0	797	KY962353.1.1459 Bacteria;Actinomycetota;Actinobacteria;Micrococcales;Microbacteriaceae;Microbacterium;Microbacterium resistens
ST-B11	98.879	446	5	0	2	447	306	751	0.0	797	EU816584.1.1463 Bacteria;Actinomycetota;Actinobacteria;Micrococcales;Microbacteriaceae;Microbacterium;Microbacterium sp. MB-1-1-102
ST-B11	98.879	446	5	0	2	447	336	781	0.0	797	AB186855.1.1489 Bacteria;Actinomycetota;Actinobacteria;Micrococcales;Microbacteriaceae;Microbacterium;uncultured bacterium
ST-B11	98.879	446	5	0	2	447	264	709	0.0	797	MF765334.1.1250 Bacteria;Actinomycetota;Actinobacteria;Micrococcales;Microbacteriaceae;Microbacterium;Microbacterium natoriense
ST-B11	98.879	446	5	0	2	447	311	756	0.0	797	EU741043.1.1452 Bacteria;Actinomycetota;Actinobacteria;Micrococcales;Microbacteriaceae;Microbacterium;Microbacterium sp. FeL27
ST-B11	98.879	446	5	0	2	447	307	752	0.0	797	EU741038.1.1437 Bacteria;Actinomycetota;Actinobacteria;Micrococcales;Microbacteriaceae;Microbacterium;Microbacterium sp. FeL09
ST-B11	98.879	446	5	0	2	447	306	751	0.0	797	KF010634.1.1464 Bacteria;Actinomycetota;Actinobacteria;Micrococcales;Microbacteriaceae;Microbacterium;Microbacterium sp. Gr-1
ST-B11	98.879	446	5	0	2	447	291	736	0.0	797	KM114958.1.1402 Bacteria;Actinomycetota;Actinobacteria;Micrococcales;Microbacteriaceae;Microbacterium;Microbacterium sp. 142
ST-B11	98.879	446	5	0	2	447	291	736	0.0	797	JQ638443.1.1399 Bacteria;Actinomycetota;Actinobacteria;Micrococcales;Microbacteriaceae;Microbacterium;actinomycete LQ39
ST-B11	98.879	446	5	0	2	447	301	746	0.0	797	JQ579637.1.1424 Bacteria;Actinomycetota;Actinobacteria;Micrococcales;Microbacteriaceae;Microbacterium;Microbacterium sp. H6(2012)
ST-B11	98.881	447	3	2	1	447	326	770	0.0	797	AB042092.1.1506 Bacteria;Actinomycetota;Actinobacteria;Micrococcales;Microbacteriaceae;Microbacterium;Curtobacterium sp. VKM Ac-2057
ST-B11	98.881	447	3	2	1	447	326	770	0.0	797	AB042078.1.1504 Bacteria;Actinomycetota;Actinobacteria;Micrococcales;Microbacteriaceae;Microbacterium;Microbacterium sp. VKM Ac-2013
ST-B11	98.879	446	5	0	2	447	211	656	0.0	797	FJ348013.1.1251 Bacteria;Actinomycetota;Actinobacteria;Micrococcales;Microbacteriaceae;Microbacterium;Microbacterium sp. GGC-P15B
ST-B11	98.879	446	5	0	2	447	286	731	0.0	797	KJ920278.1.1438 Bacteria;Actinomycetota;Actinobacteria;Micrococcales;Microbacteriaceae;Microbacterium;Microbacterium halimionae
ST-B11	98.879	446	5	0	2	447	311	756	0.0	797	X77445.1.1469 Bacteria;Actinomycetota;Actinobacteria;Micrococcales;Microbacteriaceae;Microbacterium;Microbacterium testaceum
ST-B11	98.879	446	5	0	2	447	335	780	0.0	797	AJ491806.1.1490 Bacteria;Actinomycetota;Actinobacteria;Micrococcales;Microbacteriaceae;Microbacterium;Microbacterium paraoxydans
ST-B11	98.879	446	5	0	2	447	330	775	0.0	797	AB007416.1.1440 Bacteria;Actinomycetota;Actinobacteria;Micrococcales;Microbacteriaceae;Microbacterium;Microbacterium laevaniformans
ST-B11	98.879	446	5	0	2	447	319	764	0.0	797	AB007417.1.1437 Bacteria;Actinomycetota;Actinobacteria;Micrococcales;Microbacteriaceae;Microbacterium;Microbacterium dextranolyticum
ST-B11	98.879	446	5	0	2	447	282	727	0.0	797	JN187419.1.1392 Bacteria;Actinomycetota;Actinobacteria;Micrococcales;Microbacteriaceae;Microbacterium;Microbacterium sp. WW-by108
ST-B11	98.879	446	5	0	2	447	300	745	0.0	797	KU221446.1.1428 Bacteria;Actinomycetota;Actinobacteria;Micrococcales;Microbacteriaceae;Microbacterium;bacterium T64
ST-B11	98.661	448	4	2	2	447	270	717	0.0	793	KU711953.1.1360 Bacteria;Actinomycetota;Actinobacteria;Micrococcales;Microbacteriaceae;Microbacterium;Microbacterium oxydans
ST-B11	98.661	448	4	2	2	447	263	710	0.0	793	KU712030.1.1348 Bacteria;Actinomycetota;Actinobacteria;Micrococcales;Microbacteriaceae;Microbacterium;Microbacterium oxydans
ST-B11	98.664	449	3	3	2	447	297	745	0.0	793	HM755672.1.1432 Bacteria;Actinomycetota;Actinobacteria;Micrococcales;Microbacteriaceae;Microbacterium;Microbacterium oxydans
ST-B11	98.661	448	4	2	2	447	337	784	0.0	793	HQ717386.1.1493 Bacteria;Actinomycetota;Actinobacteria;Micrococcales;Microbacteriaceae;Microbacterium;Microbacterium sp. LH-CAB3
ST-B11	98.661	448	4	2	2	447	271	718	0.0	793	KC422679.1.1412 Bacteria;Actinomycetota;Actinobacteria;Micrococcales;Microbacteriaceae;Microbacterium;Microbacterium oxydans
ST-B11	98.879	446	2	3	2	447	256	698	0.0	793	KC170013.1.1407 Bacteria;Actinomycetota;Actinobacteria;Micrococcales;Microbacteriaceae;Microbacterium;Microbacterium oxydans
ST-B11	98.658	447	6	0	1	447	324	770	0.0	793	AB042072.1.1505 Bacteria;Actinomycetota;Actinobacteria;Micrococcales;Microbacteriaceae;Microbacterium;Microbacterium sp. VKM Ac-1781
ST-B11	98.655	446	6	0	2	447	298	743	0.0	793	JN084138.1.1416 Bacteria;Actinomycetota;Actinobacteria;Micrococcales;Microbacteriaceae;Microbacterium;Microbacterium testaceum
ST-B11	98.655	446	6	0	2	447	331	776	0.0	791	CBVQ010000169.16978.18487 Bacteria;Actinomycetota;Actinobacteria;Micrococcales;Microbacteriaceae;Microbacterium;Microbacterium sp. C448
ST-B11	98.655	446	6	0	2	447	281	726	0.0	791	DQ664254.1.1314 Bacteria;Actinomycetota;Actinobacteria;Micrococcales;Microbacteriaceae;Microbacterium;Microbacterium sp. IMCC1739
ST-B11	98.655	446	6	0	2	447	341	786	0.0	791	CP031425.2319721.2321248 Bacteria;Actinomycetota;Actinobacteria;Micrococcales;Microbacteriaceae;Microbacterium;Microbacterium foliorum
ST-B11	98.655	446	6	0	2	447	341	786	0.0	791	CP031425.2571716.2573243 Bacteria;Actinomycetota;Actinobacteria;Micrococcales;Microbacteriaceae;Microbacterium;Microbacterium foliorum
ST-B11	98.655	446	6	0	2	447	333	778	0.0	791	HQ857734.1.1486 Bacteria;Actinomycetota;Actinobacteria;Micrococcales;Microbacteriaceae;Microbacterium;uncultured Microbacterium sp.
ST-B11	98.655	446	6	0	2	447	311	756	0.0	791	GQ114709.1.1342 Bacteria;Actinomycetota;Actinobacteria;Micrococcales;Microbacteriaceae;Microbacterium;uncultured bacterium
ST-B11	98.655	446	6	0	2	447	311	756	0.0	791	HM305018.1.1342 Bacteria;Actinomycetota;Actinobacteria;Micrococcales;Microbacteriaceae;Microbacterium;uncultured bacterium
ST-B11	98.655	446	6	0	2	447	322	767	0.0	791	EU509055.1.1373 Bacteria;Actinomycetota;Actinobacteria;Micrococcales;Microbacteriaceae;Microbacterium;uncultured bacterium
ST-B11	98.655	446	6	0	2	447	333	778	0.0	791	JF935217.1.1484 Bacteria;Actinomycetota;Actinobacteria;Micrococcales;Microbacteriaceae;Microbacterium;uncultured bacterium
ST-B11	98.655	446	6	0	2	447	331	776	0.0	791	JF979236.1.1520 Bacteria;Actinomycetota;Actinobacteria;Micrococcales;Microbacteriaceae;Microbacterium;uncultured Microbacterium sp.
ST-B11	98.655	446	6	0	2	447	338	783	0.0	791	CP018134.2967832.2969358 Bacteria;Actinomycetota;Actinobacteria;Micrococcales;Microbacteriaceae;Microbacterium;Microbacterium paludicola
ST-B11	98.655	446	6	0	2	447	338	783	0.0	791	CP018134.288664.290190 Bacteria;Actinomycetota;Actinobacteria;Micrococcales;Microbacteriaceae;Microbacterium;Microbacterium paludicola
ST-B11	98.658	447	5	1	2	447	304	750	0.0	791	KP843016.1.1431 Bacteria;Actinomycetota;Actinobacteria;Micrococcales;Microbacteriaceae;Microbacterium;uncultured bacterium
ST-B11	98.655	446	6	0	2	447	338	783	0.0	791	CP017674.3265825.3267349 Bacteria;Actinomycetota;Actinobacteria;Micrococcales;Microbacteriaceae;Microbacterium;Microbacterium sp. BH-3-3-3
ST-B11	98.655	446	6	0	2	447	338	783	0.0	791	CP017674.2533668.2535192 Bacteria;Actinomycetota;Actinobacteria;Micrococcales;Microbacteriaceae;Microbacterium;Microbacterium sp. BH-3-3-3
ST-B11	98.655	446	6	0	2	447	338	783	0.0	791	CP017674.485911.487435 Bacteria;Actinomycetota;Actinobacteria;Micrococcales;Microbacteriaceae;Microbacterium;Microbacterium sp. BH-3-3-3
ST-B11	98.655	446	6	0	2	447	332	777	0.0	791	CDAR01000007.250.1752 Bacteria;Actinomycetota;Actinobacteria;Micrococcales;Microbacteriaceae;Microbacterium;Microbacterium sp. G3
ST-B11	98.655	446	6	0	2	447	339	784	0.0	791	CP015810.1843631.1845160 Bacteria;Actinomycetota;Actinobacteria;Micrococcales;Microbacteriaceae;Microbacterium;Microbacterium chocolatum
ST-B11	98.655	446	6	0	2	447	339	784	0.0	791	CP015810.2539715.2541244 Bacteria;Actinomycetota;Actinobacteria;Micrococcales;Microbacteriaceae;Microbacterium;Microbacterium chocolatum
ST-B11	98.655	446	6	0	2	447	332	777	0.0	791	MH790143.1.1481 Bacteria;Actinomycetota;Actinobacteria;Micrococcales;Microbacteriaceae;Microbacterium;Microbacterium sp.
ST-B11	98.655	446	6	0	2	447	332	777	0.0	791	KM023871.1.1379 Bacteria;Actinomycetota;Actinobacteria;Micrococcales;Microbacteriaceae;Microbacterium;uncultured bacterium
ST-B11	98.658	447	5	1	2	447	331	777	0.0	791	KC305873.1.1485 Bacteria;Actinomycetota;Actinobacteria;Micrococcales;Microbacteriaceae;Microbacterium;uncultured bacterium
ST-B11	98.655	446	6	0	2	447	313	758	0.0	791	LN571901.1.1357 Bacteria;Actinomycetota;Actinobacteria;Micrococcales;Microbacteriaceae;Microbacterium;uncultured bacterium
ST-B11	98.655	446	6	0	2	447	312	757	0.0	791	LN568985.1.1358 Bacteria;Actinomycetota;Actinobacteria;Micrococcales;Microbacteriaceae;Microbacterium;uncultured bacterium
ST-B11	98.658	447	5	1	2	447	252	698	0.0	791	KU711939.1.1326 Bacteria;Actinomycetota;Actinobacteria;Micrococcales;Microbacteriaceae;Microbacterium;Microbacterium paraoxydans
ST-B11	98.655	446	6	0	2	447	331	776	0.0	791	HE716934.1.1485 Bacteria;Actinomycetota;Actinobacteria;Micrococcales;Microbacteriaceae;Microbacterium;Microbacterium sp. LHR-08
ST-B11	98.655	446	6	0	2	447	339	784	0.0	791	MH368254.1.1389 Bacteria;Actinomycetota;Actinobacteria;Micrococcales;Microbacteriaceae;Microbacterium;Microbacterium testaceum
ST-B11	98.655	446	6	0	2	447	314	759	0.0	791	LN565157.1.1358 Bacteria;Actinomycetota;Actinobacteria;Micrococcales;Microbacteriaceae;Microbacterium;uncultured bacterium
ST-B11	98.655	446	6	0	2	447	303	748	0.0	791	MH283847.1.1423 Bacteria;Actinomycetota;Actinobacteria;Micrococcales;Microbacteriaceae;Microbacterium;Microbacterium proteolyticum
ST-B11	98.655	446	6	0	2	447	313	758	0.0	791	LN562120.1.1360 Bacteria;Actinomycetota;Actinobacteria;Micrococcales;Microbacteriaceae;Microbacterium;uncultured bacterium
ST-B11	98.655	446	6	0	2	447	305	750	0.0	791	MH368258.1.1322 Bacteria;Actinomycetota;Actinobacteria;Micrococcales;Microbacteriaceae;Microbacterium;Microbacterium arborescens
ST-B11	98.655	446	6	0	2	447	271	716	0.0	791	MH044566.1.1354 Bacteria;Actinomycetota;Actinobacteria;Micrococcales;Microbacteriaceae;Microbacterium;Microbacterium paraoxydans
ST-B11	98.655	446	6	0	2	447	302	747	0.0	791	KJ648175.1.1428 Bacteria;Actinomycetota;Actinobacteria;Micrococcales;Microbacteriaceae;Microbacterium;Microbacterium sp. C38
ST-B11	98.655	446	6	0	2	447	301	746	0.0	791	KF732700.1.1423 Bacteria;Actinomycetota;Actinobacteria;Micrococcales;Microbacteriaceae;Microbacterium;Microbacterium sp. M39
ST-B11	98.655	446	6	0	2	447	334	779	0.0	791	CP013859.3125946.3127458 Bacteria;Actinomycetota;Actinobacteria;Micrococcales;Microbacteriaceae;Microbacterium;Microbacterium sp. XT11
ST-B11	98.655	446	6	0	2	447	334	779	0.0	791	CP013859.3394745.3396257 Bacteria;Actinomycetota;Actinobacteria;Micrococcales;Microbacteriaceae;Microbacterium;Microbacterium sp. XT11
ST-B11	98.655	446	6	0	2	447	324	769	0.0	791	KR085808.1.1473 Bacteria;Actinomycetota;Actinobacteria;Micrococcales;Microbacteriaceae;Microbacterium;Microbacterium oleivorans
ST-B11	98.655	446	6	0	2	447	330	775	0.0	791	AB736273.1.1482 Bacteria;Actinomycetota;Actinobacteria;Micrococcales;Microbacteriaceae;Microbacterium;Microbacterium saccharophilum
ST-B11	98.655	446	6	0	2	447	314	759	0.0	791	AY635868.1.1480 Bacteria;Actinomycetota;Actinobacteria;Micrococcales;Microbacteriaceae;Microbacterium;Microbacterium sp. BM-25
ST-B11	98.655	446	6	0	2	447	295	740	0.0	791	HQ234269.1.1401 Bacteria;Actinomycetota;Actinobacteria;Micrococcales;Microbacteriaceae;Microbacterium;Microbacterium marinilacus
ST-B11	98.655	446	6	0	2	447	294	739	0.0	791	HQ222355.1.1408 Bacteria;Actinomycetota;Actinobacteria;Micrococcales;Microbacteriaceae;Microbacterium;Microbacterium sp. H16(2010)
ST-B11	98.658	447	5	1	2	447	301	747	0.0	791	JF700419.1.1425 Bacteria;Actinomycetota;Actinobacteria;Micrococcales;Microbacteriaceae;Microbacterium;Microbacterium hydrocarbonoxydans
ST-B11	98.655	446	6	0	2	447	282	727	0.0	791	JF508362.1.1389 Bacteria;Actinomycetota;Actinobacteria;Micrococcales;Microbacteriaceae;Microbacterium;Microbacterium paludicola
ST-B11	98.655	446	6	0	2	447	296	741	0.0	791	KJ185002.1.1409 Bacteria;Actinomycetota;Actinobacteria;Micrococcales;Microbacteriaceae;Microbacterium;Microbacterium sp. FSBRY24
ST-B11	98.655	446	6	0	2	447	273	718	0.0	791	JF327662.1.1364 Bacteria;Actinomycetota;Actinobacteria;Micrococcales;Microbacteriaceae;Microbacterium;Microbacterium sp. CMFN7
ST-B11	98.655	446	6	0	2	447	292	737	0.0	791	KY266799.1.1279 Bacteria;Actinomycetota;Actinobacteria;Micrococcales;Microbacteriaceae;Microbacterium;bacterium
ST-B11	98.655	446	6	0	2	447	300	745	0.0	791	KC887940.1.1455 Bacteria;Actinomycetota;Actinobacteria;Micrococcales;Microbacteriaceae;Microbacterium;actinobacterium K21
ST-B11	98.655	446	6	0	2	447	305	750	0.0	791	HM579805.1.1430 Bacteria;Actinomycetota;Actinobacteria;Micrococcales;Microbacteriaceae;Microbacterium;Microbacterium sp. HY14(2010)
ST-B11	98.655	446	6	0	2	447	307	752	0.0	791	KC853141.1.1419 Bacteria;Actinomycetota;Actinobacteria;Micrococcales;Microbacteriaceae;Microbacterium;Microbacterium sp. Am7
ST-B11	98.655	446	6	0	2	447	306	751	0.0	791	KM974893.1.1441 Bacteria;Actinomycetota;Actinobacteria;Micrococcales;Microbacteriaceae;Microbacterium;bacterium L3-2
ST-B11	98.655	446	6	0	2	447	310	755	0.0	791	AB286029.1.1467 Bacteria;Actinomycetota;Actinobacteria;Micrococcales;Microbacteriaceae;Microbacterium;Microbacterium flavum
ST-B11	98.655	446	6	0	2	447	332	777	0.0	791	AB286021.1.1472 Bacteria;Actinomycetota;Actinobacteria;Micrococcales;Microbacteriaceae;Microbacterium;Microbacterium sediminicola
ST-B11	98.655	446	6	0	2	447	317	762	0.0	791	KM877230.1.1408 Bacteria;Actinomycetota;Actinobacteria;Micrococcales;Microbacteriaceae;Microbacterium;Microbacterium sp. 15Ma
ST-B11	98.658	447	5	1	2	447	299	745	0.0	791	AY566291.1.1429 Bacteria;Actinomycetota;Actinobacteria;Micrococcales;Microbacteriaceae;Microbacterium;Microbacterium natoriense
ST-B11	98.655	446	6	0	2	447	306	751	0.0	791	EU124562.1.1438 Bacteria;Actinomycetota;Actinobacteria;Micrococcales;Microbacteriaceae;Microbacterium;Microbacterium sp. OSS 27
ST-B11	98.655	446	6	0	2	447	293	738	0.0	791	MG557685.1.1404 Bacteria;Actinomycetota;Actinobacteria;Micrococcales;Microbacteriaceae;Microbacterium;Microbacterium sp.
ST-B11	98.655	446	6	0	2	447	261	706	0.0	791	LC320034.1.1330 Bacteria;Actinomycetota;Actinobacteria;Micrococcales;Microbacteriaceae;Microbacterium;Microbacterium arborescens
ST-B11	98.655	446	6	0	2	447	300	745	0.0	791	KM507654.1.1426 Bacteria;Actinomycetota;Actinobacteria;Micrococcales;Microbacteriaceae;Microbacterium;Microbacterium sp. FXJ8.141
ST-B11	98.655	446	6	0	2	447	323	768	0.0	791	MG786609.1.1453 Bacteria;Actinomycetota;Actinobacteria;Micrococcales;Microbacteriaceae;Microbacterium;Microbacterium sp.
ST-B11	98.655	446	6	0	2	447	284	729	0.0	791	KM359785.1.1436 Bacteria;Actinomycetota;Actinobacteria;Micrococcales;Microbacteriaceae;Microbacterium;Microbacterium proteolyticum
ST-B11	98.655	446	6	0	2	447	249	694	0.0	791	HQ398389.1.1382 Bacteria;Actinomycetota;Actinobacteria;Micrococcales;Microbacteriaceae;Microbacterium;Microbacterium sp. CO81
ST-B11	98.655	446	6	0	2	447	309	754	0.0	791	JQ977248.1.1448 Bacteria;Actinomycetota;Actinobacteria;Micrococcales;Microbacteriaceae;Microbacterium;Microbacterium sp. Bza12
ST-B11	98.655	446	6	0	2	447	302	747	0.0	791	JQ977139.1.1431 Bacteria;Actinomycetota;Actinobacteria;Micrococcales;Microbacteriaceae;Microbacterium;Microbacterium sp. Dra25
ST-B11	98.658	447	5	1	2	447	308	754	0.0	791	JQ977282.1.1436 Bacteria;Actinomycetota;Actinobacteria;Micrococcales;Microbacteriaceae;Microbacterium;Microbacterium sp. Ama27
ST-B11	98.655	446	6	0	2	447	303	748	0.0	791	JQ977090.1.1423 Bacteria;Actinomycetota;Actinobacteria;Micrococcales;Microbacteriaceae;Microbacterium;Microbacterium sp. Bra47
ST-B11	98.655	446	6	0	2	447	303	748	0.0	791	HM104370.1.1422 Bacteria;Actinomycetota;Actinobacteria;Micrococcales;Microbacteriaceae;Microbacterium;Microbacterium sp. AMP-4
ST-B11	98.655	446	6	0	2	447	293	738	0.0	791	JQ958831.1.1450 Bacteria;Actinomycetota;Actinobacteria;Micrococcales;Microbacteriaceae;Microbacterium;Microbacterium arborescens
ST-B11	98.658	447	5	1	2	447	298	744	0.0	791	KX710178.1.1393 Bacteria;Actinomycetota;Actinobacteria;Micrococcales;Microbacteriaceae;Microbacterium;Microbacterium paraoxydans
ST-B11	98.655	446	6	0	2	447	307	752	0.0	791	KR476445.1.1427 Bacteria;Actinomycetota;Actinobacteria;Micrococcales;Microbacteriaceae;Microbacterium;Microbacterium terricola
ST-B11	98.655	446	6	0	2	447	311	756	0.0	791	GQ351351.1.1444 Bacteria;Actinomycetota;Actinobacteria;Micrococcales;Microbacteriaceae;Microbacterium;Microbacterium mitrae
ST-B11	98.655	446	6	0	2	447	281	726	0.0	791	GQ288938.1.1391 Bacteria;Actinomycetota;Actinobacteria;Micrococcales;Microbacteriaceae;Microbacterium;bacterium KR 1999/1_122
ST-B11	98.655	446	6	0	2	447	308	753	0.0	791	GQ284456.1.1450 Bacteria;Actinomycetota;Actinobacteria;Micrococcales;Microbacteriaceae;Microbacterium;Microbacterium sp. TSWCW8
ST-B11	98.655	446	6	0	2	447	311	756	0.0	791	GQ284459.1.1448 Bacteria;Actinomycetota;Actinobacteria;Micrococcales;Microbacteriaceae;Microbacterium;Microbacterium sp. TSWCW12
ST-B11	98.658	447	5	1	2	447	280	726	0.0	791	GQ280096.1.1380 Bacteria;Actinomycetota;Actinobacteria;Micrococcales;Microbacteriaceae;Microbacterium;Microbacterium oxydans
ST-B11	98.655	446	6	0	2	447	230	675	0.0	791	MF928358.1.1308 Bacteria;Actinomycetota;Actinobacteria;Micrococcales;Microbacteriaceae;Microbacterium;Microbacterium aurantiacum
ST-B11	98.658	447	5	1	2	447	308	754	0.0	791	MF924391.1.1436 Bacteria;Actinomycetota;Actinobacteria;Micrococcales;Microbacteriaceae;Microbacterium;Microbacterium sp.
ST-B11	98.655	446	6	0	2	447	326	771	0.0	791	AM181503.1.1509 Bacteria;Actinomycetota;Actinobacteria;Micrococcales;Microbacteriaceae;Microbacterium;Microbacterium chocolatum
ST-B11	98.655	446	6	0	2	447	303	748	0.0	791	EU931556.1.1456 Bacteria;Actinomycetota;Actinobacteria;Micrococcales;Microbacteriaceae;Microbacterium;Cellulosimicrobium cellulans
ST-B11	98.655	446	6	0	2	447	303	748	0.0	791	KF876879.1.1424 Bacteria;Actinomycetota;Actinobacteria;Micrococcales;Microbacteriaceae;Microbacterium;Microbacterium aerolatum
ST-B11	98.658	447	5	1	2	447	294	740	0.0	791	EU841532.1.1442 Bacteria;Actinomycetota;Actinobacteria;Micrococcales;Microbacteriaceae;Microbacterium;Microbacterium sp. 101
ST-B11	98.655	446	6	0	2	447	296	741	0.0	791	JX981957.1.1417 Bacteria;Actinomycetota;Actinobacteria;Micrococcales;Microbacteriaceae;Microbacterium;Microbacterium sp. THG-N5
ST-B11	98.655	446	6	0	2	447	298	743	0.0	791	JX981954.1.1419 Bacteria;Actinomycetota;Actinobacteria;Micrococcales;Microbacteriaceae;Microbacterium;Microbacterium sp. THG-T5
ST-B11	98.655	446	6	0	2	447	173	618	0.0	791	EU741110.1.1342 Bacteria;Actinomycetota;Actinobacteria;Micrococcales;Microbacteriaceae;Microbacterium;Microbacterium sp. 13630I
ST-B11	98.655	446	6	0	2	447	337	782	0.0	791	AJ853909.1.1452 Bacteria;Actinomycetota;Actinobacteria;Micrococcales;Microbacteriaceae;Microbacterium;Microbacterium paludicola
ST-B11	98.655	446	6	0	2	447	308	753	0.0	791	AJ629067.27.1478 Bacteria;Actinomycetota;Actinobacteria;Micrococcales;Microbacteriaceae;Microbacterium;Microbacterium sp. Pei021
ST-B11	98.655	446	6	0	2	447	332	777	0.0	791	DQ985071.1.1483 Bacteria;Actinomycetota;Actinobacteria;Micrococcales;Microbacteriaceae;Microbacterium;Microbacterium sp. JL1116
ST-B11	98.655	446	6	0	2	447	271	716	0.0	791	KP100514.1.1372 Bacteria;Actinomycetota;Actinobacteria;Micrococcales;Microbacteriaceae;Microbacterium;Microbacterium testaceum
ST-B11	98.655	446	6	0	2	447	291	736	0.0	791	JQ689174.1.1419 Bacteria;Actinomycetota;Actinobacteria;Micrococcales;Microbacteriaceae;Microbacterium;Microbacterium arthrosphaerae
ST-B11	98.655	446	6	0	2	447	309	754	0.0	791	MF592283.1.1433 Bacteria;Actinomycetota;Actinobacteria;Micrococcales;Microbacteriaceae;Microbacterium;Microbacterium sp.
ST-B11	98.655	446	6	0	2	447	312	757	0.0	791	HK241395.1.1475 Bacteria;Actinomycetota;Actinobacteria;Micrococcales;Microbacteriaceae;Microbacterium;unidentified
ST-B11	98.655	446	6	0	2	447	311	756	0.0	791	X77443.1.1468 Bacteria;Actinomycetota;Actinobacteria;Micrococcales;Microbacteriaceae;Microbacterium;Microbacterium arborescens
ST-B11	98.655	446	6	0	2	447	313	758	0.0	791	X77444.1.1474 Bacteria;Actinomycetota;Actinobacteria;Micrococcales;Microbacteriaceae;Microbacterium;Microbacterium liquefaciens
ST-B11	98.655	446	6	0	2	447	307	752	0.0	791	MF443454.1.1433 Bacteria;Actinomycetota;Actinobacteria;Micrococcales;Microbacteriaceae;Microbacterium;Microbacterium sp.
ST-B11	98.655	446	6	0	2	447	314	759	0.0	791	AJ249780.1.1480 Bacteria;Actinomycetota;Actinobacteria;Micrococcales;Microbacteriaceae;Microbacterium;Microbacterium foliorum
ST-B11	98.658	447	5	1	2	447	305	751	0.0	791	JN571050.1.1397 Bacteria;Actinomycetota;Actinobacteria;Micrococcales;Microbacteriaceae;Microbacterium;Microbacterium natoriense
ST-B11	98.655	446	6	0	2	447	331	776	0.0	791	AB007421.1.1440 Bacteria;Actinomycetota;Actinobacteria;Micrococcales;Microbacteriaceae;Microbacterium;Microbacterium arborescens
ST-B11	98.655	446	6	0	2	447	331	776	0.0	791	AB007415.1.1456 Bacteria;Actinomycetota;Actinobacteria;Micrococcales;Microbacteriaceae;Microbacterium;Microbacterium lacticum
ST-B11	98.655	446	4	2	2	447	341	784	0.0	789	CP027434.2943461.2944982 Bacteria;Actinomycetota;Actinobacteria;Micrococcales;Microbacteriaceae;Microbacterium;Microbacterium sp. str. 'China'
ST-B11	98.655	446	5	1	3	447	293	738	0.0	789	KY393356.1.1422 Bacteria;Actinomycetota;Actinobacteria;Micrococcales;Microbacteriaceae;Microbacterium;Microbacterium testaceum
ST-B11	98.655	446	5	1	2	447	328	772	0.0	789	HM036663.1.1461 Bacteria;Actinomycetota;Actinobacteria;Micrococcales;Microbacteriaceae;Microbacterium;Microbacterium sp. NII-1012
ST-B11	98.655	446	5	1	2	447	149	593	0.0	789	KP099932.1.1245 Bacteria;Actinomycetota;Actinobacteria;Micrococcales;Microbacteriaceae;Microbacterium;Microbacterium sp. SBC1a
ST-B11	98.430	446	7	0	2	447	333	778	0.0	787	HM773469.1.1490 Bacteria;Actinomycetota;Actinobacteria;Micrococcales;Microbacteriaceae;Microbacterium;uncultured bacterium
ST-B11	98.441	449	4	3	2	447	320	768	0.0	787	KX057692.1.1466 Bacteria;Actinomycetota;Actinobacteria;Micrococcales;Microbacteriaceae;Microbacterium;Microbacteriaceae bacterium
ST-B11	98.438	448	5	2	2	447	260	707	0.0	787	KU712011.1.1348 Bacteria;Actinomycetota;Actinobacteria;Micrococcales;Microbacteriaceae;Microbacterium;Microbacterium paraoxydans
ST-B11	98.438	448	5	2	2	447	263	710	0.0	787	KU711941.1.1356 Bacteria;Actinomycetota;Actinobacteria;Micrococcales;Microbacteriaceae;Microbacterium;Microbacterium paraoxydans
ST-B11	98.438	448	5	2	2	447	259	706	0.0	787	KU711937.1.1351 Bacteria;Actinomycetota;Actinobacteria;Micrococcales;Microbacteriaceae;Microbacterium;Microbacterium paraoxydans
ST-B11	98.438	448	5	2	2	447	304	751	0.0	787	KY393348.1.1441 Bacteria;Actinomycetota;Actinobacteria;Micrococcales;Microbacteriaceae;Microbacterium;Microbacterium testaceum
ST-B11	98.441	449	4	3	2	447	296	744	0.0	787	JF421612.1.1414 Bacteria;Actinomycetota;Actinobacteria;Micrococcales;Microbacteriaceae;Microbacterium;Microbacterium enclense
ST-B11	98.438	448	5	2	2	447	236	683	0.0	787	EU169182.1.1325 Bacteria;Actinomycetota;Actinobacteria;Micrococcales;Microbacteriaceae;Microbacterium;Microbacterium trichothecenolyticum
ST-B11	98.655	446	3	3	2	447	240	682	0.0	787	KC170005.1.1352 Bacteria;Actinomycetota;Actinobacteria;Micrococcales;Microbacteriaceae;Microbacterium;Microbacterium oxydans
ST-B11	98.438	448	5	2	2	447	297	744	0.0	787	KY859835.1.1313 Bacteria;Actinomycetota;Actinobacteria;Micrococcales;Microbacteriaceae;Microbacterium;Microbacterium paraoxydans
ST-B11	98.430	446	7	0	2	447	317	762	0.0	787	Y17230.1.1477 Bacteria;Actinomycetota;Actinobacteria;Micrococcales;Microbacteriaceae;Microbacterium;Microbacterium dextranolyticum
ST-B11	98.434	447	7	0	1	447	326	772	0.0	787	AB042070.1.1506 Bacteria;Actinomycetota;Actinobacteria;Micrococcales;Microbacteriaceae;Microbacterium;Microbacterium sp. VKM Ac-1389
ST-B11	98.434	447	7	0	1	447	324	770	0.0	787	AB042096.1.1505 Bacteria;Actinomycetota;Actinobacteria;Micrococcales;Microbacteriaceae;Microbacterium;Curtobacterium sp. VKM Ac-2061
ST-B11	98.434	447	7	0	1	447	326	772	0.0	787	AB042082.1.1504 Bacteria;Actinomycetota;Actinobacteria;Micrococcales;Microbacteriaceae;Microbacterium;Microbacterium sp. VKM Ac-2047
ST-B11	98.434	447	7	0	1	447	326	772	0.0	787	AB042074.1.1509 Bacteria;Actinomycetota;Actinobacteria;Micrococcales;Microbacteriaceae;Microbacterium;Microbacterium sp. VKM Ac-1807
ST-B11	98.430	446	7	0	2	447	242	687	0.0	787	AJ309929.48.1392 Bacteria;Actinomycetota;Actinobacteria;Micrococcales;Microbacteriaceae;Microbacterium;Microbacterium aerolatum
ST-B11	98.430	446	7	0	2	447	325	770	0.0	787	AB004717.1.1520 Bacteria;Actinomycetota;Actinobacteria;Micrococcales;Microbacteriaceae;Microbacterium;Microbacterium keratanolyticum
ST-B11	98.430	446	7	0	2	447	331	776	0.0	785	CAJF01000059.3817.5318 Bacteria;Actinomycetota;Actinobacteria;Micrococcales;Microbacteriaceae;Microbacterium;Microbacterium yannicii PS01
ST-B11	98.430	446	7	0	2	447	326	771	0.0	785	LMNI01000010.959628.961144 Bacteria;Actinomycetota;Actinobacteria;Micrococcales;Microbacteriaceae;Microbacterium;Microbacterium sp. Leaf288
ST-B11	98.430	446	7	0	2	447	333	778	0.0	785	JF417839.1.1485 Bacteria;Actinomycetota;Actinobacteria;Micrococcales;Microbacteriaceae;Microbacterium;uncultured bacterium
ST-B11	98.430	446	7	0	2	447	312	757	0.0	785	HM844145.1.1343 Bacteria;Actinomycetota;Actinobacteria;Micrococcales;Microbacteriaceae;Microbacterium;uncultured bacterium
ST-B11	98.430	446	7	0	2	447	317	762	0.0	785	DQ365561.1.1452 Bacteria;Actinomycetota;Actinobacteria;Micrococcales;Microbacteriaceae;Microbacterium;Microbacterium phyllosphaerae
ST-B11	98.430	446	7	0	2	447	330	775	0.0	785	JX490023.1.1482 Bacteria;Actinomycetota;Actinobacteria;Micrococcales;Microbacteriaceae;Microbacterium;uncultured soil bacterium
ST-B11	98.430	446	7	0	2	447	312	757	0.0	785	JF184029.1.1343 Bacteria;Actinomycetota;Actinobacteria;Micrococcales;Microbacteriaceae;Microbacterium;uncultured bacterium
ST-B11	98.430	446	7	0	2	447	337	782	0.0	785	KP243094.1.1499 Bacteria;Actinomycetota;Actinobacteria;Micrococcales;Microbacteriaceae;Microbacterium;uncultured bacterium
ST-B11	98.430	446	7	0	2	447	313	758	0.0	785	HM557932.1.1356 Bacteria;Actinomycetota;Actinobacteria;Micrococcales;Microbacteriaceae;Microbacterium;uncultured bacterium
ST-B11	98.430	446	7	0	2	447	311	756	0.0	785	JN408882.1.1444 Bacteria;Actinomycetota;Actinobacteria;Micrococcales;Microbacteriaceae;Microbacterium;uncultured actinobacterium
ST-B11	98.430	446	7	0	2	447	334	779	0.0	785	CP022162.1410410.1411934 Bacteria;Actinomycetota;Actinobacteria;Micrococcales;Microbacteriaceae;Microbacterium;Microbacterium sp. PM5
ST-B11	98.430	446	7	0	2	447	331	776	0.0	785	DQ256342.1.1483 Bacteria;Actinomycetota;Actinobacteria;Micrococcales;Microbacteriaceae;Microbacterium;uncultured bacterium
ST-B11	98.430	446	7	0	2	447	334	779	0.0	785	GU272297.1.1489 Bacteria;Actinomycetota;Actinobacteria;Micrococcales;Microbacteriaceae;Microbacterium;uncultured bacterium
ST-B11	98.430	446	7	0	2	447	320	765	0.0	785	KX456190.1.1433 Bacteria;Actinomycetota;Actinobacteria;Micrococcales;Microbacteriaceae;Microbacterium;Microbacterium hibisci
ST-B11	98.430	446	7	0	2	447	283	728	0.0	785	FM865665.1.1437 Bacteria;Actinomycetota;Actinobacteria;Micrococcales;Microbacteriaceae;Microbacterium;uncultured Microbacterium sp.
ST-B11	98.430	446	7	0	2	447	284	729	0.0	785	KX400858.1.1375 Bacteria;Actinomycetota;Actinobacteria;Micrococcales;Microbacteriaceae;Microbacterium;Microbacterium sp. HJ5
ST-B11	98.430	446	7	0	2	447	312	757	0.0	785	HE589883.1.1447 Bacteria;Actinomycetota;Actinobacteria;Micrococcales;Microbacteriaceae;Microbacterium;uncultured bacterium
ST-B11	98.430	446	7	0	2	447	312	757	0.0	785	HE589824.1.1445 Bacteria;Actinomycetota;Actinobacteria;Micrococcales;Microbacteriaceae;Microbacterium;uncultured bacterium
ST-B11	98.430	446	7	0	2	447	312	757	0.0	785	HE589836.1.1446 Bacteria;Actinomycetota;Actinobacteria;Micrococcales;Microbacteriaceae;Microbacterium;uncultured bacterium
ST-B11	98.430	446	7	0	2	447	333	778	0.0	785	KJ890525.1.1487 Bacteria;Actinomycetota;Actinobacteria;Micrococcales;Microbacteriaceae;Microbacterium;uncultured bacterium
ST-B11	98.430	446	7	0	2	447	305	750	0.0	785	MK014205.1.1413 Bacteria;Actinomycetota;Actinobacteria;Micrococcales;Microbacteriaceae;Microbacterium;Microbacterium sp.
ST-B11	98.430	446	7	0	2	447	317	762	0.0	785	MH671519.1.1498 Bacteria;Actinomycetota;Actinobacteria;Micrococcales;Microbacteriaceae;Microbacterium;Microbacterium sp.
ST-B11	98.430	446	7	0	2	447	301	746	0.0	785	KU843548.1.1415 Bacteria;Actinomycetota;Actinobacteria;Micrococcales;Microbacteriaceae;Microbacterium;Microbacterium diaminobutyricum
ST-B11	98.430	446	7	0	2	447	289	734	0.0	785	MH279648.1.1410 Bacteria;Actinomycetota;Actinobacteria;Micrococcales;Microbacteriaceae;Microbacterium;bacterium
ST-B11	98.430	446	7	0	2	447	311	756	0.0	785	LN569033.1.1354 Bacteria;Actinomycetota;Actinobacteria;Micrococcales;Microbacteriaceae;Microbacterium;uncultured bacterium
ST-B11	98.430	446	7	0	2	447	314	759	0.0	785	LN561218.1.1359 Bacteria;Actinomycetota;Actinobacteria;Micrococcales;Microbacteriaceae;Microbacterium;uncultured bacterium
ST-B11	98.430	446	7	0	2	447	306	751	0.0	785	MH394203.1.1213 Bacteria;Actinomycetota;Actinobacteria;Micrococcales;Microbacteriaceae;Microbacterium;Microbacterium oleivorans
ST-B11	98.430	446	7	0	2	447	314	759	0.0	785	LN561237.1.1363 Bacteria;Actinomycetota;Actinobacteria;Micrococcales;Microbacteriaceae;Microbacterium;uncultured bacterium
ST-B11	98.430	446	7	0	2	447	229	674	0.0	785	MH084937.1.1285 Bacteria;Actinomycetota;Actinobacteria;Micrococcales;Microbacteriaceae;Microbacterium;Microbacterium sp.
ST-B11	98.430	446	7	0	2	447	301	746	0.0	785	KU179351.1.1459 Bacteria;Actinomycetota;Actinobacteria;Micrococcales;Microbacteriaceae;Microbacterium;Microbacterium trichothecenolyticum
ST-B11	98.430	446	7	0	2	447	286	731	0.0	785	KJ726677.1.1371 Bacteria;Actinomycetota;Actinobacteria;Micrococcales;Microbacteriaceae;Microbacterium;Microbacterium sp. 44
ST-B11	98.430	446	7	0	2	447	309	754	0.0	785	KR259221.1.1442 Bacteria;Actinomycetota;Actinobacteria;Micrococcales;Microbacteriaceae;Microbacterium;Microbacterium arborescens
ST-B11	98.430	446	7	0	2	447	295	740	0.0	785	KT900595.1.1423 Bacteria;Actinomycetota;Actinobacteria;Micrococcales;Microbacteriaceae;Microbacterium;Microbacterium sp. NE2TTS10
ST-B11	98.430	446	7	0	2	447	292	737	0.0	785	KT900596.1.1417 Bacteria;Actinomycetota;Actinobacteria;Micrococcales;Microbacteriaceae;Microbacterium;Microbacterium sp. NE2RTS3
ST-B11	98.430	446	7	0	2	447	297	742	0.0	785	KT900598.1.1421 Bacteria;Actinomycetota;Actinobacteria;Micrococcales;Microbacteriaceae;Microbacterium;Microbacterium sp. NE2HP2
ST-B11	98.430	446	7	0	2	447	298	743	0.0	785	KT900594.1.1423 Bacteria;Actinomycetota;Actinobacteria;Micrococcales;Microbacteriaceae;Microbacterium;Microbacterium sp. NE2TL11
ST-B11	98.430	446	7	0	2	447	341	786	0.0	785	LT627736.1922398.1923924 Bacteria;Actinomycetota;Actinobacteria;Micrococcales;Microbacteriaceae;Microbacterium;Microbacterium sp. LKL04
ST-B11	98.430	446	7	0	2	447	341	786	0.0	785	LT627736.556936.558462 Bacteria;Actinomycetota;Actinobacteria;Micrococcales;Microbacteriaceae;Microbacterium;Microbacterium sp. LKL04
ST-B11	98.430	446	7	0	2	447	283	728	0.0	785	JF915346.1.1383 Bacteria;Actinomycetota;Actinobacteria;Micrococcales;Microbacteriaceae;Microbacterium;Microbacterium sp. NW40
ST-B11	98.430	446	7	0	2	447	312	757	0.0	785	KY445696.1.1497 Bacteria;Actinomycetota;Actinobacteria;Micrococcales;Microbacteriaceae;Microbacterium;Microbacterium sp.
ST-B11	98.430	446	7	0	2	447	319	764	0.0	785	HQ220051.1.1451 Bacteria;Actinomycetota;Actinobacteria;Micrococcales;Microbacteriaceae;Microbacterium;Microbacterium sp. AAI13
ST-B11	98.430	446	7	0	2	447	304	749	0.0	785	HQ220046.1.1430 Bacteria;Actinomycetota;Actinobacteria;Micrococcales;Microbacteriaceae;Microbacterium;Microbacterium sp. AAI8
ST-B11	98.430	446	7	0	2	447	303	748	0.0	785	KF454846.1.1426 Bacteria;Actinomycetota;Actinobacteria;Micrococcales;Microbacteriaceae;Microbacterium;Microbacterium sp. MCCB 211
ST-B11	98.430	446	7	0	2	447	289	734	0.0	785	HM629348.1.1417 Bacteria;Actinomycetota;Actinobacteria;Micrococcales;Microbacteriaceae;Microbacterium;Microbacterium schleiferi
ST-B11	98.430	446	7	0	2	447	324	769	0.0	785	HM584225.1.1376 Bacteria;Actinomycetota;Actinobacteria;Micrococcales;Microbacteriaceae;Microbacterium;Microbacterium oxydans
ST-B11	98.434	447	6	1	2	447	281	727	0.0	785	KP720612.1.1389 Bacteria;Actinomycetota;Actinobacteria;Micrococcales;Microbacteriaceae;Microbacterium;Microbacterium sp. IPC2-9
ST-B11	98.430	446	7	0	2	447	304	749	0.0	785	KJ009453.1.1427 Bacteria;Actinomycetota;Actinobacteria;Micrococcales;Microbacteriaceae;Microbacterium;Microbacterium pumilum
ST-B11	98.430	446	7	0	2	447	325	770	0.0	785	AB286020.1.1465 Bacteria;Actinomycetota;Actinobacteria;Micrococcales;Microbacteriaceae;Microbacterium;Microbacterium marinilacus
ST-B11	98.430	446	7	0	2	447	331	776	0.0	785	AB274908.1.1484 Bacteria;Actinomycetota;Actinobacteria;Micrococcales;Microbacteriaceae;Microbacterium;Microbacterium hatanonis
ST-B11	98.430	446	7	0	2	447	295	740	0.0	785	KM874406.1.1401 Bacteria;Actinomycetota;Actinobacteria;Micrococcales;Microbacteriaceae;Microbacterium;Microbacterium arborescens
ST-B11	98.430	446	7	0	2	447	295	740	0.0	785	KM874404.1.1401 Bacteria;Actinomycetota;Actinobacteria;Micrococcales;Microbacteriaceae;Microbacterium;Microbacterium arborescens
ST-B11	98.430	446	7	0	2	447	284	729	0.0	785	KM874405.1.1390 Bacteria;Actinomycetota;Actinobacteria;Micrococcales;Microbacteriaceae;Microbacterium;Microbacterium arborescens
ST-B11	98.430	446	7	0	2	447	295	740	0.0	785	KM874402.1.1403 Bacteria;Actinomycetota;Actinobacteria;Micrococcales;Microbacteriaceae;Microbacterium;Microbacterium schleiferi
ST-B11	98.430	446	7	0	2	447	306	751	0.0	785	HQ831384.1.1425 Bacteria;Actinomycetota;Actinobacteria;Micrococcales;Microbacteriaceae;Microbacterium;Microbacterium imperiale
ST-B11	98.430	446	7	0	2	447	286	731	0.0	785	EU090133.1.1424 Bacteria;Actinomycetota;Actinobacteria;Micrococcales;Microbacteriaceae;Microbacterium;Microbacterium sp. 68Xb2
ST-B11	98.434	447	6	1	2	447	297	743	0.0	785	KC764967.1.1421 Bacteria;Actinomycetota;Actinobacteria;Micrococcales;Microbacteriaceae;Microbacterium;Microbacterium testaceum
ST-B11	98.434	447	6	1	2	447	334	780	0.0	785	HM222659.1.1483 Bacteria;Actinomycetota;Actinobacteria;Micrococcales;Microbacteriaceae;Microbacterium;Microbacterium sp. 0704C10-2
ST-B11	98.430	446	7	0	2	447	303	748	0.0	785	KX989419.1.1424 Bacteria;Actinomycetota;Actinobacteria;Micrococcales;Microbacteriaceae;Microbacterium;Microbacterium sp.
ST-B11	98.430	446	7	0	2	447	271	716	0.0	785	KM406771.1.1383 Bacteria;Actinomycetota;Actinobacteria;Micrococcales;Microbacteriaceae;Microbacterium;Microbacterium sp. VP2-3
ST-B11	98.430	446	7	0	2	447	312	757	0.0	785	HQ622524.1.1445 Bacteria;Actinomycetota;Actinobacteria;Micrococcales;Microbacteriaceae;Microbacterium;Microbacterium marinum
ST-B11	98.430	446	7	0	2	447	329	774	0.0	785	KM374718.1.1486 Bacteria;Actinomycetota;Actinobacteria;Micrococcales;Microbacteriaceae;Microbacterium;Microbacterium schleiferi
ST-B11	98.430	446	7	0	2	447	311	756	0.0	785	GU217693.1.1434 Bacteria;Actinomycetota;Actinobacteria;Micrococcales;Microbacteriaceae;Microbacterium;Microbacterium sp. ljh-3
ST-B11	98.430	446	7	0	2	447	306	751	0.0	785	GU217714.1.1429 Bacteria;Actinomycetota;Actinobacteria;Micrococcales;Microbacteriaceae;Microbacterium;bacterium ljh-24
ST-B11	98.430	446	7	0	2	447	302	747	0.0	785	GU198196.1.1420 Bacteria;Actinomycetota;Actinobacteria;Micrococcales;Microbacteriaceae;Microbacterium;Microbacterium schleiferi
ST-B11	99.085	437	4	0	11	447	311	747	0.0	785	KF192058.1.1405 Bacteria;Actinomycetota;Actinobacteria;Micrococcales;Microbacteriaceae;Microbacterium;Microbacterium sp. G12
ST-B11	98.430	446	7	0	2	447	306	751	0.0	785	KR906119.1.1433 Bacteria;Actinomycetota;Actinobacteria;Micrococcales;Microbacteriaceae;Microbacterium;Microbacterium sp. HBUM178157
ST-B11	98.430	446	7	0	2	447	302	747	0.0	785	KR906324.1.1425 Bacteria;Actinomycetota;Actinobacteria;Micrococcales;Microbacteriaceae;Microbacterium;Microbacterium sp. HBUM178938
ST-B11	98.430	446	7	0	2	447	309	754	0.0	785	KR906377.1.1434 Bacteria;Actinomycetota;Actinobacteria;Micrococcales;Microbacteriaceae;Microbacterium;Microbacterium sp. HBUM179577
ST-B11	98.430	446	7	0	2	447	302	747	0.0	785	KR906229.1.1430 Bacteria;Actinomycetota;Actinobacteria;Micrococcales;Microbacteriaceae;Microbacterium;Microbacterium sp. HBUM179167
ST-B11	98.430	446	7	0	2	447	305	750	0.0	785	KR906390.1.1428 Bacteria;Actinomycetota;Actinobacteria;Micrococcales;Microbacteriaceae;Microbacterium;Microbacterium sp. HBUM190046
ST-B11	98.430	446	7	0	2	447	309	754	0.0	785	KR906204.1.1443 Bacteria;Actinomycetota;Actinobacteria;Micrococcales;Microbacteriaceae;Microbacterium;Microbacterium sp. HBUM178788
ST-B11	98.430	446	7	0	2	447	304	749	0.0	785	KR906179.1.1428 Bacteria;Actinomycetota;Actinobacteria;Micrococcales;Microbacteriaceae;Microbacterium;Microbacterium sp. HBUM178707
ST-B11	98.430	446	7	0	2	447	308	753	0.0	785	KR906230.1.1434 Bacteria;Actinomycetota;Actinobacteria;Micrococcales;Microbacteriaceae;Microbacterium;Microbacterium sp. HBUM179157
ST-B11	98.430	446	7	0	2	447	306	751	0.0	785	KR906219.1.1433 Bacteria;Actinomycetota;Actinobacteria;Micrococcales;Microbacteriaceae;Microbacterium;Microbacterium sp. HBUM179111
ST-B11	98.430	446	7	0	2	447	302	747	0.0	785	KR906190.1.1432 Bacteria;Actinomycetota;Actinobacteria;Micrococcales;Microbacteriaceae;Microbacterium;Microbacterium sp. HBUM178592
ST-B11	98.430	446	7	0	2	447	308	753	0.0	785	KR906262.1.1437 Bacteria;Actinomycetota;Actinobacteria;Micrococcales;Microbacteriaceae;Microbacterium;Microbacterium sp. HBUM179433
ST-B11	98.430	446	7	0	2	447	312	757	0.0	785	KR906274.1.1443 Bacteria;Actinomycetota;Actinobacteria;Micrococcales;Microbacteriaceae;Microbacterium;Microbacterium sp. HBUM179066
ST-B11	98.430	446	7	0	2	447	301	746	0.0	785	KR906178.1.1428 Bacteria;Actinomycetota;Actinobacteria;Micrococcales;Microbacteriaceae;Microbacterium;Microbacterium sp. HBUM178673
ST-B11	98.430	446	7	0	2	447	307	752	0.0	785	KR906227.1.1438 Bacteria;Actinomycetota;Actinobacteria;Micrococcales;Microbacteriaceae;Microbacterium;Microbacterium sp. HBUM179150
ST-B11	98.430	446	7	0	2	447	309	754	0.0	785	KR906208.1.1444 Bacteria;Actinomycetota;Actinobacteria;Micrococcales;Microbacteriaceae;Microbacterium;Microbacterium sp. HBUM179672
ST-B11	98.430	446	7	0	2	447	298	743	0.0	785	KC492986.1.1416 Bacteria;Actinomycetota;Actinobacteria;Micrococcales;Microbacteriaceae;Microbacterium;Microbacterium sp. VITPRS4
ST-B11	98.430	446	7	0	2	447	304	749	0.0	785	JQ958839.1.1450 Bacteria;Actinomycetota;Actinobacteria;Micrococcales;Microbacteriaceae;Microbacterium;Microbacterium flavescens
ST-B11	98.430	446	7	0	2	447	314	759	0.0	785	KM210266.1.1477 Bacteria;Actinomycetota;Actinobacteria;Micrococcales;Microbacteriaceae;Microbacterium;Microbacterium xylanilyticum
ST-B11	98.430	446	7	0	2	447	289	734	0.0	785	KC315778.1.1401 Bacteria;Actinomycetota;Actinobacteria;Micrococcales;Microbacteriaceae;Microbacterium;Microbacterium sp. M80
ST-B11	98.430	446	7	0	2	447	332	777	0.0	785	FJ999574.1.1515 Bacteria;Actinomycetota;Actinobacteria;Micrococcales;Microbacteriaceae;Microbacterium;Microbacterium sp. HLSB285
ST-B11	98.430	446	7	0	2	447	310	755	0.0	785	MG016448.1.1432 Bacteria;Actinomycetota;Actinobacteria;Micrococcales;Microbacteriaceae;Microbacterium;Microbacterium oleivorans
ST-B11	98.430	446	7	0	2	447	331	776	0.0	785	GQ284526.1.1457 Bacteria;Actinomycetota;Actinobacteria;Micrococcales;Microbacteriaceae;Microbacterium;Microbacterium sp. TSSAS2-38
ST-B11	98.430	446	7	0	2	447	307	752	0.0	785	GQ329713.1.1430 Bacteria;Actinomycetota;Actinobacteria;Micrococcales;Microbacteriaceae;Microbacterium;Microbacterium radiodurans
ST-B11	98.430	446	7	0	2	447	302	747	0.0	785	GQ280061.1.1425 Bacteria;Actinomycetota;Actinobacteria;Micrococcales;Microbacteriaceae;Microbacterium;Microbacterium sp. BJ-51
ST-B11	98.430	446	7	0	2	447	304	749	0.0	785	KX601087.1.1426 Bacteria;Actinomycetota;Actinobacteria;Micrococcales;Microbacteriaceae;Microbacterium;bacterium
ST-B11	98.430	446	7	0	2	447	305	750	0.0	785	KP125974.1.1416 Bacteria;Actinomycetota;Actinobacteria;Micrococcales;Microbacteriaceae;Microbacterium;Microbacterium paludicola
ST-B11	98.430	446	7	0	2	447	321	766	0.0	785	KC169799.1.1493 Bacteria;Actinomycetota;Actinobacteria;Micrococcales;Microbacteriaceae;Microbacterium;Microbacterium sp. CC-AMFLN-3
ST-B11	98.430	446	7	0	2	447	327	772	0.0	785	AM181505.1.1509 Bacteria;Actinomycetota;Actinobacteria;Micrococcales;Microbacteriaceae;Microbacterium;Microbacterium kitamiense
ST-B11	98.430	446	7	0	2	447	309	754	0.0	785	KC136835.1.1451 Bacteria;Actinomycetota;Actinobacteria;Micrococcales;Microbacteriaceae;Microbacterium;Microbacterium laevaniformans
ST-B11	98.430	446	7	0	2	447	283	728	0.0	785	FJ719325.1.1285 Bacteria;Actinomycetota;Actinobacteria;Micrococcales;Microbacteriaceae;Microbacterium;Microbacterium sp. T105
ST-B11	98.430	446	7	0	2	447	295	740	0.0	785	EU912487.1.1373 Bacteria;Actinomycetota;Actinobacteria;Micrococcales;Microbacteriaceae;Microbacterium;Microbacterium azadirachtae
ST-B11	98.430	446	7	0	2	447	332	777	0.0	785	JX997973.1.1443 Bacteria;Actinomycetota;Actinobacteria;Micrococcales;Microbacteriaceae;Microbacterium;Microbacterium kyungheense
ST-B11	98.430	446	7	0	2	447	302	747	0.0	785	KF876846.1.1423 Bacteria;Actinomycetota;Actinobacteria;Micrococcales;Microbacteriaceae;Microbacterium;Microbacterium binotii
ST-B11	98.430	446	7	0	2	447	253	698	0.0	785	EU863415.1.1364 Bacteria;Actinomycetota;Actinobacteria;Micrococcales;Microbacteriaceae;Microbacterium;Microbacterium aurantiacum
ST-B11	98.430	446	7	0	2	447	275	720	0.0	785	MF767916.1.1455 Bacteria;Actinomycetota;Actinobacteria;Micrococcales;Microbacteriaceae;Microbacterium;Microbacterium oleivorans
ST-B11	98.430	446	7	0	2	447	303	748	0.0	785	EU821337.1.1460 Bacteria;Actinomycetota;Actinobacteria;Micrococcales;Microbacteriaceae;Microbacterium;Microbacterium sp. LM1
ST-B11	98.434	447	6	1	2	447	303	749	0.0	785	EU730942.1.1427 Bacteria;Actinomycetota;Actinobacteria;Micrococcales;Microbacteriaceae;Microbacterium;Microbacterium flavescens
ST-B11	98.430	446	7	0	2	447	303	748	0.0	785	KF010636.1.1460 Bacteria;Actinomycetota;Actinobacteria;Micrococcales;Microbacteriaceae;Microbacterium;Microbacterium sp. Gr-22
ST-B11	98.430	446	7	0	2	447	306	751	0.0	785	KF010641.1.1462 Bacteria;Actinomycetota;Actinobacteria;Micrococcales;Microbacteriaceae;Microbacterium;Microbacterium sp. Cr-44
ST-B11	98.434	447	6	1	2	447	295	741	0.0	785	FJ493024.1.1384 Bacteria;Actinomycetota;Actinobacteria;Micrococcales;Microbacteriaceae;Microbacterium;Microbacterium laevaniformans
ST-B11	98.430	446	7	0	2	447	306	751	0.0	785	KM073946.1.1433 Bacteria;Actinomycetota;Actinobacteria;Micrococcales;Microbacteriaceae;Microbacterium;Microbacterium sp. THG S6-6
ST-B11	98.430	446	7	0	2	447	304	749	0.0	785	KM073940.1.1428 Bacteria;Actinomycetota;Actinobacteria;Micrococcales;Microbacteriaceae;Microbacterium;Microbacterium sp. THG S3-4
ST-B11	98.430	446	7	0	2	447	325	770	0.0	785	AJ968703.1.1456 Bacteria;Actinomycetota;Actinobacteria;Micrococcales;Microbacteriaceae;Microbacterium;Microbacterium sp. ORS 1417
ST-B11	98.430	446	7	0	2	447	325	770	0.0	785	AJ853908.1.1476 Bacteria;Actinomycetota;Actinobacteria;Micrococcales;Microbacteriaceae;Microbacterium;Microbacterium xylanilyticum
ST-B11	98.430	446	7	0	2	447	301	746	0.0	785	KM031089.1.1455 Bacteria;Actinomycetota;Actinobacteria;Micrococcales;Microbacteriaceae;Microbacterium;Microbacterium sp. HYM323
ST-B11	98.430	446	7	0	2	447	306	751	0.0	785	JQ418292.1.1406 Bacteria;Actinomycetota;Actinobacteria;Micrococcales;Microbacteriaceae;Microbacterium;Microbacterium sp. AHC-A
