ST-D1_1	99.571	466	2	0	4	469	291	756	0.0	850	DQ223428.1.1408 Bacteria;Pseudomonadota;Gammaproteobacteria;Lysobacterales;Lysobacteraceae;Stenotrophomonas;Stenotrophomonas maltophilia
ST-D1_1	99.571	466	2	0	4	469	330	795	0.0	850	JN986019.1.1502 Bacteria;Pseudomonadota;Gammaproteobacteria;Lysobacterales;Lysobacteraceae;Stenotrophomonas;uncultured bacterium
ST-D1_1	99.571	466	2	0	4	469	335	800	0.0	850	CP031741.4414646.4416169 Bacteria;Pseudomonadota;Gammaproteobacteria;Lysobacterales;Lysobacteraceae;Stenotrophomonas;Stenotrophomonas sp. G4
ST-D1_1	99.571	466	2	0	4	469	334	799	0.0	850	CP031741.416870.418393 Bacteria;Pseudomonadota;Gammaproteobacteria;Lysobacterales;Lysobacteraceae;Stenotrophomonas;Stenotrophomonas sp. G4
ST-D1_1	99.571	466	2	0	4	469	334	799	0.0	850	CP031741.411167.412689 Bacteria;Pseudomonadota;Gammaproteobacteria;Lysobacterales;Lysobacteraceae;Stenotrophomonas;Stenotrophomonas sp. G4
ST-D1_1	99.571	466	2	0	4	469	315	780	0.0	850	KX456383.1.1489 Bacteria;Pseudomonadota;Gammaproteobacteria;Lysobacterales;Lysobacteraceae;Stenotrophomonas;uncultured Stenotrophomonas sp.
ST-D1_1	99.571	466	2	0	4	469	342	807	0.0	850	CP023271.4630132.4631676 Bacteria;Pseudomonadota;Gammaproteobacteria;Lysobacterales;Lysobacteraceae;Stenotrophomonas;Stenotrophomonas sp. MYb57
ST-D1_1	99.571	466	2	0	4	469	342	807	0.0	850	CP023271.361088.362632 Bacteria;Pseudomonadota;Gammaproteobacteria;Lysobacterales;Lysobacteraceae;Stenotrophomonas;Stenotrophomonas sp. MYb57
ST-D1_1	99.571	466	2	0	4	469	342	807	0.0	850	CP023271.4624423.4625967 Bacteria;Pseudomonadota;Gammaproteobacteria;Lysobacterales;Lysobacteraceae;Stenotrophomonas;Stenotrophomonas sp. MYb57
ST-D1_1	99.571	466	2	0	4	469	342	807	0.0	850	CP023271.366796.368340 Bacteria;Pseudomonadota;Gammaproteobacteria;Lysobacterales;Lysobacteraceae;Stenotrophomonas;Stenotrophomonas sp. MYb57
ST-D1_1	99.571	466	2	0	4	469	338	803	0.0	850	HQ674839.1.1515 Bacteria;Pseudomonadota;Gammaproteobacteria;Lysobacterales;Lysobacteraceae;Stenotrophomonas;uncultured Steroidobacter sp.
ST-D1_1	99.571	466	2	0	4	469	284	749	0.0	850	DQ471778.1.1446 Bacteria;Pseudomonadota;Gammaproteobacteria;Lysobacterales;Lysobacteraceae;Stenotrophomonas;uncultured Burkholderia sp.
ST-D1_1	99.571	466	2	0	4	469	320	785	0.0	850	DQ125653.1.1474 Bacteria;Pseudomonadota;Gammaproteobacteria;Lysobacterales;Lysobacteraceae;Stenotrophomonas;uncultured bacterium
ST-D1_1	99.571	466	2	0	4	469	299	764	0.0	850	JQ426661.1.1501 Bacteria;Pseudomonadota;Gammaproteobacteria;Lysobacterales;Lysobacteraceae;Stenotrophomonas;uncultured bacterium
ST-D1_1	99.571	466	2	0	4	469	349	814	0.0	850	MK110499.1.1500 Bacteria;Pseudomonadota;Gammaproteobacteria;Lysobacterales;Lysobacteraceae;Stenotrophomonas;Stenotrophomonas sp.
ST-D1_1	99.571	466	2	0	4	469	311	776	0.0	850	KU726258.1.1300 Bacteria;Pseudomonadota;Gammaproteobacteria;Lysobacterales;Lysobacteraceae;Stenotrophomonas;Stenotrophomonas maltophilia
ST-D1_1	99.571	466	2	0	4	469	322	787	0.0	850	KU726268.1.1300 Bacteria;Pseudomonadota;Gammaproteobacteria;Lysobacterales;Lysobacteraceae;Stenotrophomonas;Stenotrophomonas maltophilia
ST-D1_1	99.571	466	2	0	4	469	308	773	0.0	850	MH355963.1.1200 Bacteria;Pseudomonadota;Gammaproteobacteria;Lysobacterales;Lysobacteraceae;Stenotrophomonas;Stenotrophomonas maltophilia
ST-D1_1	99.571	466	2	0	4	469	267	732	0.0	850	AB872131.1.1393 Bacteria;Pseudomonadota;Gammaproteobacteria;Lysobacterales;Lysobacteraceae;Stenotrophomonas;Stenotrophomonas maltophilia
ST-D1_1	99.571	466	2	0	4	469	315	780	0.0	850	AB680524.1.1470 Bacteria;Pseudomonadota;Gammaproteobacteria;Lysobacterales;Lysobacteraceae;Stenotrophomonas;Stenotrophomonas maltophilia
ST-D1_1	99.571	466	2	0	4	469	317	782	0.0	850	AB680321.1.1472 Bacteria;Pseudomonadota;Gammaproteobacteria;Lysobacterales;Lysobacteraceae;Stenotrophomonas;Stenotrophomonas maltophilia
ST-D1_1	99.571	466	2	0	4	469	306	771	0.0	850	JX646651.1.1445 Bacteria;Pseudomonadota;Gammaproteobacteria;Lysobacterales;Lysobacteraceae;Stenotrophomonas;Stenotrophomonas maltophilia
ST-D1_1	99.571	466	2	0	4	469	306	771	0.0	850	JX646631.1.1445 Bacteria;Pseudomonadota;Gammaproteobacteria;Lysobacterales;Lysobacteraceae;Stenotrophomonas;Stenotrophomonas maltophilia
ST-D1_1	99.571	466	2	0	4	469	300	765	0.0	850	JX646646.1.1441 Bacteria;Pseudomonadota;Gammaproteobacteria;Lysobacterales;Lysobacteraceae;Stenotrophomonas;Stenotrophomonas maltophilia
ST-D1_1	99.571	466	2	0	4	469	295	760	0.0	850	HQ224659.1.1422 Bacteria;Pseudomonadota;Gammaproteobacteria;Lysobacterales;Lysobacteraceae;Stenotrophomonas;Stenotrophomonas maltophilia
ST-D1_1	99.571	466	2	0	4	469	210	675	0.0	850	KP858921.1.1292 Bacteria;Pseudomonadota;Gammaproteobacteria;Lysobacterales;Lysobacteraceae;Stenotrophomonas;Stenotrophomonas maltophilia
ST-D1_1	99.571	466	2	0	4	469	302	767	0.0	850	JF460769.1.1439 Bacteria;Pseudomonadota;Gammaproteobacteria;Lysobacterales;Lysobacteraceae;Stenotrophomonas;[Pseudomonas] geniculata
ST-D1_1	99.571	466	2	0	4	469	338	803	0.0	850	AB294554.1.1541 Bacteria;Pseudomonadota;Gammaproteobacteria;Lysobacterales;Lysobacteraceae;Stenotrophomonas;Stenotrophomonas maltophilia
ST-D1_1	99.571	466	2	0	4	469	338	803	0.0	850	AB294555.1.1541 Bacteria;Pseudomonadota;Gammaproteobacteria;Lysobacterales;Lysobacteraceae;Stenotrophomonas;Stenotrophomonas maltophilia
ST-D1_1	99.571	466	2	0	4	469	279	744	0.0	850	KY129952.1.1264 Bacteria;Pseudomonadota;Gammaproteobacteria;Lysobacterales;Lysobacteraceae;Stenotrophomonas;Stenotrophomonas maltophilia
ST-D1_1	99.571	466	2	0	4	469	309	774	0.0	850	HQ857772.1.1450 Bacteria;Pseudomonadota;Gammaproteobacteria;Lysobacterales;Lysobacteraceae;Stenotrophomonas;[Pseudomonas] geniculata
ST-D1_1	99.571	466	2	0	4	469	304	769	0.0	850	KC764984.1.1443 Bacteria;Pseudomonadota;Gammaproteobacteria;Lysobacterales;Lysobacteraceae;Stenotrophomonas;Stenotrophomonas maltophilia
ST-D1_1	99.571	466	2	0	4	469	306	771	0.0	850	KF941214.1.1481 Bacteria;Pseudomonadota;Gammaproteobacteria;Lysobacterales;Lysobacteraceae;Stenotrophomonas;Stenotrophomonas sp. YS81
ST-D1_1	99.571	466	2	0	4	469	299	764	0.0	850	KP292583.1.1452 Bacteria;Pseudomonadota;Gammaproteobacteria;Lysobacterales;Lysobacteraceae;Stenotrophomonas;bacterium R38
ST-D1_1	99.571	466	2	0	4	469	309	774	0.0	850	KF941215.1.1481 Bacteria;Pseudomonadota;Gammaproteobacteria;Lysobacterales;Lysobacteraceae;Stenotrophomonas;Stenotrophomonas maltophilia
ST-D1_1	99.571	466	2	0	4	469	337	802	0.0	850	EF620444.1.1474 Bacteria;Pseudomonadota;Gammaproteobacteria;Lysobacterales;Lysobacteraceae;Stenotrophomonas;Stenotrophomonas maltophilia
ST-D1_1	99.571	466	2	0	4	469	301	766	0.0	850	KP214605.9.1213 Bacteria;Pseudomonadota;Gammaproteobacteria;Lysobacterales;Lysobacteraceae;Stenotrophomonas;Pseudomonas helmanticensis
ST-D1_1	99.571	466	2	0	4	469	312	777	0.0	850	GQ861457.1.1461 Bacteria;Pseudomonadota;Gammaproteobacteria;Lysobacterales;Lysobacteraceae;Stenotrophomonas;Stenotrophomonas maltophilia
ST-D1_1	99.571	466	2	0	4	469	311	776	0.0	850	GQ861456.1.1454 Bacteria;Pseudomonadota;Gammaproteobacteria;Lysobacterales;Lysobacteraceae;Stenotrophomonas;Stenotrophomonas maltophilia
ST-D1_1	99.571	466	2	0	4	469	318	783	0.0	850	KC436059.1.1470 Bacteria;Pseudomonadota;Gammaproteobacteria;Lysobacterales;Lysobacteraceae;Stenotrophomonas;Stenotrophomonas maltophilia
ST-D1_1	99.571	466	2	0	4	469	307	772	0.0	850	FJ950652.1.1454 Bacteria;Pseudomonadota;Gammaproteobacteria;Lysobacterales;Lysobacteraceae;Stenotrophomonas;Stenotrophomonas maltophilia
ST-D1_1	99.571	466	2	0	4	469	375	840	0.0	850	LN867313.1.1464 Bacteria;Pseudomonadota;Gammaproteobacteria;Lysobacterales;Lysobacteraceae;Stenotrophomonas;Stenotrophomonas maltophilia
ST-D1_1	99.571	466	2	0	4	469	315	780	0.0	850	FR682931.1.1497 Bacteria;Pseudomonadota;Gammaproteobacteria;Lysobacterales;Lysobacteraceae;Stenotrophomonas;Stenotrophomonas sp. R-41388
ST-D1_1	99.571	466	2	0	4	469	314	779	0.0	850	KC997228.1.1457 Bacteria;Pseudomonadota;Gammaproteobacteria;Lysobacterales;Lysobacteraceae;Stenotrophomonas;Stenotrophomonas sp. PP3
ST-D1_1	99.571	466	2	0	4	469	320	785	0.0	850	KU533726.1.1442 Bacteria;Pseudomonadota;Gammaproteobacteria;Lysobacterales;Lysobacteraceae;Stenotrophomonas;Stenotrophomonas maltophilia
ST-D1_1	99.571	466	2	0	4	469	317	782	0.0	850	X95924.1.1502 Bacteria;Pseudomonadota;Gammaproteobacteria;Lysobacterales;Lysobacteraceae;Stenotrophomonas;Stenotrophomonas maltophilia
ST-D1_1	99.571	466	2	0	4	469	307	772	0.0	850	KF818621.1.1446 Bacteria;Pseudomonadota;Gammaproteobacteria;Lysobacterales;Lysobacteraceae;Stenotrophomonas;Stenotrophomonas maltophilia
ST-D1_1	99.356	466	3	0	4	469	315	780	0.0	845	JX001228.1.1461 Bacteria;Pseudomonadota;Gammaproteobacteria;Lysobacterales;Lysobacteraceae;Stenotrophomonas;uncultured bacterium
ST-D1_1	99.356	466	3	0	4	469	315	780	0.0	845	JX001198.1.1466 Bacteria;Pseudomonadota;Gammaproteobacteria;Lysobacterales;Lysobacteraceae;Stenotrophomonas;uncultured bacterium
ST-D1_1	99.358	467	2	1	4	469	315	781	0.0	845	AF534211.1.1462 Bacteria;Pseudomonadota;Gammaproteobacteria;Lysobacterales;Lysobacteraceae;Stenotrophomonas;uncultured bacterium
ST-D1_1	99.358	467	2	1	4	469	309	775	0.0	845	MH393490.1.1486 Bacteria;Pseudomonadota;Gammaproteobacteria;Lysobacterales;Lysobacteraceae;Stenotrophomonas;Stenotrophomonas sp.
ST-D1_1	99.358	467	2	1	4	469	294	760	0.0	845	MH311994.1.1467 Bacteria;Pseudomonadota;Gammaproteobacteria;Lysobacterales;Lysobacteraceae;Stenotrophomonas;Stenotrophomonas pavanii
ST-D1_1	99.358	467	2	1	4	469	288	754	0.0	845	MH165380.1.1457 Bacteria;Pseudomonadota;Gammaproteobacteria;Lysobacterales;Lysobacteraceae;Stenotrophomonas;Stenotrophomonas tumulicola
ST-D1_1	99.356	466	3	0	4	469	294	759	0.0	845	KJ534487.1.1364 Bacteria;Pseudomonadota;Gammaproteobacteria;Lysobacterales;Lysobacteraceae;Stenotrophomonas;Stenotrophomonas sp. JD185
ST-D1_1	99.356	466	3	0	4	469	293	758	0.0	845	KM488434.1.1445 Bacteria;Pseudomonadota;Gammaproteobacteria;Lysobacterales;Lysobacteraceae;Stenotrophomonas;Stenotrophomonas maltophilia
ST-D1_1	99.356	466	3	0	4	469	308	773	0.0	845	KF941216.1.1486 Bacteria;Pseudomonadota;Gammaproteobacteria;Lysobacterales;Lysobacteraceae;Stenotrophomonas;Stenotrophomonas sp. YS88
ST-D1_1	99.358	467	2	1	4	469	297	763	0.0	845	AY472115.1.1474 Bacteria;Pseudomonadota;Gammaproteobacteria;Lysobacterales;Lysobacteraceae;Stenotrophomonas;Stenotrophomonas maltophilia
ST-D1_1	99.358	467	2	1	4	469	322	788	0.0	845	KC997227.1.1467 Bacteria;Pseudomonadota;Gammaproteobacteria;Lysobacterales;Lysobacteraceae;Stenotrophomonas;Curtobacterium flaccumfaciens
ST-D1_1	99.356	466	3	0	4	469	305	770	0.0	845	JN571048.1.1419 Bacteria;Pseudomonadota;Gammaproteobacteria;Lysobacterales;Lysobacteraceae;Stenotrophomonas;Stenotrophomonas maltophilia
ST-D1_1	99.356	466	2	1	4	469	315	779	0.0	843	JX001192.1.1455 Bacteria;Pseudomonadota;Gammaproteobacteria;Lysobacterales;Lysobacteraceae;Stenotrophomonas;uncultured bacterium
ST-D1_1	99.356	466	2	1	4	469	318	782	0.0	843	KC820073.1.1497 Bacteria;Pseudomonadota;Gammaproteobacteria;Lysobacterales;Lysobacteraceae;Stenotrophomonas;uncultured Xanthomonas sp.
ST-D1_1	99.356	466	2	1	4	469	325	789	0.0	843	KP762565.1.1459 Bacteria;Pseudomonadota;Gammaproteobacteria;Lysobacterales;Lysobacteraceae;Stenotrophomonas;[Pseudomonas] geniculata
ST-D1_1	99.142	466	4	0	4	469	317	782	0.0	843	AJ131903.1.1502 Bacteria;Pseudomonadota;Gammaproteobacteria;Lysobacterales;Lysobacteraceae;Stenotrophomonas;Stenotrophomonas maltophilia
ST-D1_1	99.145	468	2	2	4	469	323	790	0.0	841	KF177140.1.1465 Bacteria;Pseudomonadota;Gammaproteobacteria;Lysobacterales;Lysobacteraceae;Stenotrophomonas;Stenotrophomonas maltophilia
ST-D1_1	99.142	466	4	0	4	469	329	794	0.0	839	GQ443099.1.1500 Bacteria;Pseudomonadota;Gammaproteobacteria;Lysobacterales;Lysobacteraceae;Stenotrophomonas;uncultured bacterium
ST-D1_1	99.142	466	4	0	4	469	317	782	0.0	839	KC820061.1.1494 Bacteria;Pseudomonadota;Gammaproteobacteria;Lysobacterales;Lysobacteraceae;Stenotrophomonas;uncultured Xanthomonas sp.
ST-D1_1	99.143	467	2	2	4	469	283	748	0.0	839	KP682491.1.1407 Bacteria;Pseudomonadota;Gammaproteobacteria;Lysobacterales;Lysobacteraceae;Stenotrophomonas;Xanthomonas retroflexus
ST-D1_1	99.143	467	3	1	4	469	281	747	0.0	839	KF006329.1.1280 Bacteria;Pseudomonadota;Gammaproteobacteria;Lysobacterales;Lysobacteraceae;Stenotrophomonas;Stenotrophomonas maltophilia
ST-D1_1	99.142	466	2	2	4	467	315	780	0.0	837	JX001191.1.1465 Bacteria;Pseudomonadota;Gammaproteobacteria;Lysobacterales;Lysobacteraceae;Stenotrophomonas;uncultured bacterium
ST-D1_1	99.142	466	3	1	4	469	338	802	0.0	837	KJ605870.1.1517 Bacteria;Pseudomonadota;Gammaproteobacteria;Lysobacterales;Lysobacteraceae;Stenotrophomonas;uncultured Stenotrophomonas sp.
ST-D1_1	98.929	467	4	1	4	469	321	787	0.0	833	KX456297.1.1479 Bacteria;Pseudomonadota;Gammaproteobacteria;Lysobacterales;Lysobacteraceae;Stenotrophomonas;uncultured Stenotrophomonas sp.
ST-D1_1	98.929	467	3	2	4	469	315	780	0.0	833	JX001197.1.1455 Bacteria;Pseudomonadota;Gammaproteobacteria;Lysobacterales;Lysobacteraceae;Stenotrophomonas;uncultured bacterium
ST-D1_1	98.927	466	5	0	4	469	337	802	0.0	833	CP018756.4602727.4604253 Bacteria;Pseudomonadota;Gammaproteobacteria;Lysobacterales;Lysobacteraceae;Stenotrophomonas;Stenotrophomonas maltophilia
ST-D1_1	98.927	466	5	0	4	469	337	802	0.0	833	CP018756.4145208.4146734 Bacteria;Pseudomonadota;Gammaproteobacteria;Lysobacterales;Lysobacteraceae;Stenotrophomonas;Stenotrophomonas maltophilia
ST-D1_1	98.927	466	5	0	4	469	337	802	0.0	833	CP018756.4608395.4609921 Bacteria;Pseudomonadota;Gammaproteobacteria;Lysobacterales;Lysobacteraceae;Stenotrophomonas;Stenotrophomonas maltophilia
ST-D1_1	98.927	466	5	0	4	469	337	802	0.0	833	CP018756.4150875.4152401 Bacteria;Pseudomonadota;Gammaproteobacteria;Lysobacterales;Lysobacteraceae;Stenotrophomonas;Stenotrophomonas maltophilia
ST-D1_1	98.932	468	2	3	4	469	317	783	0.0	833	AY856842.1.1513 Bacteria;Pseudomonadota;Gammaproteobacteria;Lysobacterales;Lysobacteraceae;Stenotrophomonas;Stenotrophomonas sp. 22
ST-D1_1	98.927	466	5	0	4	469	201	666	0.0	833	EU239162.1.1272 Bacteria;Pseudomonadota;Gammaproteobacteria;Lysobacterales;Lysobacteraceae;Stenotrophomonas;Stenotrophomonas maltophilia
ST-D1_1	98.929	467	2	3	4	469	338	802	0.0	832	JN986167.1.1507 Bacteria;Pseudomonadota;Gammaproteobacteria;Lysobacterales;Lysobacteraceae;Stenotrophomonas;uncultured bacterium
ST-D1_1	98.927	466	4	1	4	469	315	779	0.0	832	JX001227.1.1464 Bacteria;Pseudomonadota;Gammaproteobacteria;Lysobacterales;Lysobacteraceae;Stenotrophomonas;uncultured bacterium
ST-D1_1	98.927	466	4	1	4	469	326	790	0.0	832	FJ657669.1.1506 Bacteria;Pseudomonadota;Gammaproteobacteria;Lysobacterales;Lysobacteraceae;Stenotrophomonas;Stenotrophomonas maltophilia
ST-D1_1	98.498	466	6	1	4	469	291	755	0.0	830	AJ884483.1.1455 Bacteria;Pseudomonadota;Gammaproteobacteria;Lysobacterales;Lysobacteraceae;Stenotrophomonas;Stenotrophomonas sp.
ST-D1_1	98.712	466	6	0	4	469	337	802	0.0	828	JN379420.1.1513 Bacteria;Pseudomonadota;Gammaproteobacteria;Lysobacterales;Lysobacteraceae;Stenotrophomonas;uncultured Stenotrophomonas sp.
ST-D1_1	98.712	466	6	0	4	469	335	800	0.0	828	EU537193.1.1403 Bacteria;Pseudomonadota;Gammaproteobacteria;Lysobacterales;Lysobacteraceae;Stenotrophomonas;uncultured bacterium
ST-D1_1	98.712	466	6	0	4	469	335	800	0.0	828	EU539257.1.1403 Bacteria;Pseudomonadota;Gammaproteobacteria;Lysobacterales;Lysobacteraceae;Stenotrophomonas;uncultured bacterium
ST-D1_1	98.712	466	6	0	4	469	338	803	0.0	828	AY838526.1.1522 Bacteria;Pseudomonadota;Gammaproteobacteria;Lysobacterales;Lysobacteraceae;Stenotrophomonas;uncultured bacterium
ST-D1_1	98.712	466	6	0	4	469	302	767	0.0	828	KJ534495.1.1443 Bacteria;Pseudomonadota;Gammaproteobacteria;Lysobacterales;Lysobacteraceae;Stenotrophomonas;Stenotrophomonas maltophilia
ST-D1_1	98.712	466	6	0	4	469	294	759	0.0	828	KM488433.1.1445 Bacteria;Pseudomonadota;Gammaproteobacteria;Lysobacterales;Lysobacteraceae;Stenotrophomonas;Stenotrophomonas maltophilia
ST-D1_1	98.715	467	5	1	4	469	105	571	0.0	828	KT005682.1.1200 Bacteria;Pseudomonadota;Gammaproteobacteria;Lysobacterales;Lysobacteraceae;Stenotrophomonas;Stenotrophomonas sp. 4cultural_65
ST-D1_1	98.715	467	5	1	4	469	296	762	0.0	828	KT005549.1.1431 Bacteria;Pseudomonadota;Gammaproteobacteria;Lysobacterales;Lysobacteraceae;Stenotrophomonas;Stenotrophomonas maltophilia
ST-D1_1	98.712	466	6	0	4	469	310	775	0.0	828	LC318207.1.1363 Bacteria;Pseudomonadota;Gammaproteobacteria;Lysobacterales;Lysobacteraceae;Stenotrophomonas;uncultured Pseudomonas sp.
ST-D1_1	98.712	466	2	4	4	469	316	777	0.0	824	JX001203.1.1463 Bacteria;Pseudomonadota;Gammaproteobacteria;Lysobacterales;Lysobacteraceae;Stenotrophomonas;uncultured bacterium
ST-D1_1	98.504	468	5	2	4	469	400	867	0.0	824	FJ748680.1.1380 Bacteria;Pseudomonadota;Gammaproteobacteria;Lysobacterales;Lysobacteraceae;Stenotrophomonas;Stenotrophomonas sp. ICB129
ST-D1_1	98.498	466	5	2	4	469	335	798	0.0	822	GQ443098.1.1502 Bacteria;Pseudomonadota;Gammaproteobacteria;Lysobacterales;Lysobacteraceae;Stenotrophomonas;uncultured bacterium
ST-D1_1	98.498	466	7	0	4	469	337	802	0.0	822	FJ184343.1.1511 Bacteria;Pseudomonadota;Gammaproteobacteria;Lysobacterales;Lysobacteraceae;Stenotrophomonas;uncultured soil bacterium
ST-D1_1	98.498	466	7	0	4	469	337	802	0.0	822	FJ184339.1.1505 Bacteria;Pseudomonadota;Gammaproteobacteria;Lysobacterales;Lysobacteraceae;Stenotrophomonas;uncultured soil bacterium
ST-D1_1	98.498	466	7	0	4	469	336	801	0.0	822	KF481607.1.1511 Bacteria;Pseudomonadota;Gammaproteobacteria;Lysobacterales;Lysobacteraceae;Stenotrophomonas;uncultured bacterium
ST-D1_1	98.498	466	7	0	4	469	335	800	0.0	822	EU540271.1.1404 Bacteria;Pseudomonadota;Gammaproteobacteria;Lysobacterales;Lysobacteraceae;Stenotrophomonas;uncultured bacterium
ST-D1_1	98.501	467	6	1	4	469	302	768	0.0	822	MH396736.1.1440 Bacteria;Pseudomonadota;Gammaproteobacteria;Lysobacterales;Lysobacteraceae;Stenotrophomonas;Stenotrophomonas maltophilia
ST-D1_1	98.498	466	7	0	4	469	309	774	0.0	822	KJ184875.1.1456 Bacteria;Pseudomonadota;Gammaproteobacteria;Lysobacterales;Lysobacteraceae;Stenotrophomonas;Stenotrophomonas sp. XBBRA2
ST-D1_1	98.498	466	7	0	4	469	278	743	0.0	822	AY277550.1.1440 Bacteria;Pseudomonadota;Gammaproteobacteria;Lysobacterales;Lysobacteraceae;Stenotrophomonas;Stenotrophomonas maltophilia
ST-D1_1	98.498	466	7	0	4	469	232	697	0.0	822	JQ073893.1.1228 Bacteria;Pseudomonadota;Gammaproteobacteria;Lysobacterales;Lysobacteraceae;Stenotrophomonas;Stenotrophomonas sp. Am049
ST-D1_1	98.495	465	7	0	5	469	287	751	0.0	821	MG657028.1.1441 Bacteria;Pseudomonadota;Gammaproteobacteria;Lysobacterales;Lysobacteraceae;Stenotrophomonas;Stenotrophomonas sp.
ST-D1_1	98.283	466	8	0	4	469	337	802	0.0	817	CP001111.4505782.4507321 Bacteria;Pseudomonadota;Gammaproteobacteria;Lysobacterales;Lysobacteraceae;Stenotrophomonas;Stenotrophomonas maltophilia R551-3
ST-D1_1	98.283	466	8	0	4	469	337	802	0.0	817	CP001111.353034.354573 Bacteria;Pseudomonadota;Gammaproteobacteria;Lysobacterales;Lysobacteraceae;Stenotrophomonas;Stenotrophomonas maltophilia R551-3
ST-D1_1	98.283	466	8	0	4	469	337	802	0.0	817	CP001111.358704.360243 Bacteria;Pseudomonadota;Gammaproteobacteria;Lysobacterales;Lysobacteraceae;Stenotrophomonas;Stenotrophomonas maltophilia R551-3
ST-D1_1	98.283	466	8	0	4	469	340	805	0.0	817	AB745637.1.1513 Bacteria;Pseudomonadota;Gammaproteobacteria;Lysobacterales;Lysobacteraceae;Stenotrophomonas;uncultured bacterium
ST-D1_1	98.283	466	8	0	4	469	315	780	0.0	817	GU945534.1.1427 Bacteria;Pseudomonadota;Gammaproteobacteria;Lysobacterales;Lysobacteraceae;Stenotrophomonas;Stenotrophomonas maltophilia
ST-D1_1	98.283	466	8	0	4	469	311	776	0.0	817	KJ534483.1.1453 Bacteria;Pseudomonadota;Gammaproteobacteria;Lysobacterales;Lysobacteraceae;Stenotrophomonas;Stenotrophomonas sp. JA139
ST-D1_1	98.283	466	8	0	4	469	290	755	0.0	817	KT580593.1.1399 Bacteria;Pseudomonadota;Gammaproteobacteria;Lysobacterales;Lysobacteraceae;Stenotrophomonas;Stenotrophomonas maltophilia
ST-D1_1	98.283	466	8	0	4	469	301	766	0.0	817	MG266319.1.1443 Bacteria;Pseudomonadota;Gammaproteobacteria;Lysobacterales;Lysobacteraceae;Stenotrophomonas;Stenotrophomonas sp.
ST-D1_1	98.283	466	7	1	4	469	309	773	0.0	815	GQ179713.1.1476 Bacteria;Pseudomonadota;Gammaproteobacteria;Lysobacterales;Lysobacteraceae;Stenotrophomonas;uncultured Stenotrophomonas sp.
ST-D1_1	98.085	470	5	4	4	469	281	750	0.0	815	KT005538.1.1337 Bacteria;Pseudomonadota;Gammaproteobacteria;Lysobacterales;Lysobacteraceae;Stenotrophomonas;Stenotrophomonas maltophilia
ST-D1_1	98.287	467	4	3	4	469	336	799	0.0	815	AY169417.1.1507 Bacteria;Pseudomonadota;Gammaproteobacteria;Lysobacterales;Lysobacteraceae;Stenotrophomonas;Stenotrophomonas maltophilia
ST-D1_1	98.077	468	7	2	4	469	266	733	0.0	813	KU712004.1.1376 Bacteria;Pseudomonadota;Gammaproteobacteria;Lysobacterales;Lysobacteraceae;Stenotrophomonas;Stenotrophomonas sp. NIHHS110
ST-D1_1	98.069	466	9	0	4	469	335	800	0.0	811	CP028358.441945.443469 Bacteria;Pseudomonadota;Gammaproteobacteria;Lysobacterales;Lysobacteraceae;Stenotrophomonas;Stenotrophomonas maltophilia
ST-D1_1	98.069	466	9	0	4	469	335	800	0.0	811	CP028358.4669931.4671454 Bacteria;Pseudomonadota;Gammaproteobacteria;Lysobacterales;Lysobacteraceae;Stenotrophomonas;Stenotrophomonas maltophilia
ST-D1_1	98.069	466	9	0	4	469	337	802	0.0	811	CP028358.436281.437807 Bacteria;Pseudomonadota;Gammaproteobacteria;Lysobacterales;Lysobacteraceae;Stenotrophomonas;Stenotrophomonas maltophilia
ST-D1_1	98.069	466	9	0	4	469	294	759	0.0	811	GQ157794.1.1428 Bacteria;Pseudomonadota;Gammaproteobacteria;Lysobacterales;Lysobacteraceae;Stenotrophomonas;uncultured bacterium
ST-D1_1	98.069	466	9	0	4	469	342	807	0.0	811	CP011306.4441274.4442818 Bacteria;Pseudomonadota;Gammaproteobacteria;Lysobacterales;Lysobacteraceae;Stenotrophomonas;Stenotrophomonas maltophilia
ST-D1_1	98.069	466	9	0	4	469	342	807	0.0	811	CP011306.338880.340424 Bacteria;Pseudomonadota;Gammaproteobacteria;Lysobacterales;Lysobacteraceae;Stenotrophomonas;Stenotrophomonas maltophilia
ST-D1_1	98.069	466	9	0	4	469	342	807	0.0	811	CP011305.338880.340424 Bacteria;Pseudomonadota;Gammaproteobacteria;Lysobacterales;Lysobacteraceae;Stenotrophomonas;Stenotrophomonas maltophilia
ST-D1_1	98.069	466	9	0	4	469	319	784	0.0	811	GQ157451.1.1477 Bacteria;Pseudomonadota;Gammaproteobacteria;Lysobacterales;Lysobacteraceae;Stenotrophomonas;uncultured bacterium
ST-D1_1	98.069	466	9	0	4	469	342	807	0.0	811	CP011305.4441274.4442818 Bacteria;Pseudomonadota;Gammaproteobacteria;Lysobacterales;Lysobacteraceae;Stenotrophomonas;Stenotrophomonas maltophilia
ST-D1_1	98.069	466	9	0	4	469	342	807	0.0	811	CP011010.4745935.4747479 Bacteria;Pseudomonadota;Gammaproteobacteria;Lysobacterales;Lysobacteraceae;Stenotrophomonas;Stenotrophomonas maltophilia
ST-D1_1	98.069	466	9	0	4	469	342	807	0.0	811	CP011010.367664.369208 Bacteria;Pseudomonadota;Gammaproteobacteria;Lysobacterales;Lysobacteraceae;Stenotrophomonas;Stenotrophomonas maltophilia
ST-D1_1	98.069	466	9	0	4	469	330	795	0.0	811	EU537225.1.1399 Bacteria;Pseudomonadota;Gammaproteobacteria;Lysobacterales;Lysobacteraceae;Stenotrophomonas;uncultured bacterium
ST-D1_1	98.069	466	9	0	4	469	334	799	0.0	811	JQ975872.1.1501 Bacteria;Pseudomonadota;Gammaproteobacteria;Lysobacterales;Lysobacteraceae;Stenotrophomonas;Stenotrophomonas sp. enrichment culture clone Y007
ST-D1_1	98.069	466	9	0	4	469	335	800	0.0	811	EU534487.1.1403 Bacteria;Pseudomonadota;Gammaproteobacteria;Lysobacterales;Lysobacteraceae;Stenotrophomonas;uncultured bacterium
ST-D1_1	98.069	466	9	0	4	469	342	807	0.0	811	CP021768.4448204.4449748 Bacteria;Pseudomonadota;Gammaproteobacteria;Lysobacterales;Lysobacteraceae;Stenotrophomonas;Stenotrophomonas sp. WZN-1
ST-D1_1	98.069	466	9	0	4	469	342	807	0.0	811	CP021768.4453870.4455414 Bacteria;Pseudomonadota;Gammaproteobacteria;Lysobacterales;Lysobacteraceae;Stenotrophomonas;Stenotrophomonas sp. WZN-1
ST-D1_1	98.069	466	9	0	4	469	342	807	0.0	811	CP021768.386208.387752 Bacteria;Pseudomonadota;Gammaproteobacteria;Lysobacterales;Lysobacteraceae;Stenotrophomonas;Stenotrophomonas sp. WZN-1
ST-D1_1	98.069	466	9	0	4	469	342	807	0.0	811	CP021768.380541.382085 Bacteria;Pseudomonadota;Gammaproteobacteria;Lysobacterales;Lysobacteraceae;Stenotrophomonas;Stenotrophomonas sp. WZN-1
ST-D1_1	98.069	466	9	0	4	469	329	794	0.0	811	AY661995.1.1531 Bacteria;Pseudomonadota;Gammaproteobacteria;Lysobacterales;Lysobacteraceae;Stenotrophomonas;uncultured bacterium
ST-D1_1	98.069	466	9	0	4	469	310	775	0.0	811	AY133070.1.1453 Bacteria;Pseudomonadota;Gammaproteobacteria;Lysobacterales;Lysobacteraceae;Stenotrophomonas;uncultured gamma proteobacterium
ST-D1_1	98.069	466	9	0	4	469	334	799	0.0	811	EF520569.1.1442 Bacteria;Pseudomonadota;Gammaproteobacteria;Lysobacterales;Lysobacteraceae;Stenotrophomonas;uncultured gamma proteobacterium
ST-D1_1	98.069	466	9	0	4	469	335	800	0.0	811	EF511528.1.1486 Bacteria;Pseudomonadota;Gammaproteobacteria;Lysobacterales;Lysobacteraceae;Stenotrophomonas;uncultured bacterium
ST-D1_1	98.069	466	9	0	4	469	312	777	0.0	811	EF509646.1.1482 Bacteria;Pseudomonadota;Gammaproteobacteria;Lysobacterales;Lysobacteraceae;Stenotrophomonas;uncultured bacterium
ST-D1_1	98.069	466	9	0	4	469	337	802	0.0	811	CP001111.4511452.4512991 Bacteria;Pseudomonadota;Gammaproteobacteria;Lysobacterales;Lysobacteraceae;Stenotrophomonas;Stenotrophomonas maltophilia R551-3
ST-D1_1	98.069	466	9	0	4	469	332	797	0.0	811	AB745410.1.1508 Bacteria;Pseudomonadota;Gammaproteobacteria;Lysobacterales;Lysobacteraceae;Stenotrophomonas;uncultured bacterium
ST-D1_1	98.069	466	9	0	4	469	335	800	0.0	811	HE798556.4707686.4709223 Bacteria;Pseudomonadota;Gammaproteobacteria;Lysobacterales;Lysobacteraceae;Stenotrophomonas;Stenotrophomonas maltophilia D457
ST-D1_1	98.069	466	9	0	4	469	335	800	0.0	811	HE798556.395406.396943 Bacteria;Pseudomonadota;Gammaproteobacteria;Lysobacterales;Lysobacteraceae;Stenotrophomonas;Stenotrophomonas maltophilia D457
ST-D1_1	98.069	466	9	0	4	469	335	800	0.0	811	HE798556.4702023.4703560 Bacteria;Pseudomonadota;Gammaproteobacteria;Lysobacterales;Lysobacteraceae;Stenotrophomonas;Stenotrophomonas maltophilia D457
ST-D1_1	98.069	466	9	0	4	469	310	775	0.0	811	KJ648178.1.1454 Bacteria;Pseudomonadota;Gammaproteobacteria;Lysobacterales;Lysobacteraceae;Stenotrophomonas;Stenotrophomonas sp. Z9
ST-D1_1	98.069	466	9	0	4	469	307	772	0.0	811	KJ534488.1.1451 Bacteria;Pseudomonadota;Gammaproteobacteria;Lysobacterales;Lysobacteraceae;Stenotrophomonas;Stenotrophomonas sp. JD203
ST-D1_1	98.069	466	9	0	4	469	307	772	0.0	811	KJ149818.1.1452 Bacteria;Pseudomonadota;Gammaproteobacteria;Lysobacterales;Lysobacteraceae;Stenotrophomonas;Stenotrophomonas maltophilia
ST-D1_1	98.069	466	9	0	4	469	275	740	0.0	811	KC888971.1.1386 Bacteria;Pseudomonadota;Gammaproteobacteria;Lysobacterales;Lysobacteraceae;Stenotrophomonas;Stenotrophomonas sp. 58-27
ST-D1_1	98.069	466	9	0	4	469	337	802	0.0	811	JX174242.1.1536 Bacteria;Pseudomonadota;Gammaproteobacteria;Lysobacterales;Lysobacteraceae;Stenotrophomonas;Stenotrophomonas sp. 2365
ST-D1_1	98.069	466	9	0	4	469	302	767	0.0	811	KT034436.1.1478 Bacteria;Pseudomonadota;Gammaproteobacteria;Lysobacterales;Lysobacteraceae;Stenotrophomonas;Stenotrophomonas sp. 292
ST-D1_1	98.069	466	9	0	4	469	303	768	0.0	811	KT034427.1.1483 Bacteria;Pseudomonadota;Gammaproteobacteria;Lysobacterales;Lysobacteraceae;Stenotrophomonas;Stenotrophomonas sp. 191
ST-D1_1	98.069	466	9	0	4	469	303	768	0.0	811	KT034435.1.1479 Bacteria;Pseudomonadota;Gammaproteobacteria;Lysobacterales;Lysobacteraceae;Stenotrophomonas;Stenotrophomonas sp. 282
ST-D1_1	98.069	466	9	0	4	469	294	759	0.0	811	KM488430.1.1446 Bacteria;Pseudomonadota;Gammaproteobacteria;Lysobacterales;Lysobacteraceae;Stenotrophomonas;Stenotrophomonas maltophilia
ST-D1_1	98.069	466	9	0	4	469	287	752	0.0	811	HQ396902.1.1334 Bacteria;Pseudomonadota;Gammaproteobacteria;Lysobacterales;Lysobacteraceae;Stenotrophomonas;Stenotrophomonas maltophilia
ST-D1_1	98.069	466	9	0	4	469	330	795	0.0	811	GQ280904.1.1497 Bacteria;Pseudomonadota;Gammaproteobacteria;Lysobacterales;Lysobacteraceae;Stenotrophomonas;Stenotrophomonas maltophilia
ST-D1_1	98.069	466	9	0	4	469	240	705	0.0	811	FJ748674.1.1212 Bacteria;Pseudomonadota;Gammaproteobacteria;Lysobacterales;Lysobacteraceae;Stenotrophomonas;Stenotrophomonas sp. ICB209
ST-D1_1	98.069	466	9	0	4	469	306	771	0.0	811	FJ626634.1.1446 Bacteria;Pseudomonadota;Gammaproteobacteria;Lysobacterales;Lysobacteraceae;Stenotrophomonas;Stenotrophomonas sp. MH122
ST-D1_1	98.073	467	8	1	4	469	312	778	0.0	811	KM035645.1.1462 Bacteria;Pseudomonadota;Gammaproteobacteria;Lysobacterales;Lysobacteraceae;Stenotrophomonas;Stenotrophomonas sp. An2s
ST-D1_1	98.069	466	9	0	4	469	311	776	0.0	811	JQ359085.1.1455 Bacteria;Pseudomonadota;Gammaproteobacteria;Lysobacterales;Lysobacteraceae;Stenotrophomonas;Stenotrophomonas sp. DoB6
ST-D1_1	98.069	466	9	0	4	469	305	770	0.0	811	DQ912808.1.1449 Bacteria;Pseudomonadota;Gammaproteobacteria;Lysobacterales;Lysobacteraceae;Stenotrophomonas;Vibrio sp. ZX-PKU-010
ST-D1_1	98.069	466	9	0	4	469	324	789	0.0	811	KP100336.1.1508 Bacteria;Pseudomonadota;Gammaproteobacteria;Lysobacterales;Lysobacteraceae;Stenotrophomonas;Stenotrophomonas maltophilia
ST-D1_1	98.069	466	9	0	4	469	311	776	0.0	811	EU340025.1.1458 Bacteria;Pseudomonadota;Gammaproteobacteria;Lysobacterales;Lysobacteraceae;Stenotrophomonas;Stenotrophomonas maltophilia
ST-D1_1	97.859	467	8	2	4	469	338	803	0.0	809	AY838521.1.1523 Bacteria;Pseudomonadota;Gammaproteobacteria;Lysobacterales;Lysobacteraceae;Stenotrophomonas;uncultured bacterium
ST-D1_1	97.859	467	8	2	4	469	308	773	0.0	809	AY581129.1.1392 Bacteria;Pseudomonadota;Gammaproteobacteria;Lysobacterales;Lysobacteraceae;Stenotrophomonas;Stenotrophomonas maltophilia
ST-D1_1	97.854	466	10	0	4	469	337	802	0.0	806	DQ298785.1.1539 Bacteria;Pseudomonadota;Gammaproteobacteria;Lysobacterales;Lysobacteraceae;Stenotrophomonas;bacterium 3B2
ST-D1_1	97.854	466	10	0	4	469	316	781	0.0	806	DQ821577.1.1455 Bacteria;Pseudomonadota;Gammaproteobacteria;Lysobacterales;Lysobacteraceae;Stenotrophomonas;Stenotrophomonas sp. JNW12
ST-D1_1	97.854	466	10	0	4	469	342	807	0.0	806	CP029773.332650.334194 Bacteria;Pseudomonadota;Gammaproteobacteria;Lysobacterales;Lysobacteraceae;Stenotrophomonas;Stenotrophomonas maltophilia
ST-D1_1	97.854	466	10	0	4	469	342	807	0.0	806	CP029773.4825823.4827367 Bacteria;Pseudomonadota;Gammaproteobacteria;Lysobacterales;Lysobacteraceae;Stenotrophomonas;Stenotrophomonas maltophilia
ST-D1_1	97.854	466	10	0	4	469	342	807	0.0	806	CP029773.338316.339860 Bacteria;Pseudomonadota;Gammaproteobacteria;Lysobacterales;Lysobacteraceae;Stenotrophomonas;Stenotrophomonas maltophilia
ST-D1_1	97.854	466	8	2	4	469	333	796	0.0	806	GQ443089.1.1507 Bacteria;Pseudomonadota;Gammaproteobacteria;Lysobacterales;Lysobacteraceae;Stenotrophomonas;uncultured bacterium
ST-D1_1	97.854	466	10	0	4	469	337	802	0.0	806	FJ184368.1.1513 Bacteria;Pseudomonadota;Gammaproteobacteria;Lysobacterales;Lysobacteraceae;Stenotrophomonas;uncultured soil bacterium
ST-D1_1	97.854	466	10	0	4	469	318	783	0.0	806	KF106686.1.1369 Bacteria;Pseudomonadota;Gammaproteobacteria;Lysobacterales;Lysobacteraceae;Stenotrophomonas;uncultured bacterium
ST-D1_1	97.854	466	10	0	4	469	264	729	0.0	806	EU705871.1.1236 Bacteria;Pseudomonadota;Gammaproteobacteria;Lysobacterales;Lysobacteraceae;Stenotrophomonas;uncultured Stenotrophomonas sp.
ST-D1_1	97.859	467	9	1	4	469	50	516	0.0	806	AF098637.1.1257 Bacteria;Pseudomonadota;Gammaproteobacteria;Lysobacterales;Lysobacteraceae;Stenotrophomonas;Stenotrophomonas maltophilia
ST-D1_1	97.639	466	11	0	4	469	251	716	0.0	806	AB680218.1.1406 Bacteria;Pseudomonadota;Gammaproteobacteria;Lysobacterales;Lysobacteraceae;Stenotrophomonas;Stenotrophomonas maltophilia
ST-D1_1	97.854	466	10	0	4	469	306	771	0.0	806	HQ916662.1.1483 Bacteria;Pseudomonadota;Gammaproteobacteria;Lysobacterales;Lysobacteraceae;Stenotrophomonas;Stenotrophomonas sp. USTB-H
ST-D1_1	97.854	466	10	0	4	469	310	775	0.0	806	HQ916663.1.1452 Bacteria;Pseudomonadota;Gammaproteobacteria;Lysobacterales;Lysobacteraceae;Stenotrophomonas;Pseudomonas sp. USTB-M
ST-D1_1	97.854	466	10	0	4	469	305	770	0.0	806	JX035951.1.1444 Bacteria;Pseudomonadota;Gammaproteobacteria;Lysobacterales;Lysobacteraceae;Stenotrophomonas;Stenotrophomonas sp. JDG126
ST-D1_1	97.854	466	10	0	4	469	334	799	0.0	806	FM213378.1.1504 Bacteria;Pseudomonadota;Gammaproteobacteria;Lysobacterales;Lysobacteraceae;Stenotrophomonas;Stenotrophomonas maltophilia
ST-D1_1	97.854	466	10	0	4	469	306	771	0.0	806	JQ897942.1.1444 Bacteria;Pseudomonadota;Gammaproteobacteria;Lysobacterales;Lysobacteraceae;Stenotrophomonas;Stenotrophomonas sp. PeniS2D1
ST-D1_1	97.854	466	10	0	4	469	338	803	0.0	806	GQ268318.1.1480 Bacteria;Pseudomonadota;Gammaproteobacteria;Lysobacterales;Lysobacteraceae;Stenotrophomonas;Stenotrophomonas maltophilia
ST-D1_1	97.854	466	9	1	4	469	335	799	0.0	804	DQ327729.1.1533 Bacteria;Pseudomonadota;Gammaproteobacteria;Lysobacterales;Lysobacteraceae;Stenotrophomonas;Stenotrophomonas maltophilia
ST-D1_1	97.639	466	11	0	4	469	299	764	0.0	804	JQ900524.1.1440 Bacteria;Pseudomonadota;Gammaproteobacteria;Lysobacterales;Lysobacteraceae;Stenotrophomonas;Stenotrophomonas maltophilia
ST-D1_1	97.639	466	11	0	4	469	317	782	0.0	804	AJ131784.1.1501 Bacteria;Pseudomonadota;Gammaproteobacteria;Lysobacterales;Lysobacteraceae;Stenotrophomonas;Stenotrophomonas maltophilia
ST-D1_1	97.645	467	11	0	3	469	309	775	0.0	802	EU160573.1.1332 Bacteria;Pseudomonadota;Gammaproteobacteria;Lysobacterales;Lysobacteraceae;Stenotrophomonas;uncultured Stenotrophomonas sp.
ST-D1_1	97.650	468	9	2	4	469	302	769	0.0	802	AY038624.1.1353 Bacteria;Pseudomonadota;Gammaproteobacteria;Lysobacterales;Lysobacteraceae;Stenotrophomonas;uncultured bacterium
ST-D1_1	97.660	470	6	5	4	469	289	757	0.0	802	MH165371.1.1454 Bacteria;Pseudomonadota;Gammaproteobacteria;Lysobacterales;Lysobacteraceae;Stenotrophomonas;Stenotrophomonas maltophilia
ST-D1_1	97.639	466	11	0	4	469	315	780	0.0	802	HQ641452.1.1497 Bacteria;Pseudomonadota;Gammaproteobacteria;Lysobacterales;Lysobacteraceae;Stenotrophomonas;Stenotrophomonas pavanii
ST-D1_1	97.639	466	11	0	4	469	275	740	0.0	800	AGRB01000147.5221.6685 Bacteria;Pseudomonadota;Gammaproteobacteria;Lysobacterales;Lysobacteraceae;Stenotrophomonas;Stenotrophomonas maltophilia RR-10
ST-D1_1	97.639	466	11	0	4	469	308	773	0.0	800	JF411388.1.1450 Bacteria;Pseudomonadota;Gammaproteobacteria;Lysobacterales;Lysobacteraceae;Stenotrophomonas;uncultured Pseudomonas sp.
ST-D1_1	97.639	466	11	0	4	469	342	807	0.0	800	CP028899.418711.420255 Bacteria;Pseudomonadota;Gammaproteobacteria;Lysobacterales;Lysobacteraceae;Stenotrophomonas;Stenotrophomonas maltophilia
ST-D1_1	97.639	466	11	0	4	469	342	807	0.0	800	CP028899.424373.425917 Bacteria;Pseudomonadota;Gammaproteobacteria;Lysobacterales;Lysobacteraceae;Stenotrophomonas;Stenotrophomonas maltophilia
ST-D1_1	97.639	466	11	0	4	469	258	723	0.0	800	KX672566.1.1358 Bacteria;Pseudomonadota;Gammaproteobacteria;Lysobacterales;Lysobacteraceae;Stenotrophomonas;uncultured Stenotrophomonas bacterium
ST-D1_1	97.639	466	11	0	4	469	342	807	0.0	800	CP028899.4881782.4883326 Bacteria;Pseudomonadota;Gammaproteobacteria;Lysobacterales;Lysobacteraceae;Stenotrophomonas;Stenotrophomonas maltophilia
ST-D1_1	97.639	466	11	0	4	469	342	807	0.0	800	CP028899.4876118.4877662 Bacteria;Pseudomonadota;Gammaproteobacteria;Lysobacterales;Lysobacteraceae;Stenotrophomonas;Stenotrophomonas maltophilia
ST-D1_1	97.639	466	11	0	4	469	315	780	0.0	800	GQ417315.1.1468 Bacteria;Pseudomonadota;Gammaproteobacteria;Lysobacterales;Lysobacteraceae;Stenotrophomonas;uncultured Stenotrophomonas sp.
ST-D1_1	97.639	466	11	0	4	469	315	780	0.0	800	JF138651.1.1370 Bacteria;Pseudomonadota;Gammaproteobacteria;Lysobacterales;Lysobacteraceae;Stenotrophomonas;uncultured bacterium
ST-D1_1	97.639	466	11	0	4	469	342	807	0.0	800	CP011306.344543.346087 Bacteria;Pseudomonadota;Gammaproteobacteria;Lysobacterales;Lysobacteraceae;Stenotrophomonas;Stenotrophomonas maltophilia
ST-D1_1	97.639	466	11	0	4	469	342	807	0.0	800	CP025298.4675905.4677449 Bacteria;Pseudomonadota;Gammaproteobacteria;Lysobacterales;Lysobacteraceae;Stenotrophomonas;Stenotrophomonas maltophilia
ST-D1_1	97.639	466	11	0	4	469	342	807	0.0	800	CP011306.4446939.4448483 Bacteria;Pseudomonadota;Gammaproteobacteria;Lysobacterales;Lysobacteraceae;Stenotrophomonas;Stenotrophomonas maltophilia
ST-D1_1	97.639	466	11	0	4	469	342	807	0.0	800	CP011305.344543.346087 Bacteria;Pseudomonadota;Gammaproteobacteria;Lysobacterales;Lysobacteraceae;Stenotrophomonas;Stenotrophomonas maltophilia
ST-D1_1	97.639	466	11	0	4	469	302	767	0.0	800	HM461149.1.1479 Bacteria;Pseudomonadota;Gammaproteobacteria;Lysobacterales;Lysobacteraceae;Stenotrophomonas;Stenotrophomonas sp. enrichment culture clone HSL25
ST-D1_1	97.639	466	11	0	4	469	342	807	0.0	800	CP011010.373374.374918 Bacteria;Pseudomonadota;Gammaproteobacteria;Lysobacterales;Lysobacteraceae;Stenotrophomonas;Stenotrophomonas maltophilia
ST-D1_1	97.639	466	11	0	4	469	342	807	0.0	800	CP011010.4740271.4741815 Bacteria;Pseudomonadota;Gammaproteobacteria;Lysobacterales;Lysobacteraceae;Stenotrophomonas;Stenotrophomonas maltophilia
ST-D1_1	97.639	466	11	0	4	469	342	807	0.0	800	CP025298.388221.389765 Bacteria;Pseudomonadota;Gammaproteobacteria;Lysobacterales;Lysobacteraceae;Stenotrophomonas;Stenotrophomonas maltophilia
ST-D1_1	97.639	466	11	0	4	469	342	807	0.0	800	CP011305.4446939.4448483 Bacteria;Pseudomonadota;Gammaproteobacteria;Lysobacterales;Lysobacteraceae;Stenotrophomonas;Stenotrophomonas maltophilia
ST-D1_1	97.639	466	11	0	4	469	305	770	0.0	800	KT308522.1.1482 Bacteria;Pseudomonadota;Gammaproteobacteria;Lysobacterales;Lysobacteraceae;Stenotrophomonas;uncultured Stenotrophomonas sp.
ST-D1_1	97.645	467	10	1	4	469	333	799	0.0	800	KT308523.1.1494 Bacteria;Pseudomonadota;Gammaproteobacteria;Lysobacterales;Lysobacteraceae;Stenotrophomonas;uncultured Stenotrophomonas sp.
ST-D1_1	97.639	466	11	0	4	469	327	792	0.0	800	KT308526.1.1491 Bacteria;Pseudomonadota;Gammaproteobacteria;Lysobacterales;Lysobacteraceae;Stenotrophomonas;uncultured Stenotrophomonas sp.
ST-D1_1	97.639	466	11	0	4	469	344	809	0.0	800	KF106259.1.1395 Bacteria;Pseudomonadota;Gammaproteobacteria;Lysobacterales;Lysobacteraceae;Stenotrophomonas;uncultured bacterium
ST-D1_1	97.639	466	11	0	4	469	308	773	0.0	800	HQ752905.1.1449 Bacteria;Pseudomonadota;Gammaproteobacteria;Lysobacterales;Lysobacteraceae;Stenotrophomonas;uncultured organism
ST-D1_1	97.639	466	11	0	4	469	311	776	0.0	800	HQ752097.1.1441 Bacteria;Pseudomonadota;Gammaproteobacteria;Lysobacterales;Lysobacteraceae;Stenotrophomonas;uncultured organism
ST-D1_1	97.639	466	11	0	4	469	309	774	0.0	800	HQ750293.1.1450 Bacteria;Pseudomonadota;Gammaproteobacteria;Lysobacterales;Lysobacteraceae;Stenotrophomonas;uncultured organism
ST-D1_1	97.639	466	11	0	4	469	265	730	0.0	800	EU705648.1.1250 Bacteria;Pseudomonadota;Gammaproteobacteria;Lysobacterales;Lysobacteraceae;Stenotrophomonas;uncultured Stenotrophomonas sp.
ST-D1_1	97.639	466	11	0	4	469	344	809	0.0	800	CP022053.2678599.2680145 Bacteria;Pseudomonadota;Gammaproteobacteria;Lysobacterales;Lysobacteraceae;Stenotrophomonas;Stenotrophomonas maltophilia
ST-D1_1	97.639	466	11	0	4	469	335	800	0.0	800	EU535347.1.1402 Bacteria;Pseudomonadota;Gammaproteobacteria;Lysobacterales;Lysobacteraceae;Stenotrophomonas;uncultured bacterium
ST-D1_1	97.639	466	11	0	4	469	344	809	0.0	800	CP022053.2684262.2685808 Bacteria;Pseudomonadota;Gammaproteobacteria;Lysobacterales;Lysobacteraceae;Stenotrophomonas;Stenotrophomonas maltophilia
ST-D1_1	97.639	466	11	0	4	469	334	799	0.0	800	FR853767.1.1508 Bacteria;Pseudomonadota;Gammaproteobacteria;Lysobacterales;Lysobacteraceae;Stenotrophomonas;uncultured bacterium
ST-D1_1	97.639	466	11	0	4	469	335	800	0.0	800	KM278953.1.1402 Bacteria;Pseudomonadota;Gammaproteobacteria;Lysobacterales;Lysobacteraceae;Stenotrophomonas;uncultured bacterium
ST-D1_1	97.639	466	11	0	4	469	335	800	0.0	800	CP002986.365932.367464 Bacteria;Pseudomonadota;Gammaproteobacteria;Lysobacterales;Lysobacteraceae;Stenotrophomonas;Stenotrophomonas maltophilia JV3
ST-D1_1	97.639	466	11	0	4	469	335	800	0.0	800	CP002986.4484519.4486051 Bacteria;Pseudomonadota;Gammaproteobacteria;Lysobacterales;Lysobacteraceae;Stenotrophomonas;Stenotrophomonas maltophilia JV3
ST-D1_1	97.639	466	11	0	4	469	335	800	0.0	800	CP002986.4478810.4480342 Bacteria;Pseudomonadota;Gammaproteobacteria;Lysobacterales;Lysobacteraceae;Stenotrophomonas;Stenotrophomonas maltophilia JV3
ST-D1_1	97.639	466	11	0	4	469	335	800	0.0	800	CP002986.371643.373175 Bacteria;Pseudomonadota;Gammaproteobacteria;Lysobacterales;Lysobacteraceae;Stenotrophomonas;Stenotrophomonas maltophilia JV3
ST-D1_1	97.639	466	11	0	4	469	335	800	0.0	800	HQ433556.1.1518 Bacteria;Pseudomonadota;Gammaproteobacteria;Lysobacterales;Lysobacteraceae;Stenotrophomonas;uncultured bacterium
ST-D1_1	97.639	466	11	0	4	469	308	773	0.0	800	AF529092.1.1358 Bacteria;Pseudomonadota;Gammaproteobacteria;Lysobacterales;Lysobacteraceae;Stenotrophomonas;uncultured gamma proteobacterium
ST-D1_1	97.639	466	11	0	4	469	281	746	0.0	800	EF562272.1.1261 Bacteria;Pseudomonadota;Gammaproteobacteria;Lysobacterales;Lysobacteraceae;Stenotrophomonas;uncultured Stenotrophomonas bacterium
ST-D1_1	97.639	466	11	0	4	469	344	809	0.0	800	CP015612.346253.347799 Bacteria;Pseudomonadota;Gammaproteobacteria;Lysobacterales;Lysobacteraceae;Stenotrophomonas;Stenotrophomonas maltophilia
ST-D1_1	97.639	466	11	0	4	469	309	774	0.0	800	MK053618.1.1468 Bacteria;Pseudomonadota;Gammaproteobacteria;Lysobacterales;Lysobacteraceae;Stenotrophomonas;Pseudomonas sp.
ST-D1_1	97.639	466	11	0	4	469	342	807	0.0	800	CP015612.340586.342130 Bacteria;Pseudomonadota;Gammaproteobacteria;Lysobacterales;Lysobacteraceae;Stenotrophomonas;Stenotrophomonas maltophilia
ST-D1_1	97.639	466	11	0	4	469	344	809	0.0	800	CP015612.4600700.4602246 Bacteria;Pseudomonadota;Gammaproteobacteria;Lysobacterales;Lysobacteraceae;Stenotrophomonas;Stenotrophomonas maltophilia
ST-D1_1	97.639	466	11	0	4	469	305	770	0.0	800	KU942677.1.1446 Bacteria;Pseudomonadota;Gammaproteobacteria;Lysobacterales;Lysobacteraceae;Stenotrophomonas;Pseudomonas sp. DY-1(2016)
ST-D1_1	97.639	466	11	0	4	469	342	807	0.0	800	CP015612.4606369.4607913 Bacteria;Pseudomonadota;Gammaproteobacteria;Lysobacterales;Lysobacteraceae;Stenotrophomonas;Stenotrophomonas maltophilia
ST-D1_1	97.639	466	11	0	4	469	335	800	0.0	800	LT906480.4943288.4944820 Bacteria;Pseudomonadota;Gammaproteobacteria;Lysobacterales;Lysobacteraceae;Stenotrophomonas;Stenotrophomonas maltophilia
ST-D1_1	97.639	466	11	0	4	469	335	800	0.0	800	LT906480.379969.381501 Bacteria;Pseudomonadota;Gammaproteobacteria;Lysobacterales;Lysobacteraceae;Stenotrophomonas;Stenotrophomonas maltophilia
ST-D1_1	97.639	466	11	0	4	469	335	800	0.0	800	HE798556.401066.402603 Bacteria;Pseudomonadota;Gammaproteobacteria;Lysobacterales;Lysobacteraceae;Stenotrophomonas;Stenotrophomonas maltophilia D457
ST-D1_1	97.639	466	11	0	4	469	307	772	0.0	800	MH157229.1.1450 Bacteria;Pseudomonadota;Gammaproteobacteria;Lysobacterales;Lysobacteraceae;Stenotrophomonas;Pseudomonas azotoformans
ST-D1_1	97.639	466	11	0	4	469	272	737	0.0	800	MH114026.1.1383 Bacteria;Pseudomonadota;Gammaproteobacteria;Lysobacterales;Lysobacteraceae;Stenotrophomonas;Stenotrophomonas maltophilia
ST-D1_1	97.639	466	11	0	4	469	317	782	0.0	800	AY689054.1.1498 Bacteria;Pseudomonadota;Gammaproteobacteria;Lysobacterales;Lysobacteraceae;Stenotrophomonas;Stenotrophomonas sp. 6C_14
ST-D1_1	97.639	466	11	0	4	469	308	773	0.0	800	KT986130.1.1451 Bacteria;Pseudomonadota;Gammaproteobacteria;Lysobacterales;Lysobacteraceae;Stenotrophomonas;Stenotrophomonas maltophilia
ST-D1_1	97.639	466	11	0	4	469	309	774	0.0	800	KT970983.1.1481 Bacteria;Pseudomonadota;Gammaproteobacteria;Lysobacterales;Lysobacteraceae;Stenotrophomonas;Stenotrophomonas maltophilia
ST-D1_1	97.639	466	11	0	4	469	300	765	0.0	800	KT970987.1.1470 Bacteria;Pseudomonadota;Gammaproteobacteria;Lysobacterales;Lysobacteraceae;Stenotrophomonas;Stenotrophomonas maltophilia
ST-D1_1	97.639	466	11	0	4	469	306	771	0.0	800	KT970984.1.1477 Bacteria;Pseudomonadota;Gammaproteobacteria;Lysobacterales;Lysobacteraceae;Stenotrophomonas;Stenotrophomonas maltophilia
ST-D1_1	97.639	466	11	0	4	469	320	785	0.0	800	KY595447.1.1458 Bacteria;Pseudomonadota;Gammaproteobacteria;Lysobacterales;Lysobacteraceae;Stenotrophomonas;Stenotrophomonas maltophilia
ST-D1_1	97.639	466	11	0	4	469	315	780	0.0	800	AB680480.1.1470 Bacteria;Pseudomonadota;Gammaproteobacteria;Lysobacterales;Lysobacteraceae;Stenotrophomonas;Stenotrophomonas maltophilia
ST-D1_1	97.639	466	11	0	4	469	281	746	0.0	800	KJ600917.1.1482 Bacteria;Pseudomonadota;Gammaproteobacteria;Lysobacterales;Lysobacteraceae;Lysobacter;uncultured bacterium
ST-D1_1	97.639	466	11	0	4	469	309	774	0.0	800	KP895795.1.1454 Bacteria;Pseudomonadota;Gammaproteobacteria;Lysobacterales;Lysobacteraceae;Stenotrophomonas;[Pseudomonas] geniculata
ST-D1_1	97.639	466	11	0	4	469	293	758	0.0	800	KF542909.1.1421 Bacteria;Pseudomonadota;Gammaproteobacteria;Lysobacterales;Lysobacteraceae;Stenotrophomonas;Stenotrophomonas maltophilia
ST-D1_1	97.639	466	11	0	4	469	308	773	0.0	800	KT316393.1.1451 Bacteria;Pseudomonadota;Gammaproteobacteria;Lysobacterales;Lysobacteraceae;Stenotrophomonas;Pseudomonas sp. A10(2015)
ST-D1_1	97.639	466	11	0	4	469	307	772	0.0	800	KT316391.1.1447 Bacteria;Pseudomonadota;Gammaproteobacteria;Lysobacterales;Lysobacteraceae;Stenotrophomonas;Pseudomonas sp. A8(2015c)
ST-D1_1	97.639	466	11	0	4	469	302	767	0.0	800	JX392999.1.1443 Bacteria;Pseudomonadota;Gammaproteobacteria;Lysobacterales;Lysobacteraceae;Stenotrophomonas;Stenotrophomonas maltophilia
ST-D1_1	97.639	466	11	0	4	469	312	777	0.0	800	KJ018319.1.1337 Bacteria;Pseudomonadota;Gammaproteobacteria;Lysobacterales;Lysobacteraceae;Stenotrophomonas;Stenotrophomonas sp. BA5
ST-D1_1	97.645	467	10	1	4	469	347	813	0.0	800	KF433907.1.1530 Bacteria;Pseudomonadota;Gammaproteobacteria;Lysobacterales;Lysobacteraceae;Stenotrophomonas;Stenotrophomonas sp. BAB-2702
ST-D1_1	97.639	466	11	0	4	469	302	767	0.0	800	EU239473.1.1448 Bacteria;Pseudomonadota;Gammaproteobacteria;Lysobacterales;Lysobacteraceae;Stenotrophomonas;[Pseudomonas] geniculata
ST-D1_1	97.639	466	11	0	4	469	306	771	0.0	800	EU239465.1.1447 Bacteria;Pseudomonadota;Gammaproteobacteria;Lysobacterales;Lysobacteraceae;Stenotrophomonas;[Pseudomonas] geniculata
ST-D1_1	97.639	466	11	0	4	469	310	775	0.0	800	EU239476.1.1456 Bacteria;Pseudomonadota;Gammaproteobacteria;Lysobacterales;Lysobacteraceae;Stenotrophomonas;[Pseudomonas] geniculata
ST-D1_1	97.639	466	11	0	4	469	311	776	0.0	800	EU239471.1.1460 Bacteria;Pseudomonadota;Gammaproteobacteria;Lysobacterales;Lysobacteraceae;Stenotrophomonas;[Pseudomonas] geniculata
ST-D1_1	97.639	466	11	0	4	469	309	774	0.0	800	EU239474.1.1454 Bacteria;Pseudomonadota;Gammaproteobacteria;Lysobacterales;Lysobacteraceae;Stenotrophomonas;[Pseudomonas] geniculata
ST-D1_1	97.639	466	11	0	4	469	306	771	0.0	800	EU239472.1.1450 Bacteria;Pseudomonadota;Gammaproteobacteria;Lysobacterales;Lysobacteraceae;Stenotrophomonas;[Pseudomonas] geniculata
ST-D1_1	97.639	466	11	0	4	469	335	800	0.0	800	HC050171.51.1520 Bacteria;Pseudomonadota;Gammaproteobacteria;Lysobacterales;Lysobacteraceae;Stenotrophomonas;Stenotrophomonas sp.
ST-D1_1	97.639	466	11	0	4	469	307	772	0.0	800	EU194335.1.1452 Bacteria;Pseudomonadota;Gammaproteobacteria;Lysobacterales;Lysobacteraceae;Stenotrophomonas;[Pseudomonas] geniculata
ST-D1_1	97.639	466	11	0	4	469	309	774	0.0	800	KT154940.1.1460 Bacteria;Pseudomonadota;Gammaproteobacteria;Lysobacterales;Lysobacteraceae;Stenotrophomonas;Stenotrophomonas sp. BV3
ST-D1_1	97.639	466	11	0	4	469	311	776	0.0	800	KT154941.1.1459 Bacteria;Pseudomonadota;Gammaproteobacteria;Lysobacterales;Lysobacteraceae;Stenotrophomonas;Stenotrophomonas sp. BV9
ST-D1_1	97.639	466	11	0	4	469	309	774	0.0	800	KT154937.1.1454 Bacteria;Pseudomonadota;Gammaproteobacteria;Lysobacterales;Lysobacteraceae;Stenotrophomonas;Stenotrophomonas sp. BV6
ST-D1_1	97.639	466	11	0	4	469	307	772	0.0	800	GU384265.1.1330 Bacteria;Pseudomonadota;Gammaproteobacteria;Lysobacterales;Lysobacteraceae;Stenotrophomonas;Stenotrophomonas maltophilia
ST-D1_1	97.639	466	11	0	4	469	310	775	0.0	800	KT154938.1.1453 Bacteria;Pseudomonadota;Gammaproteobacteria;Lysobacterales;Lysobacteraceae;Stenotrophomonas;Stenotrophomonas sp. BV8
ST-D1_1	97.639	466	11	0	4	469	311	776	0.0	800	KT154939.1.1458 Bacteria;Pseudomonadota;Gammaproteobacteria;Lysobacterales;Lysobacteraceae;Stenotrophomonas;Stenotrophomonas sp. BV10
ST-D1_1	97.639	466	11	0	4	469	310	775	0.0	800	KT154935.1.1457 Bacteria;Pseudomonadota;Gammaproteobacteria;Lysobacterales;Lysobacteraceae;Stenotrophomonas;Stenotrophomonas sp. BV1(2015)
ST-D1_1	97.639	466	11	0	4	469	303	768	0.0	800	KM668099.1.1440 Bacteria;Pseudomonadota;Gammaproteobacteria;Lysobacterales;Lysobacteraceae;Stenotrophomonas;[Pseudomonas] hibiscicola
ST-D1_1	97.639	466	11	0	4	469	310	775	0.0	800	KT154858.1.1456 Bacteria;Pseudomonadota;Gammaproteobacteria;Lysobacterales;Lysobacteraceae;Stenotrophomonas;Pseudomonas sp. MV4
ST-D1_1	97.639	466	11	0	4	469	308	773	0.0	800	KT154859.1.1455 Bacteria;Pseudomonadota;Gammaproteobacteria;Lysobacterales;Lysobacteraceae;Stenotrophomonas;Pseudomonas sp. MV7
ST-D1_1	97.639	466	11	0	4	469	250	715	0.0	800	HM355725.1.1231 Bacteria;Pseudomonadota;Gammaproteobacteria;Lysobacterales;Lysobacteraceae;Stenotrophomonas;Stenotrophomonas maltophilia
ST-D1_1	97.639	466	11	0	4	469	307	772	0.0	800	KT034416.1.1482 Bacteria;Pseudomonadota;Gammaproteobacteria;Lysobacterales;Lysobacteraceae;Stenotrophomonas;Pseudomonas sp. 261(2015)
ST-D1_1	97.639	466	11	0	4	469	301	766	0.0	800	KT034430.1.1475 Bacteria;Pseudomonadota;Gammaproteobacteria;Lysobacterales;Lysobacteraceae;Stenotrophomonas;Stenotrophomonas sp. 221
ST-D1_1	97.639	466	11	0	4	469	308	773	0.0	800	KC764994.1.1453 Bacteria;Pseudomonadota;Gammaproteobacteria;Lysobacterales;Lysobacteraceae;Stenotrophomonas;[Pseudomonas] geniculata
ST-D1_1	97.639	466	11	0	4	469	306	771	0.0	800	KM492916.1.1447 Bacteria;Pseudomonadota;Gammaproteobacteria;Lysobacterales;Lysobacteraceae;Stenotrophomonas;Stenotrophomonas sp. CB1
ST-D1_1	97.639	466	11	0	4	469	294	759	0.0	800	KM488429.1.1446 Bacteria;Pseudomonadota;Gammaproteobacteria;Lysobacterales;Lysobacteraceae;Stenotrophomonas;Stenotrophomonas maltophilia
ST-D1_1	97.639	466	11	0	4	469	294	759	0.0	800	KM488431.1.1446 Bacteria;Pseudomonadota;Gammaproteobacteria;Lysobacterales;Lysobacteraceae;Stenotrophomonas;Stenotrophomonas maltophilia
ST-D1_1	97.639	466	11	0	4	469	341	806	0.0	800	EF690418.1.1500 Bacteria;Pseudomonadota;Gammaproteobacteria;Lysobacterales;Lysobacteraceae;Stenotrophomonas;Stenotrophomonas maltophilia
ST-D1_1	97.639	466	11	0	4	469	302	767	0.0	800	EF692531.1.1386 Bacteria;Pseudomonadota;Gammaproteobacteria;Lysobacterales;Lysobacteraceae;Stenotrophomonas;Stenotrophomonas sp. JD1
ST-D1_1	97.639	466	11	0	4	469	270	735	0.0	800	KF952250.1.1304 Bacteria;Pseudomonadota;Gammaproteobacteria;Lysobacterales;Lysobacteraceae;Stenotrophomonas;Stenotrophomonas maltophilia
ST-D1_1	97.639	466	11	0	4	469	342	807	0.0	800	AM743169.416435.417979 Bacteria;Pseudomonadota;Gammaproteobacteria;Lysobacterales;Lysobacteraceae;Stenotrophomonas;Stenotrophomonas maltophilia K279a
ST-D1_1	97.639	466	11	0	4	469	309	774	0.0	800	HQ631967.1.1455 Bacteria;Pseudomonadota;Gammaproteobacteria;Lysobacterales;Lysobacteraceae;Stenotrophomonas;Stenotrophomonas sp. SO29
ST-D1_1	97.639	466	11	0	4	469	307	772	0.0	800	HQ631975.1.1450 Bacteria;Pseudomonadota;Gammaproteobacteria;Lysobacterales;Lysobacteraceae;Stenotrophomonas;Stenotrophomonas maltophilia
ST-D1_1	97.639	466	11	0	4	469	307	772	0.0	800	HQ631948.1.1453 Bacteria;Pseudomonadota;Gammaproteobacteria;Lysobacterales;Lysobacteraceae;Stenotrophomonas;Stenotrophomonas sp. SO5
ST-D1_1	97.639	466	11	0	4	469	294	759	0.0	800	GU202014.1.1407 Bacteria;Pseudomonadota;Gammaproteobacteria;Lysobacterales;Lysobacteraceae;Stenotrophomonas;Stenotrophomonas sp. JSG1
ST-D1_1	97.639	466	11	0	4	469	315	780	0.0	800	HQ434483.1.1303 Bacteria;Pseudomonadota;Gammaproteobacteria;Lysobacterales;Lysobacteraceae;Stenotrophomonas;Stenotrophomonas maltophilia
ST-D1_1	97.639	466	11	0	4	469	276	741	0.0	800	KX898135.1.1211 Bacteria;Pseudomonadota;Gammaproteobacteria;Lysobacterales;Lysobacteraceae;Stenotrophomonas;Stenotrophomonas maltophilia
ST-D1_1	97.639	466	11	0	4	469	304	769	0.0	800	GU113072.1.1443 Bacteria;Pseudomonadota;Gammaproteobacteria;Lysobacterales;Lysobacteraceae;Stenotrophomonas;Stenotrophomonas sp. P2
ST-D1_1	97.639	466	11	0	4	469	307	772	0.0	800	KM229704.1.1345 Bacteria;Pseudomonadota;Gammaproteobacteria;Lysobacterales;Lysobacteraceae;Stenotrophomonas;gamma proteobacterium EGS12
ST-D1_1	97.639	466	11	0	4	469	304	769	0.0	800	MG193729.1.1214 Bacteria;Pseudomonadota;Gammaproteobacteria;Lysobacterales;Lysobacteraceae;Stenotrophomonas;bacterium
ST-D1_1	97.639	466	11	0	4	469	307	772	0.0	800	KR780373.1.1447 Bacteria;Pseudomonadota;Gammaproteobacteria;Lysobacterales;Lysobacteraceae;Stenotrophomonas;Stenotrophomonas sp. CS18
ST-D1_1	97.639	466	11	0	4	469	253	718	0.0	800	LC150535.1.1385 Bacteria;Pseudomonadota;Gammaproteobacteria;Lysobacterales;Lysobacteraceae;Stenotrophomonas;Pseudomonas sp. SAps-19
ST-D1_1	97.639	466	11	0	4	469	307	772	0.0	800	JQ936566.1.1452 Bacteria;Pseudomonadota;Gammaproteobacteria;Lysobacterales;Lysobacteraceae;Stenotrophomonas;Pseudomonas sp. 75(2013)
ST-D1_1	97.639	466	11	0	4	469	307	772	0.0	800	GQ496660.1.1449 Bacteria;Pseudomonadota;Gammaproteobacteria;Lysobacterales;Lysobacteraceae;Stenotrophomonas;[Pseudomonas] geniculata
ST-D1_1	97.639	466	11	0	4	469	317	782	0.0	800	LC066089.1.1472 Bacteria;Pseudomonadota;Gammaproteobacteria;Lysobacterales;Lysobacteraceae;Stenotrophomonas;Stenotrophomonas tumulicola
ST-D1_1	97.639	466	11	0	4	469	317	782	0.0	800	FJ976090.1.1469 Bacteria;Pseudomonadota;Gammaproteobacteria;Lysobacterales;Lysobacteraceae;Stenotrophomonas;Stenotrophomonas maltophilia
ST-D1_1	97.639	466	11	0	4	469	312	777	0.0	800	FJ950659.1.1460 Bacteria;Pseudomonadota;Gammaproteobacteria;Lysobacterales;Lysobacteraceae;Stenotrophomonas;Stenotrophomonas maltophilia
ST-D1_1	97.639	466	11	0	4	469	309	774	0.0	800	KU551900.1.1507 Bacteria;Pseudomonadota;Gammaproteobacteria;Lysobacterales;Lysobacteraceae;Stenotrophomonas;[Pseudomonas] geniculata
ST-D1_1	97.639	466	11	0	4	469	309	774	0.0	800	KC182732.1.1455 Bacteria;Pseudomonadota;Gammaproteobacteria;Lysobacterales;Lysobacteraceae;Stenotrophomonas;Stenotrophomonas sp. AD-4
ST-D1_1	97.639	466	11	0	4	469	307	772	0.0	800	EF102868.1.1456 Bacteria;Pseudomonadota;Gammaproteobacteria;Lysobacterales;Lysobacteraceae;Stenotrophomonas;Stenotrophomonas maltophilia
ST-D1_1	97.463	473	5	5	4	469	314	786	0.0	800	FJ748678.1.1475 Bacteria;Pseudomonadota;Gammaproteobacteria;Lysobacterales;Lysobacteraceae;Stenotrophomonas;Stenotrophomonas sp. ICB133
ST-D1_1	97.639	466	11	0	4	469	310	775	0.0	800	EU816585.1.1494 Bacteria;Pseudomonadota;Gammaproteobacteria;Lysobacterales;Lysobacteraceae;Stenotrophomonas;Stenotrophomonas sp. MB-1-6-5
ST-D1_1	97.639	466	11	0	4	469	307	772	0.0	800	KM117220.1.1452 Bacteria;Pseudomonadota;Gammaproteobacteria;Lysobacterales;Lysobacteraceae;Stenotrophomonas;Stenotrophomonas sp. S17(2014)
ST-D1_1	97.639	466	11	0	4	469	306	771	0.0	800	KM117219.1.1448 Bacteria;Pseudomonadota;Gammaproteobacteria;Lysobacterales;Lysobacteraceae;Stenotrophomonas;Stenotrophomonas sp. S16
ST-D1_1	97.639	466	11	0	4	469	264	729	0.0	800	KY911545.1.1413 Bacteria;Pseudomonadota;Gammaproteobacteria;Lysobacterales;Lysobacteraceae;Stenotrophomonas;Stenotrophomonas sp.
ST-D1_1	97.645	467	10	1	4	469	292	758	0.0	800	FJ493052.1.1428 Bacteria;Pseudomonadota;Gammaproteobacteria;Lysobacterales;Lysobacteraceae;Stenotrophomonas;Pseudomonas sp. 2Y-1
ST-D1_1	97.639	466	11	0	4	469	306	771	0.0	800	KY859786.1.1444 Bacteria;Pseudomonadota;Gammaproteobacteria;Lysobacterales;Lysobacteraceae;Stenotrophomonas;Stenotrophomonas maltophilia
ST-D1_1	97.639	466	11	0	4	469	309	774	0.0	800	EU594562.1.1453 Bacteria;Pseudomonadota;Gammaproteobacteria;Lysobacterales;Lysobacteraceae;Stenotrophomonas;Stenotrophomonas sp. 4-3
ST-D1_1	97.639	466	11	0	4	469	323	788	0.0	800	AB021404.1.1497 Bacteria;Pseudomonadota;Gammaproteobacteria;Lysobacterales;Lysobacteraceae;Stenotrophomonas;[Pseudomonas] geniculata
ST-D1_1	97.639	466	11	0	4	469	306	771	0.0	800	KU314513.1.1450 Bacteria;Pseudomonadota;Gammaproteobacteria;Lysobacterales;Lysobacteraceae;Stenotrophomonas;Stenotrophomonas maltophilia
ST-D1_1	97.639	466	11	0	4	469	307	772	0.0	800	EU294137.1.1446 Bacteria;Pseudomonadota;Gammaproteobacteria;Lysobacterales;Lysobacteraceae;Stenotrophomonas;Stenotrophomonas maltophilia
ST-D1_1	97.639	466	11	0	4	469	249	714	0.0	800	KJ806207.1.1353 Bacteria;Pseudomonadota;Gammaproteobacteria;Lysobacterales;Lysobacteraceae;Stenotrophomonas;Stenotrophomonas maltophilia
ST-D1_1	97.639	466	11	0	4	469	313	778	0.0	800	MF521561.1.1468 Bacteria;Pseudomonadota;Gammaproteobacteria;Lysobacterales;Lysobacteraceae;Stenotrophomonas;Stenotrophomonas maltophilia
ST-D1_1	97.639	466	11	0	4	469	315	780	0.0	800	AJ131916.1.1398 Bacteria;Pseudomonadota;Gammaproteobacteria;Lysobacterales;Lysobacteraceae;Stenotrophomonas;Stenotrophomonas maltophilia
ST-D1_1	97.639	466	11	0	4	469	315	780	0.0	800	AB008509.1.1467 Bacteria;Pseudomonadota;Gammaproteobacteria;Lysobacterales;Lysobacteraceae;Stenotrophomonas;Stenotrophomonas maltophilia
ST-D1_1	97.639	466	11	0	4	469	304	769	0.0	800	KY636360.1.1473 Bacteria;Pseudomonadota;Gammaproteobacteria;Lysobacterales;Lysobacteraceae;Stenotrophomonas;Stenotrophomonas sp.
ST-D1_1	97.639	466	11	0	4	469	311	776	0.0	800	JN085439.1.1456 Bacteria;Pseudomonadota;Gammaproteobacteria;Lysobacterales;Lysobacteraceae;Stenotrophomonas;Stenotrophomonas maltophilia
ST-D1_1	97.639	466	10	1	4	469	342	806	0.0	798	CP029773.4831497.4833040 Bacteria;Pseudomonadota;Gammaproteobacteria;Lysobacterales;Lysobacteraceae;Stenotrophomonas;Stenotrophomonas maltophilia
ST-D1_1	97.639	466	9	2	4	469	264	727	0.0	798	GU826115.1.1238 Bacteria;Pseudomonadota;Gammaproteobacteria;Lysobacterales;Lysobacteraceae;Stenotrophomonas;Stenotrophomonas sp. enrichment culture clone 2
ST-D1_1	97.639	466	10	1	4	469	332	796	0.0	798	AF408331.1.1495 Bacteria;Pseudomonadota;Gammaproteobacteria;Lysobacterales;Lysobacteraceae;Stenotrophomonas;uncultured Stenotrophomonas sp.
ST-D1_1	97.639	466	10	1	4	469	316	780	0.0	798	KU902436.1.1447 Bacteria;Pseudomonadota;Gammaproteobacteria;Lysobacterales;Lysobacteraceae;Stenotrophomonas;Stenotrophomonas sp. MYb57
ST-D1_1	97.634	465	11	0	5	469	305	769	0.0	798	HQ166115.1.1445 Bacteria;Pseudomonadota;Gammaproteobacteria;Lysobacterales;Lysobacteraceae;Stenotrophomonas;Stenotrophomonas maltophilia
ST-D1_1	97.634	465	11	0	5	469	306	770	0.0	798	DQ912806.1.1454 Bacteria;Pseudomonadota;Gammaproteobacteria;Lysobacterales;Lysobacteraceae;Stenotrophomonas;Stenotrophomonas maltophilia
ST-D1_1	97.639	466	9	2	4	469	277	740	0.0	798	KJ806244.1.1417 Bacteria;Pseudomonadota;Gammaproteobacteria;Lysobacterales;Lysobacteraceae;Stenotrophomonas;Stenotrophomonas maltophilia
ST-D1_1	97.425	466	12	0	4	469	317	782	0.0	798	AJ131780.1.1502 Bacteria;Pseudomonadota;Gammaproteobacteria;Lysobacterales;Lysobacteraceae;Stenotrophomonas;Stenotrophomonas maltophilia
ST-D1_1	97.425	466	12	0	4	469	317	782	0.0	798	AJ131910.1.1485 Bacteria;Pseudomonadota;Gammaproteobacteria;Lysobacterales;Lysobacteraceae;Stenotrophomonas;Stenotrophomonas maltophilia
ST-D1_1	97.430	467	11	1	4	469	336	802	0.0	797	FJ529843.1.1544 Bacteria;Pseudomonadota;Gammaproteobacteria;Lysobacterales;Lysobacteraceae;Stenotrophomonas;uncultured Stenotrophomonas sp.
ST-D1_1	97.425	466	12	0	4	469	315	780	0.0	797	AB680569.1.1470 Bacteria;Pseudomonadota;Gammaproteobacteria;Lysobacterales;Lysobacteraceae;Stenotrophomonas;Stenotrophomonas maltophilia
ST-D1_1	97.425	466	12	0	4	469	315	780	0.0	797	AB680319.1.1470 Bacteria;Pseudomonadota;Gammaproteobacteria;Lysobacterales;Lysobacteraceae;Stenotrophomonas;Stenotrophomonas maltophilia
ST-D1_1	97.447	470	7	3	4	469	342	810	0.0	797	LM644109.1.1525 Bacteria;Pseudomonadota;Gammaproteobacteria;Lysobacterales;Lysobacteraceae;Stenotrophomonas;uncultured bacterium
ST-D1_1	97.441	469	9	3	4	469	310	778	0.0	797	JQ599077.1.1462 Bacteria;Pseudomonadota;Gammaproteobacteria;Lysobacterales;Lysobacteraceae;Stenotrophomonas;Stenotrophomonas sp. 377
ST-D1_1	97.452	471	5	7	4	469	292	760	0.0	797	FJ348007.1.1424 Bacteria;Pseudomonadota;Gammaproteobacteria;Lysobacterales;Lysobacteraceae;Stenotrophomonas;Stenotrophomonas sp. GGC-D6
ST-D1_1	97.425	466	12	0	4	469	315	780	0.0	797	X95923.1.1500 Bacteria;Pseudomonadota;Gammaproteobacteria;Lysobacterales;Lysobacteraceae;Stenotrophomonas;Stenotrophomonas maltophilia
ST-D1_1	97.425	466	12	0	4	469	335	800	0.0	795	CP028358.4675595.4677119 Bacteria;Pseudomonadota;Gammaproteobacteria;Lysobacterales;Lysobacteraceae;Stenotrophomonas;Stenotrophomonas maltophilia
ST-D1_1	97.425	466	12	0	4	469	315	780	0.0	795	GQ417316.1.1468 Bacteria;Pseudomonadota;Gammaproteobacteria;Lysobacterales;Lysobacteraceae;Stenotrophomonas;uncultured Stenotrophomonas sp.
ST-D1_1	97.425	466	12	0	4	469	315	780	0.0	795	GQ417587.1.1467 Bacteria;Pseudomonadota;Gammaproteobacteria;Lysobacterales;Lysobacteraceae;Stenotrophomonas;uncultured Stenotrophomonas sp.
ST-D1_1	97.425	466	12	0	4	469	342	807	0.0	795	CP027562.4866235.4867781 Bacteria;Pseudomonadota;Gammaproteobacteria;Lysobacterales;Lysobacteraceae;Stenotrophomonas;Stenotrophomonas maltophilia
ST-D1_1	97.430	467	11	1	4	469	316	782	0.0	795	HM556595.1.1380 Bacteria;Pseudomonadota;Gammaproteobacteria;Lysobacterales;Lysobacteraceae;Stenotrophomonas;uncultured bacterium
ST-D1_1	97.430	467	11	1	4	469	253	719	0.0	795	KF611937.1.1413 Bacteria;Pseudomonadota;Gammaproteobacteria;Lysobacterales;Lysobacteraceae;Stenotrophomonas;uncultured bacterium
ST-D1_1	97.430	467	11	1	4	469	337	803	0.0	795	EU919791.1.1509 Bacteria;Pseudomonadota;Gammaproteobacteria;Lysobacterales;Lysobacteraceae;Stenotrophomonas;uncultured bacterium
ST-D1_1	97.425	466	12	0	4	469	311	776	0.0	795	HQ792490.1.1463 Bacteria;Pseudomonadota;Gammaproteobacteria;Lysobacterales;Lysobacteraceae;Stenotrophomonas;uncultured organism
ST-D1_1	97.430	467	11	1	4	469	313	779	0.0	795	HQ752857.1.1464 Bacteria;Pseudomonadota;Gammaproteobacteria;Lysobacterales;Lysobacteraceae;Stenotrophomonas;uncultured organism
ST-D1_1	97.425	466	12	0	4	469	313	778	0.0	795	KF106381.1.1364 Bacteria;Pseudomonadota;Gammaproteobacteria;Lysobacterales;Lysobacteraceae;Stenotrophomonas;uncultured bacterium
ST-D1_1	97.430	467	11	1	4	469	311	777	0.0	795	HQ750748.1.1463 Bacteria;Pseudomonadota;Gammaproteobacteria;Lysobacterales;Lysobacteraceae;Stenotrophomonas;uncultured organism
ST-D1_1	97.425	466	12	0	4	469	322	787	0.0	795	KF104611.1.1373 Bacteria;Pseudomonadota;Gammaproteobacteria;Lysobacterales;Lysobacteraceae;Stenotrophomonas;uncultured bacterium
ST-D1_1	97.425	466	12	0	4	469	317	782	0.0	795	KF106472.1.1368 Bacteria;Pseudomonadota;Gammaproteobacteria;Lysobacterales;Lysobacteraceae;Stenotrophomonas;uncultured bacterium
ST-D1_1	97.430	467	11	1	4	469	318	784	0.0	795	HQ742810.1.1445 Bacteria;Pseudomonadota;Gammaproteobacteria;Lysobacterales;Lysobacteraceae;Stenotrophomonas;uncultured organism
ST-D1_1	97.425	466	12	0	4	469	335	800	0.0	795	CP008838.3958322.3959854 Bacteria;Pseudomonadota;Gammaproteobacteria;Lysobacterales;Lysobacteraceae;Stenotrophomonas;Stenotrophomonas maltophilia
ST-D1_1	97.425	466	12	0	4	469	334	799	0.0	795	CP008838.3517637.3519167 Bacteria;Pseudomonadota;Gammaproteobacteria;Lysobacterales;Lysobacteraceae;Stenotrophomonas;Stenotrophomonas maltophilia
ST-D1_1	97.425	466	12	0	4	469	338	803	0.0	795	JQ861289.1.1513 Bacteria;Pseudomonadota;Gammaproteobacteria;Lysobacterales;Lysobacteraceae;Stenotrophomonas;uncultured gamma proteobacterium
ST-D1_1	97.425	466	12	0	4	469	336	801	0.0	795	JQ770103.1.1501 Bacteria;Pseudomonadota;Gammaproteobacteria;Lysobacterales;Lysobacteraceae;Stenotrophomonas;uncultured bacterium
ST-D1_1	97.425	466	12	0	4	469	340	805	0.0	795	AY770720.1.1413 Bacteria;Pseudomonadota;Gammaproteobacteria;Lysobacterales;Lysobacteraceae;Stenotrophomonas;uncultured gamma proteobacterium
ST-D1_1	97.425	466	12	0	4	469	335	800	0.0	795	KC541233.1.1560 Bacteria;Pseudomonadota;Gammaproteobacteria;Lysobacterales;Lysobacteraceae;Stenotrophomonas;uncultured bacterium
ST-D1_1	97.425	466	12	0	4	469	310	775	0.0	795	KX350045.1.1456 Bacteria;Pseudomonadota;Gammaproteobacteria;Lysobacterales;Lysobacteraceae;Stenotrophomonas;Stenotrophomonas maltophilia
ST-D1_1	97.425	466	12	0	4	469	264	729	0.0	795	EF562236.1.1384 Bacteria;Pseudomonadota;Gammaproteobacteria;Lysobacterales;Lysobacteraceae;Stenotrophomonas;uncultured Stenotrophomonas bacterium
ST-D1_1	97.425	466	12	0	4	469	69	534	0.0	795	KX212245.1.1200 Bacteria;Pseudomonadota;Gammaproteobacteria;Lysobacterales;Lysobacteraceae;Stenotrophomonas;Stenotrophomonas maltophilia
ST-D1_1	97.425	466	12	0	4	469	302	767	0.0	795	MH769268.1.1445 Bacteria;Pseudomonadota;Gammaproteobacteria;Lysobacterales;Lysobacteraceae;Stenotrophomonas;Stenotrophomonas maltophilia
ST-D1_1	97.425	466	12	0	4	469	335	800	0.0	795	LT906480.4937579.4939111 Bacteria;Pseudomonadota;Gammaproteobacteria;Lysobacterales;Lysobacteraceae;Stenotrophomonas;Stenotrophomonas maltophilia
ST-D1_1	97.425	466	12	0	4	469	335	800	0.0	795	LT906480.385680.387212 Bacteria;Pseudomonadota;Gammaproteobacteria;Lysobacterales;Lysobacteraceae;Stenotrophomonas;Stenotrophomonas maltophilia
ST-D1_1	97.425	466	12	0	4	469	334	799	0.0	795	AY856845.1.1538 Bacteria;Pseudomonadota;Gammaproteobacteria;Lysobacterales;Lysobacteraceae;Stenotrophomonas;Stenotrophomonas sp. 45
ST-D1_1	97.430	467	11	1	4	469	309	775	0.0	795	MH157230.1.1450 Bacteria;Pseudomonadota;Gammaproteobacteria;Lysobacterales;Lysobacteraceae;Stenotrophomonas;Pseudomonas azotoformans
ST-D1_1	97.425	466	12	0	4	469	120	585	0.0	795	KR259196.1.1240 Bacteria;Pseudomonadota;Gammaproteobacteria;Lysobacterales;Lysobacteraceae;Stenotrophomonas;Stenotrophomonas maltophilia
ST-D1_1	97.425	466	12	0	4	469	306	771	0.0	795	KT970986.1.1479 Bacteria;Pseudomonadota;Gammaproteobacteria;Lysobacterales;Lysobacteraceae;Stenotrophomonas;Stenotrophomonas maltophilia
ST-D1_1	97.425	466	12	0	4	469	296	761	0.0	795	AY663436.1.1431 Bacteria;Pseudomonadota;Gammaproteobacteria;Lysobacterales;Lysobacteraceae;Stenotrophomonas;Stenotrophomonas sp. H2
ST-D1_1	97.425	466	12	0	4	469	333	798	0.0	795	JF803781.1.1533 Bacteria;Pseudomonadota;Gammaproteobacteria;Lysobacterales;Lysobacteraceae;Stenotrophomonas;Stenotrophomonas maltophilia
ST-D1_1	97.425	466	12	0	4	469	314	779	0.0	795	KT248839.1.1404 Bacteria;Pseudomonadota;Gammaproteobacteria;Lysobacterales;Lysobacteraceae;Stenotrophomonas;Stenotrophomonas maltophilia
ST-D1_1	97.425	466	12	0	4	469	335	800	0.0	795	AB294553.1.1538 Bacteria;Pseudomonadota;Gammaproteobacteria;Lysobacterales;Lysobacteraceae;Stenotrophomonas;Stenotrophomonas maltophilia
ST-D1_1	97.425	466	12	0	4	469	284	749	0.0	795	JX170712.1.1407 Bacteria;Pseudomonadota;Gammaproteobacteria;Lysobacterales;Lysobacteraceae;Stenotrophomonas;Stenotrophomonas maltophilia
ST-D1_1	97.425	466	12	0	4	469	270	735	0.0	795	HQ631979.1.1309 Bacteria;Pseudomonadota;Gammaproteobacteria;Lysobacterales;Lysobacteraceae;Stenotrophomonas;Stenotrophomonas maltophilia
ST-D1_1	97.425	466	12	0	4	469	269	734	0.0	795	HQ631945.1.1338 Bacteria;Pseudomonadota;Gammaproteobacteria;Lysobacterales;Lysobacteraceae;Stenotrophomonas;Stenotrophomonas sp. SO2
ST-D1_1	97.425	466	12	0	4	469	306	771	0.0	795	KM114628.1.1452 Bacteria;Pseudomonadota;Gammaproteobacteria;Lysobacterales;Lysobacteraceae;Stenotrophomonas;Stenotrophomonas sp. ZJZG10
ST-D1_1	97.425	466	12	0	4	469	308	773	0.0	795	FJ493060.1.1451 Bacteria;Pseudomonadota;Gammaproteobacteria;Lysobacterales;Lysobacteraceae;Stenotrophomonas;Stenotrophomonas chelatiphaga
ST-D1_1	97.430	467	11	1	4	469	309	775	0.0	795	KY859843.1.1403 Bacteria;Pseudomonadota;Gammaproteobacteria;Lysobacterales;Lysobacteraceae;Stenotrophomonas;Stenotrophomonas pavanii
ST-D1_1	97.425	466	12	0	4	469	305	770	0.0	795	JQ717287.1.1447 Bacteria;Pseudomonadota;Gammaproteobacteria;Lysobacterales;Lysobacteraceae;Stenotrophomonas;Stenotrophomonas sp. f1(2012)
ST-D1_1	97.425	466	12	0	4	469	305	770	0.0	795	JQ308603.1.1480 Bacteria;Pseudomonadota;Gammaproteobacteria;Lysobacterales;Lysobacteraceae;Stenotrophomonas;Stenotrophomonas maltophilia
ST-D1_1	97.425	466	12	0	4	469	308	773	0.0	795	JQ308605.1.1482 Bacteria;Pseudomonadota;Gammaproteobacteria;Lysobacterales;Lysobacteraceae;Stenotrophomonas;Stenotrophomonas maltophilia
ST-D1_1	97.425	466	12	0	4	469	300	765	0.0	795	LM653112.2.1440 Bacteria;Pseudomonadota;Gammaproteobacteria;Lysobacterales;Lysobacteraceae;Stenotrophomonas;[Pseudomonas] geniculata
ST-D1_1	97.430	467	11	1	4	469	276	742	0.0	795	KJ806210.1.1380 Bacteria;Pseudomonadota;Gammaproteobacteria;Lysobacterales;Lysobacteraceae;Stenotrophomonas;Stenotrophomonas sp. PBR-4
ST-D1_1	97.425	466	12	0	4	469	335	800	0.0	795	JN208914.1.1492 Bacteria;Pseudomonadota;Gammaproteobacteria;Lysobacterales;Lysobacteraceae;Stenotrophomonas;Stenotrophomonas sp. S2(2011)
ST-D1_1	97.425	466	12	0	4	469	305	770	0.0	795	JN082748.1.1459 Bacteria;Pseudomonadota;Gammaproteobacteria;Lysobacterales;Lysobacteraceae;Stenotrophomonas;Stenotrophomonas sp. NR17
ST-D1_1	97.425	466	11	1	4	469	309	773	0.0	793	DQ211581.1.1485 Bacteria;Pseudomonadota;Gammaproteobacteria;Lysobacterales;Lysobacteraceae;Stenotrophomonas;Stenotrophomonas sp. CD02
ST-D1_1	97.425	466	11	1	4	469	335	799	0.0	793	EU539849.1.1402 Bacteria;Pseudomonadota;Gammaproteobacteria;Lysobacterales;Lysobacteraceae;Stenotrophomonas;uncultured bacterium
ST-D1_1	97.425	466	11	1	4	469	306	770	0.0	793	EF102867.1.1449 Bacteria;Pseudomonadota;Gammaproteobacteria;Lysobacterales;Lysobacteraceae;Stenotrophomonas;Stenotrophomonas maltophilia
ST-D1_1	97.222	468	11	2	4	469	304	771	0.0	793	JN874800.1.1490 Bacteria;Pseudomonadota;Gammaproteobacteria;Lysobacterales;Lysobacteraceae;Stenotrophomonas;gamma proteobacterium B3
ST-D1_1	97.216	467	12	1	4	469	304	770	0.0	793	JN874805.1.1484 Bacteria;Pseudomonadota;Gammaproteobacteria;Lysobacterales;Lysobacteraceae;Stenotrophomonas;gamma proteobacterium B11
ST-D1_1	97.414	464	10	2	4	467	335	796	0.0	791	FJ193647.1.1485 Bacteria;Pseudomonadota;Gammaproteobacteria;Lysobacterales;Lysobacteraceae;Stenotrophomonas;uncultured Stenotrophomonas sp.
ST-D1_1	96.996	466	13	1	4	469	340	804	0.0	791	AJ884487.1.1508 Bacteria;Pseudomonadota;Gammaproteobacteria;Lysobacterales;Lysobacteraceae;Stenotrophomonas;Stenotrophomonas sp.
ST-D1_1	97.216	467	12	1	4	469	304	770	0.0	791	KU877343.1.1478 Bacteria;Pseudomonadota;Gammaproteobacteria;Lysobacterales;Lysobacteraceae;Stenotrophomonas;Stenotrophomonas sp. SRZ17
ST-D1_1	97.228	469	9	3	4	469	295	762	0.0	791	AB299977.1.1435 Bacteria;Pseudomonadota;Gammaproteobacteria;Lysobacterales;Lysobacteraceae;Stenotrophomonas;Stenotrophomonas maltophilia
ST-D1_1	97.210	466	13	0	4	469	314	779	0.0	791	KY123855.1.1419 Bacteria;Pseudomonadota;Gammaproteobacteria;Lysobacterales;Lysobacteraceae;Stenotrophomonas;Stenotrophomonas maltophilia
ST-D1_1	97.436	468	4	8	3	469	113	573	0.0	791	KT005753.1.1252 Bacteria;Pseudomonadota;Gammaproteobacteria;Lysobacterales;Lysobacteraceae;Stenotrophomonas;Stenotrophomonas maltophilia
ST-D1_1	97.222	468	11	2	4	469	305	772	0.0	791	MF776632.1.1443 Bacteria;Pseudomonadota;Gammaproteobacteria;Lysobacterales;Lysobacteraceae;Stenotrophomonas;Stenotrophomonas maltophilia
ST-D1_1	97.210	466	13	0	4	469	305	770	0.0	789	JX872335.1.1443 Bacteria;Pseudomonadota;Gammaproteobacteria;Lysobacterales;Lysobacteraceae;Stenotrophomonas;uncultured bacterium
ST-D1_1	97.216	467	12	1	4	469	342	808	0.0	789	CP027562.4871896.4873444 Bacteria;Pseudomonadota;Gammaproteobacteria;Lysobacterales;Lysobacteraceae;Stenotrophomonas;Stenotrophomonas maltophilia
ST-D1_1	97.210	466	13	0	4	469	342	807	0.0	789	CP025780.177.1721 Bacteria;Pseudomonadota;Gammaproteobacteria;Lysobacterales;Lysobacteraceae;Stenotrophomonas;Stenotrophomonas sp. Pemsol
ST-D1_1	97.210	466	13	0	4	469	312	777	0.0	789	KT893466.1.1487 Bacteria;Pseudomonadota;Gammaproteobacteria;Lysobacterales;Lysobacteraceae;Stenotrophomonas;uncultured Stenotrophomonas sp.
ST-D1_1	97.216	467	12	1	4	469	308	774	0.0	789	HQ752656.1.1438 Bacteria;Pseudomonadota;Gammaproteobacteria;Lysobacterales;Lysobacteraceae;Stenotrophomonas;uncultured organism
ST-D1_1	97.210	466	13	0	4	469	317	782	0.0	789	KF106277.1.1367 Bacteria;Pseudomonadota;Gammaproteobacteria;Lysobacterales;Lysobacteraceae;Stenotrophomonas;uncultured bacterium
ST-D1_1	97.216	467	12	1	4	469	302	768	0.0	789	HQ752219.1.1466 Bacteria;Pseudomonadota;Gammaproteobacteria;Lysobacterales;Lysobacteraceae;Stenotrophomonas;uncultured organism
ST-D1_1	97.210	466	13	0	4	469	307	772	0.0	789	HQ753054.1.1429 Bacteria;Pseudomonadota;Gammaproteobacteria;Lysobacterales;Lysobacteraceae;Stenotrophomonas;uncultured organism
ST-D1_1	97.210	466	13	0	4	469	285	750	0.0	789	EU705509.1.1307 Bacteria;Pseudomonadota;Gammaproteobacteria;Lysobacterales;Lysobacteraceae;Stenotrophomonas;uncultured Stenotrophomonas sp.
ST-D1_1	97.210	466	13	0	4	469	335	800	0.0	789	EU537062.1.1403 Bacteria;Pseudomonadota;Gammaproteobacteria;Lysobacterales;Lysobacteraceae;Stenotrophomonas;uncultured bacterium
ST-D1_1	97.210	466	13	0	4	469	335	800	0.0	789	EU536208.1.1403 Bacteria;Pseudomonadota;Gammaproteobacteria;Lysobacterales;Lysobacteraceae;Stenotrophomonas;uncultured bacterium
ST-D1_1	97.210	466	13	0	4	469	342	807	0.0	789	CP022053.3157607.3159151 Bacteria;Pseudomonadota;Gammaproteobacteria;Lysobacterales;Lysobacteraceae;Stenotrophomonas;Stenotrophomonas maltophilia
ST-D1_1	97.210	466	13	0	4	469	342	807	0.0	789	CP022053.3163269.3164813 Bacteria;Pseudomonadota;Gammaproteobacteria;Lysobacterales;Lysobacteraceae;Stenotrophomonas;Stenotrophomonas maltophilia
ST-D1_1	97.210	466	13	0	4	469	291	756	0.0	789	GU233842.1.1419 Bacteria;Pseudomonadota;Gammaproteobacteria;Lysobacterales;Lysobacteraceae;Stenotrophomonas;uncultured Stenotrophomonas sp.
ST-D1_1	97.216	467	12	1	4	469	307	773	0.0	789	KX350010.1.1452 Bacteria;Pseudomonadota;Gammaproteobacteria;Lysobacterales;Lysobacteraceae;Stenotrophomonas;Stenotrophomonas maltophilia
ST-D1_1	97.210	466	13	0	4	469	316	781	0.0	789	KX214768.1.1476 Bacteria;Pseudomonadota;Gammaproteobacteria;Lysobacterales;Lysobacteraceae;Stenotrophomonas;Stenotrophomonas sp.
ST-D1_1	97.210	466	13	0	4	469	318	783	0.0	789	MH707253.1.1490 Bacteria;Pseudomonadota;Gammaproteobacteria;Lysobacterales;Lysobacteraceae;Stenotrophomonas;Stenotrophomonas maltophilia
ST-D1_1	97.210	466	13	0	4	469	310	775	0.0	789	MH769262.1.1454 Bacteria;Pseudomonadota;Gammaproteobacteria;Lysobacterales;Lysobacteraceae;Stenotrophomonas;Stenotrophomonas maltophilia
ST-D1_1	97.210	466	13	0	4	469	342	807	0.0	789	CP014014.3753904.3755448 Bacteria;Pseudomonadota;Gammaproteobacteria;Lysobacterales;Lysobacteraceae;Stenotrophomonas;Stenotrophomonas maltophilia
ST-D1_1	97.210	466	13	0	4	469	342	807	0.0	789	CP014014.4199498.4201042 Bacteria;Pseudomonadota;Gammaproteobacteria;Lysobacterales;Lysobacteraceae;Stenotrophomonas;Stenotrophomonas maltophilia
ST-D1_1	97.210	466	13	0	4	469	342	807	0.0	789	CP014014.3759572.3761116 Bacteria;Pseudomonadota;Gammaproteobacteria;Lysobacterales;Lysobacteraceae;Stenotrophomonas;Stenotrophomonas maltophilia
ST-D1_1	97.210	466	13	0	4	469	342	807	0.0	789	CP014014.4205160.4206704 Bacteria;Pseudomonadota;Gammaproteobacteria;Lysobacterales;Lysobacteraceae;Stenotrophomonas;Stenotrophomonas maltophilia
ST-D1_1	97.210	466	13	0	4	469	316	781	0.0	789	AY689055.1.1495 Bacteria;Pseudomonadota;Gammaproteobacteria;Lysobacterales;Lysobacteraceae;Stenotrophomonas;Stenotrophomonas sp. 6C_15
ST-D1_1	97.210	466	13	0	4	469	242	707	0.0	789	KT581437.1.1295 Bacteria;Pseudomonadota;Gammaproteobacteria;Lysobacterales;Lysobacteraceae;Stenotrophomonas;Stenotrophomonas maltophilia
ST-D1_1	97.210	466	13	0	4	469	263	728	0.0	789	JF732750.1.1429 Bacteria;Pseudomonadota;Gammaproteobacteria;Lysobacterales;Lysobacteraceae;Stenotrophomonas;Stenotrophomonas maltophilia
ST-D1_1	97.210	466	13	0	4	469	314	779	0.0	789	HQ219973.1.1461 Bacteria;Pseudomonadota;Gammaproteobacteria;Lysobacterales;Lysobacteraceae;Stenotrophomonas;Stenotrophomonas sp. ATY54
ST-D1_1	97.210	466	13	0	4	469	309	774	0.0	789	KP895790.1.1456 Bacteria;Pseudomonadota;Gammaproteobacteria;Lysobacterales;Lysobacteraceae;Stenotrophomonas;Stenotrophomonas maltophilia
ST-D1_1	97.210	466	13	0	4	469	313	778	0.0	789	KP895789.1.1465 Bacteria;Pseudomonadota;Gammaproteobacteria;Lysobacterales;Lysobacteraceae;Stenotrophomonas;Stenotrophomonas maltophilia
ST-D1_1	97.210	466	13	0	4	469	310	775	0.0	789	KP895794.1.1456 Bacteria;Pseudomonadota;Gammaproteobacteria;Lysobacterales;Lysobacteraceae;Stenotrophomonas;Stenotrophomonas sp. CV8
ST-D1_1	97.210	466	13	0	4	469	310	775	0.0	789	KP895787.1.1459 Bacteria;Pseudomonadota;Gammaproteobacteria;Lysobacterales;Lysobacteraceae;Stenotrophomonas;Stenotrophomonas maltophilia
ST-D1_1	97.210	466	13	0	4	469	303	768	0.0	789	KJ200406.1.1447 Bacteria;Pseudomonadota;Gammaproteobacteria;Lysobacterales;Lysobacteraceae;Stenotrophomonas;Stenotrophomonas sp. FSBSD4
ST-D1_1	97.210	466	13	0	4	469	309	774	0.0	789	KJ184868.1.1454 Bacteria;Pseudomonadota;Gammaproteobacteria;Lysobacterales;Lysobacteraceae;Stenotrophomonas;Stenotrophomonas sp. XBGRA2
ST-D1_1	97.210	466	13	0	4	469	272	737	0.0	789	JF502570.1.1347 Bacteria;Pseudomonadota;Gammaproteobacteria;Lysobacterales;Lysobacteraceae;Stenotrophomonas;Stenotrophomonas maltophilia
ST-D1_1	97.210	466	13	0	4	469	306	771	0.0	789	JX393000.1.1447 Bacteria;Pseudomonadota;Gammaproteobacteria;Lysobacterales;Lysobacteraceae;Stenotrophomonas;Stenotrophomonas maltophilia
ST-D1_1	97.210	466	13	0	4	469	309	774	0.0	789	JX392997.1.1451 Bacteria;Pseudomonadota;Gammaproteobacteria;Lysobacterales;Lysobacteraceae;Stenotrophomonas;Stenotrophomonas maltophilia
ST-D1_1	97.210	466	13	0	4	469	303	768	0.0	789	HM775375.1.1468 Bacteria;Pseudomonadota;Gammaproteobacteria;Lysobacterales;Lysobacteraceae;Stenotrophomonas;Stenotrophomonas maltophilia
ST-D1_1	97.210	466	13	0	4	469	315	780	0.0	789	KT248842.1.1468 Bacteria;Pseudomonadota;Gammaproteobacteria;Lysobacterales;Lysobacteraceae;Stenotrophomonas;Stenotrophomonas maltophilia
ST-D1_1	97.210	466	13	0	4	469	286	751	0.0	789	JF330157.1.1394 Bacteria;Pseudomonadota;Gammaproteobacteria;Lysobacterales;Lysobacteraceae;Stenotrophomonas;Stenotrophomonas maltophilia
ST-D1_1	97.210	466	13	0	4	469	297	762	0.0	789	MG674373.1.1263 Bacteria;Pseudomonadota;Gammaproteobacteria;Lysobacterales;Lysobacteraceae;Stenotrophomonas;Stenotrophomonas sp.
ST-D1_1	97.210	466	13	0	4	469	302	767	0.0	789	MG674363.1.1248 Bacteria;Pseudomonadota;Gammaproteobacteria;Lysobacterales;Lysobacteraceae;Stenotrophomonas;Stenotrophomonas sp.
ST-D1_1	97.216	467	12	1	4	469	291	757	0.0	789	JX181663.1.1419 Bacteria;Pseudomonadota;Gammaproteobacteria;Lysobacterales;Lysobacteraceae;Stenotrophomonas;Stenotrophomonas maltophilia
ST-D1_1	97.210	466	13	0	4	469	303	768	0.0	789	KM894189.1.1471 Bacteria;Pseudomonadota;Gammaproteobacteria;Lysobacterales;Lysobacteraceae;Stenotrophomonas;Stenotrophomonas maltophilia
ST-D1_1	97.210	466	13	0	4	469	307	772	0.0	789	KF358247.1.1449 Bacteria;Pseudomonadota;Gammaproteobacteria;Lysobacterales;Lysobacteraceae;Stenotrophomonas;Stenotrophomonas maltophilia
ST-D1_1	97.210	466	13	0	4	469	317	782	0.0	789	KC849451.1.1510 Bacteria;Pseudomonadota;Gammaproteobacteria;Lysobacterales;Lysobacteraceae;Stenotrophomonas;Stenotrophomonas maltophilia
ST-D1_1	97.210	466	13	0	4	469	335	800	0.0	789	LS483406.341920.343452 Bacteria;Pseudomonadota;Gammaproteobacteria;Lysobacterales;Lysobacteraceae;Stenotrophomonas;Stenotrophomonas maltophilia
ST-D1_1	97.210	466	13	0	4	469	303	768	0.0	789	MG557805.1.1474 Bacteria;Pseudomonadota;Gammaproteobacteria;Lysobacterales;Lysobacteraceae;Stenotrophomonas;Stenotrophomonas maltophilia
ST-D1_1	97.216	467	12	1	4	469	117	583	0.0	789	KT005670.1.1262 Bacteria;Pseudomonadota;Gammaproteobacteria;Lysobacterales;Lysobacteraceae;Stenotrophomonas;Stenotrophomonas maltophilia
ST-D1_1	97.210	466	13	0	4	469	317	782	0.0	789	HQ652602.1.1511 Bacteria;Pseudomonadota;Gammaproteobacteria;Lysobacterales;Lysobacteraceae;Stenotrophomonas;Stenotrophomonas sp. e5(2011)
ST-D1_1	97.210	466	13	0	4	469	342	807	0.0	789	AM743169.422099.423643 Bacteria;Pseudomonadota;Gammaproteobacteria;Lysobacterales;Lysobacteraceae;Stenotrophomonas;Stenotrophomonas maltophilia K279a
ST-D1_1	97.210	466	13	0	4	469	342	807	0.0	789	AM743169.4785415.4786959 Bacteria;Pseudomonadota;Gammaproteobacteria;Lysobacterales;Lysobacteraceae;Stenotrophomonas;Stenotrophomonas maltophilia K279a
ST-D1_1	97.210	466	13	0	4	469	342	807	0.0	789	AM743169.4791079.4792623 Bacteria;Pseudomonadota;Gammaproteobacteria;Lysobacterales;Lysobacteraceae;Stenotrophomonas;Stenotrophomonas maltophilia K279a
ST-D1_1	97.210	466	13	0	4	469	311	776	0.0	789	HQ632010.1.1456 Bacteria;Pseudomonadota;Gammaproteobacteria;Lysobacterales;Lysobacteraceae;Stenotrophomonas;Stenotrophomonas maltophilia
ST-D1_1	97.210	466	13	0	4	469	289	754	0.0	789	LC034303.1.1259 Bacteria;Pseudomonadota;Gammaproteobacteria;Lysobacterales;Lysobacteraceae;Stenotrophomonas;Stenotrophomonas maltophilia
ST-D1_1	97.210	466	13	0	4	469	300	765	0.0	789	FJ976542.1.1383 Bacteria;Pseudomonadota;Gammaproteobacteria;Lysobacterales;Lysobacteraceae;Stenotrophomonas;Stenotrophomonas sp. LCR33
ST-D1_1	97.210	466	13	0	4	469	311	776	0.0	789	KX611374.1.1305 Bacteria;Pseudomonadota;Gammaproteobacteria;Lysobacterales;Lysobacteraceae;Stenotrophomonas;Stenotrophomonas maltophilia
ST-D1_1	97.210	466	13	0	4	469	312	777	0.0	789	KX611373.1.1298 Bacteria;Pseudomonadota;Gammaproteobacteria;Lysobacterales;Lysobacteraceae;Stenotrophomonas;[Pseudomonas] geniculata
ST-D1_1	97.210	466	13	0	4	469	287	752	0.0	789	KF021272.1.1304 Bacteria;Pseudomonadota;Gammaproteobacteria;Lysobacterales;Lysobacteraceae;Stenotrophomonas;Stenotrophomonas sp. CU200
ST-D1_1	97.210	466	13	0	4	469	291	756	0.0	789	FJ588230.1.1424 Bacteria;Pseudomonadota;Gammaproteobacteria;Lysobacterales;Lysobacteraceae;Stenotrophomonas;Pseudomonas sp. cb-1
ST-D1_1	97.210	466	13	0	4	469	305	770	0.0	789	JQ619623.1.1448 Bacteria;Pseudomonadota;Gammaproteobacteria;Lysobacterales;Lysobacteraceae;Stenotrophomonas;Stenotrophomonas maltophilia
ST-D1_1	97.216	467	12	1	4	469	303	769	0.0	789	MF599384.1.1442 Bacteria;Pseudomonadota;Gammaproteobacteria;Lysobacterales;Lysobacteraceae;Stenotrophomonas;Stenotrophomonas maltophilia
ST-D1_1	97.210	466	13	0	4	469	321	786	0.0	789	AB021406.1.1517 Bacteria;Pseudomonadota;Gammaproteobacteria;Lysobacterales;Lysobacteraceae;Stenotrophomonas;Stenotrophomonas maltophilia
ST-D1_1	97.210	466	13	0	4	469	323	788	0.0	789	AB021405.1.1519 Bacteria;Pseudomonadota;Gammaproteobacteria;Lysobacterales;Lysobacteraceae;Stenotrophomonas;[Pseudomonas] hibiscicola
ST-D1_1	97.210	466	13	0	4	469	276	741	0.0	789	KY682292.1.1391 Bacteria;Pseudomonadota;Gammaproteobacteria;Lysobacterales;Lysobacteraceae;Stenotrophomonas;Stenotrophomonas maltophilia
ST-D1_1	96.996	466	14	0	4	469	298	763	0.0	789	AJ131783.1.1482 Bacteria;Pseudomonadota;Gammaproteobacteria;Lysobacterales;Lysobacteraceae;Stenotrophomonas;Stenotrophomonas maltophilia
ST-D1_1	97.210	466	13	0	4	469	315	780	0.0	789	AJ131114.1.1500 Bacteria;Pseudomonadota;Gammaproteobacteria;Lysobacterales;Lysobacteraceae;Stenotrophomonas;Stenotrophomonas maltophilia
ST-D1_1	97.210	466	13	0	4	469	313	778	0.0	789	JN638427.1.1454 Bacteria;Pseudomonadota;Gammaproteobacteria;Lysobacterales;Lysobacteraceae;Stenotrophomonas;Stenotrophomonas chelatiphaga
ST-D1_1	97.210	466	13	0	4	469	312	777	0.0	789	JN626958.1.1488 Bacteria;Pseudomonadota;Gammaproteobacteria;Lysobacterales;Lysobacteraceae;Stenotrophomonas;Pseudomonas sp. SG-08
ST-D1_1	97.216	467	12	1	4	469	309	775	0.0	789	JN571747.1.1452 Bacteria;Pseudomonadota;Gammaproteobacteria;Lysobacterales;Lysobacteraceae;Stenotrophomonas;Stenotrophomonas maltophilia
ST-D1_1	97.210	466	12	1	4	469	329	793	0.0	787	FJ184336.1.1502 Bacteria;Pseudomonadota;Gammaproteobacteria;Lysobacterales;Lysobacteraceae;Stenotrophomonas;uncultured soil bacterium
ST-D1_1	97.210	466	9	4	4	469	332	793	0.0	787	FJ191513.1.1463 Bacteria;Pseudomonadota;Gammaproteobacteria;Lysobacterales;Lysobacteraceae;Stenotrophomonas;uncultured Stenotrophomonas sp.
ST-D1_1	97.210	466	12	1	4	469	314	778	0.0	787	AY053488.1.1460 Bacteria;Pseudomonadota;Gammaproteobacteria;Lysobacterales;Lysobacteraceae;Stenotrophomonas;uncultured bacterium
ST-D1_1	97.210	466	12	1	4	469	279	743	0.0	787	KX218312.1.1382 Bacteria;Pseudomonadota;Gammaproteobacteria;Lysobacterales;Lysobacteraceae;Stenotrophomonas;[Pseudomonas] geniculata
ST-D1_1	97.210	466	12	1	4	469	282	746	0.0	787	KT221539.1.1369 Bacteria;Pseudomonadota;Gammaproteobacteria;Lysobacterales;Lysobacteraceae;Stenotrophomonas;Stenotrophomonas maltophilia
ST-D1_1	97.210	466	12	1	4	469	335	799	0.0	787	AJ973277.1.1534 Bacteria;Pseudomonadota;Gammaproteobacteria;Lysobacterales;Lysobacteraceae;Stenotrophomonas;Pseudomonas sp. NN84
ST-D1_1	97.204	465	13	0	5	469	228	692	0.0	787	LN558616.1.1400 Bacteria;Pseudomonadota;Gammaproteobacteria;Lysobacterales;Lysobacteraceae;Stenotrophomonas;Stenotrophomonas maltophilia
ST-D1_1	97.210	466	11	1	4	469	197	660	0.0	787	HL755246.1.1278 Bacteria;Pseudomonadota;Gammaproteobacteria;Lysobacterales;Lysobacteraceae;Stenotrophomonas;unidentified
ST-D1_1	97.015	469	11	3	4	469	314	782	0.0	785	HM557570.1.1378 Bacteria;Pseudomonadota;Gammaproteobacteria;Lysobacterales;Lysobacteraceae;Stenotrophomonas;uncultured bacterium
ST-D1_1	97.015	469	11	3	4	469	310	778	0.0	785	EU160543.1.1331 Bacteria;Pseudomonadota;Gammaproteobacteria;Lysobacterales;Lysobacteraceae;Stenotrophomonas;uncultured Xanthomonas sp.
ST-D1_1	97.009	468	12	2	4	469	201	668	0.0	785	MH810095.1.1201 Bacteria;Pseudomonadota;Gammaproteobacteria;Lysobacterales;Lysobacteraceae;Stenotrophomonas;Stenotrophomonas pavanii
ST-D1_1	97.015	469	11	3	4	469	303	771	0.0	785	MF185219.1.1448 Bacteria;Pseudomonadota;Gammaproteobacteria;Lysobacterales;Lysobacteraceae;Stenotrophomonas;Stenotrophomonas sp.
ST-D1_1	97.002	467	14	0	3	469	308	774	0.0	785	KU199221.1.1267 Bacteria;Pseudomonadota;Gammaproteobacteria;Lysobacterales;Lysobacteraceae;Stenotrophomonas;[Pseudomonas] hibiscicola
ST-D1_1	97.015	469	11	3	4	469	303	771	0.0	785	KY285290.1.1460 Bacteria;Pseudomonadota;Gammaproteobacteria;Lysobacterales;Lysobacteraceae;Stenotrophomonas;[Pseudomonas] geniculata
ST-D1_1	97.015	469	11	2	4	469	322	790	0.0	785	AB688751.1.1420 Bacteria;Pseudomonadota;Gammaproteobacteria;Lysobacterales;Lysobacteraceae;Stenotrophomonas;Stenotrophomonas sp. RH-13
ST-D1_1	97.015	469	11	3	4	469	296	764	0.0	785	HQ585882.1.1458 Bacteria;Pseudomonadota;Gammaproteobacteria;Lysobacterales;Lysobacteraceae;Stenotrophomonas;Stenotrophomonas sp. Tuc1
ST-D1_1	97.009	468	12	2	4	469	311	778	0.0	785	EU573216.1.1454 Bacteria;Pseudomonadota;Gammaproteobacteria;Lysobacterales;Lysobacteraceae;Stenotrophomonas;Stenotrophomonas chelatiphaga
ST-D1_1	96.996	466	14	0	4	469	315	780	0.0	785	AJ131115.1.1357 Bacteria;Pseudomonadota;Gammaproteobacteria;Lysobacterales;Lysobacteraceae;Stenotrophomonas;Stenotrophomonas maltophilia
ST-D1_1	96.996	466	14	0	4	469	335	800	0.0	784	JX989237.1.1434 Bacteria;Pseudomonadota;Gammaproteobacteria;Lysobacterales;Lysobacteraceae;Stenotrophomonas;uncultured Stenotrophomonas sp.
ST-D1_1	96.996	466	14	0	4	469	337	802	0.0	784	DQ299947.1.1513 Bacteria;Pseudomonadota;Gammaproteobacteria;Lysobacterales;Lysobacteraceae;Stenotrophomonas;Stenotrophomonas maltophilia
ST-D1_1	97.002	467	13	1	4	469	332	798	0.0	784	KX672520.1.1394 Bacteria;Pseudomonadota;Gammaproteobacteria;Lysobacterales;Lysobacteraceae;Stenotrophomonas;uncultured Stenotrophomonas bacterium
ST-D1_1	96.996	466	14	0	4	469	339	804	0.0	784	GQ358827.1.1510 Bacteria;Pseudomonadota;Gammaproteobacteria;Lysobacterales;Lysobacteraceae;Stenotrophomonas;uncultured bacterium
ST-D1_1	97.002	467	13	1	4	469	314	780	0.0	784	HM557194.1.1379 Bacteria;Pseudomonadota;Gammaproteobacteria;Lysobacterales;Lysobacteraceae;Stenotrophomonas;uncultured bacterium
ST-D1_1	96.996	466	14	0	4	469	328	793	0.0	784	KF481605.1.1503 Bacteria;Pseudomonadota;Gammaproteobacteria;Lysobacterales;Lysobacteraceae;Stenotrophomonas;uncultured bacterium
ST-D1_1	96.996	466	14	0	4	469	315	780	0.0	784	KF102849.1.1363 Bacteria;Pseudomonadota;Gammaproteobacteria;Lysobacterales;Lysobacteraceae;Stenotrophomonas;uncultured bacterium
ST-D1_1	96.996	466	14	0	4	469	335	800	0.0	784	GU553036.1.1504 Bacteria;Pseudomonadota;Gammaproteobacteria;Lysobacterales;Lysobacteraceae;Stenotrophomonas;uncultured bacterium
ST-D1_1	96.996	466	14	0	4	469	293	758	0.0	784	EU538031.1.1362 Bacteria;Pseudomonadota;Gammaproteobacteria;Lysobacterales;Lysobacteraceae;Stenotrophomonas;uncultured bacterium
ST-D1_1	96.996	466	14	0	4	469	335	800	0.0	784	EU539859.1.1404 Bacteria;Pseudomonadota;Gammaproteobacteria;Lysobacterales;Lysobacteraceae;Stenotrophomonas;uncultured bacterium
ST-D1_1	96.996	466	14	0	4	469	344	809	0.0	784	CP017483.2112812.2114358 Bacteria;Pseudomonadota;Gammaproteobacteria;Lysobacterales;Lysobacteraceae;Stenotrophomonas;Stenotrophomonas sp. LM091
ST-D1_1	97.002	467	13	1	4	469	307	773	0.0	784	KP843037.1.1451 Bacteria;Pseudomonadota;Gammaproteobacteria;Lysobacterales;Lysobacteraceae;Stenotrophomonas;uncultured bacterium
ST-D1_1	96.996	466	14	0	4	469	344	809	0.0	784	CP017483.2118508.2120054 Bacteria;Pseudomonadota;Gammaproteobacteria;Lysobacterales;Lysobacteraceae;Stenotrophomonas;Stenotrophomonas sp. LM091
ST-D1_1	96.996	466	14	0	4	469	335	800	0.0	784	FN356308.1.1516 Bacteria;Pseudomonadota;Gammaproteobacteria;Lysobacterales;Lysobacteraceae;Stenotrophomonas;uncultured bacterium
ST-D1_1	96.996	466	14	0	4	469	344	809	0.0	784	CP017483.2547932.2549478 Bacteria;Pseudomonadota;Gammaproteobacteria;Lysobacterales;Lysobacteraceae;Stenotrophomonas;Stenotrophomonas sp. LM091
ST-D1_1	96.996	466	14	0	4	469	337	802	0.0	784	CP016294.104179.105713 Bacteria;Pseudomonadota;Gammaproteobacteria;Lysobacterales;Lysobacteraceae;Stenotrophomonas;Stenotrophomonas rhizophila
ST-D1_1	96.996	466	14	0	4	469	337	802	0.0	784	CP016294.613081.614615 Bacteria;Pseudomonadota;Gammaproteobacteria;Lysobacterales;Lysobacteraceae;Stenotrophomonas;Stenotrophomonas rhizophila
ST-D1_1	96.822	472	9	6	4	469	298	769	0.0	784	MK053619.1.1443 Bacteria;Pseudomonadota;Gammaproteobacteria;Lysobacterales;Lysobacteraceae;Stenotrophomonas;Stenotrophomonas sp.
ST-D1_1	97.009	468	10	3	4	469	299	764	0.0	784	AF361024.1.1462 Bacteria;Pseudomonadota;Gammaproteobacteria;Lysobacterales;Lysobacteraceae;Stenotrophomonas;Stenotrophomonas sp. NAP6
ST-D1_1	96.996	466	14	0	4	469	254	719	0.0	784	MH588287.1.1274 Bacteria;Pseudomonadota;Gammaproteobacteria;Lysobacterales;Lysobacteraceae;Stenotrophomonas;Stenotrophomonas maltophilia
ST-D1_1	96.996	466	14	0	4	469	312	777	0.0	784	AB981193.1.1453 Bacteria;Pseudomonadota;Gammaproteobacteria;Lysobacterales;Lysobacteraceae;Stenotrophomonas;Stenotrophomonas rhizophila
ST-D1_1	96.996	466	14	0	4	469	274	739	0.0	784	AY748888.1.1471 Bacteria;Pseudomonadota;Gammaproteobacteria;Lysobacterales;Lysobacteraceae;Stenotrophomonas;Stenotrophomonas maltophilia
ST-D1_1	96.996	466	14	0	4	469	294	759	0.0	784	AY748889.1.1424 Bacteria;Pseudomonadota;Gammaproteobacteria;Lysobacterales;Lysobacteraceae;Stenotrophomonas;Stenotrophomonas maltophilia
