Takasu_ST-127	99.571	466	2	0	3	468	325	790	0.0	850	DQ264441.1.1502 Bacteria;Pseudomonadota;Gammaproteobacteria;Pseudomonadales;Pseudomonadaceae;Pseudomonas;uncultured bacterium
Takasu_ST-127	99.571	466	2	0	3	468	347	812	0.0	850	DQ264492.1.1523 Bacteria;Pseudomonadota;Gammaproteobacteria;Pseudomonadales;Pseudomonadaceae;Pseudomonas;uncultured bacterium
Takasu_ST-127	99.571	466	2	0	3	468	260	725	0.0	850	MH998415.1.1383 Bacteria;Pseudomonadota;Gammaproteobacteria;Pseudomonadales;Pseudomonadaceae;Pseudomonas;Pseudomonas sp.
Takasu_ST-127	99.571	466	2	0	3	468	295	760	0.0	850	MH899425.1.1439 Bacteria;Pseudomonadota;Gammaproteobacteria;Pseudomonadales;Pseudomonadaceae;Pseudomonas;Pseudomonas sp.
Takasu_ST-127	99.571	466	2	0	3	468	295	760	0.0	850	MH998405.1.1307 Bacteria;Pseudomonadota;Gammaproteobacteria;Pseudomonadales;Pseudomonadaceae;Pseudomonas;Pseudomonas sp.
Takasu_ST-127	99.571	466	2	0	3	468	333	798	0.0	850	MH744657.1.1502 Bacteria;Pseudomonadota;Gammaproteobacteria;Pseudomonadales;Pseudomonadaceae;Pseudomonas;Pseudomonas marginalis
Takasu_ST-127	99.571	466	2	0	3	468	322	787	0.0	850	AF064459.1.1522 Bacteria;Pseudomonadota;Gammaproteobacteria;Pseudomonadales;Pseudomonadaceae;Pseudomonas;Pseudomonas rhodesiae
Takasu_ST-127	99.571	466	2	0	3	468	313	778	0.0	850	MH463720.1.1354 Bacteria;Pseudomonadota;Gammaproteobacteria;Pseudomonadales;Pseudomonadaceae;Pseudomonas;Pseudomonas sp.
Takasu_ST-127	99.571	466	2	0	3	468	309	774	0.0	850	HE586393.1.1489 Bacteria;Pseudomonadota;Gammaproteobacteria;Pseudomonadales;Pseudomonadaceae;Pseudomonas;Pseudomonas marginalis
Takasu_ST-127	99.571	466	2	0	3	468	309	774	0.0	850	HE586394.1.1489 Bacteria;Pseudomonadota;Gammaproteobacteria;Pseudomonadales;Pseudomonadaceae;Pseudomonas;Pseudomonas marginalis
Takasu_ST-127	99.571	466	2	0	3	468	309	774	0.0	850	HE586391.1.1489 Bacteria;Pseudomonadota;Gammaproteobacteria;Pseudomonadales;Pseudomonadaceae;Pseudomonas;Pseudomonas marginalis
Takasu_ST-127	99.571	466	2	0	3	468	309	774	0.0	850	HE586395.1.1489 Bacteria;Pseudomonadota;Gammaproteobacteria;Pseudomonadales;Pseudomonadaceae;Pseudomonas;Pseudomonas marginalis
Takasu_ST-127	99.571	466	2	0	3	468	338	803	0.0	850	LT629801.4560401.4561941 Bacteria;Pseudomonadota;Gammaproteobacteria;Pseudomonadales;Pseudomonadaceae;Pseudomonas;Pseudomonas rhodesiae
Takasu_ST-127	99.571	466	2	0	3	468	338	803	0.0	850	LT629801.373074.374614 Bacteria;Pseudomonadota;Gammaproteobacteria;Pseudomonadales;Pseudomonadaceae;Pseudomonas;Pseudomonas rhodesiae
Takasu_ST-127	99.571	466	2	0	3	468	338	803	0.0	850	LT629801.6103310.6104850 Bacteria;Pseudomonadota;Gammaproteobacteria;Pseudomonadales;Pseudomonadaceae;Pseudomonas;Pseudomonas rhodesiae
Takasu_ST-127	99.571	466	2	0	3	468	338	803	0.0	850	LT629801.5215103.5216643 Bacteria;Pseudomonadota;Gammaproteobacteria;Pseudomonadales;Pseudomonadaceae;Pseudomonas;Pseudomonas rhodesiae
Takasu_ST-127	99.571	466	2	0	3	468	309	774	0.0	850	HE603508.1.1496 Bacteria;Pseudomonadota;Gammaproteobacteria;Pseudomonadales;Pseudomonadaceae;Pseudomonas;Pseudomonas sp. R-42058
Takasu_ST-127	99.571	466	2	0	3	468	309	774	0.0	850	HE586396.1.1489 Bacteria;Pseudomonadota;Gammaproteobacteria;Pseudomonadales;Pseudomonadaceae;Pseudomonas;Pseudomonas marginalis
Takasu_ST-127	99.571	466	2	0	3	468	338	803	0.0	850	LT629801.3168074.3169614 Bacteria;Pseudomonadota;Gammaproteobacteria;Pseudomonadales;Pseudomonadaceae;Pseudomonas;Pseudomonas rhodesiae
Takasu_ST-127	99.571	466	2	0	3	468	320	785	0.0	850	KY621801.1.1475 Bacteria;Pseudomonadota;Gammaproteobacteria;Pseudomonadales;Pseudomonadaceae;Pseudomonas;Pseudomonas marginalis
Takasu_ST-127	99.571	466	2	0	3	468	309	774	0.0	850	AB680979.1.1462 Bacteria;Pseudomonadota;Gammaproteobacteria;Pseudomonadales;Pseudomonadaceae;Pseudomonas;Pseudomonas fluorescens
Takasu_ST-127	99.571	466	2	0	3	468	309	774	0.0	850	AB680523.1.1462 Bacteria;Pseudomonadota;Gammaproteobacteria;Pseudomonadales;Pseudomonadaceae;Pseudomonas;Pseudomonas fluorescens
Takasu_ST-127	99.571	466	2	0	3	468	309	774	0.0	850	AB680178.1.1462 Bacteria;Pseudomonadota;Gammaproteobacteria;Pseudomonadales;Pseudomonadaceae;Pseudomonas;Pseudomonas fluorescens
Takasu_ST-127	99.571	466	2	0	3	468	304	769	0.0	850	KF727589.1.1447 Bacteria;Pseudomonadota;Gammaproteobacteria;Pseudomonadales;Pseudomonadaceae;Pseudomonas;Pseudomonas fluorescens
Takasu_ST-127	99.571	466	2	0	3	468	303	768	0.0	850	KR024327.1.1423 Bacteria;Pseudomonadota;Gammaproteobacteria;Pseudomonadales;Pseudomonadaceae;Pseudomonas;Pseudomonas grimontii
Takasu_ST-127	99.571	466	2	0	3	468	310	775	0.0	850	KT363045.1.1460 Bacteria;Pseudomonadota;Gammaproteobacteria;Pseudomonadales;Pseudomonadaceae;Pseudomonas;Pseudomonas fulva
Takasu_ST-127	99.571	466	2	0	3	468	334	799	0.0	850	JF505958.1.1329 Bacteria;Pseudomonadota;Gammaproteobacteria;Pseudomonadales;Pseudomonadaceae;Pseudomonas;Pseudomonas grimontii
Takasu_ST-127	99.571	466	2	0	3	468	308	773	0.0	850	KT154836.1.1459 Bacteria;Pseudomonadota;Gammaproteobacteria;Pseudomonadales;Pseudomonadaceae;Pseudomonas;Pseudomonas sp. C+3
Takasu_ST-127	99.571	466	2	0	3	468	297	762	0.0	850	KT154834.1.1440 Bacteria;Pseudomonadota;Gammaproteobacteria;Pseudomonadales;Pseudomonadaceae;Pseudomonas;Pseudomonas sp. C+1
Takasu_ST-127	99.571	466	2	0	3	468	305	770	0.0	850	KT154835.1.1449 Bacteria;Pseudomonadota;Gammaproteobacteria;Pseudomonadales;Pseudomonadaceae;Pseudomonas;Pseudomonas sp. C+2
Takasu_ST-127	99.571	466	2	0	3	468	315	780	0.0	850	GU198125.1.1500 Bacteria;Pseudomonadota;Gammaproteobacteria;Pseudomonadales;Pseudomonadaceae;Pseudomonas;Pseudomonas fluorescens
Takasu_ST-127	99.571	466	2	0	3	468	249	714	0.0	850	MF765333.1.1250 Bacteria;Pseudomonadota;Gammaproteobacteria;Pseudomonadales;Pseudomonadaceae;Pseudomonas;Pseudomonas grimontii
Takasu_ST-127	99.571	466	2	0	3	468	256	721	0.0	850	AB051703.1.1403 Bacteria;Pseudomonadota;Gammaproteobacteria;Pseudomonadales;Pseudomonadaceae;Pseudomonas;Pseudomonas sp. LAB-44
Takasu_ST-127	99.571	466	2	0	3	468	260	725	0.0	850	MF765331.1.1250 Bacteria;Pseudomonadota;Gammaproteobacteria;Pseudomonadales;Pseudomonadaceae;Pseudomonas;Pseudomonas rhodesiae
Takasu_ST-127	99.571	466	2	0	3	468	306	771	0.0	850	AB021410.1.1501 Bacteria;Pseudomonadota;Gammaproteobacteria;Pseudomonadales;Pseudomonadaceae;Pseudomonas;Pseudomonas rhodesiae
Takasu_ST-127	99.571	466	2	0	3	468	309	774	0.0	850	AB021401.1.1505 Bacteria;Pseudomonadota;Gammaproteobacteria;Pseudomonadales;Pseudomonadaceae;Pseudomonas;Pseudomonas marginalis
Takasu_ST-127	99.571	466	2	0	3	468	301	766	0.0	850	JQ014175.1.1456 Bacteria;Pseudomonadota;Gammaproteobacteria;Pseudomonadales;Pseudomonadaceae;Pseudomonas;Pseudomonas grimontii
Takasu_ST-127	99.570	465	2	0	4	468	282	746	0.0	848	EF091840.1.1407 Bacteria;Pseudomonadota;Gammaproteobacteria;Pseudomonadales;Pseudomonadaceae;Pseudomonas;Pseudomonas sp. G10
Takasu_ST-127	99.356	466	3	0	3	468	301	766	0.0	846	AF268029.1.1501 Bacteria;Pseudomonadota;Gammaproteobacteria;Pseudomonadales;Pseudomonadaceae;Pseudomonas;Pseudomonas grimontii
Takasu_ST-127	99.356	466	3	0	3	468	285	750	0.0	845	DQ313384.1.1438 Bacteria;Pseudomonadota;Gammaproteobacteria;Pseudomonadales;Pseudomonadaceae;Pseudomonas;Pseudomonas rhodesiae
Takasu_ST-127	99.358	467	2	1	3	468	337	803	0.0	845	DQ264606.1.1513 Bacteria;Pseudomonadota;Gammaproteobacteria;Pseudomonadales;Pseudomonadaceae;Pseudomonas;uncultured bacterium
Takasu_ST-127	99.358	467	2	1	3	468	333	799	0.0	845	DQ264632.1.1513 Bacteria;Pseudomonadota;Gammaproteobacteria;Pseudomonadales;Pseudomonadaceae;Pseudomonas;uncultured bacterium
Takasu_ST-127	99.358	467	2	1	3	468	337	803	0.0	845	DQ264514.1.1516 Bacteria;Pseudomonadota;Gammaproteobacteria;Pseudomonadales;Pseudomonadaceae;Pseudomonas;uncultured bacterium
Takasu_ST-127	99.358	467	2	1	3	468	295	761	0.0	845	MH998410.1.1427 Bacteria;Pseudomonadota;Gammaproteobacteria;Pseudomonadales;Pseudomonadaceae;Pseudomonas;Pseudomonas sp.
Takasu_ST-127	99.358	467	2	1	3	468	297	763	0.0	845	MH998412.1.1431 Bacteria;Pseudomonadota;Gammaproteobacteria;Pseudomonadales;Pseudomonadaceae;Pseudomonas;Pseudomonas sp.
Takasu_ST-127	99.358	467	1	2	3	468	226	691	0.0	845	MH998404.1.1357 Bacteria;Pseudomonadota;Gammaproteobacteria;Pseudomonadales;Pseudomonadaceae;Pseudomonas;Pseudomonas sp.
Takasu_ST-127	99.358	467	2	1	3	468	316	782	0.0	845	HE603505.1.1504 Bacteria;Pseudomonadota;Gammaproteobacteria;Pseudomonadales;Pseudomonadaceae;Pseudomonas;Pseudomonas sp. R-41998
Takasu_ST-127	99.358	467	2	1	3	468	319	785	0.0	845	KP704434.1.1441 Bacteria;Pseudomonadota;Gammaproteobacteria;Pseudomonadales;Pseudomonadaceae;Pseudomonas;Pseudomonas sp. UYFA249
Takasu_ST-127	99.356	466	3	0	3	468	309	774	0.0	845	HQ831378.1.1450 Bacteria;Pseudomonadota;Gammaproteobacteria;Pseudomonadales;Pseudomonadaceae;Pseudomonas;Pseudomonas grimontii
Takasu_ST-127	99.356	466	3	0	3	468	298	763	0.0	845	MG576154.1.1439 Bacteria;Pseudomonadota;Gammaproteobacteria;Pseudomonadales;Pseudomonadaceae;Pseudomonas;Pseudomonas rhodesiae
Takasu_ST-127	99.356	466	3	0	3	468	298	763	0.0	845	KM253135.1.1447 Bacteria;Pseudomonadota;Gammaproteobacteria;Pseudomonadales;Pseudomonadaceae;Pseudomonas;Pseudomonas sp. NT 3-01
Takasu_ST-127	99.356	466	2	1	3	468	309	773	0.0	843	AB024413.1.1483 Bacteria;Pseudomonadota;Gammaproteobacteria;Pseudomonadales;Pseudomonadaceae;Pseudomonas;Pseudomonas sp. KB700A
Takasu_ST-127	99.143	467	3	1	3	468	332	798	0.0	841	DQ264635.1.1503 Bacteria;Pseudomonadota;Gammaproteobacteria;Pseudomonadales;Pseudomonadaceae;Pseudomonas;uncultured bacterium
Takasu_ST-127	99.145	468	2	1	3	468	330	797	0.0	841	AF251337.1.1495 Bacteria;Pseudomonadota;Gammaproteobacteria;Pseudomonadales;Pseudomonadaceae;Pseudomonas;Pseudomonas sp. SV23
Takasu_ST-127	99.145	468	2	2	3	468	296	763	0.0	841	KY283127.1.1450 Bacteria;Pseudomonadota;Gammaproteobacteria;Pseudomonadales;Pseudomonadaceae;Pseudomonas;Pseudomonas sp.
Takasu_ST-127	99.143	467	3	1	3	468	301	767	0.0	841	DQ990055.1.1480 Bacteria;Pseudomonadota;Gammaproteobacteria;Pseudomonadales;Pseudomonadaceae;Pseudomonas;bacterium 9-gw1-8
Takasu_ST-127	99.143	467	2	2	3	468	336	801	0.0	839	DQ264522.1.1507 Bacteria;Pseudomonadota;Gammaproteobacteria;Pseudomonadales;Pseudomonadaceae;Pseudomonas;uncultured bacterium
Takasu_ST-127	99.142	466	4	0	3	468	330	795	0.0	839	HM066583.1.1505 Bacteria;Pseudomonadota;Gammaproteobacteria;Pseudomonadales;Pseudomonadaceae;Pseudomonas;uncultured bacterium
Takasu_ST-127	99.142	466	4	0	3	468	340	805	0.0	839	HM066703.1.1516 Bacteria;Pseudomonadota;Gammaproteobacteria;Pseudomonadales;Pseudomonadaceae;Pseudomonas;uncultured bacterium
Takasu_ST-127	99.142	466	4	0	3	468	339	804	0.0	839	HM066448.1.1513 Bacteria;Pseudomonadota;Gammaproteobacteria;Pseudomonadales;Pseudomonadaceae;Pseudomonas;uncultured bacterium
Takasu_ST-127	99.143	467	3	1	3	468	300	766	0.0	839	KJ534472.1.1439 Bacteria;Pseudomonadota;Gammaproteobacteria;Pseudomonadales;Pseudomonadaceae;Pseudomonas;Pseudomonas rhodesiae
Takasu_ST-127	99.142	466	4	0	3	468	371	836	0.0	839	HM181994.1.1521 Bacteria;Pseudomonadota;Gammaproteobacteria;Pseudomonadales;Pseudomonadaceae;Pseudomonas;Pseudomonas sp. CH-11
Takasu_ST-127	99.142	466	4	0	3	468	329	794	0.0	839	AB193947.1.1499 Bacteria;Pseudomonadota;Gammaproteobacteria;Pseudomonadales;Pseudomonadaceae;Pseudomonas;uncultured bacterium
Takasu_ST-127	99.142	466	4	0	3	468	309	774	0.0	839	Z76663.1.1491 Bacteria;Pseudomonadota;Gammaproteobacteria;Pseudomonadales;Pseudomonadaceae;Pseudomonas;Pseudomonas marginalis
Takasu_ST-127	99.142	466	4	0	3	468	202	667	0.0	839	AJ308309.1.1370 Bacteria;Pseudomonadota;Gammaproteobacteria;Pseudomonadales;Pseudomonadaceae;Pseudomonas;Pseudomonas marginalis
Takasu_ST-127	99.142	466	3	1	3	468	330	794	0.0	837	FJ517703.1.1499 Bacteria;Pseudomonadota;Gammaproteobacteria;Pseudomonadales;Pseudomonadaceae;Pseudomonas;uncultured Pseudomonadales bacterium
Takasu_ST-127	98.934	469	2	3	3	468	329	797	0.0	835	JN030512.1.1503 Bacteria;Pseudomonadota;Gammaproteobacteria;Pseudomonadales;Pseudomonadaceae;Pseudomonas;uncultured bacterium
Takasu_ST-127	98.934	469	2	3	3	468	294	762	0.0	835	MH998407.1.1446 Bacteria;Pseudomonadota;Gammaproteobacteria;Pseudomonadales;Pseudomonadaceae;Pseudomonas;Pseudomonas sp.
Takasu_ST-127	98.927	466	5	0	3	468	330	795	0.0	833	AMZG01000050.481.1998 Bacteria;Pseudomonadota;Gammaproteobacteria;Pseudomonadales;Pseudomonadaceae;Pseudomonas;Pseudomonas fluorescens BS2
Takasu_ST-127	98.927	466	5	0	3	468	330	795	0.0	833	CP029983.794525.796042 Bacteria;Pseudomonadota;Gammaproteobacteria;Pseudomonadales;Pseudomonadaceae;Pseudomonas;Pseudomonas sp. LG1E9
Takasu_ST-127	98.927	466	5	0	3	468	330	795	0.0	833	CP029983.1487975.1489492 Bacteria;Pseudomonadota;Gammaproteobacteria;Pseudomonadales;Pseudomonadaceae;Pseudomonas;Pseudomonas sp. LG1E9
Takasu_ST-127	98.927	466	5	0	3	468	329	794	0.0	833	CP029983.5935343.5936859 Bacteria;Pseudomonadota;Gammaproteobacteria;Pseudomonadales;Pseudomonadaceae;Pseudomonas;Pseudomonas sp. LG1E9
Takasu_ST-127	98.927	466	5	0	3	468	330	795	0.0	833	CP029983.2771425.2772942 Bacteria;Pseudomonadota;Gammaproteobacteria;Pseudomonadales;Pseudomonadaceae;Pseudomonas;Pseudomonas sp. LG1E9
Takasu_ST-127	98.927	466	5	0	3	468	329	794	0.0	833	CP029983.5825368.5826884 Bacteria;Pseudomonadota;Gammaproteobacteria;Pseudomonadales;Pseudomonadaceae;Pseudomonas;Pseudomonas sp. LG1E9
Takasu_ST-127	98.927	466	5	0	3	468	329	794	0.0	833	CP029983.44745.46261 Bacteria;Pseudomonadota;Gammaproteobacteria;Pseudomonadales;Pseudomonadaceae;Pseudomonas;Pseudomonas sp. LG1E9
Takasu_ST-127	98.927	466	5	0	3	468	329	794	0.0	833	KU978285.1.1517 Bacteria;Pseudomonadota;Gammaproteobacteria;Pseudomonadales;Pseudomonadaceae;Pseudomonas;uncultured bacterium
Takasu_ST-127	98.927	466	5	0	3	468	339	804	0.0	833	HM066570.1.1514 Bacteria;Pseudomonadota;Gammaproteobacteria;Pseudomonadales;Pseudomonadaceae;Pseudomonas;uncultured bacterium
Takasu_ST-127	98.927	466	5	0	3	468	309	774	0.0	833	AY622256.1.1459 Bacteria;Pseudomonadota;Gammaproteobacteria;Pseudomonadales;Pseudomonadaceae;Pseudomonas;uncultured gamma proteobacterium
Takasu_ST-127	98.927	466	5	0	3	468	301	766	0.0	833	KX378946.1.1444 Bacteria;Pseudomonadota;Gammaproteobacteria;Pseudomonadales;Pseudomonadaceae;Pseudomonas;Pseudomonas sp.
Takasu_ST-127	98.927	466	5	0	3	468	302	767	0.0	833	KX378895.1.1443 Bacteria;Pseudomonadota;Gammaproteobacteria;Pseudomonadales;Pseudomonadaceae;Pseudomonas;Pseudomonas sp.
Takasu_ST-127	98.929	467	3	2	3	468	327	792	0.0	833	MK123851.1.1525 Bacteria;Pseudomonadota;Gammaproteobacteria;Pseudomonadales;Pseudomonadaceae;Pseudomonas;Pseudomonas marginalis pv. marginalis
Takasu_ST-127	98.927	466	5	0	3	468	252	717	0.0	833	AF094727.1.1417 Bacteria;Pseudomonadota;Gammaproteobacteria;Pseudomonadales;Pseudomonadaceae;Pseudomonas;Pseudomonas fluorescens
Takasu_ST-127	98.927	466	5	0	3	468	309	774	0.0	833	HE603533.1.1496 Bacteria;Pseudomonadota;Gammaproteobacteria;Pseudomonadales;Pseudomonadaceae;Pseudomonas;Pseudomonas sp. R-43638
Takasu_ST-127	98.927	466	5	0	3	468	316	781	0.0	833	HE603492.1.1505 Bacteria;Pseudomonadota;Gammaproteobacteria;Pseudomonadales;Pseudomonadaceae;Pseudomonas;Pseudomonas sp. R-41761
Takasu_ST-127	98.927	466	5	0	3	468	309	774	0.0	833	HE603529.1.1497 Bacteria;Pseudomonadota;Gammaproteobacteria;Pseudomonadales;Pseudomonadaceae;Pseudomonas;Pseudomonas sp. R-43582
Takasu_ST-127	98.927	466	5	0	3	468	318	783	0.0	833	HE603532.1.1505 Bacteria;Pseudomonadota;Gammaproteobacteria;Pseudomonadales;Pseudomonadaceae;Pseudomonas;Pseudomonas sp. R-43631
Takasu_ST-127	98.927	466	5	0	3	468	309	774	0.0	833	HE603530.1.1496 Bacteria;Pseudomonadota;Gammaproteobacteria;Pseudomonadales;Pseudomonadaceae;Pseudomonas;Pseudomonas sp. R-43628
Takasu_ST-127	98.927	466	5	0	3	468	312	777	0.0	833	KY621552.1.1493 Bacteria;Pseudomonadota;Gammaproteobacteria;Pseudomonadales;Pseudomonadaceae;Pseudomonas;Pseudomonas marginalis
Takasu_ST-127	98.927	466	5	0	3	468	338	803	0.0	833	LT629708.2758206.2759746 Bacteria;Pseudomonadota;Gammaproteobacteria;Pseudomonadales;Pseudomonadaceae;Pseudomonas;Pseudomonas extremorientalis
Takasu_ST-127	98.927	466	5	0	3	468	338	803	0.0	833	LT629689.4832449.4833989 Bacteria;Pseudomonadota;Gammaproteobacteria;Pseudomonadales;Pseudomonadaceae;Pseudomonas;Pseudomonas extremaustralis
Takasu_ST-127	98.927	466	5	0	3	468	338	803	0.0	833	LT629689.2649115.2650655 Bacteria;Pseudomonadota;Gammaproteobacteria;Pseudomonadales;Pseudomonadaceae;Pseudomonas;Pseudomonas extremaustralis
Takasu_ST-127	98.927	466	5	0	3	468	338	803	0.0	833	LT629689.6079636.6081176 Bacteria;Pseudomonadota;Gammaproteobacteria;Pseudomonadales;Pseudomonadaceae;Pseudomonas;Pseudomonas extremaustralis
Takasu_ST-127	98.927	466	5	0	3	468	338	803	0.0	833	LT629689.5548078.5549618 Bacteria;Pseudomonadota;Gammaproteobacteria;Pseudomonadales;Pseudomonadaceae;Pseudomonas;Pseudomonas extremaustralis
Takasu_ST-127	98.927	466	5	0	3	468	338	803	0.0	833	LT629689.4143971.4145511 Bacteria;Pseudomonadota;Gammaproteobacteria;Pseudomonadales;Pseudomonadaceae;Pseudomonas;Pseudomonas extremaustralis
Takasu_ST-127	98.927	466	5	0	3	468	300	765	0.0	833	KJ534479.1.1439 Bacteria;Pseudomonadota;Gammaproteobacteria;Pseudomonadales;Pseudomonadaceae;Pseudomonas;Pseudomonas sp. JC165
Takasu_ST-127	98.927	466	5	0	3	468	309	774	0.0	833	FJ849527.1.1463 Bacteria;Pseudomonadota;Gammaproteobacteria;Pseudomonadales;Pseudomonadaceae;Pseudomonas;uncultured bacterium
Takasu_ST-127	98.927	466	5	0	3	468	305	770	0.0	833	KT363048.1.1453 Bacteria;Pseudomonadota;Gammaproteobacteria;Pseudomonadales;Pseudomonadaceae;Pseudomonas;Pseudomonas fulva
Takasu_ST-127	98.927	466	5	0	3	468	306	771	0.0	833	KT154833.1.1454 Bacteria;Pseudomonadota;Gammaproteobacteria;Pseudomonadales;Pseudomonadaceae;Pseudomonas;Pseudomonas sp. C2(2015b)
Takasu_ST-127	98.927	466	5	0	3	468	305	770	0.0	833	KT154832.1.1451 Bacteria;Pseudomonadota;Gammaproteobacteria;Pseudomonadales;Pseudomonadaceae;Pseudomonas;Pseudomonas sp. C1(2015)
Takasu_ST-127	98.927	466	5	0	3	468	297	762	0.0	833	EU086570.1.1469 Bacteria;Pseudomonadota;Gammaproteobacteria;Pseudomonadales;Pseudomonadaceae;Pseudomonas;bacterium TLCL3
Takasu_ST-127	98.927	466	5	0	3	468	296	761	0.0	833	EU086551.1.1491 Bacteria;Pseudomonadota;Gammaproteobacteria;Pseudomonadales;Pseudomonadaceae;Pseudomonas;bacterium THCL5
Takasu_ST-127	98.927	466	5	0	3	468	305	770	0.0	833	EU086550.1.1476 Bacteria;Pseudomonadota;Gammaproteobacteria;Pseudomonadales;Pseudomonadaceae;Pseudomonas;bacterium THCL4
Takasu_ST-127	98.927	466	5	0	3	468	315	780	0.0	833	GU198116.1.1500 Bacteria;Pseudomonadota;Gammaproteobacteria;Pseudomonadales;Pseudomonadaceae;Pseudomonas;Pseudomonas fluorescens
Takasu_ST-127	98.927	466	5	0	3	468	315	780	0.0	833	GU198113.1.1500 Bacteria;Pseudomonadota;Gammaproteobacteria;Pseudomonadales;Pseudomonadaceae;Pseudomonas;Pseudomonas fluorescens
Takasu_ST-127	98.927	466	5	0	3	468	315	780	0.0	833	GU198115.1.1500 Bacteria;Pseudomonadota;Gammaproteobacteria;Pseudomonadales;Pseudomonadaceae;Pseudomonas;Pseudomonas fluorescens
Takasu_ST-127	98.927	466	5	0	3	468	315	780	0.0	833	GU198112.1.1500 Bacteria;Pseudomonadota;Gammaproteobacteria;Pseudomonadales;Pseudomonadaceae;Pseudomonas;Pseudomonas fluorescens
Takasu_ST-127	98.927	466	5	0	3	468	281	746	0.0	833	HM190225.1.1442 Bacteria;Pseudomonadota;Gammaproteobacteria;Pseudomonadales;Pseudomonadaceae;Pseudomonas;Pseudomonas marginalis pv. marginalis
Takasu_ST-127	98.927	466	5	0	3	468	304	769	0.0	833	JQ977513.1.1447 Bacteria;Pseudomonadota;Gammaproteobacteria;Pseudomonadales;Pseudomonadaceae;Pseudomonas;Pseudomonas sp. Dca16
Takasu_ST-127	98.927	466	5	0	3	468	342	807	0.0	833	AM181176.119713.121250 Bacteria;Pseudomonadota;Gammaproteobacteria;Pseudomonadales;Pseudomonadaceae;Pseudomonas;Pseudomonas fluorescens SBW25
Takasu_ST-127	98.927	466	5	0	3	468	342	807	0.0	833	AM181176.768525.770062 Bacteria;Pseudomonadota;Gammaproteobacteria;Pseudomonadales;Pseudomonadaceae;Pseudomonas;Pseudomonas fluorescens SBW25
Takasu_ST-127	98.927	466	5	0	3	468	342	807	0.0	833	AM181176.2234920.2236457 Bacteria;Pseudomonadota;Gammaproteobacteria;Pseudomonadales;Pseudomonadaceae;Pseudomonas;Pseudomonas fluorescens SBW25
Takasu_ST-127	98.927	466	5	0	3	468	330	795	0.0	833	AM181176.5720717.5722254 Bacteria;Pseudomonadota;Gammaproteobacteria;Pseudomonadales;Pseudomonadaceae;Pseudomonas;Pseudomonas fluorescens SBW25
Takasu_ST-127	98.927	466	5	0	3	468	330	795	0.0	833	AM181176.6072180.6073709 Bacteria;Pseudomonadota;Gammaproteobacteria;Pseudomonadales;Pseudomonadaceae;Pseudomonas;Pseudomonas fluorescens SBW25
Takasu_ST-127	98.927	466	5	0	3	468	332	797	0.0	833	AJ583501.1.1505 Bacteria;Pseudomonadota;Gammaproteobacteria;Pseudomonadales;Pseudomonadaceae;Pseudomonas;Pseudomonas extremaustralis
Takasu_ST-127	98.927	466	3	2	3	468	318	781	0.0	832	KC904089.1.1448 Bacteria;Pseudomonadota;Gammaproteobacteria;Pseudomonadales;Pseudomonadaceae;Pseudomonas;Pseudomonas sp. P250
Takasu_ST-127	98.721	469	3	2	3	468	329	797	0.0	830	JN030526.1.1530 Bacteria;Pseudomonadota;Gammaproteobacteria;Pseudomonadales;Pseudomonadaceae;Pseudomonas;uncultured bacterium
Takasu_ST-127	98.712	466	6	0	3	468	326	791	0.0	828	DQ536512.1.1498 Bacteria;Pseudomonadota;Gammaproteobacteria;Pseudomonadales;Pseudomonadaceae;Pseudomonas;Pseudomonas trivialis
Takasu_ST-127	98.712	466	6	0	3	468	326	791	0.0	828	DQ536520.1.1496 Bacteria;Pseudomonadota;Gammaproteobacteria;Pseudomonadales;Pseudomonadaceae;Pseudomonas;Pseudomonas trivialis
Takasu_ST-127	98.712	466	6	0	3	468	300	765	0.0	828	D86003.1.1329 Bacteria;Pseudomonadota;Gammaproteobacteria;Pseudomonadales;Pseudomonadaceae;Pseudomonas;Pseudomonas fluorescens
Takasu_ST-127	98.712	466	6	0	3	468	295	760	0.0	828	DQ232743.1.1426 Bacteria;Pseudomonadota;Gammaproteobacteria;Pseudomonadales;Pseudomonadaceae;Pseudomonas;Pseudomonas marginalis
Takasu_ST-127	98.712	466	6	0	3	468	329	794	0.0	828	KX509609.1.1498 Bacteria;Pseudomonadota;Gammaproteobacteria;Pseudomonadales;Pseudomonadaceae;Pseudomonas;uncultured bacterium
Takasu_ST-127	98.715	467	4	2	3	468	336	801	0.0	828	CP012830.1565764.1567310 Bacteria;Pseudomonadota;Gammaproteobacteria;Pseudomonadales;Pseudomonadaceae;Pseudomonas;Pseudomonas fluorescens
Takasu_ST-127	98.715	467	4	2	3	468	336	801	0.0	828	CP012830.1353651.1355197 Bacteria;Pseudomonadota;Gammaproteobacteria;Pseudomonadales;Pseudomonadaceae;Pseudomonas;Pseudomonas fluorescens
Takasu_ST-127	98.715	467	4	2	3	468	336	801	0.0	828	CP012830.2428154.2429700 Bacteria;Pseudomonadota;Gammaproteobacteria;Pseudomonadales;Pseudomonadaceae;Pseudomonas;Pseudomonas fluorescens
Takasu_ST-127	98.715	467	4	2	3	468	336	801	0.0	828	CP012830.4260350.4261896 Bacteria;Pseudomonadota;Gammaproteobacteria;Pseudomonadales;Pseudomonadaceae;Pseudomonas;Pseudomonas fluorescens
Takasu_ST-127	98.715	467	4	2	3	468	336	801	0.0	828	CP012830.6389930.6391476 Bacteria;Pseudomonadota;Gammaproteobacteria;Pseudomonadales;Pseudomonadaceae;Pseudomonas;Pseudomonas fluorescens
Takasu_ST-127	98.715	467	4	2	3	468	336	801	0.0	828	CP012830.3219326.3220871 Bacteria;Pseudomonadota;Gammaproteobacteria;Pseudomonadales;Pseudomonadaceae;Pseudomonas;Pseudomonas fluorescens
Takasu_ST-127	98.712	466	6	0	3	468	329	794	0.0	828	CP026880.3133714.3135230 Bacteria;Pseudomonadota;Gammaproteobacteria;Pseudomonadales;Pseudomonadaceae;Pseudomonas;Pseudomonas sp. LH1G9
Takasu_ST-127	98.712	466	6	0	3	468	329	794	0.0	828	CP026880.4594183.4595699 Bacteria;Pseudomonadota;Gammaproteobacteria;Pseudomonadales;Pseudomonadaceae;Pseudomonas;Pseudomonas sp. LH1G9
Takasu_ST-127	98.712	466	6	0	3	468	330	795	0.0	828	CP026880.5979858.5981375 Bacteria;Pseudomonadota;Gammaproteobacteria;Pseudomonadales;Pseudomonadaceae;Pseudomonas;Pseudomonas sp. LH1G9
Takasu_ST-127	98.712	466	6	0	3	468	329	794	0.0	828	CP026880.5209241.5210757 Bacteria;Pseudomonadota;Gammaproteobacteria;Pseudomonadales;Pseudomonadaceae;Pseudomonas;Pseudomonas sp. LH1G9
Takasu_ST-127	98.712	466	6	0	3	468	330	795	0.0	828	CP026880.6334430.6335947 Bacteria;Pseudomonadota;Gammaproteobacteria;Pseudomonadales;Pseudomonadaceae;Pseudomonas;Pseudomonas sp. LH1G9
Takasu_ST-127	98.712	466	6	0	3	468	336	801	0.0	828	CP011507.4184351.4185897 Bacteria;Pseudomonadota;Gammaproteobacteria;Pseudomonadales;Pseudomonadaceae;Pseudomonas;Pseudomonas trivialis
Takasu_ST-127	98.712	466	6	0	3	468	336	801	0.0	828	CP011507.3104419.3105965 Bacteria;Pseudomonadota;Gammaproteobacteria;Pseudomonadales;Pseudomonadaceae;Pseudomonas;Pseudomonas trivialis
Takasu_ST-127	98.712	466	6	0	3	468	336	801	0.0	828	CP011507.2378812.2380358 Bacteria;Pseudomonadota;Gammaproteobacteria;Pseudomonadales;Pseudomonadaceae;Pseudomonas;Pseudomonas trivialis
Takasu_ST-127	98.712	466	6	0	3	468	336	801	0.0	828	CP011507.3855619.3857165 Bacteria;Pseudomonadota;Gammaproteobacteria;Pseudomonadales;Pseudomonadaceae;Pseudomonas;Pseudomonas trivialis
Takasu_ST-127	98.712	466	6	0	3	468	336	801	0.0	828	CP025263.2134327.2135864 Bacteria;Pseudomonadota;Gammaproteobacteria;Pseudomonadales;Pseudomonadaceae;Pseudomonas;Pseudomonas sp. S09G 359
Takasu_ST-127	98.712	466	6	0	3	468	336	801	0.0	828	CP025263.6125399.6126936 Bacteria;Pseudomonadota;Gammaproteobacteria;Pseudomonadales;Pseudomonadaceae;Pseudomonas;Pseudomonas sp. S09G 359
Takasu_ST-127	98.712	466	6	0	3	468	336	801	0.0	828	CP025263.5615097.5616634 Bacteria;Pseudomonadota;Gammaproteobacteria;Pseudomonadales;Pseudomonadaceae;Pseudomonas;Pseudomonas sp. S09G 359
Takasu_ST-127	98.712	466	6	0	3	468	336	801	0.0	828	CP025263.5778421.5779958 Bacteria;Pseudomonadota;Gammaproteobacteria;Pseudomonadales;Pseudomonadaceae;Pseudomonas;Pseudomonas sp. S09G 359
Takasu_ST-127	98.712	466	6	0	3	468	336	801	0.0	828	CP025263.810055.811592 Bacteria;Pseudomonadota;Gammaproteobacteria;Pseudomonadales;Pseudomonadaceae;Pseudomonas;Pseudomonas sp. S09G 359
Takasu_ST-127	98.712	466	6	0	3	468	336	801	0.0	828	CP025263.139387.140924 Bacteria;Pseudomonadota;Gammaproteobacteria;Pseudomonadales;Pseudomonadaceae;Pseudomonas;Pseudomonas sp. S09G 359
Takasu_ST-127	98.712	466	6	0	3	468	317	782	0.0	828	HM459849.1.1470 Bacteria;Pseudomonadota;Gammaproteobacteria;Pseudomonadales;Pseudomonadaceae;Pseudomonas;Pseudomonas sp. enrichment culture clone CL-12
Takasu_ST-127	98.712	466	6	0	3	468	336	801	0.0	828	CP011507.1070940.1072486 Bacteria;Pseudomonadota;Gammaproteobacteria;Pseudomonadales;Pseudomonadaceae;Pseudomonas;Pseudomonas trivialis
Takasu_ST-127	98.712	466	6	0	3	468	329	794	0.0	828	CP010896.5176533.5178057 Bacteria;Pseudomonadota;Gammaproteobacteria;Pseudomonadales;Pseudomonadaceae;Pseudomonas;Pseudomonas fluorescens
Takasu_ST-127	98.712	466	6	0	3	468	329	794	0.0	828	CP010896.745064.746588 Bacteria;Pseudomonadota;Gammaproteobacteria;Pseudomonadales;Pseudomonadaceae;Pseudomonas;Pseudomonas fluorescens
Takasu_ST-127	98.712	466	6	0	3	468	329	794	0.0	828	CP010896.2077695.2079219 Bacteria;Pseudomonadota;Gammaproteobacteria;Pseudomonadales;Pseudomonadaceae;Pseudomonas;Pseudomonas fluorescens
Takasu_ST-127	98.712	466	6	0	3	468	329	794	0.0	828	CP010896.5506948.5508472 Bacteria;Pseudomonadota;Gammaproteobacteria;Pseudomonadales;Pseudomonadaceae;Pseudomonas;Pseudomonas fluorescens
Takasu_ST-127	98.712	466	6	0	3	468	329	794	0.0	828	CP010896.118889.120413 Bacteria;Pseudomonadota;Gammaproteobacteria;Pseudomonadales;Pseudomonadaceae;Pseudomonas;Pseudomonas fluorescens
Takasu_ST-127	98.712	466	6	0	3	468	329	794	0.0	828	CP010896.5066649.5068173 Bacteria;Pseudomonadota;Gammaproteobacteria;Pseudomonadales;Pseudomonadaceae;Pseudomonas;Pseudomonas fluorescens
Takasu_ST-127	98.712	466	6	0	3	468	329	794	0.0	828	EU539808.1.1398 Bacteria;Pseudomonadota;Gammaproteobacteria;Pseudomonadales;Pseudomonadaceae;Pseudomonas;uncultured bacterium
Takasu_ST-127	98.712	466	6	0	3	468	329	794	0.0	828	EU539728.1.1395 Bacteria;Pseudomonadota;Gammaproteobacteria;Pseudomonadales;Pseudomonadaceae;Pseudomonas;uncultured bacterium
Takasu_ST-127	98.712	466	6	0	3	468	329	794	0.0	828	EU536823.1.1396 Bacteria;Pseudomonadota;Gammaproteobacteria;Pseudomonadales;Pseudomonadaceae;Pseudomonas;uncultured bacterium
Takasu_ST-127	98.712	466	6	0	3	468	329	794	0.0	828	EU536979.1.1397 Bacteria;Pseudomonadota;Gammaproteobacteria;Pseudomonadales;Pseudomonadaceae;Pseudomonas;uncultured bacterium
Takasu_ST-127	98.712	466	6	0	3	468	329	794	0.0	828	EU537746.1.1395 Bacteria;Pseudomonadota;Gammaproteobacteria;Pseudomonadales;Pseudomonadaceae;Pseudomonas;uncultured bacterium
Takasu_ST-127	98.712	466	6	0	3	468	330	795	0.0	828	EU537618.1.1400 Bacteria;Pseudomonadota;Gammaproteobacteria;Pseudomonadales;Pseudomonadaceae;Pseudomonas;uncultured bacterium
Takasu_ST-127	98.712	466	6	0	3	468	329	794	0.0	828	EU539374.1.1396 Bacteria;Pseudomonadota;Gammaproteobacteria;Pseudomonadales;Pseudomonadaceae;Pseudomonas;uncultured bacterium
Takasu_ST-127	98.712	466	6	0	3	468	336	801	0.0	828	CP007637.5041201.5042738 Bacteria;Pseudomonadota;Gammaproteobacteria;Pseudomonadales;Pseudomonadaceae;Pseudomonas;Pseudomonas simiae
Takasu_ST-127	98.712	466	6	0	3	468	336	801	0.0	828	CP007637.2059696.2061233 Bacteria;Pseudomonadota;Gammaproteobacteria;Pseudomonadales;Pseudomonadaceae;Pseudomonas;Pseudomonas simiae
Takasu_ST-127	98.712	466	6	0	3	468	336	801	0.0	828	CP006852.5899090.5900627 Bacteria;Pseudomonadota;Gammaproteobacteria;Pseudomonadales;Pseudomonadaceae;Pseudomonas;Pseudomonas sp. TKP
Takasu_ST-127	98.712	466	6	0	3	468	336	801	0.0	828	CP006852.844626.846163 Bacteria;Pseudomonadota;Gammaproteobacteria;Pseudomonadales;Pseudomonadaceae;Pseudomonas;Pseudomonas sp. TKP
Takasu_ST-127	98.712	466	6	0	3	468	336	801	0.0	828	CP006852.6275210.6276747 Bacteria;Pseudomonadota;Gammaproteobacteria;Pseudomonadales;Pseudomonadaceae;Pseudomonas;Pseudomonas sp. TKP
Takasu_ST-127	98.712	466	6	0	3	468	336	801	0.0	828	CP006852.2299837.2301374 Bacteria;Pseudomonadota;Gammaproteobacteria;Pseudomonadales;Pseudomonadaceae;Pseudomonas;Pseudomonas sp. TKP
Takasu_ST-127	98.712	466	6	0	3	468	336	801	0.0	828	CP005975.1069572.1071109 Bacteria;Pseudomonadota;Gammaproteobacteria;Pseudomonadales;Pseudomonadaceae;Pseudomonas;Pseudomonas fluorescens PICF7
Takasu_ST-127	98.712	466	6	0	3	468	336	801	0.0	828	CP005975.2853888.2855425 Bacteria;Pseudomonadota;Gammaproteobacteria;Pseudomonadales;Pseudomonadaceae;Pseudomonas;Pseudomonas fluorescens PICF7
Takasu_ST-127	98.712	466	6	0	3	468	336	801	0.0	828	CP005975.5913371.5914908 Bacteria;Pseudomonadota;Gammaproteobacteria;Pseudomonadales;Pseudomonadaceae;Pseudomonas;Pseudomonas fluorescens PICF7
Takasu_ST-127	98.712	466	6	0	3	468	336	801	0.0	828	CP005975.2436862.2438399 Bacteria;Pseudomonadota;Gammaproteobacteria;Pseudomonadales;Pseudomonadaceae;Pseudomonas;Pseudomonas fluorescens PICF7
Takasu_ST-127	98.712	466	6	0	3	468	336	801	0.0	828	CP006852.164942.166479 Bacteria;Pseudomonadota;Gammaproteobacteria;Pseudomonadales;Pseudomonadaceae;Pseudomonas;Pseudomonas sp. TKP
Takasu_ST-127	98.712	466	6	0	3	468	336	801	0.0	828	CP005975.1687025.1688562 Bacteria;Pseudomonadota;Gammaproteobacteria;Pseudomonadales;Pseudomonadaceae;Pseudomonas;Pseudomonas fluorescens PICF7
Takasu_ST-127	98.712	466	6	0	3	468	338	803	0.0	828	CP004045.3808306.3809844 Bacteria;Pseudomonadota;Gammaproteobacteria;Pseudomonadales;Pseudomonadaceae;Pseudomonas;Pseudomonas poae RE*1-1-14
Takasu_ST-127	98.712	466	6	0	3	468	336	801	0.0	828	CP005975.2744337.2745874 Bacteria;Pseudomonadota;Gammaproteobacteria;Pseudomonadales;Pseudomonadaceae;Pseudomonas;Pseudomonas fluorescens PICF7
Takasu_ST-127	98.712	466	6	0	3	468	338	803	0.0	828	CP004045.5506886.5508424 Bacteria;Pseudomonadota;Gammaproteobacteria;Pseudomonadales;Pseudomonadaceae;Pseudomonas;Pseudomonas poae RE*1-1-14
Takasu_ST-127	98.712	466	6	0	3	468	338	803	0.0	828	CP004045.4900288.4901826 Bacteria;Pseudomonadota;Gammaproteobacteria;Pseudomonadales;Pseudomonadaceae;Pseudomonas;Pseudomonas poae RE*1-1-14
Takasu_ST-127	98.712	466	6	0	3	468	338	803	0.0	828	CP004045.1279283.1280821 Bacteria;Pseudomonadota;Gammaproteobacteria;Pseudomonadales;Pseudomonadaceae;Pseudomonas;Pseudomonas poae RE*1-1-14
Takasu_ST-127	98.712	466	6	0	3	468	336	801	0.0	828	CP018420.128654.130200 Bacteria;Pseudomonadota;Gammaproteobacteria;Pseudomonadales;Pseudomonadaceae;Pseudomonas;Pseudomonas veronii
Takasu_ST-127	98.712	466	6	0	3	468	338	803	0.0	828	CP004045.4136714.4138252 Bacteria;Pseudomonadota;Gammaproteobacteria;Pseudomonadales;Pseudomonadaceae;Pseudomonas;Pseudomonas poae RE*1-1-14
Takasu_ST-127	98.712	466	6	0	3	468	315	780	0.0	828	JF681281.1.1426 Bacteria;Pseudomonadota;Gammaproteobacteria;Pseudomonadales;Pseudomonadaceae;Pseudomonas;uncultured gamma proteobacterium
Takasu_ST-127	98.712	466	6	0	3	468	336	801	0.0	828	CP018420.4789117.4790663 Bacteria;Pseudomonadota;Gammaproteobacteria;Pseudomonadales;Pseudomonadaceae;Pseudomonas;Pseudomonas veronii
Takasu_ST-127	98.712	466	6	0	3	468	336	801	0.0	828	CP018420.6212801.6214347 Bacteria;Pseudomonadota;Gammaproteobacteria;Pseudomonadales;Pseudomonadaceae;Pseudomonas;Pseudomonas veronii
Takasu_ST-127	98.715	467	4	2	3	468	287	752	0.0	828	AM398415.1.1424 Bacteria;Pseudomonadota;Gammaproteobacteria;Pseudomonadales;Pseudomonadaceae;Pseudomonas;uncultured Pseudomonas sp.
Takasu_ST-127	98.712	466	6	0	3	468	213	678	0.0	828	KX354902.1.1276 Bacteria;Pseudomonadota;Gammaproteobacteria;Pseudomonadales;Pseudomonadaceae;Pseudomonas;Pseudomonas sp. 1r
Takasu_ST-127	98.712	466	6	0	3	468	299	764	0.0	828	KX378961.1.1441 Bacteria;Pseudomonadota;Gammaproteobacteria;Pseudomonadales;Pseudomonadaceae;Pseudomonas;Pseudomonas sp.
Takasu_ST-127	98.712	466	6	0	3	468	205	670	0.0	828	KX354854.1.1263 Bacteria;Pseudomonadota;Gammaproteobacteria;Pseudomonadales;Pseudomonadaceae;Pseudomonas;Pseudomonas sp. 226
Takasu_ST-127	98.712	466	6	0	3	468	336	801	0.0	828	CP015638.745902.747448 Bacteria;Pseudomonadota;Gammaproteobacteria;Pseudomonadales;Pseudomonadaceae;Pseudomonas;Pseudomonas fluorescens
Takasu_ST-127	98.712	466	6	0	3	468	300	765	0.0	828	KX085035.1.1471 Bacteria;Pseudomonadota;Gammaproteobacteria;Pseudomonadales;Pseudomonadaceae;Pseudomonas;Pseudomonas sp. UV5
Takasu_ST-127	98.712	466	6	0	3	468	336	801	0.0	828	CP015637.742874.744420 Bacteria;Pseudomonadota;Gammaproteobacteria;Pseudomonadales;Pseudomonadaceae;Pseudomonas;Pseudomonas fluorescens
Takasu_ST-127	98.712	466	6	0	3	468	317	782	0.0	828	AF405328.1.1516 Bacteria;Pseudomonadota;Gammaproteobacteria;Pseudomonadales;Pseudomonadaceae;Pseudomonas;Pseudomonas extremorientalis
Takasu_ST-127	98.712	466	6	0	3	468	329	794	0.0	828	AF320987.1.1452 Bacteria;Pseudomonadota;Gammaproteobacteria;Pseudomonadales;Pseudomonadaceae;Pseudomonas;Pseudomonas reactans
Takasu_ST-127	98.712	466	6	0	3	468	301	766	0.0	828	AF195777.1.1455 Bacteria;Pseudomonadota;Gammaproteobacteria;Pseudomonadales;Pseudomonadaceae;Pseudomonas;Pseudomonas sp. H1
Takasu_ST-127	98.712	466	6	0	3	468	330	795	0.0	828	AF064460.1.1521 Bacteria;Pseudomonadota;Gammaproteobacteria;Pseudomonadales;Pseudomonadaceae;Pseudomonas;Pseudomonas veronii
Takasu_ST-127	98.712	466	6	0	3	468	301	766	0.0	828	MF034065.1.1207 Bacteria;Pseudomonadota;Gammaproteobacteria;Pseudomonadales;Pseudomonadaceae;Pseudomonas;Pseudomonas sp.
Takasu_ST-127	98.712	466	6	0	3	468	330	795	0.0	828	MH718842.1.1521 Bacteria;Pseudomonadota;Gammaproteobacteria;Pseudomonadales;Pseudomonadaceae;Pseudomonas;Pseudomonas veronii
Takasu_ST-127	98.712	466	6	0	3	468	288	753	0.0	828	HF545843.1.1418 Bacteria;Pseudomonadota;Gammaproteobacteria;Pseudomonadales;Pseudomonadaceae;Pseudomonas;Pseudomonas putida
Takasu_ST-127	98.712	466	6	0	3	468	307	772	0.0	828	KU726261.1.1350 Bacteria;Pseudomonadota;Gammaproteobacteria;Pseudomonadales;Pseudomonadaceae;Pseudomonas;Pseudomonas poae
Takasu_ST-127	98.712	466	6	0	3	468	328	793	0.0	828	AB690753.1.1410 Bacteria;Pseudomonadota;Gammaproteobacteria;Pseudomonadales;Pseudomonadaceae;Pseudomonas;uncultured gamma proteobacterium
Takasu_ST-127	98.712	466	6	0	3	468	305	770	0.0	828	HAFQ01034877.1.1405 Bacteria;Pseudomonadota;Gammaproteobacteria;Pseudomonadales;Pseudomonadaceae;Pseudomonas;Spumella sp. AR4D6
Takasu_ST-127	98.712	466	6	0	3	468	317	782	0.0	828	HE603491.1.1504 Bacteria;Pseudomonadota;Gammaproteobacteria;Pseudomonadales;Pseudomonadaceae;Pseudomonas;Pseudomonas sp. R-41757
Takasu_ST-127	98.712	466	6	0	3	468	306	771	0.0	828	MH157233.1.1446 Bacteria;Pseudomonadota;Gammaproteobacteria;Pseudomonadales;Pseudomonadaceae;Pseudomonas;Pseudomonas poae
Takasu_ST-127	98.712	466	6	0	3	468	228	693	0.0	828	HAFQ01034874.73.1490 Bacteria;Pseudomonadota;Gammaproteobacteria;Pseudomonadales;Pseudomonadaceae;Pseudomonas;Spumella sp. AR4D6
Takasu_ST-127	98.712	466	6	0	3	468	305	770	0.0	828	HAFQ01034884.73.1567 Bacteria;Pseudomonadota;Gammaproteobacteria;Pseudomonadales;Pseudomonadaceae;Pseudomonas;Spumella sp. AR4D6
Takasu_ST-127	98.712	466	6	0	3	468	313	778	0.0	828	HAFQ01034873.73.1573 Bacteria;Pseudomonadota;Gammaproteobacteria;Pseudomonadales;Pseudomonadaceae;Pseudomonas;Spumella sp. AR4D6
Takasu_ST-127	98.712	466	6	0	3	468	309	774	0.0	828	HE586386.1.1489 Bacteria;Pseudomonadota;Gammaproteobacteria;Pseudomonadales;Pseudomonadaceae;Pseudomonas;Pseudomonas antarctica
Takasu_ST-127	98.712	466	6	0	3	468	302	767	0.0	828	MH071317.1.1445 Bacteria;Pseudomonadota;Gammaproteobacteria;Pseudomonadales;Pseudomonadaceae;Pseudomonas;Pseudomonas simiae
Takasu_ST-127	98.712	466	6	0	3	468	338	803	0.0	828	LT629760.1552390.1553930 Bacteria;Pseudomonadota;Gammaproteobacteria;Pseudomonadales;Pseudomonadaceae;Pseudomonas;Pseudomonas trivialis
Takasu_ST-127	98.712	466	6	0	3	468	279	744	0.0	828	KJ726563.1.1399 Bacteria;Pseudomonadota;Gammaproteobacteria;Pseudomonadales;Pseudomonadaceae;Pseudomonas;Pseudomonas meridiana
Takasu_ST-127	98.712	466	6	0	3	468	338	803	0.0	828	LT629760.452950.454490 Bacteria;Pseudomonadota;Gammaproteobacteria;Pseudomonadales;Pseudomonadaceae;Pseudomonas;Pseudomonas trivialis
Takasu_ST-127	98.712	466	6	0	3	468	338	803	0.0	828	LT629760.811601.813141 Bacteria;Pseudomonadota;Gammaproteobacteria;Pseudomonadales;Pseudomonadaceae;Pseudomonas;Pseudomonas trivialis
Takasu_ST-127	98.712	466	6	0	3	468	338	803	0.0	828	LT629760.3430985.3432525 Bacteria;Pseudomonadota;Gammaproteobacteria;Pseudomonadales;Pseudomonadaceae;Pseudomonas;Pseudomonas trivialis
Takasu_ST-127	98.712	466	6	0	3	468	338	803	0.0	828	LT629708.3074752.3076292 Bacteria;Pseudomonadota;Gammaproteobacteria;Pseudomonadales;Pseudomonadaceae;Pseudomonas;Pseudomonas extremorientalis
Takasu_ST-127	98.712	466	6	0	3	468	338	803	0.0	828	LT629708.4516912.4518452 Bacteria;Pseudomonadota;Gammaproteobacteria;Pseudomonadales;Pseudomonadaceae;Pseudomonas;Pseudomonas extremorientalis
Takasu_ST-127	98.712	466	6	0	3	468	338	803	0.0	828	LT629706.3457059.3458599 Bacteria;Pseudomonadota;Gammaproteobacteria;Pseudomonadales;Pseudomonadaceae;Pseudomonas;Pseudomonas poae
Takasu_ST-127	98.712	466	6	0	3	468	309	774	0.0	828	KY614180.1.1500 Bacteria;Pseudomonadota;Gammaproteobacteria;Pseudomonadales;Pseudomonadaceae;Pseudomonas;Pseudomonas trivialis
Takasu_ST-127	98.712	466	6	0	3	468	338	803	0.0	828	LT629704.674580.676120 Bacteria;Pseudomonadota;Gammaproteobacteria;Pseudomonadales;Pseudomonadaceae;Pseudomonas;Pseudomonas antarctica
Takasu_ST-127	98.712	466	6	0	3	468	338	803	0.0	828	LT629708.3827241.3828781 Bacteria;Pseudomonadota;Gammaproteobacteria;Pseudomonadales;Pseudomonadaceae;Pseudomonas;Pseudomonas extremorientalis
Takasu_ST-127	98.712	466	6	0	3	468	338	803	0.0	828	LT629708.5843882.5845420 Bacteria;Pseudomonadota;Gammaproteobacteria;Pseudomonadales;Pseudomonadaceae;Pseudomonas;Pseudomonas extremorientalis
Takasu_ST-127	98.712	466	6	0	3	468	338	803	0.0	828	LT629706.4574104.4575644 Bacteria;Pseudomonadota;Gammaproteobacteria;Pseudomonadales;Pseudomonadaceae;Pseudomonas;Pseudomonas poae
Takasu_ST-127	98.712	466	6	0	3	468	338	803	0.0	828	LT629706.4255055.4256595 Bacteria;Pseudomonadota;Gammaproteobacteria;Pseudomonadales;Pseudomonadaceae;Pseudomonas;Pseudomonas poae
Takasu_ST-127	98.712	466	6	0	3	468	338	803	0.0	828	LT629706.1521099.1522639 Bacteria;Pseudomonadota;Gammaproteobacteria;Pseudomonadales;Pseudomonadaceae;Pseudomonas;Pseudomonas poae
Takasu_ST-127	98.712	466	6	0	3	468	338	803	0.0	828	LT629706.2815983.2817523 Bacteria;Pseudomonadota;Gammaproteobacteria;Pseudomonadales;Pseudomonadaceae;Pseudomonas;Pseudomonas poae
Takasu_ST-127	98.712	466	6	0	3	468	338	803	0.0	828	LT629704.1818390.1819930 Bacteria;Pseudomonadota;Gammaproteobacteria;Pseudomonadales;Pseudomonadaceae;Pseudomonas;Pseudomonas antarctica
Takasu_ST-127	98.712	466	6	0	3	468	338	803	0.0	828	LT629704.1483288.1484828 Bacteria;Pseudomonadota;Gammaproteobacteria;Pseudomonadales;Pseudomonadaceae;Pseudomonas;Pseudomonas antarctica
Takasu_ST-127	98.712	466	6	0	3	468	338	803	0.0	828	LT629704.5037486.5039026 Bacteria;Pseudomonadota;Gammaproteobacteria;Pseudomonadales;Pseudomonadaceae;Pseudomonas;Pseudomonas antarctica
Takasu_ST-127	98.712	466	6	0	3	468	338	803	0.0	828	LT629704.2639.4179 Bacteria;Pseudomonadota;Gammaproteobacteria;Pseudomonadales;Pseudomonadaceae;Pseudomonas;Pseudomonas antarctica
Takasu_ST-127	98.712	466	6	0	3	468	308	773	0.0	828	AB681333.1.1425 Bacteria;Pseudomonadota;Gammaproteobacteria;Pseudomonadales;Pseudomonadaceae;Pseudomonas;Pseudomonas putida
Takasu_ST-127	98.712	466	6	0	3	468	309	774	0.0	828	AB680977.1.1462 Bacteria;Pseudomonadota;Gammaproteobacteria;Pseudomonadales;Pseudomonadaceae;Pseudomonas;Pseudomonas fluorescens
Takasu_ST-127	98.712	466	6	0	3	468	301	766	0.0	828	JN030498.1.1440 Bacteria;Pseudomonadota;Gammaproteobacteria;Pseudomonadales;Pseudomonadaceae;Pseudomonas;Pseudomonas fluorescens
Takasu_ST-127	98.712	466	6	0	3	468	309	774	0.0	828	AB680092.1.1462 Bacteria;Pseudomonadota;Gammaproteobacteria;Pseudomonadales;Pseudomonadaceae;Pseudomonas;Pseudomonas fluorescens
Takasu_ST-127	98.712	466	6	0	3	468	301	766	0.0	828	JF901709.1.1476 Bacteria;Pseudomonadota;Gammaproteobacteria;Pseudomonadales;Pseudomonadaceae;Pseudomonas;Pseudomonas sp. A-BT-68
Takasu_ST-127	98.712	466	6	0	3	468	302	767	0.0	828	JX627631.1.1535 Bacteria;Pseudomonadota;Gammaproteobacteria;Pseudomonadales;Pseudomonadaceae;Pseudomonas;Pseudomonas sp. O-08
Takasu_ST-127	98.712	466	6	0	3	468	329	794	0.0	828	LT599583.128370.129894 Bacteria;Pseudomonadota;Gammaproteobacteria;Pseudomonadales;Pseudomonadaceae;Pseudomonas;Pseudomonas veronii 1YdBTEX2
Takasu_ST-127	98.712	466	6	0	3	468	303	768	0.0	828	KT369704.1.1450 Bacteria;Pseudomonadota;Gammaproteobacteria;Pseudomonadales;Pseudomonadaceae;Pseudomonas;bacterium ASP36
Takasu_ST-127	98.712	466	6	0	3	468	284	749	0.0	828	HQ224636.1.1403 Bacteria;Pseudomonadota;Gammaproteobacteria;Pseudomonadales;Pseudomonadaceae;Pseudomonas;Pseudomonas sp. SGb385
Takasu_ST-127	98.712	466	6	0	3	468	297	762	0.0	828	JF701975.1.1440 Bacteria;Pseudomonadota;Gammaproteobacteria;Pseudomonadales;Pseudomonadaceae;Pseudomonas;Pseudomonas sp. YXE2-f
Takasu_ST-127	98.712	466	6	0	3	468	300	765	0.0	828	HQ003435.1.1489 Bacteria;Pseudomonadota;Gammaproteobacteria;Pseudomonadales;Pseudomonadaceae;Pseudomonas;Pseudomonas poae
Takasu_ST-127	98.712	466	6	0	3	468	306	771	0.0	828	KF484676.1.1451 Bacteria;Pseudomonadota;Gammaproteobacteria;Pseudomonadales;Pseudomonadaceae;Pseudomonas;Pseudomonas veronii
Takasu_ST-127	98.712	466	6	0	3	468	284	749	0.0	828	EU196773.1.1218 Bacteria;Pseudomonadota;Gammaproteobacteria;Pseudomonadales;Pseudomonadaceae;Pseudomonas;Pseudomonas sp. PGO26
Takasu_ST-127	98.715	467	4	2	3	468	285	750	0.0	828	EU196769.1.1200 Bacteria;Pseudomonadota;Gammaproteobacteria;Pseudomonadales;Pseudomonadaceae;Pseudomonas;Pseudomonas sp. PGO22
Takasu_ST-127	98.712	466	6	0	3	468	246	711	0.0	828	KY110419.1.1343 Bacteria;Pseudomonadota;Gammaproteobacteria;Pseudomonadales;Pseudomonadaceae;Pseudomonas;Pseudomonas sp.
Takasu_ST-127	98.712	466	6	0	3	468	301	766	0.0	828	MG576168.1.1443 Bacteria;Pseudomonadota;Gammaproteobacteria;Pseudomonadales;Pseudomonadaceae;Pseudomonas;Pseudomonas antarctica
Takasu_ST-127	98.715	467	4	2	3	468	275	740	0.0	828	MG571659.1.1395 Bacteria;Pseudomonadota;Gammaproteobacteria;Pseudomonadales;Pseudomonadaceae;Pseudomonas;Pseudomonas frederiksbergensis
Takasu_ST-127	98.712	466	6	0	3	468	272	737	0.0	828	AM933495.1.1427 Bacteria;Pseudomonadota;Gammaproteobacteria;Pseudomonadales;Pseudomonadaceae;Pseudomonas;Pseudomonas antarctica
Takasu_ST-127	98.712	466	6	0	3	468	235	700	0.0	828	KF264571.1.1375 Bacteria;Pseudomonadota;Gammaproteobacteria;Pseudomonadales;Pseudomonadaceae;Pseudomonas;Pseudomonas sp. NL5
Takasu_ST-127	98.712	466	6	0	3	468	247	712	0.0	828	EU031752.1.1400 Bacteria;Pseudomonadota;Gammaproteobacteria;Pseudomonadales;Pseudomonadaceae;Pseudomonas;Pseudomonas sp. BS2
Takasu_ST-127	98.712	466	6	0	3	468	338	803	0.0	828	FN600408.1.1520 Bacteria;Pseudomonadota;Gammaproteobacteria;Pseudomonadales;Pseudomonadaceae;Pseudomonas;Pseudomonas sp. DK2009-17
Takasu_ST-127	98.712	466	6	0	3	468	289	754	0.0	828	HQ591435.1.1201 Bacteria;Pseudomonadota;Gammaproteobacteria;Pseudomonadales;Pseudomonadaceae;Pseudomonas;Pseudomonas sp. KVS86
Takasu_ST-127	98.712	466	6	0	3	468	315	780	0.0	828	GU198111.1.1500 Bacteria;Pseudomonadota;Gammaproteobacteria;Pseudomonadales;Pseudomonadaceae;Pseudomonas;Pseudomonas fluorescens
Takasu_ST-127	98.715	467	4	2	3	468	291	756	0.0	828	MG266294.1.1429 Bacteria;Pseudomonadota;Gammaproteobacteria;Pseudomonadales;Pseudomonadaceae;Pseudomonas;Pseudomonas sp.
Takasu_ST-127	98.712	466	6	0	3	468	299	764	0.0	828	KX832938.1.1437 Bacteria;Pseudomonadota;Gammaproteobacteria;Pseudomonadales;Pseudomonadaceae;Pseudomonas;Pseudomonas sp.
Takasu_ST-127	98.712	466	6	0	3	468	303	768	0.0	828	JQ977322.1.1452 Bacteria;Pseudomonadota;Gammaproteobacteria;Pseudomonadales;Pseudomonadaceae;Pseudomonas;Pseudomonas sp. Ms14
Takasu_ST-127	98.712	466	6	0	3	468	306	771	0.0	828	EF462372.1.1451 Bacteria;Pseudomonadota;Gammaproteobacteria;Pseudomonadales;Pseudomonadaceae;Pseudomonas;bacterium FK2
Takasu_ST-127	98.712	466	6	0	3	468	293	758	0.0	828	FJ984605.1.1434 Bacteria;Pseudomonadota;Gammaproteobacteria;Pseudomonadales;Pseudomonadaceae;Pseudomonas;Pseudomonas sp. gyq9
Takasu_ST-127	98.712	466	6	0	3	468	332	797	0.0	828	GQ281048.1.1504 Bacteria;Pseudomonadota;Gammaproteobacteria;Pseudomonadales;Pseudomonadaceae;Pseudomonas;Pseudomonas sp. BS1(2009)
Takasu_ST-127	98.712	466	6	0	3	468	265	730	0.0	828	FJ938161.1.1378 Bacteria;Pseudomonadota;Gammaproteobacteria;Pseudomonadales;Pseudomonadaceae;Pseudomonas;Pseudomonas sp. 2(2010)
Takasu_ST-127	98.715	467	5	1	3	468	297	763	0.0	828	EU930816.1.1486 Bacteria;Pseudomonadota;Gammaproteobacteria;Pseudomonadales;Pseudomonadaceae;Pseudomonas;Pseudomonas extremaustralis
Takasu_ST-127	98.712	466	6	0	3	468	301	766	0.0	828	JX997894.1.1439 Bacteria;Pseudomonadota;Gammaproteobacteria;Pseudomonadales;Pseudomonadaceae;Pseudomonas;Pseudomonas sp. X-b2
Takasu_ST-127	98.712	466	6	0	3	468	259	724	0.0	828	AJ936933.1.1345 Bacteria;Pseudomonadota;Gammaproteobacteria;Pseudomonadales;Pseudomonadaceae;Pseudomonas;Pseudomonas simiae
Takasu_ST-127	98.712	466	6	0	3	468	309	774	0.0	828	AJ786795.1.1489 Bacteria;Pseudomonadota;Gammaproteobacteria;Pseudomonadales;Pseudomonadaceae;Pseudomonas;Pseudomonas veronii
Takasu_ST-127	98.712	466	6	0	3	468	289	754	0.0	828	Z29622.1.1465 Bacteria;Pseudomonadota;Gammaproteobacteria;Pseudomonadales;Pseudomonadaceae;Pseudomonas;Azospirillum sp.
Takasu_ST-127	98.712	466	6	0	3	468	293	758	0.0	828	MF590113.1.1440 Bacteria;Pseudomonadota;Gammaproteobacteria;Pseudomonadales;Pseudomonadaceae;Pseudomonas;Pseudomonas trivialis
Takasu_ST-127	98.712	466	6	0	3	468	299	764	0.0	828	FJ262366.1.1442 Bacteria;Pseudomonadota;Gammaproteobacteria;Pseudomonadales;Pseudomonadaceae;Pseudomonas;Pseudomonas sp. WH1
Takasu_ST-127	98.712	466	6	0	3	468	317	782	0.0	828	AJ537601.1.1511 Bacteria;Pseudomonadota;Gammaproteobacteria;Pseudomonadales;Pseudomonadaceae;Pseudomonas;Pseudomonas antarctica
Takasu_ST-127	98.712	466	6	0	3	468	317	782	0.0	828	AJ537602.1.1511 Bacteria;Pseudomonadota;Gammaproteobacteria;Pseudomonadales;Pseudomonadaceae;Pseudomonas;Pseudomonas meridiana
Takasu_ST-127	98.712	466	6	0	3	468	290	755	0.0	828	EU434560.1.1430 Bacteria;Pseudomonadota;Gammaproteobacteria;Pseudomonadales;Pseudomonadaceae;Pseudomonas;Pseudomonas fluorescens
Takasu_ST-127	98.715	467	5	1	3	468	306	772	0.0	828	EU434546.1.1458 Bacteria;Pseudomonadota;Gammaproteobacteria;Pseudomonadales;Pseudomonadaceae;Pseudomonas;Pseudomonas fluorescens
Takasu_ST-127	98.712	466	6	0	3	468	311	776	0.0	828	EU434528.1.1460 Bacteria;Pseudomonadota;Gammaproteobacteria;Pseudomonadales;Pseudomonadaceae;Pseudomonas;Pseudomonas fluorescens
Takasu_ST-127	98.712	466	6	0	3	468	275	740	0.0	828	EU434450.1.1402 Bacteria;Pseudomonadota;Gammaproteobacteria;Pseudomonadales;Pseudomonadaceae;Pseudomonas;Pseudomonas fluorescens
Takasu_ST-127	98.712	466	6	0	3	468	329	794	0.0	828	AJ492829.1.1529 Bacteria;Pseudomonadota;Gammaproteobacteria;Pseudomonadales;Pseudomonadaceae;Pseudomonas;Pseudomonas poae
Takasu_ST-127	98.712	466	6	0	3	468	329	794	0.0	828	AJ492831.1.1529 Bacteria;Pseudomonadota;Gammaproteobacteria;Pseudomonadales;Pseudomonadaceae;Pseudomonas;Pseudomonas trivialis
Takasu_ST-127	98.712	466	6	0	3	468	300	765	0.0	828	KJ878605.1.1436 Bacteria;Pseudomonadota;Gammaproteobacteria;Pseudomonadales;Pseudomonadaceae;Pseudomonas;Pseudomonas sp. ES2-23
Takasu_ST-127	98.712	466	6	0	3	468	311	776	0.0	828	AJ440983.1.1494 Bacteria;Pseudomonadota;Gammaproteobacteria;Pseudomonadales;Pseudomonadaceae;Pseudomonas;Antarctic bacterium R-7616
Takasu_ST-127	98.712	466	6	0	3	468	202	667	0.0	828	AJ308307.1.1371 Bacteria;Pseudomonadota;Gammaproteobacteria;Pseudomonadales;Pseudomonadaceae;Pseudomonas;Pseudomonas fluorescens
Takasu_ST-127	98.712	466	6	0	3	468	302	767	0.0	828	KU312049.1.1437 Bacteria;Pseudomonadota;Gammaproteobacteria;Pseudomonadales;Pseudomonadaceae;Pseudomonas;Pseudomonas fluorescens
Takasu_ST-127	98.712	466	6	0	3	468	312	777	0.0	828	JQ236825.1.1452 Bacteria;Pseudomonadota;Gammaproteobacteria;Pseudomonadales;Pseudomonadaceae;Pseudomonas;Pseudomonas sp. hswX21
Takasu_ST-127	98.712	466	6	0	3	468	318	783	0.0	828	JQ236822.1.1454 Bacteria;Pseudomonadota;Gammaproteobacteria;Pseudomonadales;Pseudomonadaceae;Pseudomonas;Pseudomonas fluorescens
Takasu_ST-127	98.511	470	3	1	3	468	300	769	0.0	828	KY646006.1.1470 Bacteria;Pseudomonadota;Gammaproteobacteria;Pseudomonadales;Pseudomonadaceae;Pseudomonas;Pseudomonas grimontii
Takasu_ST-127	98.712	466	6	0	3	468	309	774	0.0	828	KY646026.1.1476 Bacteria;Pseudomonadota;Gammaproteobacteria;Pseudomonadales;Pseudomonadaceae;Pseudomonas;Pseudomonas veronii
Takasu_ST-127	98.712	466	6	0	3	468	347	812	0.0	828	KY646019.1.1529 Bacteria;Pseudomonadota;Gammaproteobacteria;Pseudomonadales;Pseudomonadaceae;Pseudomonas;Pseudomonas poae
Takasu_ST-127	98.712	466	6	0	3	468	347	812	0.0	828	KY646024.1.1591 Bacteria;Pseudomonadota;Gammaproteobacteria;Pseudomonadales;Pseudomonadaceae;Pseudomonas;Pseudomonas sp.
Takasu_ST-127	98.712	466	6	0	3	468	324	789	0.0	828	KY646034.1.1483 Bacteria;Pseudomonadota;Gammaproteobacteria;Pseudomonadales;Pseudomonadaceae;Pseudomonas;Pseudomonas veronii
Takasu_ST-127	98.712	466	6	0	3	468	299	764	0.0	828	KY623372.1.1438 Bacteria;Pseudomonadota;Gammaproteobacteria;Pseudomonadales;Pseudomonadaceae;Pseudomonas;Pseudomonas sp.
Takasu_ST-127	98.712	466	5	1	3	468	305	769	0.0	826	KP941778.1.1487 Bacteria;Pseudomonadota;Gammaproteobacteria;Pseudomonadales;Pseudomonadaceae;Pseudomonas;Pseudomonas sp. Hc_12N
Takasu_ST-127	98.712	466	5	1	3	468	307	771	0.0	826	GQ845121.1.1453 Bacteria;Pseudomonadota;Gammaproteobacteria;Pseudomonadales;Pseudomonadaceae;Pseudomonas;Pseudomonas marginalis
Takasu_ST-127	98.710	465	6	0	4	468	308	772	0.0	826	FJ950558.1.1453 Bacteria;Pseudomonadota;Gammaproteobacteria;Pseudomonadales;Pseudomonadaceae;Pseudomonas;Pseudomonas sp. c59
Takasu_ST-127	98.710	465	6	0	4	468	279	743	0.0	826	EF016111.1.1400 Bacteria;Pseudomonadota;Gammaproteobacteria;Pseudomonadales;Pseudomonadaceae;Pseudomonas;Pseudomonas sp. BSLX
Takasu_ST-127	98.504	468	7	0	1	468	277	744	0.0	826	EF016112.1.1397 Bacteria;Pseudomonadota;Gammaproteobacteria;Pseudomonadales;Pseudomonadaceae;Pseudomonas;Pseudomonas sp. BSLY
Takasu_ST-127	98.498	466	7	0	3	468	296	761	0.0	824	HM461213.1.1466 Bacteria;Pseudomonadota;Gammaproteobacteria;Pseudomonadales;Pseudomonadaceae;Pseudomonas;Pseudomonas sp. enrichment culture clone HSL84
Takasu_ST-127	98.498	466	7	0	3	468	292	757	0.0	824	MH880107.1.1415 Bacteria;Pseudomonadota;Gammaproteobacteria;Pseudomonadales;Pseudomonadaceae;Pseudomonas;Pseudomonas fluorescens
Takasu_ST-127	98.498	466	7	0	3	468	301	766	0.0	824	AF195875.1.1455 Bacteria;Pseudomonadota;Gammaproteobacteria;Pseudomonadales;Pseudomonadaceae;Pseudomonas;Pseudomonas sp. A2
Takasu_ST-127	98.498	466	7	0	3	468	301	766	0.0	824	AF195876.1.1455 Bacteria;Pseudomonadota;Gammaproteobacteria;Pseudomonadales;Pseudomonadaceae;Pseudomonas;Pseudomonas sp. KA2
Takasu_ST-127	98.707	464	6	0	3	466	311	774	0.0	824	AF184918.1.1525 Bacteria;Pseudomonadota;Gammaproteobacteria;Pseudomonadales;Pseudomonadaceae;Pseudomonas;Pseudomonas sp. DSM 12877
Takasu_ST-127	98.501	467	6	1	3	468	273	739	0.0	824	KF733336.1.1421 Bacteria;Pseudomonadota;Gammaproteobacteria;Pseudomonadales;Pseudomonadaceae;Pseudomonas;Pseudomonas sp. b117
Takasu_ST-127	98.498	466	7	0	3	468	250	715	0.0	824	KT710811.1.1291 Bacteria;Pseudomonadota;Gammaproteobacteria;Pseudomonadales;Pseudomonadaceae;Pseudomonas;Pseudomonas sp. RZ109
Takasu_ST-127	98.504	468	5	2	3	468	333	800	0.0	824	EF442064.1.1431 Bacteria;Pseudomonadota;Gammaproteobacteria;Pseudomonadales;Pseudomonadaceae;Pseudomonas;Pseudomonas sp. NCHA35
Takasu_ST-127	98.498	466	7	0	3	468	293	758	0.0	824	KY742779.1.1368 Bacteria;Pseudomonadota;Gammaproteobacteria;Pseudomonadales;Pseudomonadaceae;Pseudomonas;Pseudomonas sp.
Takasu_ST-127	98.501	467	5	2	3	468	338	803	0.0	822	JF428983.1.1520 Bacteria;Pseudomonadota;Gammaproteobacteria;Pseudomonadales;Pseudomonadaceae;Pseudomonas;uncultured bacterium
Takasu_ST-127	98.504	468	4	3	3	468	339	805	0.0	822	JF428912.1.1522 Bacteria;Pseudomonadota;Gammaproteobacteria;Pseudomonadales;Pseudomonadaceae;Pseudomonas;uncultured bacterium
Takasu_ST-127	98.498	466	7	0	3	468	300	765	0.0	822	D86002.1.1329 Bacteria;Pseudomonadota;Gammaproteobacteria;Pseudomonadales;Pseudomonadaceae;Pseudomonas;Pseudomonas fluorescens
Takasu_ST-127	98.498	466	7	0	3	468	330	795	0.0	822	CP026880.845582.847099 Bacteria;Pseudomonadota;Gammaproteobacteria;Pseudomonadales;Pseudomonadaceae;Pseudomonas;Pseudomonas sp. LH1G9
Takasu_ST-127	98.498	466	7	0	3	468	309	774	0.0	822	KX363699.1.1463 Bacteria;Pseudomonadota;Gammaproteobacteria;Pseudomonadales;Pseudomonadaceae;Pseudomonas;uncultured Pseudomonas sp.
Takasu_ST-127	98.498	466	7	0	3	468	329	794	0.0	822	EU536306.1.1395 Bacteria;Pseudomonadota;Gammaproteobacteria;Pseudomonadales;Pseudomonadaceae;Pseudomonas;uncultured bacterium
Takasu_ST-127	98.498	466	7	0	3	468	329	794	0.0	822	EU538916.1.1398 Bacteria;Pseudomonadota;Gammaproteobacteria;Pseudomonadales;Pseudomonadaceae;Pseudomonas;uncultured bacterium
Takasu_ST-127	98.498	466	7	0	3	468	329	794	0.0	822	EU538636.1.1397 Bacteria;Pseudomonadota;Gammaproteobacteria;Pseudomonadales;Pseudomonadaceae;Pseudomonas;uncultured bacterium
Takasu_ST-127	98.501	467	5	2	3	468	334	799	0.0	822	JQ684099.1.1511 Bacteria;Pseudomonadota;Gammaproteobacteria;Pseudomonadales;Pseudomonadaceae;Pseudomonas;uncultured Pseudomonas sp.
Takasu_ST-127	98.498	466	7	0	3	468	336	801	0.0	822	CP018420.2207816.2209361 Bacteria;Pseudomonadota;Gammaproteobacteria;Pseudomonadales;Pseudomonadaceae;Pseudomonas;Pseudomonas veronii
Takasu_ST-127	98.498	466	7	0	3	468	336	801	0.0	822	CP018420.5822607.5824153 Bacteria;Pseudomonadota;Gammaproteobacteria;Pseudomonadales;Pseudomonadaceae;Pseudomonas;Pseudomonas veronii
Takasu_ST-127	98.498	466	7	0	3	468	336	801	0.0	822	CP018420.766354.767900 Bacteria;Pseudomonadota;Gammaproteobacteria;Pseudomonadales;Pseudomonadaceae;Pseudomonas;Pseudomonas veronii
Takasu_ST-127	98.498	466	7	0	3	468	213	678	0.0	822	KX354910.1.1260 Bacteria;Pseudomonadota;Gammaproteobacteria;Pseudomonadales;Pseudomonadaceae;Pseudomonas;Pseudomonas sp. 62(2016)
Takasu_ST-127	98.498	466	7	0	3	468	213	678	0.0	822	KX354905.1.1285 Bacteria;Pseudomonadota;Gammaproteobacteria;Pseudomonadales;Pseudomonadaceae;Pseudomonas;Pseudomonas sp. 37(2016)
Takasu_ST-127	98.498	466	7	0	3	468	329	794	0.0	822	EF515705.1.1397 Bacteria;Pseudomonadota;Gammaproteobacteria;Pseudomonadales;Pseudomonadaceae;Pseudomonas;uncultured bacterium
Takasu_ST-127	98.501	467	5	2	3	468	357	822	0.0	822	MF139035.1.1542 Bacteria;Pseudomonadota;Gammaproteobacteria;Pseudomonadales;Pseudomonadaceae;Pseudomonas;Pseudomonas frederiksbergensis
Takasu_ST-127	98.498	466	7	0	3	468	291	756	0.0	822	MH337931.1.1279 Bacteria;Pseudomonadota;Gammaproteobacteria;Pseudomonadales;Pseudomonadaceae;Pseudomonas;Pseudomonas fluorescens
Takasu_ST-127	98.501	467	5	2	3	468	309	774	0.0	822	HE603514.1.1497 Bacteria;Pseudomonadota;Gammaproteobacteria;Pseudomonadales;Pseudomonadaceae;Pseudomonas;Pseudomonas sp. R-42098
Takasu_ST-127	98.501	467	5	2	3	468	309	774	0.0	822	HE603518.1.1497 Bacteria;Pseudomonadota;Gammaproteobacteria;Pseudomonadales;Pseudomonadaceae;Pseudomonas;Pseudomonas sp. R-42137
Takasu_ST-127	98.501	467	5	2	3	468	316	781	0.0	822	HE603502.1.1503 Bacteria;Pseudomonadota;Gammaproteobacteria;Pseudomonadales;Pseudomonadaceae;Pseudomonas;Pseudomonas sp. R-41947
Takasu_ST-127	98.501	467	5	2	3	468	309	774	0.0	822	HE603510.1.1496 Bacteria;Pseudomonadota;Gammaproteobacteria;Pseudomonadales;Pseudomonadaceae;Pseudomonas;Pseudomonas sp. R-42085
Takasu_ST-127	98.498	466	7	0	3	468	330	795	0.0	822	AY748440.1.1501 Bacteria;Pseudomonadota;Gammaproteobacteria;Pseudomonadales;Pseudomonadaceae;Pseudomonas;Pseudomonas veronii
Takasu_ST-127	98.498	466	7	0	3	468	315	780	0.0	822	MH190219.1.1464 Bacteria;Pseudomonadota;Gammaproteobacteria;Pseudomonadales;Pseudomonadaceae;Pseudomonas;Pseudomonas veronii
Takasu_ST-127	98.501	467	5	2	3	468	309	774	0.0	822	HE603512.1.1495 Bacteria;Pseudomonadota;Gammaproteobacteria;Pseudomonadales;Pseudomonadaceae;Pseudomonas;Pseudomonas sp. R-42090
Takasu_ST-127	98.501	467	5	2	3	468	338	803	0.0	822	LT629790.473229.474769 Bacteria;Pseudomonadota;Gammaproteobacteria;Pseudomonadales;Pseudomonadaceae;Pseudomonas;Pseudomonas mediterranea
Takasu_ST-127	98.501	467	5	2	3	468	338	803	0.0	822	LT629790.6168276.6169816 Bacteria;Pseudomonadota;Gammaproteobacteria;Pseudomonadales;Pseudomonadaceae;Pseudomonas;Pseudomonas mediterranea
Takasu_ST-127	98.501	467	5	2	3	468	338	803	0.0	822	LT629790.1626980.1628520 Bacteria;Pseudomonadota;Gammaproteobacteria;Pseudomonadales;Pseudomonadaceae;Pseudomonas;Pseudomonas mediterranea
Takasu_ST-127	98.501	467	5	2	3	468	338	803	0.0	822	LT629790.1298883.1300423 Bacteria;Pseudomonadota;Gammaproteobacteria;Pseudomonadales;Pseudomonadaceae;Pseudomonas;Pseudomonas mediterranea
Takasu_ST-127	98.501	467	5	2	3	468	338	803	0.0	822	LT629790.2505927.2507467 Bacteria;Pseudomonadota;Gammaproteobacteria;Pseudomonadales;Pseudomonadaceae;Pseudomonas;Pseudomonas mediterranea
Takasu_ST-127	98.501	467	6	1	3	468	306	772	0.0	822	MH079451.1.1448 Bacteria;Pseudomonadota;Gammaproteobacteria;Pseudomonadales;Pseudomonadaceae;Pseudomonas;Pseudomonas poae
Takasu_ST-127	98.504	468	4	3	3	468	305	771	0.0	822	AB856848.1.1328 Bacteria;Pseudomonadota;Gammaproteobacteria;Pseudomonadales;Pseudomonadaceae;Pseudomonas;Pseudomonas rhodesiae
Takasu_ST-127	98.498	466	7	0	3	468	338	803	0.0	822	LT629760.2158624.2160164 Bacteria;Pseudomonadota;Gammaproteobacteria;Pseudomonadales;Pseudomonadaceae;Pseudomonas;Pseudomonas trivialis
Takasu_ST-127	98.498	466	7	0	3	468	309	774	0.0	822	AB680971.1.1462 Bacteria;Pseudomonadota;Gammaproteobacteria;Pseudomonadales;Pseudomonadaceae;Pseudomonas;Pseudomonas fluorescens
Takasu_ST-127	98.498	466	7	0	3	468	329	794	0.0	822	LT599583.2015052.2016576 Bacteria;Pseudomonadota;Gammaproteobacteria;Pseudomonadales;Pseudomonadaceae;Pseudomonas;Pseudomonas veronii 1YdBTEX2
Takasu_ST-127	98.498	466	7	0	3	468	329	794	0.0	822	LT599583.730254.731778 Bacteria;Pseudomonadota;Gammaproteobacteria;Pseudomonadales;Pseudomonadaceae;Pseudomonas;Pseudomonas veronii 1YdBTEX2
Takasu_ST-127	98.498	466	7	0	3	468	329	794	0.0	822	LT599583.4440673.4442197 Bacteria;Pseudomonadota;Gammaproteobacteria;Pseudomonadales;Pseudomonadaceae;Pseudomonas;Pseudomonas veronii 1YdBTEX2
Takasu_ST-127	98.498	466	7	0	3	468	329	794	0.0	822	LT599583.5590276.5591799 Bacteria;Pseudomonadota;Gammaproteobacteria;Pseudomonadales;Pseudomonadaceae;Pseudomonas;Pseudomonas veronii 1YdBTEX2
Takasu_ST-127	98.498	466	7	0	3	468	304	769	0.0	822	KT369706.1.1452 Bacteria;Pseudomonadota;Gammaproteobacteria;Pseudomonadales;Pseudomonadaceae;Pseudomonas;bacterium ASP38
Takasu_ST-127	98.501	467	5	2	3	468	300	765	0.0	822	HQ220021.1.1448 Bacteria;Pseudomonadota;Gammaproteobacteria;Pseudomonadales;Pseudomonadaceae;Pseudomonas;Pseudomonas sp. AKB20
Takasu_ST-127	98.501	467	5	2	3	468	306	771	0.0	822	HQ219901.1.1457 Bacteria;Pseudomonadota;Gammaproteobacteria;Pseudomonadales;Pseudomonadaceae;Pseudomonas;Pseudomonas sp. ANA70
Takasu_ST-127	98.501	467	5	2	3	468	307	772	0.0	822	JF694813.1.1484 Bacteria;Pseudomonadota;Gammaproteobacteria;Pseudomonadales;Pseudomonadaceae;Pseudomonas;Pseudomonas sp. BLH-8G1
Takasu_ST-127	98.498	466	7	0	3	468	301	766	0.0	822	HM640290.1.1422 Bacteria;Pseudomonadota;Gammaproteobacteria;Pseudomonadales;Pseudomonadaceae;Pseudomonas;Pseudomonas poae
Takasu_ST-127	98.498	466	7	0	3	468	295	760	0.0	822	HM640281.1.1433 Bacteria;Pseudomonadota;Gammaproteobacteria;Pseudomonadales;Pseudomonadaceae;Pseudomonas;Pseudomonas poae
Takasu_ST-127	98.501	467	5	2	3	468	276	741	0.0	822	MG557785.1.1423 Bacteria;Pseudomonadota;Gammaproteobacteria;Pseudomonadales;Pseudomonadaceae;Pseudomonas;Pseudomonas sp.
Takasu_ST-127	98.501	467	5	2	3	468	300	765	0.0	822	KP330249.1.1441 Bacteria;Pseudomonadota;Gammaproteobacteria;Pseudomonadales;Pseudomonadaceae;Pseudomonas;Pseudomonas sp. TK57
Takasu_ST-127	98.501	467	5	2	3	468	303	768	0.0	822	KP330255.1.1450 Bacteria;Pseudomonadota;Gammaproteobacteria;Pseudomonadales;Pseudomonadaceae;Pseudomonas;Pseudomonas sp. TK46
Takasu_ST-127	98.501	467	5	2	3	468	301	766	0.0	822	KP330258.1.1445 Bacteria;Pseudomonadota;Gammaproteobacteria;Pseudomonadales;Pseudomonadaceae;Pseudomonas;Pseudomonas sp. TK37
Takasu_ST-127	98.498	466	7	0	3	468	297	762	0.0	822	AM900687.1.1436 Bacteria;Pseudomonadota;Gammaproteobacteria;Pseudomonadales;Pseudomonadaceae;Pseudomonas;Pseudomonas trivialis
Takasu_ST-127	98.501	467	5	2	3	468	337	802	0.0	822	EF673038.1.1517 Bacteria;Pseudomonadota;Gammaproteobacteria;Pseudomonadales;Pseudomonadaceae;Pseudomonas;Pseudomonas mediterranea
Takasu_ST-127	98.498	466	7	0	3	468	302	767	0.0	822	HQ443230.1.1443 Bacteria;Pseudomonadota;Gammaproteobacteria;Pseudomonadales;Pseudomonadaceae;Pseudomonas;Pseudomonas poae
Takasu_ST-127	98.498	466	7	0	3	468	304	769	0.0	822	EF462373.1.1448 Bacteria;Pseudomonadota;Gammaproteobacteria;Pseudomonadales;Pseudomonadaceae;Pseudomonas;bacterium FK1
Takasu_ST-127	98.501	467	5	2	3	468	305	770	0.0	822	KF153218.1.1444 Bacteria;Pseudomonadota;Gammaproteobacteria;Pseudomonadales;Pseudomonadaceae;Pseudomonas;Pseudomonas sp. PP113
Takasu_ST-127	98.498	466	7	0	3	468	329	794	0.0	822	FJ937929.1.1393 Bacteria;Pseudomonadota;Gammaproteobacteria;Pseudomonadales;Pseudomonadaceae;Pseudomonas;Pseudomonas sp. LS227
Takasu_ST-127	98.501	467	5	2	3	468	306	771	0.0	822	KU551889.1.1296 Bacteria;Pseudomonadota;Gammaproteobacteria;Pseudomonadales;Pseudomonadaceae;Pseudomonas;Pseudomonas lini
Takasu_ST-127	98.501	467	5	2	3	468	301	766	0.0	822	EF102850.1.1444 Bacteria;Pseudomonadota;Gammaproteobacteria;Pseudomonadales;Pseudomonadaceae;Pseudomonas;Pseudomonas sp. G-229-21
Takasu_ST-127	98.501	467	5	2	3	468	254	719	0.0	822	EF102852.1.1348 Bacteria;Pseudomonadota;Gammaproteobacteria;Pseudomonadales;Pseudomonadaceae;Pseudomonas;Pseudomonas sp. G-229-23
Takasu_ST-127	98.498	466	7	0	3	468	282	747	0.0	822	KC108979.1.1231 Bacteria;Pseudomonadota;Gammaproteobacteria;Pseudomonadales;Pseudomonadaceae;Pseudomonas;Pseudomonas sp. UA-JF4216
Takasu_ST-127	98.498	466	7	0	3	468	302	767	0.0	822	EU636051.1.1427 Bacteria;Pseudomonadota;Gammaproteobacteria;Pseudomonadales;Pseudomonadaceae;Pseudomonas;Antarctic bacterium GA0G
Takasu_ST-127	98.498	466	7	0	3	468	309	774	0.0	822	AJ556801.1.1476 Bacteria;Pseudomonadota;Gammaproteobacteria;Pseudomonadales;Pseudomonadaceae;Pseudomonas;Pseudomonas sp. MWH1
Takasu_ST-127	98.498	466	7	0	3	468	311	776	0.0	822	JX914668.1.1454 Bacteria;Pseudomonadota;Gammaproteobacteria;Pseudomonadales;Pseudomonadaceae;Pseudomonas;Pseudomonas sp. ADT5
Takasu_ST-127	98.501	467	6	1	3	468	309	775	0.0	822	EU434518.1.1457 Bacteria;Pseudomonadota;Gammaproteobacteria;Pseudomonadales;Pseudomonadaceae;Pseudomonas;Pseudomonas fluorescens
Takasu_ST-127	98.501	467	6	1	3	468	306	772	0.0	822	EU434493.1.1453 Bacteria;Pseudomonadota;Gammaproteobacteria;Pseudomonadales;Pseudomonadaceae;Pseudomonas;Pseudomonas fluorescens
Takasu_ST-127	98.498	466	7	0	3	468	309	774	0.0	822	AB021411.1.1504 Bacteria;Pseudomonadota;Gammaproteobacteria;Pseudomonadales;Pseudomonadaceae;Pseudomonas;Pseudomonas veronii
Takasu_ST-127	98.498	466	7	0	3	468	202	667	0.0	822	AJ308304.1.1371 Bacteria;Pseudomonadota;Gammaproteobacteria;Pseudomonadales;Pseudomonadaceae;Pseudomonas;Pseudomonas fluorescens
Takasu_ST-127	98.498	466	7	0	3	468	228	693	0.0	822	JN873160.1.1281 Bacteria;Pseudomonadota;Gammaproteobacteria;Pseudomonadales;Pseudomonadaceae;Pseudomonas;Pseudomonas sp. KOPRI80188
Takasu_ST-127	98.498	466	7	0	3	468	337	802	0.0	822	KY646025.1.1488 Bacteria;Pseudomonadota;Gammaproteobacteria;Pseudomonadales;Pseudomonadaceae;Pseudomonas;Pseudomonas veronii
Takasu_ST-127	98.498	466	6	1	3	468	309	773	0.0	821	GQ101936.1.1357 Bacteria;Pseudomonadota;Gammaproteobacteria;Pseudomonadales;Pseudomonadaceae;Pseudomonas;uncultured bacterium
Takasu_ST-127	98.301	471	3	4	3	468	329	799	0.0	821	JN030536.1.1542 Bacteria;Pseudomonadota;Gammaproteobacteria;Pseudomonadales;Pseudomonadaceae;Pseudomonas;uncultured bacterium
Takasu_ST-127	98.498	466	6	1	3	468	329	793	0.0	821	EU024343.1.1503 Bacteria;Pseudomonadota;Gammaproteobacteria;Pseudomonadales;Pseudomonadaceae;Pseudomonas;uncultured bacterium
Takasu_ST-127	98.498	466	6	1	3	468	301	765	0.0	821	JF901706.1.1473 Bacteria;Pseudomonadota;Gammaproteobacteria;Pseudomonadales;Pseudomonadaceae;Pseudomonas;Pseudomonas sp. B-AS-44
Takasu_ST-127	98.498	466	6	1	3	468	301	765	0.0	821	EF102856.1.1444 Bacteria;Pseudomonadota;Gammaproteobacteria;Pseudomonadales;Pseudomonadaceae;Pseudomonas;Pseudomonas sp. G-2-1-1
Takasu_ST-127	98.498	466	5	2	4	468	201	665	0.0	821	KY963489.1.1270 Bacteria;Pseudomonadota;Gammaproteobacteria;Pseudomonadales;Pseudomonadaceae;Pseudomonas;Pseudomonas fluorescens
Takasu_ST-127	98.495	465	7	0	4	468	330	794	0.0	821	DQ898312.1.1529 Bacteria;Pseudomonadota;Gammaproteobacteria;Pseudomonadales;Pseudomonadaceae;Pseudomonas;Pseudomonas sp. Pb1(2006)
Takasu_ST-127	98.287	467	7	1	3	468	297	763	0.0	819	KF803176.1.1433 Bacteria;Pseudomonadota;Gammaproteobacteria;Pseudomonadales;Pseudomonadaceae;Pseudomonas;uncultured bacterium
Takasu_ST-127	98.908	458	5	0	11	468	299	756	0.0	819	KR107313.1.1422 Bacteria;Pseudomonadota;Gammaproteobacteria;Pseudomonadales;Pseudomonadaceae;Pseudomonas;uncultured bacterium
Takasu_ST-127	98.294	469	5	1	3	468	256	724	0.0	819	AY902200.1.1432 Bacteria;Pseudomonadota;Gammaproteobacteria;Pseudomonadales;Pseudomonadaceae;Pseudomonas;Pseudomonas sp. R2A1
Takasu_ST-127	98.291	468	6	2	3	468	280	747	0.0	819	LK392938.1.1403 Bacteria;Pseudomonadota;Gammaproteobacteria;Pseudomonadales;Pseudomonadaceae;Pseudomonas;uncultured bacterium
Takasu_ST-127	98.491	464	7	0	5	468	301	764	0.0	819	KX618412.1.1449 Bacteria;Pseudomonadota;Gammaproteobacteria;Pseudomonadales;Pseudomonadaceae;Pseudomonas;Pseudomonas sp.
Takasu_ST-127	98.498	466	3	1	3	468	294	755	0.0	819	JQ438826.1.1460 Bacteria;Pseudomonadota;Gammaproteobacteria;Pseudomonadales;Pseudomonadaceae;Pseudomonas;Pseudomonas marginalis
Takasu_ST-127	98.291	468	6	2	3	468	280	747	0.0	819	EU434384.1.1412 Bacteria;Pseudomonadota;Gammaproteobacteria;Pseudomonadales;Pseudomonadaceae;Pseudomonas;Pseudomonas fluorescens
Takasu_ST-127	98.291	468	6	2	3	468	302	769	0.0	819	EU434397.1.1448 Bacteria;Pseudomonadota;Gammaproteobacteria;Pseudomonadales;Pseudomonadaceae;Pseudomonas;Pseudomonas fluorescens
Takasu_ST-127	98.291	468	6	2	3	468	302	769	0.0	819	JQ014174.1.1449 Bacteria;Pseudomonadota;Gammaproteobacteria;Pseudomonadales;Pseudomonadaceae;Pseudomonas;Pseudomonas veronii
Takasu_ST-127	98.287	467	6	2	3	468	300	765	0.0	817	D86001.1.1329 Bacteria;Pseudomonadota;Gammaproteobacteria;Pseudomonadales;Pseudomonadaceae;Pseudomonas;Pseudomonas fluorescens
Takasu_ST-127	98.291	468	5	3	3	468	301	767	0.0	817	DQ177467.1.1475 Bacteria;Pseudomonadota;Gammaproteobacteria;Pseudomonadales;Pseudomonadaceae;Pseudomonas;Pseudomonas sp. Tibet-IB62
Takasu_ST-127	98.287	467	6	2	3	468	329	794	0.0	817	DQ207731.1.1520 Bacteria;Pseudomonadota;Gammaproteobacteria;Pseudomonadales;Pseudomonadaceae;Pseudomonas;Pseudomonas fluorescens
Takasu_ST-127	98.283	466	8	0	3	468	336	801	0.0	817	CP031450.6146683.6148220 Bacteria;Pseudomonadota;Gammaproteobacteria;Pseudomonadales;Pseudomonadaceae;Pseudomonas;Pseudomonas fluorescens
Takasu_ST-127	98.283	466	8	0	3	468	336	801	0.0	817	CP031450.2121199.2122736 Bacteria;Pseudomonadota;Gammaproteobacteria;Pseudomonadales;Pseudomonadaceae;Pseudomonas;Pseudomonas fluorescens
Takasu_ST-127	98.283	466	8	0	3	468	336	801	0.0	817	CP031450.5771851.5773388 Bacteria;Pseudomonadota;Gammaproteobacteria;Pseudomonadales;Pseudomonadaceae;Pseudomonas;Pseudomonas fluorescens
Takasu_ST-127	98.283	466	8	0	3	468	336	801	0.0	817	CP031450.121792.123329 Bacteria;Pseudomonadota;Gammaproteobacteria;Pseudomonadales;Pseudomonadaceae;Pseudomonas;Pseudomonas fluorescens
Takasu_ST-127	98.283	466	8	0	3	468	336	801	0.0	817	CP031450.768123.769660 Bacteria;Pseudomonadota;Gammaproteobacteria;Pseudomonadales;Pseudomonadaceae;Pseudomonas;Pseudomonas fluorescens
Takasu_ST-127	98.287	467	6	2	3	468	329	794	0.0	817	KX509313.1.1498 Bacteria;Pseudomonadota;Gammaproteobacteria;Pseudomonadales;Pseudomonadaceae;Pseudomonas;uncultured bacterium
Takasu_ST-127	98.283	466	8	0	3	468	330	795	0.0	817	GQ480044.1.1499 Bacteria;Pseudomonadota;Gammaproteobacteria;Pseudomonadales;Pseudomonadaceae;Pseudomonas;uncultured bacterium
Takasu_ST-127	98.283	466	8	0	3	468	322	787	0.0	817	KX363700.1.1472 Bacteria;Pseudomonadota;Gammaproteobacteria;Pseudomonadales;Pseudomonadaceae;Pseudomonas;uncultured Pseudomonas sp.
Takasu_ST-127	98.283	466	8	0	3	468	336	801	0.0	817	CP025494.4048711.4050248 Bacteria;Pseudomonadota;Gammaproteobacteria;Pseudomonadales;Pseudomonadaceae;Pseudomonas;Pseudomonas palleroniana
Takasu_ST-127	98.287	467	6	2	3	468	336	801	0.0	817	CP022960.660659.662205 Bacteria;Pseudomonadota;Gammaproteobacteria;Pseudomonadales;Pseudomonadaceae;Pseudomonas;Pseudomonas sp. NS1(2017)
Takasu_ST-127	98.287	467	6	2	3	468	336	801	0.0	817	CP022960.2143519.2145065 Bacteria;Pseudomonadota;Gammaproteobacteria;Pseudomonadales;Pseudomonadaceae;Pseudomonas;Pseudomonas sp. NS1(2017)
Takasu_ST-127	98.287	467	6	2	3	468	329	794	0.0	817	KU515177.1.1498 Bacteria;Pseudomonadota;Gammaproteobacteria;Pseudomonadales;Pseudomonadaceae;Pseudomonas;uncultured bacterium
Takasu_ST-127	98.287	467	6	2	3	468	329	794	0.0	817	EU538361.1.1383 Bacteria;Pseudomonadota;Gammaproteobacteria;Pseudomonadales;Pseudomonadaceae;Pseudomonas;uncultured bacterium
Takasu_ST-127	98.287	467	6	2	3	468	329	794	0.0	817	EU538912.1.1398 Bacteria;Pseudomonadota;Gammaproteobacteria;Pseudomonadales;Pseudomonadaceae;Pseudomonas;uncultured bacterium
Takasu_ST-127	98.287	467	6	2	3	468	329	794	0.0	817	EU537217.1.1398 Bacteria;Pseudomonadota;Gammaproteobacteria;Pseudomonadales;Pseudomonadaceae;Pseudomonas;uncultured bacterium
Takasu_ST-127	98.283	466	8	0	3	468	329	794	0.0	817	EU538430.1.1395 Bacteria;Pseudomonadota;Gammaproteobacteria;Pseudomonadales;Pseudomonadaceae;Pseudomonas;uncultured bacterium
Takasu_ST-127	98.287	467	6	2	3	468	329	794	0.0	817	EU538157.1.1388 Bacteria;Pseudomonadota;Gammaproteobacteria;Pseudomonadales;Pseudomonadaceae;Pseudomonas;uncultured bacterium
Takasu_ST-127	98.283	466	8	0	3	468	289	754	0.0	817	AY863075.1.1356 Bacteria;Pseudomonadota;Gammaproteobacteria;Pseudomonadales;Pseudomonadaceae;Pseudomonas;uncultured bacterium
Takasu_ST-127	98.283	466	8	0	3	468	336	801	0.0	817	HM066211.1.1515 Bacteria;Pseudomonadota;Gammaproteobacteria;Pseudomonadales;Pseudomonadaceae;Pseudomonas;uncultured bacterium
Takasu_ST-127	98.287	467	6	2	3	468	330	795	0.0	817	JF766510.1.1510 Bacteria;Pseudomonadota;Gammaproteobacteria;Pseudomonadales;Pseudomonadaceae;Pseudomonas;uncultured bacterium
Takasu_ST-127	98.287	467	6	2	3	468	302	767	0.0	817	KX378930.1.1442 Bacteria;Pseudomonadota;Gammaproteobacteria;Pseudomonadales;Pseudomonadaceae;Pseudomonas;Pseudomonas sp.
Takasu_ST-127	98.287	467	6	2	3	468	305	770	0.0	817	KX378959.1.1454 Bacteria;Pseudomonadota;Gammaproteobacteria;Pseudomonadales;Pseudomonadaceae;Pseudomonas;Pseudomonas sp.
Takasu_ST-127	98.287	467	6	2	3	468	280	745	0.0	817	MK072666.1.1411 Bacteria;Pseudomonadota;Gammaproteobacteria;Pseudomonadales;Pseudomonadaceae;Pseudomonas;Pseudomonas sp.
Takasu_ST-127	98.287	467	6	2	3	468	311	776	0.0	817	AF386080.1.1438 Bacteria;Pseudomonadota;Gammaproteobacteria;Pseudomonadales;Pseudomonadaceae;Pseudomonas;Pseudomonas mediterranea
Takasu_ST-127	98.291	468	4	4	3	468	329	794	0.0	817	CP015600.808244.809768 Bacteria;Pseudomonadota;Gammaproteobacteria;Pseudomonadales;Pseudomonadaceae;Pseudomonas;Pseudomonas antarctica
Takasu_ST-127	98.287	467	6	2	3	468	329	794	0.0	817	CP015600.127137.128661 Bacteria;Pseudomonadota;Gammaproteobacteria;Pseudomonadales;Pseudomonadaceae;Pseudomonas;Pseudomonas antarctica
Takasu_ST-127	98.291	468	4	4	3	468	329	794	0.0	817	CP015600.2234599.2236123 Bacteria;Pseudomonadota;Gammaproteobacteria;Pseudomonadales;Pseudomonadaceae;Pseudomonas;Pseudomonas antarctica
Takasu_ST-127	98.291	468	4	4	3	468	329	794	0.0	817	CP015600.7279.8803 Bacteria;Pseudomonadota;Gammaproteobacteria;Pseudomonadales;Pseudomonadaceae;Pseudomonas;Pseudomonas antarctica
Takasu_ST-127	98.287	467	6	2	3	468	329	794	0.0	817	CP015600.5453834.5455358 Bacteria;Pseudomonadota;Gammaproteobacteria;Pseudomonadales;Pseudomonadaceae;Pseudomonas;Pseudomonas antarctica
Takasu_ST-127	98.291	468	4	4	3	468	329	794	0.0	817	CP015600.5789905.5791429 Bacteria;Pseudomonadota;Gammaproteobacteria;Pseudomonadales;Pseudomonadaceae;Pseudomonas;Pseudomonas antarctica
Takasu_ST-127	98.287	467	6	2	3	468	309	774	0.0	817	HE576018.1.1447 Bacteria;Pseudomonadota;Gammaproteobacteria;Pseudomonadales;Pseudomonadaceae;Pseudomonas;uncultured bacterium
Takasu_ST-127	98.287	467	6	2	3	468	309	774	0.0	817	HE576015.1.1476 Bacteria;Pseudomonadota;Gammaproteobacteria;Pseudomonadales;Pseudomonadaceae;Pseudomonas;uncultured bacterium
Takasu_ST-127	98.287	467	6	2	3	468	317	782	0.0	817	AF094725.1.1458 Bacteria;Pseudomonadota;Gammaproteobacteria;Pseudomonadales;Pseudomonadaceae;Pseudomonas;Pseudomonas fluorescens
Takasu_ST-127	98.287	467	6	2	3	468	287	752	0.0	817	HF952546.1.1411 Bacteria;Pseudomonadota;Gammaproteobacteria;Pseudomonadales;Pseudomonadaceae;Pseudomonas;Pseudomonas simiae
Takasu_ST-127	98.291	468	4	4	3	468	338	803	0.0	817	LT907842.2180023.2181563 Bacteria;Pseudomonadota;Gammaproteobacteria;Pseudomonadales;Pseudomonadaceae;Pseudomonas;Pseudomonas fluorescens
Takasu_ST-127	98.287	467	6	2	3	468	338	803	0.0	817	LT907842.1492712.1494252 Bacteria;Pseudomonadota;Gammaproteobacteria;Pseudomonadales;Pseudomonadaceae;Pseudomonas;Pseudomonas fluorescens
Takasu_ST-127	98.287	467	6	2	3	468	338	803	0.0	817	LT907842.2996644.2998184 Bacteria;Pseudomonadota;Gammaproteobacteria;Pseudomonadales;Pseudomonadaceae;Pseudomonas;Pseudomonas fluorescens
Takasu_ST-127	98.287	467	6	2	3	468	338	803	0.0	817	LT907842.4434701.4436241 Bacteria;Pseudomonadota;Gammaproteobacteria;Pseudomonadales;Pseudomonadaceae;Pseudomonas;Pseudomonas fluorescens
Takasu_ST-127	98.283	466	8	0	3	468	287	752	0.0	817	MH463769.1.1409 Bacteria;Pseudomonadota;Gammaproteobacteria;Pseudomonadales;Pseudomonadaceae;Pseudomonas;Pseudomonas sp.
Takasu_ST-127	98.283	466	8	0	3	468	277	742	0.0	817	AY091527.1.1408 Bacteria;Pseudomonadota;Gammaproteobacteria;Pseudomonadales;Pseudomonadaceae;Pseudomonas;Pseudomonas palleroniana
Takasu_ST-127	98.283	466	8	0	3	468	332	797	0.0	817	KC286904.1.1442 Bacteria;Pseudomonadota;Gammaproteobacteria;Pseudomonadales;Pseudomonadaceae;Pseudomonas;uncultured bacterium
Takasu_ST-127	98.287	467	6	2	3	468	338	803	0.0	817	LT907842.1156507.1158047 Bacteria;Pseudomonadota;Gammaproteobacteria;Pseudomonadales;Pseudomonadaceae;Pseudomonas;Pseudomonas fluorescens
Takasu_ST-127	98.287	467	6	2	3	468	338	803	0.0	817	LT907842.2299594.2301134 Bacteria;Pseudomonadota;Gammaproteobacteria;Pseudomonadales;Pseudomonadaceae;Pseudomonas;Pseudomonas fluorescens
Takasu_ST-127	98.283	466	8	0	3	468	326	791	0.0	817	AY856844.1.1493 Bacteria;Pseudomonadota;Gammaproteobacteria;Pseudomonadales;Pseudomonadaceae;Pseudomonas;Pseudomonas sp. 38
Takasu_ST-127	98.287	467	6	2	3	468	317	782	0.0	817	HE586384.1.1515 Bacteria;Pseudomonadota;Gammaproteobacteria;Pseudomonadales;Pseudomonadaceae;Pseudomonas;Pseudomonas sp. R-38242
Takasu_ST-127	98.287	467	6	2	3	468	287	752	0.0	817	MH312003.1.1464 Bacteria;Pseudomonadota;Gammaproteobacteria;Pseudomonadales;Pseudomonadaceae;Pseudomonas;Pseudomonas fluorescens
Takasu_ST-127	98.283	466	8	0	3	468	309	774	0.0	817	HE603526.1.1496 Bacteria;Pseudomonadota;Gammaproteobacteria;Pseudomonadales;Pseudomonadaceae;Pseudomonas;Pseudomonas sp. R-42357
Takasu_ST-127	98.287	467	6	2	3	468	302	767	0.0	817	MH235974.1.1212 Bacteria;Pseudomonadota;Gammaproteobacteria;Pseudomonadales;Pseudomonadaceae;Pseudomonas;Pseudomonas sp.
Takasu_ST-127	98.287	467	6	2	3	468	309	774	0.0	817	MH236010.1.1218 Bacteria;Pseudomonadota;Gammaproteobacteria;Pseudomonadales;Pseudomonadaceae;Pseudomonas;Pseudomonas sp.
Takasu_ST-127	98.287	467	6	2	3	468	304	769	0.0	817	MH235980.1.1234 Bacteria;Pseudomonadota;Gammaproteobacteria;Pseudomonadales;Pseudomonadaceae;Pseudomonas;Pseudomonas sp.
Takasu_ST-127	98.287	467	6	2	3	468	304	769	0.0	817	MH235988.1.1223 Bacteria;Pseudomonadota;Gammaproteobacteria;Pseudomonadales;Pseudomonadaceae;Pseudomonas;Pseudomonas sp.
Takasu_ST-127	98.287	467	6	2	3	468	303	768	0.0	817	MH235984.1.1225 Bacteria;Pseudomonadota;Gammaproteobacteria;Pseudomonadales;Pseudomonadaceae;Pseudomonas;Pseudomonas sp.
Takasu_ST-127	98.287	467	6	2	3	468	304	769	0.0	817	MH235992.1.1221 Bacteria;Pseudomonadota;Gammaproteobacteria;Pseudomonadales;Pseudomonadaceae;Pseudomonas;Pseudomonas sp.
Takasu_ST-127	98.287	467	6	2	3	468	306	771	0.0	817	MH235979.1.1225 Bacteria;Pseudomonadota;Gammaproteobacteria;Pseudomonadales;Pseudomonadaceae;Pseudomonas;Pseudomonas sp.
Takasu_ST-127	98.287	467	6	2	3	468	289	754	0.0	817	HE617670.1.1451 Bacteria;Pseudomonadota;Gammaproteobacteria;Pseudomonadales;Pseudomonadaceae;Pseudomonas;Pseudomonas fluorescens
Takasu_ST-127	98.283	466	8	0	3	468	317	782	0.0	817	HE603527.1.1504 Bacteria;Pseudomonadota;Gammaproteobacteria;Pseudomonadales;Pseudomonadaceae;Pseudomonas;Pseudomonas sp. R-42358
Takasu_ST-127	98.287	467	6	2	3	468	303	768	0.0	817	MH236000.1.1235 Bacteria;Pseudomonadota;Gammaproteobacteria;Pseudomonadales;Pseudomonadaceae;Pseudomonas;Pseudomonas sp.
Takasu_ST-127	98.287	467	6	2	3	468	304	769	0.0	817	MH235998.1.1221 Bacteria;Pseudomonadota;Gammaproteobacteria;Pseudomonadales;Pseudomonadaceae;Pseudomonas;Pseudomonas sp.
Takasu_ST-127	98.287	467	7	1	3	468	309	775	0.0	817	FJ894109.1.1362 Bacteria;Pseudomonadota;Gammaproteobacteria;Pseudomonadales;Pseudomonadaceae;Pseudomonas;uncultured bacterium
Takasu_ST-127	98.287	467	6	2	3	468	345	810	0.0	817	KY621804.1.1505 Bacteria;Pseudomonadota;Gammaproteobacteria;Pseudomonadales;Pseudomonadaceae;Pseudomonas;Pseudomonas fluorescens
Takasu_ST-127	98.283	466	8	0	3	468	329	794	0.0	817	FJ891014.1.1395 Bacteria;Pseudomonadota;Gammaproteobacteria;Pseudomonadales;Pseudomonadaceae;Pseudomonas;uncultured bacterium
Takasu_ST-127	98.287	467	6	2	3	468	310	775	0.0	817	AB681727.1.1463 Bacteria;Pseudomonadota;Gammaproteobacteria;Pseudomonadales;Pseudomonadaceae;Pseudomonas;Pseudomonas auricularis
Takasu_ST-127	98.287	467	6	2	3	468	309	774	0.0	817	AB680568.1.1462 Bacteria;Pseudomonadota;Gammaproteobacteria;Pseudomonadales;Pseudomonadaceae;Pseudomonas;Pseudomonas fluorescens
Takasu_ST-127	98.287	467	6	2	3	468	309	774	0.0	817	AB680413.1.1462 Bacteria;Pseudomonadota;Gammaproteobacteria;Pseudomonadales;Pseudomonadaceae;Pseudomonas;Pseudomonas auricularis
Takasu_ST-127	98.287	467	6	2	3	468	309	774	0.0	817	AB680412.1.1462 Bacteria;Pseudomonadota;Gammaproteobacteria;Pseudomonadales;Pseudomonadaceae;Pseudomonas;Pseudomonas auricularis
Takasu_ST-127	98.287	467	6	2	3	468	287	752	0.0	817	KR088346.1.1383 Bacteria;Pseudomonadota;Gammaproteobacteria;Pseudomonadales;Pseudomonadaceae;Pseudomonas;Pseudomonas auricularis
Takasu_ST-127	98.287	467	6	2	3	468	302	767	0.0	817	KY458552.1.1440 Bacteria;Pseudomonadota;Gammaproteobacteria;Pseudomonadales;Pseudomonadaceae;Pseudomonas;Pseudomonas fluorescens
Takasu_ST-127	98.283	466	8	0	3	468	317	782	0.0	817	FJ849429.1.1467 Bacteria;Pseudomonadota;Gammaproteobacteria;Pseudomonadales;Pseudomonadaceae;Pseudomonas;uncultured bacterium
Takasu_ST-127	98.283	466	8	0	3	468	308	773	0.0	817	KT377434.1.1455 Bacteria;Pseudomonadota;Gammaproteobacteria;Pseudomonadales;Pseudomonadaceae;Pseudomonas;Pseudomonas fluorescens
Takasu_ST-127	98.283	466	8	0	3	468	329	794	0.0	817	LT599583.5999255.6000779 Bacteria;Pseudomonadota;Gammaproteobacteria;Pseudomonadales;Pseudomonadaceae;Pseudomonas;Pseudomonas veronii 1YdBTEX2
Takasu_ST-127	98.287	467	6	2	3	468	283	748	0.0	817	HQ224640.1.1409 Bacteria;Pseudomonadota;Gammaproteobacteria;Pseudomonadales;Pseudomonadaceae;Pseudomonas;Pseudomonas sp. SGb396
Takasu_ST-127	98.287	467	6	2	3	468	296	761	0.0	817	KY231156.1.1351 Bacteria;Pseudomonadota;Gammaproteobacteria;Pseudomonadales;Pseudomonadaceae;Pseudomonas;Pseudomonas fluorescens
Takasu_ST-127	98.287	467	6	2	3	468	298	763	0.0	817	KC887932.1.1469 Bacteria;Pseudomonadota;Gammaproteobacteria;Pseudomonadales;Pseudomonadaceae;Pseudomonas;proteobacterium K13
Takasu_ST-127	98.287	467	6	2	3	468	284	749	0.0	817	KP681247.1.1416 Bacteria;Pseudomonadota;Gammaproteobacteria;Pseudomonadales;Pseudomonadaceae;Pseudomonas;Pseudomonas sp. A8ZZ
Takasu_ST-127	98.287	467	6	2	3	468	303	768	0.0	817	KF317734.1.1452 Bacteria;Pseudomonadota;Gammaproteobacteria;Pseudomonadales;Pseudomonadaceae;Pseudomonas;Pseudomonas sp. J3.1C11
Takasu_ST-127	98.287	467	6	2	3	468	329	794	0.0	817	LS483372.827096.828620 Bacteria;Pseudomonadota;Gammaproteobacteria;Pseudomonadales;Pseudomonadaceae;Pseudomonas;Pseudomonas fluorescens
Takasu_ST-127	98.287	467	6	2	3	468	329	794	0.0	817	LS483372.2265137.2266661 Bacteria;Pseudomonadota;Gammaproteobacteria;Pseudomonadales;Pseudomonadaceae;Pseudomonas;Pseudomonas fluorescens
Takasu_ST-127	98.291	468	4	4	3	468	329	794	0.0	817	LS483372.6696.8220 Bacteria;Pseudomonadota;Gammaproteobacteria;Pseudomonadales;Pseudomonadaceae;Pseudomonas;Pseudomonas fluorescens
Takasu_ST-127	98.287	467	6	2	3	468	329	794	0.0	817	LS483372.126268.127792 Bacteria;Pseudomonadota;Gammaproteobacteria;Pseudomonadales;Pseudomonadaceae;Pseudomonas;Pseudomonas fluorescens
Takasu_ST-127	98.287	467	6	2	3	468	329	794	0.0	817	LS483372.5498363.5499887 Bacteria;Pseudomonadota;Gammaproteobacteria;Pseudomonadales;Pseudomonadaceae;Pseudomonas;Pseudomonas fluorescens
Takasu_ST-127	98.287	467	6	2	3	468	329	794	0.0	817	LS483372.5834561.5836085 Bacteria;Pseudomonadota;Gammaproteobacteria;Pseudomonadales;Pseudomonadaceae;Pseudomonas;Pseudomonas fluorescens
Takasu_ST-127	98.287	467	6	2	3	468	258	723	0.0	817	KP325102.1.1378 Bacteria;Pseudomonadota;Gammaproteobacteria;Pseudomonadales;Pseudomonadaceae;Pseudomonas;Pseudomonas sp. CH-N31
Takasu_ST-127	98.287	467	6	2	3	468	313	778	0.0	817	EF601817.1.1464 Bacteria;Pseudomonadota;Gammaproteobacteria;Pseudomonadales;Pseudomonadaceae;Pseudomonas;Pseudomonas sp. HX32
Takasu_ST-127	98.291	468	5	3	3	468	299	765	0.0	817	KP267701.1.1350 Bacteria;Pseudomonadota;Gammaproteobacteria;Pseudomonadales;Pseudomonadaceae;Pseudomonas;Pseudomonas antarctica
Takasu_ST-127	98.287	467	6	2	3	468	287	752	0.0	817	HQ403142.1.1415 Bacteria;Pseudomonadota;Gammaproteobacteria;Pseudomonadales;Pseudomonadaceae;Pseudomonas;Pseudomonas canadensis
Takasu_ST-127	98.287	467	6	2	3	468	297	762	0.0	817	KR856229.1.1445 Bacteria;Pseudomonadota;Gammaproteobacteria;Pseudomonadales;Pseudomonadaceae;Pseudomonas;Pseudomonas sp. MP022D
Takasu_ST-127	98.287	467	7	1	3	468	301	767	0.0	817	FJ984608.1.1357 Bacteria;Pseudomonadota;Gammaproteobacteria;Pseudomonadales;Pseudomonadaceae;Pseudomonas;Pseudomonas sp. gyq14
Takasu_ST-127	98.287	467	7	1	3	468	299	765	0.0	817	FJ950670.1.1440 Bacteria;Pseudomonadota;Gammaproteobacteria;Pseudomonadales;Pseudomonadaceae;Pseudomonas;Pseudomonas fluorescens
Takasu_ST-127	98.283	466	8	0	3	468	303	768	0.0	817	KX607475.1.1436 Bacteria;Pseudomonadota;Gammaproteobacteria;Pseudomonadales;Pseudomonadaceae;Pseudomonas;Pseudomonas palleroniana
Takasu_ST-127	98.291	468	4	4	3	468	329	794	0.0	817	LC007968.1.1518 Bacteria;Pseudomonadota;Gammaproteobacteria;Pseudomonadales;Pseudomonadaceae;Pseudomonas;Pseudomonas denitrificans (nomen rejiciendum)
Takasu_ST-127	98.283	466	8	0	3	468	300	765	0.0	817	KC182724.1.1450 Bacteria;Pseudomonadota;Gammaproteobacteria;Pseudomonadales;Pseudomonadaceae;Pseudomonas;Pseudomonas sp. JX-42
Takasu_ST-127	98.287	467	7	1	3	468	283	749	0.0	817	EF154271.1.1419 Bacteria;Pseudomonadota;Gammaproteobacteria;Pseudomonadales;Pseudomonadaceae;Pseudomonas;Pseudomonas palleroniana
Takasu_ST-127	98.283	466	8	0	3	468	278	743	0.0	817	EF154274.1.1410 Bacteria;Pseudomonadota;Gammaproteobacteria;Pseudomonadales;Pseudomonadaceae;Pseudomonas;Pseudomonas tolaasii
Takasu_ST-127	98.287	467	6	2	3	468	313	778	0.0	817	AM111028.1.1483 Bacteria;Pseudomonadota;Gammaproteobacteria;Pseudomonadales;Pseudomonadaceae;Pseudomonas;Pseudomonas sp. 7028
Takasu_ST-127	98.287	467	6	2	3	468	293	758	0.0	817	MG759533.1.1422 Bacteria;Pseudomonadota;Gammaproteobacteria;Pseudomonadales;Pseudomonadaceae;Pseudomonas;Pseudomonas sp.
Takasu_ST-127	98.287	467	6	2	3	468	224	689	0.0	817	AJ884889.1.1394 Bacteria;Pseudomonadota;Gammaproteobacteria;Pseudomonadales;Pseudomonadaceae;Pseudomonas;Pseudomonas sp. DF7EH1
Takasu_ST-127	98.287	467	6	2	3	468	304	769	0.0	817	AJ884891.1.1476 Bacteria;Pseudomonadota;Gammaproteobacteria;Pseudomonadales;Pseudomonadaceae;Pseudomonas;Pseudomonas sp. DF7EH4
Takasu_ST-127	98.287	467	7	1	3	468	317	783	0.0	817	AJ846290.1.1484 Bacteria;Pseudomonadota;Gammaproteobacteria;Pseudomonadales;Pseudomonadaceae;Pseudomonas;Pseudomonas sp. HHS29
Takasu_ST-127	98.283	466	8	0	3	468	274	739	0.0	817	AJ583090.1.1474 Bacteria;Pseudomonadota;Gammaproteobacteria;Pseudomonadales;Pseudomonadaceae;Pseudomonas;Pseudomonas fluorescens
Takasu_ST-127	98.287	467	7	1	3	468	284	750	0.0	817	KJ848526.1.1438 Bacteria;Pseudomonadota;Gammaproteobacteria;Pseudomonadales;Pseudomonadaceae;Pseudomonas;Pseudomonas poae
Takasu_ST-127	98.287	467	6	2	3	468	202	667	0.0	817	AJ308308.1.1371 Bacteria;Pseudomonadota;Gammaproteobacteria;Pseudomonadales;Pseudomonadaceae;Pseudomonas;Pseudomonas fluorescens
Takasu_ST-127	98.287	467	7	1	3	468	305	771	0.0	817	JQ014173.1.1441 Bacteria;Pseudomonadota;Gammaproteobacteria;Pseudomonadales;Pseudomonadaceae;Pseudomonas;Pseudomonas veronii
Takasu_ST-127	98.287	467	6	2	3	468	301	766	0.0	817	KY623387.1.1441 Bacteria;Pseudomonadota;Gammaproteobacteria;Pseudomonadales;Pseudomonadaceae;Pseudomonas;Pseudomonas sp.
Takasu_ST-127	98.287	467	6	2	3	468	299	764	0.0	817	KY623390.1.1436 Bacteria;Pseudomonadota;Gammaproteobacteria;Pseudomonadales;Pseudomonadaceae;Pseudomonas;Pseudomonas sp.
Takasu_ST-127	98.283	466	7	1	3	467	309	774	0.0	815	KX363702.1.1466 Bacteria;Pseudomonadota;Gammaproteobacteria;Pseudomonadales;Pseudomonadaceae;Pseudomonas;uncultured Pseudomonas sp.
Takasu_ST-127	98.485	462	7	0	7	468	330	791	0.0	815	EU538369.1.1395 Bacteria;Pseudomonadota;Gammaproteobacteria;Pseudomonadales;Pseudomonadaceae;Pseudomonas;uncultured bacterium
Takasu_ST-127	98.280	465	8	0	4	468	330	794	0.0	815	EU538364.1.1397 Bacteria;Pseudomonadota;Gammaproteobacteria;Pseudomonadales;Pseudomonadaceae;Pseudomonas;uncultured bacterium
Takasu_ST-127	98.283	466	6	1	3	468	329	792	0.0	815	EU537632.1.1396 Bacteria;Pseudomonadota;Gammaproteobacteria;Pseudomonadales;Pseudomonadaceae;Pseudomonas;uncultured bacterium
Takasu_ST-127	98.283	466	6	2	4	468	279	743	0.0	815	KX230039.1.1410 Bacteria;Pseudomonadota;Gammaproteobacteria;Pseudomonadales;Pseudomonadaceae;Pseudomonas;Pseudomonas sp. Td-4
Takasu_ST-127	98.069	466	9	0	3	468	281	746	0.0	815	MH725611.1.1202 Bacteria;Pseudomonadota;Gammaproteobacteria;Pseudomonadales;Pseudomonadaceae;Pseudomonas;Pseudomonas veronii
Takasu_ST-127	98.291	468	3	5	3	468	246	710	0.0	815	MH998414.1.1377 Bacteria;Pseudomonadota;Gammaproteobacteria;Pseudomonadales;Pseudomonadaceae;Pseudomonas;Pseudomonas sp.
Takasu_ST-127	98.283	466	6	2	3	468	291	754	0.0	815	MH685549.1.1405 Bacteria;Pseudomonadota;Gammaproteobacteria;Pseudomonadales;Pseudomonadaceae;Pseudomonas;Pseudomonas poae
Takasu_ST-127	98.287	467	5	3	3	468	316	780	0.0	815	HQ220019.1.1460 Bacteria;Pseudomonadota;Gammaproteobacteria;Pseudomonadales;Pseudomonadaceae;Pseudomonas;Pseudomonas sp. AKB18
Takasu_ST-127	98.283	466	6	2	3	467	300	764	0.0	815	AY581137.1.1371 Bacteria;Pseudomonadota;Gammaproteobacteria;Pseudomonadales;Pseudomonadaceae;Pseudomonas;Pseudomonas fluorescens
Takasu_ST-127	98.280	465	6	2	5	468	331	794	0.0	813	EU538390.1.1395 Bacteria;Pseudomonadota;Gammaproteobacteria;Pseudomonadales;Pseudomonadaceae;Pseudomonas;uncultured bacterium
Takasu_ST-127	98.485	462	6	1	3	463	329	790	0.0	813	EF515554.1.1402 Bacteria;Pseudomonadota;Gammaproteobacteria;Pseudomonadales;Pseudomonadaceae;Pseudomonas;uncultured bacterium
Takasu_ST-127	98.081	469	6	2	3	468	330	798	0.0	813	KJ809260.1.1509 Bacteria;Pseudomonadota;Gammaproteobacteria;Pseudomonadales;Pseudomonadaceae;Pseudomonas;uncultured bacterium
Takasu_ST-127	98.081	469	6	3	3	468	295	763	0.0	813	KY295944.1.1435 Bacteria;Pseudomonadota;Gammaproteobacteria;Pseudomonadales;Pseudomonadaceae;Pseudomonas;Pseudomonas trivialis
Takasu_ST-127	97.890	474	2	7	3	468	296	769	0.0	813	KP704432.1.1435 Bacteria;Pseudomonadota;Gammaproteobacteria;Pseudomonadales;Pseudomonadaceae;Pseudomonas;Pseudomonas sp. UYFA214
Takasu_ST-127	98.073	467	7	2	3	468	311	776	0.0	811	DQ478944.1.1463 Bacteria;Pseudomonadota;Gammaproteobacteria;Pseudomonadales;Pseudomonadaceae;Pseudomonas;Pseudomonas sp. QLX20
Takasu_ST-127	98.069	466	9	0	3	468	318	783	0.0	811	KX456414.1.1321 Bacteria;Pseudomonadota;Gammaproteobacteria;Pseudomonadales;Pseudomonadaceae;Pseudomonas;uncultured Pseudomonas sp.
