ASV517	99.355	465	3	0	1	465	320	784	0.0	843	tax=d:Bacteria,p:Firmicutes,c:Bacilli,o:Bacillales,f:Bacillaceae,g:Bacillus,s:Bacillus cucumis
ASV517	99.355	465	3	0	1	465	320	784	0.0	843	tax=d:Bacteria,p:Firmicutes,c:Bacilli,o:Bacillales,f:Bacillaceae,g:Bacillus,s:Bacillus novalis
ASV517	99.355	465	3	0	1	465	320	784	0.0	843	tax=d:Bacteria,p:Firmicutes,c:Bacilli,o:Bacillales,f:Bacillaceae,g:Bacillus,s:Bacillus soli
ASV517	99.355	465	3	0	1	465	321	785	0.0	843	tax=d:Bacteria,p:Firmicutes,c:Bacilli,o:Bacillales,f:Bacillaceae,g:Bacillus,s:Bacillus fumarioli
ASV517	99.355	465	3	0	1	465	320	784	0.0	843	tax=d:Bacteria,p:Firmicutes,c:Bacilli,o:Bacillales,f:Bacillaceae,g:Bacillus,s:Bacillus vireti
ASV517	99.355	465	3	0	1	465	256	720	0.0	843	tax=d:Bacteria,p:Firmicutes,c:Bacilli,o:Bacillales,f:Bacillaceae,g:Bacillus,s:Bacillus drentensis
ASV517	99.140	465	4	0	1	465	320	784	0.0	837	tax=d:Bacteria,p:Firmicutes,c:Bacilli,o:Bacillales,f:Bacillaceae,g:Bacillus,s:Bacillus mesonae
ASV517	99.140	465	4	0	1	465	321	785	0.0	837	tax=d:Bacteria,p:Firmicutes,c:Bacilli,o:Bacillales,f:Bacillaceae,g:Bacillus,s:Bacillus jeddahensis
ASV517	99.140	465	4	0	1	465	320	784	0.0	837	tax=d:Bacteria,p:Firmicutes,c:Bacilli,o:Bacillales,f:Bacillaceae,g:Bacillus,s:FXWM_s
ASV517	99.140	465	4	0	1	465	320	784	0.0	837	tax=d:Bacteria,p:Firmicutes,c:Bacilli,o:Bacillales,f:Bacillaceae,g:Bacillus,s:Bacillus bataviensis
ASV517	98.925	465	5	0	1	465	292	756	0.0	833	tax=d:Bacteria,p:Firmicutes,c:Bacilli,o:Bacillales,f:Bacillaceae,g:Bacillus,s:Bacillus thermocopriae
ASV517	98.925	465	5	0	1	465	320	784	0.0	832	tax=d:Bacteria,p:Firmicutes,c:Bacilli,o:Bacillales,f:Bacillaceae,g:Bacillus,s:CCFE_s
ASV517	98.710	465	6	0	1	465	320	784	0.0	826	tax=d:Bacteria,p:Firmicutes,c:Bacilli,o:Bacillales,f:Bacillaceae,g:Bacillus,s:Bacillus niacini
ASV517	98.280	465	8	0	1	465	301	765	0.0	815	tax=d:Bacteria,p:Firmicutes,c:Bacilli,o:Bacillales,f:Bacillaceae,g:Bacillus,s:Bacillus ginsengisoli
ASV517	98.280	465	8	0	1	465	320	784	0.0	815	tax=d:Bacteria,p:Firmicutes,c:Bacilli,o:Bacillales,f:Bacillaceae,g:Bacillus,s:Bacillus pocheonensis
ASV517	98.065	465	9	0	1	465	308	772	0.0	809	tax=d:Bacteria,p:Firmicutes,c:Bacilli,o:Bacillales,f:Bacillaceae,g:Bacillus,s:FR691455_s
ASV517	98.065	465	9	0	1	465	299	763	0.0	809	tax=d:Bacteria,p:Firmicutes,c:Bacilli,o:Bacillales,f:Bacillaceae,g:Bacillus,s:FJ665200_s
ASV517	97.849	465	10	0	1	465	322	786	0.0	804	tax=d:Bacteria,p:Firmicutes,c:Bacilli,o:Bacillales,f:Bacillaceae,g:Bacillus,s:JQ183103_s
ASV517	97.849	465	10	0	1	465	321	785	0.0	804	tax=d:Bacteria,p:Firmicutes,c:Bacilli,o:Bacillales,f:Bacillaceae,g:Bacillus,s:HM846673_s
ASV517	97.849	465	10	0	1	465	321	785	0.0	804	tax=d:Bacteria,p:Firmicutes,c:Bacilli,o:Bacillales,f:Bacillaceae,g:Bacillus,s:Bacillus massilioalgeriensis
ASV517	97.849	465	10	0	1	465	321	785	0.0	804	tax=d:Bacteria,p:Firmicutes,c:Bacilli,o:Bacillales,f:Bacillaceae,g:Bacillus,s:CP012602_s
ASV517	97.634	465	11	0	1	465	320	784	0.0	798	tax=d:Bacteria,p:Firmicutes,c:Bacilli,o:Bacillales,f:Bacillaceae,g:Bacillus,s:Bacillus campisalis
ASV517	97.419	465	12	0	1	465	320	784	0.0	793	tax=d:Bacteria,p:Firmicutes,c:Bacilli,o:Bacillales,f:Bacillaceae,g:Bacillus,s:Bacillus maritimus
ASV517	97.419	465	12	0	1	465	320	784	0.0	793	tax=d:Bacteria,p:Firmicutes,c:Bacilli,o:Bacillales,f:Bacillaceae,g:Bacillus,s:JQ978943_s
ASV517	97.204	465	13	0	1	465	322	786	0.0	787	tax=d:Bacteria,p:Firmicutes,c:Bacilli,o:Bacillales,f:Bacillaceae,g:Bacillus,s:NISQ_s
ASV517	97.204	465	13	0	1	465	330	794	0.0	787	tax=d:Bacteria,p:Firmicutes,c:Bacilli,o:Bacillales,f:Planococcaceae,g:Chryseomicrobium,s:Chryseomicrobium deserti
ASV517	97.204	465	13	0	1	465	321	785	0.0	787	tax=d:Bacteria,p:Firmicutes,c:Bacilli,o:Bacillales,f:Bacillaceae,g:Bacillus,s:Bacillus rigiliprofundi
ASV517	96.989	465	14	0	1	465	320	784	0.0	782	tax=d:Bacteria,p:Firmicutes,c:Bacilli,o:Bacillales,f:Bacillaceae,g:Bacillus,s:Bacillus zeae
ASV517	96.989	465	14	0	1	465	320	784	0.0	782	tax=d:Bacteria,p:Firmicutes,c:Bacilli,o:Bacillales,f:Bacillaceae,g:Bacillus,s:Bacillus persicus
ASV517	96.989	465	14	0	1	465	303	767	0.0	782	tax=d:Bacteria,p:Firmicutes,c:Bacilli,o:Bacillales,f:Bacillaceae,g:Bacillus,s:GQ227835_s
ASV517	96.989	465	14	0	1	465	316	780	0.0	782	tax=d:Bacteria,p:Firmicutes,c:Bacilli,o:Bacillales,f:Planococcaceae,g:Sporosarcina,s:Sporosarcina contaminans
ASV517	96.989	465	14	0	1	465	320	784	0.0	782	tax=d:Bacteria,p:Firmicutes,c:Bacilli,o:Bacillales,f:Bacillaceae,g:Bacillus,s:CP005586_s
ASV517	96.989	465	14	0	1	465	322	786	0.0	782	tax=d:Bacteria,p:Firmicutes,c:Bacilli,o:Bacillales,f:Bacillaceae,g:Anoxybacillus,s:Anoxybacillus thermarum
ASV517	96.989	465	14	0	1	465	322	786	0.0	782	tax=d:Bacteria,p:Firmicutes,c:Bacilli,o:Bacillales,f:Bacillaceae,g:Anoxybacillus,s:Anoxybacillus amylolyticus
ASV517	96.989	465	14	0	1	465	322	786	0.0	782	tax=d:Bacteria,p:Firmicutes,c:Bacilli,o:Bacillales,f:Bacillaceae,g:Anoxybacillus,s:Anoxybacillus contaminans
ASV517	96.989	465	14	0	1	465	322	786	0.0	782	tax=d:Bacteria,p:Firmicutes,c:Bacilli,o:Bacillales,f:Bacillaceae,g:Anoxybacillus,s:Anoxybacillus voinovskiensis
ASV517	96.989	465	14	0	1	465	320	784	0.0	782	tax=d:Bacteria,p:Firmicutes,c:Bacilli,o:Bacillales,f:Bacillaceae,g:Bacillus,s:Bacillus asahii
ASV517	96.989	465	13	1	1	465	320	783	0.0	780	tax=d:Bacteria,p:Firmicutes,c:Bacilli,o:Bacillales,f:Planococcaceae,g:Bhargavaea,s:Bhargavaea ginsengi
ASV517	96.774	465	15	0	1	465	321	785	0.0	776	tax=d:Bacteria,p:Firmicutes,c:Bacilli,o:Bacillales,f:Bacillaceae,g:Bacillus,s:Bacillus horikoshii
ASV517	96.774	465	15	0	1	465	322	786	0.0	776	tax=d:Bacteria,p:Firmicutes,c:Bacilli,o:Bacillales,f:Bacillaceae,g:Bacillus,s:LFEL_s
ASV517	96.774	465	15	0	1	465	320	784	0.0	776	tax=d:Bacteria,p:Firmicutes,c:Bacilli,o:Bacillales,f:Bacillaceae,g:Bacillus,s:Bacillus mesophilum
ASV517	96.774	465	15	0	1	465	320	784	0.0	776	tax=d:Bacteria,p:Firmicutes,c:Bacilli,o:Bacillales,f:Planococcaceae,g:Sporosarcina,s:Sporosarcina newyorkensis
ASV517	96.774	465	15	0	1	465	320	784	0.0	776	tax=d:Bacteria,p:Firmicutes,c:Bacilli,o:Bacillales,f:Bacillaceae,g:Bacillus,s:Bacillus subterraneus
ASV517	96.774	465	15	0	1	465	315	779	0.0	776	tax=d:Bacteria,p:Firmicutes,c:Bacilli,o:Bacillales,f:Bacillaceae,g:Anoxybacillus,s:Anoxybacillus mongoliensis
ASV517	96.774	465	15	0	1	465	322	786	0.0	776	tax=d:Bacteria,p:Firmicutes,c:Bacilli,o:Bacillales,f:Bacillaceae,g:Bacillus,s:CP020880_s
ASV517	96.774	465	15	0	1	465	322	786	0.0	776	tax=d:Bacteria,p:Firmicutes,c:Bacilli,o:Bacillales,f:Bacillaceae,g:Anoxybacillus,s:Anoxybacillus flavithermus
ASV517	96.774	465	15	0	1	465	321	785	0.0	776	tax=d:Bacteria,p:Firmicutes,c:Bacilli,o:Bacillales,f:Planococcaceae,g:Sporosarcina,s:CP015349_s
ASV517	96.774	465	15	0	1	465	320	784	0.0	776	tax=d:Bacteria,p:Firmicutes,c:Bacilli,o:Bacillales,f:Planococcaceae,g:Sporosarcina,s:CP015348_s
ASV517	96.774	465	15	0	1	465	321	785	0.0	776	tax=d:Bacteria,p:Firmicutes,c:Bacilli,o:Bacillales,f:Planococcaceae,g:Sporosarcina,s:CP015109_s
ASV517	96.774	465	15	0	1	465	322	786	0.0	776	tax=d:Bacteria,p:Firmicutes,c:Bacilli,o:Bacillales,f:Bacillaceae,g:Anoxybacillus,s:Anoxybacillus gonensis
ASV517	96.774	465	15	0	1	465	319	783	0.0	776	tax=d:Bacteria,p:Firmicutes,c:Bacilli,o:Bacillales,f:Bacillaceae,g:Bacillus,s:Bacillus herbersteinensis
ASV517	96.774	465	15	0	1	465	320	784	0.0	776	tax=d:Bacteria,p:Firmicutes,c:Bacilli,o:Bacillales,f:Bacillaceae,g:Bacillus,s:Bacillus foraminis
ASV517	96.774	465	15	0	1	465	322	786	0.0	776	tax=d:Bacteria,p:Firmicutes,c:Bacilli,o:Bacillales,f:Bacillaceae,g:Anoxybacillus,s:Anoxybacillus kamchatkensis
ASV517	96.774	465	15	0	1	465	320	784	0.0	776	tax=d:Bacteria,p:Firmicutes,c:Bacilli,o:Bacillales,f:Planococcaceae,g:Sporosarcina,s:Sporosarcina ureae
ASV517	97.155	457	13	0	1	457	320	776	0.0	773	tax=d:Bacteria,p:Firmicutes,c:Bacilli,o:Bacillales,f:Bacillaceae,g:Bacillus,s:Bacillus abyssalis
ASV517	96.559	465	16	0	1	465	320	784	0.0	771	tax=d:Bacteria,p:Firmicutes,c:Bacilli,o:Bacillales,f:Bacillaceae,g:Bacillus,s:Bacillus infernus
ASV517	96.567	466	14	2	1	465	321	785	0.0	771	tax=d:Bacteria,p:Firmicutes,c:Bacilli,o:Bacillales,f:Bacillaceae,g:Bacillus,s:LMTI_s
ASV517	96.567	466	14	2	1	465	322	786	0.0	771	tax=d:Bacteria,p:Firmicutes,c:Bacilli,o:Bacillales,f:Bacillaceae,g:Bacillus,s:LIGI_s
ASV517	96.559	465	16	0	1	465	320	784	0.0	771	tax=d:Bacteria,p:Firmicutes,c:Bacilli,o:Bacillales,f:Bacillaceae,g:Bacillus,s:Bacillus cihuensis
ASV517	96.581	468	11	3	1	465	320	785	0.0	771	tax=d:Bacteria,p:Firmicutes,c:Bacilli,o:Bacillales,f:Bacillaceae,g:Bacillus,s:Bacillus thaonhiensis
ASV517	96.559	465	16	0	1	465	320	784	0.0	771	tax=d:Bacteria,p:Firmicutes,c:Bacilli,o:Bacillales,f:Bacillaceae,g:Bacillus,s:JQ793437_s
ASV517	96.559	465	16	0	1	465	320	784	0.0	771	tax=d:Bacteria,p:Firmicutes,c:Bacilli,o:Bacillales,f:Planococcaceae,g:Sporosarcina,s:Sporosarcina koreensis
ASV517	96.559	465	16	0	1	465	321	785	0.0	771	tax=d:Bacteria,p:Firmicutes,c:Bacilli,o:Bacillales,f:Planococcaceae,g:Sporosarcina,s:CP015207_s
ASV517	96.567	466	14	2	1	465	322	786	0.0	771	tax=d:Bacteria,p:Firmicutes,c:Bacilli,o:Bacillales,f:Bacillaceae,g:Bacillus,s:CCXR_s
ASV517	96.559	465	16	0	1	465	317	781	0.0	771	tax=d:Bacteria,p:Firmicutes,c:Bacilli,o:Bacillales,f:Bacillaceae,g:Bacillus,s:Bacillus siralis
ASV517	96.559	465	16	0	1	465	320	784	0.0	771	tax=d:Bacteria,p:Firmicutes,c:Bacilli,o:Bacillales,f:Bacillaceae,g:Bacillus,s:AB695960_s
ASV517	96.567	466	15	1	1	465	323	788	0.0	771	tax=d:Bacteria,p:Firmicutes,c:Bacilli,o:Bacillales,f:Bacillaceae,g:Bacillus,s:AB533934_s
ASV517	96.559	465	16	0	1	465	320	784	0.0	771	tax=d:Bacteria,p:Firmicutes,c:Bacilli,o:Bacillales,f:Planococcaceae,g:Sporosarcina,s:Sporosarcina luteola
ASV517	96.344	465	17	0	1	465	320	784	0.0	769	tax=d:Bacteria,p:Firmicutes,c:Bacilli,o:Bacillales,f:Bacillaceae,g:Bacillus,s:Bacillus gottheilii
ASV517	96.559	465	15	1	1	465	317	780	0.0	769	tax=d:Bacteria,p:Firmicutes,c:Bacilli,o:Bacillales,f:Bacillaceae,g:Anoxybacillus,s:Anoxybacillus ayderensis
ASV517	96.375	469	11	4	1	465	308	774	0.0	767	tax=d:Bacteria,p:Firmicutes,c:Bacilli,o:Bacillales,f:Bacillaceae,g:Bacillus,s:Bacillus mesophilus
ASV517	96.344	465	17	0	1	465	303	767	0.0	765	tax=d:Bacteria,p:Firmicutes,c:Bacilli,o:Bacillales,f:Bacillaceae,g:Bacillus,s:Bacillus catenulatus
ASV517	96.344	465	17	0	1	465	319	783	0.0	765	tax=d:Bacteria,p:Firmicutes,c:Bacilli,o:Bacillales,f:Bacillaceae,g:Bacillus,s:LN851186_s
ASV517	96.344	465	17	0	1	465	322	786	0.0	765	tax=d:Bacteria,p:Firmicutes,c:Bacilli,o:Bacillales,f:Bacillaceae,g:Bacillus,s:Bacillus iocasae
ASV517	96.352	466	15	2	1	465	322	786	0.0	765	tax=d:Bacteria,p:Firmicutes,c:Bacilli,o:Bacillales,f:Bacillaceae,g:Bacillus,s:Bacillus notoginsengisoli
ASV517	96.368	468	12	3	1	465	320	785	0.0	765	tax=d:Bacteria,p:Firmicutes,c:Bacilli,o:Bacillales,f:Bacillaceae,g:Bacillus,s:Bacillus fengqiuensis
ASV517	96.368	468	12	3	1	465	320	785	0.0	765	tax=d:Bacteria,p:Firmicutes,c:Bacilli,o:Bacillales,f:Bacillaceae,g:Bacillus,s:Bacillus songklensis
ASV517	96.344	465	17	0	1	465	322	786	0.0	765	tax=d:Bacteria,p:Firmicutes,c:Bacilli,o:Bacillales,f:Bacillaceae,g:Anoxybacillus,s:Anoxybacillus pushchinoensis
ASV517	96.344	465	17	0	1	465	320	784	0.0	765	tax=d:Bacteria,p:Firmicutes,c:Bacilli,o:Bacillales,f:Bacillaceae,g:Bacillus,s:Bacillus zhanjiangensis
ASV517	96.344	465	17	0	1	465	319	783	0.0	765	tax=d:Bacteria,p:Firmicutes,c:Bacilli,o:Bacillales,f:Bacillaceae,g:Bacillus,s:EU466049_s
ASV517	96.930	456	14	0	1	456	279	734	0.0	765	tax=d:Bacteria,p:Firmicutes,c:Bacilli,o:Bacillales,f:Bacillaceae,g:Anoxybacillus,s:Anoxybacillus salavatliensis
ASV517	96.344	465	17	0	1	465	320	784	0.0	765	tax=d:Bacteria,p:Firmicutes,c:Bacilli,o:Bacillales,f:Bacillaceae,g:Bacillus,s:DQ129449_s
ASV517	96.352	466	15	2	1	465	319	783	0.0	765	tax=d:Bacteria,p:Firmicutes,c:Bacilli,o:Bacillales,f:Bacillaceae,g:Bacillus,s:DQ129292_s
ASV517	96.344	465	17	0	1	465	320	784	0.0	765	tax=d:Bacteria,p:Firmicutes,c:Bacilli,o:Bacillales,f:Planococcaceae,g:Sporosarcina,s:Sporosarcina soli
ASV517	96.344	465	17	0	1	465	322	786	0.0	765	tax=d:Bacteria,p:Firmicutes,c:Bacilli,o:Bacillales,f:Bacillaceae,g:Bacillus,s:Bacillus cohnii
ASV517	96.344	465	17	0	1	465	322	786	0.0	765	tax=d:Bacteria,p:Firmicutes,c:Bacilli,o:Bacillales,f:Bacillaceae,g:Anoxybacillus,s:Anoxybacillus flavithermus
ASV517	96.344	465	17	0	1	465	320	784	0.0	765	tax=d:Bacteria,p:Firmicutes,c:Bacilli,o:Bacillales,f:Planococcaceae,g:Sporosarcina,s:AP013294_s
ASV517	96.344	465	17	0	1	465	322	786	0.0	765	tax=d:Bacteria,p:Firmicutes,c:Bacilli,o:Bacillales,f:Bacillaceae,g:Anoxybacillus,s:Anoxybacillus bogrovensis
ASV517	96.344	465	16	1	1	465	320	783	0.0	763	tax=d:Bacteria,p:Firmicutes,c:Bacilli,o:Bacillales,f:Planococcaceae,g:EU223959_g,s:EU223959_s
ASV517	96.129	465	18	0	1	465	308	772	0.0	761	tax=d:Bacteria,p:Firmicutes,c:Bacilli,o:Bacillales,f:Bacillaceae,g:Bacillus,s:Bacillus huizhouensis
ASV517	96.129	465	18	0	1	465	319	783	0.0	761	tax=d:Bacteria,p:Firmicutes,c:Bacilli,o:Bacillales,f:Bacillaceae,g:Bacillus,s:Bacillus kochii
ASV517	96.344	465	14	3	1	465	300	761	0.0	761	tax=d:Bacteria,p:Firmicutes,c:Bacilli,o:Bacillales,f:Bacillaceae,g:Bacillus,s:AY920317_s
ASV517	96.129	465	18	0	1	465	322	786	0.0	760	tax=d:Bacteria,p:Firmicutes,c:Bacilli,o:Bacillales,f:Bacillaceae,g:Bacillus,s:Bacillus koreensis
ASV517	96.129	465	18	0	1	465	301	765	0.0	760	tax=d:Bacteria,p:Firmicutes,c:Bacilli,o:Bacillales,f:Bacillaceae,g:Bacillus,s:Bacillus gossypii
ASV517	96.129	465	18	0	1	465	297	761	0.0	760	tax=d:Bacteria,p:Firmicutes,c:Bacilli,o:Bacillales,f:Bacillaceae,g:Bacillus,s:Bacillus depressus
ASV517	96.129	465	18	0	1	465	322	786	0.0	760	tax=d:Bacteria,p:Firmicutes,c:Bacilli,o:Bacillales,f:Planococcaceae,g:Chryseomicrobium,s:Chryseomicrobium aureum
ASV517	96.154	468	13	3	1	465	324	789	0.0	760	tax=d:Bacteria,p:Firmicutes,c:Bacilli,o:Bacillales,f:Bacillaceae,g:Bacillus,s:JQ800807_s
ASV517	96.129	465	18	0	1	465	305	769	0.0	760	tax=d:Bacteria,p:Firmicutes,c:Bacilli,o:Bacillales,f:Bacillaceae,g:Bacillus,s:Bacillus kyonggiensis
ASV517	96.129	465	18	0	1	465	321	785	0.0	760	tax=d:Bacteria,p:Firmicutes,c:Bacilli,o:Bacillales,f:Bacillaceae,g:Bacillus,s:Bacillus massiliosenegalensis
ASV517	96.129	465	18	0	1	465	294	758	0.0	760	tax=d:Bacteria,p:Firmicutes,c:Bacilli,o:Bacillales,f:Bacillaceae,g:Bacillus,s:HQ670755_s
ASV517	96.129	465	18	0	1	465	300	764	0.0	760	tax=d:Bacteria,p:Firmicutes,c:Bacilli,o:Bacillales,f:Planococcaceae,g:Chryseomicrobium,s:Chryseomicrobium imtechense
ASV517	96.129	465	18	0	1	465	321	785	0.0	760	tax=d:Bacteria,p:Firmicutes,c:Bacilli,o:Bacillales,f:Bacillaceae,g:Fictibacillus,s:FOML_s
ASV517	96.129	465	18	0	1	465	317	781	0.0	760	tax=d:Bacteria,p:Firmicutes,c:Bacilli,o:Bacillales,f:Planococcaceae,g:Chryseomicrobium,s:Chryseomicrobium amylolyticum
ASV517	96.129	465	18	0	1	465	298	762	0.0	760	tax=d:Bacteria,p:Firmicutes,c:Bacilli,o:Bacillales,f:Bacillaceae,g:Fictibacillus,s:Fictibacillus solisalsi
ASV517	96.129	465	18	0	1	465	320	784	0.0	760	tax=d:Bacteria,p:Firmicutes,c:Bacilli,o:Bacillales,f:Bacillaceae,g:Bacillus,s:Bacillus thioparans
ASV517	96.129	465	18	0	1	465	320	784	0.0	760	tax=d:Bacteria,p:Firmicutes,c:Bacilli,o:Bacillales,f:Bacillaceae,g:Bacillus,s:Bacillus infantis
ASV517	96.129	465	18	0	1	465	320	784	0.0	760	tax=d:Bacteria,p:Firmicutes,c:Bacilli,o:Bacillales,f:Planococcaceae,g:Sporosarcina,s:CDGU_s
ASV517	96.129	465	18	0	1	465	320	784	0.0	760	tax=d:Bacteria,p:Firmicutes,c:Bacilli,o:Bacillales,f:Bacillaceae,g:Bacillus,s:Bacillus boroniphilus
ASV517	96.137	466	17	1	1	465	321	786	0.0	760	tax=d:Bacteria,p:Firmicutes,c:Bacilli,o:Bacillales,f:Bacillaceae,g:Bacillus,s:AY642542_s
ASV517	96.129	465	18	0	1	465	320	784	0.0	760	tax=d:Bacteria,p:Firmicutes,c:Bacilli,o:Bacillales,f:Planococcaceae,g:Sporosarcina,s:Filibacter limicola
ASV517	96.129	465	18	0	1	465	320	784	0.0	760	tax=d:Bacteria,p:Firmicutes,c:Bacilli,o:Bacillales,f:Bacillaceae,g:Bacillus,s:Bacillus jeotgali
ASV517	96.129	465	17	1	1	465	320	783	0.0	758	tax=d:Bacteria,p:Firmicutes,c:Bacilli,o:Bacillales,f:Planococcaceae,g:Bhargavaea,s:Edaphobacillus lindanitolerans
ASV517	95.940	468	14	3	1	465	321	786	0.0	754	tax=d:Bacteria,p:Firmicutes,c:Bacilli,o:Bacillales,f:Bacillaceae,g:Bacillus,s:Bacillus sinesaloumensis
ASV517	95.914	465	19	0	1	465	320	784	0.0	754	tax=d:Bacteria,p:Firmicutes,c:Bacilli,o:Bacillales,f:Bacillaceae,g:Bacillus,s:Bacillus muralis
ASV517	95.914	465	19	0	1	465	320	784	0.0	754	tax=d:Bacteria,p:Firmicutes,c:Bacilli,o:Bacillales,f:Bacillaceae,g:Bacillus,s:Bacillus butanolivorans
ASV517	95.914	465	19	0	1	465	321	785	0.0	754	tax=d:Bacteria,p:Firmicutes,c:Bacilli,o:Bacillales,f:Bacillaceae,g:Bacillus,s:Bacillus formosensis
ASV517	95.914	465	19	0	1	465	293	757	0.0	754	tax=d:Bacteria,p:Firmicutes,c:Bacilli,o:Bacillales,f:Bacillaceae,g:Bacillus,s:Bacillus qingshengii
ASV517	95.914	465	19	0	1	465	322	786	0.0	754	tax=d:Bacteria,p:Firmicutes,c:Bacilli,o:Bacillales,f:Bacillaceae,g:Bacillus,s:Bacillus megaterium
ASV517	95.923	466	18	1	1	465	322	787	0.0	754	tax=d:Bacteria,p:Firmicutes,c:Bacilli,o:Bacillales,f:Bacillaceae,g:Anoxybacillus,s:HQ766275_s
ASV517	95.914	465	19	0	1	465	273	737	0.0	754	tax=d:Bacteria,p:Firmicutes,c:Bacilli,o:Bacillales,f:Bacillaceae,g:Bacillus,s:Bacillus oceanisediminis
ASV517	95.914	465	19	0	1	465	320	784	0.0	754	tax=d:Bacteria,p:Firmicutes,c:Bacilli,o:Bacillales,f:Bacillaceae,g:Bacillus,s:FOMA_s
ASV517	95.914	465	19	0	1	465	322	786	0.0	754	tax=d:Bacteria,p:Firmicutes,c:Bacilli,o:Bacillales,f:Planococcaceae,g:Chryseomicrobium,s:Chryseomicrobium palamuruense
ASV517	95.914	465	19	0	1	465	324	788	0.0	754	tax=d:Bacteria,p:Firmicutes,c:Bacilli,o:Bacillales,f:Planococcaceae,g:Paenisporosarcina,s:Paenisporosarcina indica
ASV517	95.914	465	19	0	1	465	317	781	0.0	754	tax=d:Bacteria,p:Firmicutes,c:Bacilli,o:Bacillales,f:Bacillaceae,g:Fictibacillus,s:Fictibacillus rigui
ASV517	95.914	465	19	0	1	465	322	786	0.0	754	tax=d:Bacteria,p:Firmicutes,c:Bacilli,o:Bacillales,f:Bacillaceae,g:Anoxybacillus,s:Anoxybacillus kaynarcensis
ASV517	95.914	465	19	0	1	465	322	786	0.0	754	tax=d:Bacteria,p:Firmicutes,c:Bacilli,o:Bacillales,f:Bacillaceae,g:Bacillus,s:Bacillus aryabhattai
ASV517	95.914	465	19	0	1	465	320	784	0.0	754	tax=d:Bacteria,p:Firmicutes,c:Bacilli,o:Bacillales,f:Bacillaceae,g:Bacillus,s:Bacillus simplex
ASV517	95.914	465	19	0	1	465	322	786	0.0	754	tax=d:Bacteria,p:Firmicutes,c:Bacilli,o:Bacillales,f:Bacillaceae,g:Bacillus,s:Bacillus flexus
ASV517	95.914	465	19	0	1	465	316	780	0.0	754	tax=d:Bacteria,p:Firmicutes,c:Bacilli,o:Bacillales,f:Bacillaceae,g:Bacillus,s:Bacillus niabensis
ASV517	95.940	468	14	3	1	465	328	793	0.0	754	tax=d:Bacteria,p:Firmicutes,c:Bacilli,o:Bacillales,f:Bacillaceae,g:Bacillus_g28,s:Bacillus taeanensis
ASV517	95.914	465	19	0	1	465	320	784	0.0	754	tax=d:Bacteria,p:Firmicutes,c:Bacilli,o:Bacillales,f:Bacillaceae,g:Bacillus,s:Brevibacterium frigoritolerans
ASV517	95.914	465	19	0	1	465	321	785	0.0	754	tax=d:Bacteria,p:Firmicutes,c:Bacilli,o:Bacillales,f:Planococcaceae,g:Sporosarcina,s:Sporosarcina aquimarina
ASV517	95.923	466	17	2	1	465	322	786	0.0	754	tax=d:Bacteria,p:Firmicutes,c:Bacilli,o:Bacillales,f:Bacillaceae,g:Bacillus,s:AB637252_s
ASV517	95.914	465	19	0	1	465	282	746	0.0	754	tax=d:Bacteria,p:Firmicutes,c:Bacilli,o:Bacillales,f:Bacillaceae,g:Bacillus,s:Bacillus selenatarsenatis
ASV517	95.914	465	19	0	1	465	320	784	0.0	754	tax=d:Bacteria,p:Firmicutes,c:Bacilli,o:Bacillales,f:Planococcaceae,g:Sporosarcina,s:Sporosarcina saromensis
ASV517	95.914	465	18	1	1	465	298	761	0.0	752	tax=d:Bacteria,p:Firmicutes,c:Bacilli,o:Bacillales,f:Planococcaceae,g:Bhargavaea,s:Bhargavaea ullalensis
ASV517	95.914	465	18	1	1	465	322	785	0.0	752	tax=d:Bacteria,p:Firmicutes,c:Bacilli,o:Bacillales,f:Bacillaceae,g:Anoxybacillus,s:Anoxybacillus eryuanensis
ASV517	95.914	465	18	1	1	465	322	785	0.0	752	tax=d:Bacteria,p:Firmicutes,c:Bacilli,o:Bacillales,f:Bacillaceae,g:Anoxybacillus,s:Anoxybacillus tengchongensis
ASV517	95.914	465	18	1	1	465	320	783	0.0	752	tax=d:Bacteria,p:Firmicutes,c:Bacilli,o:Bacillales,f:Planococcaceae,g:Planococcus,s:Planococcus plakortidis
ASV517	95.914	465	18	1	1	465	320	783	0.0	752	tax=d:Bacteria,p:Firmicutes,c:Bacilli,o:Bacillales,f:Planococcaceae,g:Planococcus,s:Planococcus rifietoensis
ASV517	95.914	465	18	1	1	465	318	781	0.0	752	tax=d:Bacteria,p:Firmicutes,c:Bacilli,o:Bacillales,f:Bacillaceae,g:Bacillus,s:Bacillus stamsii
ASV517	95.914	465	18	1	1	465	320	783	0.0	752	tax=d:Bacteria,p:Firmicutes,c:Bacilli,o:Bacillales,f:Planococcaceae,g:Bhargavaea,s:Bhargavaea cecembensis
ASV517	95.923	466	16	2	1	465	322	785	0.0	752	tax=d:Bacteria,p:Firmicutes,c:Bacilli,o:Bacillales,f:Bacillaceae,g:Bacillus,s:Bacillus azotoformans
ASV517	95.699	465	19	1	1	465	321	784	0.0	749	tax=d:Bacteria,p:Firmicutes,c:Bacilli,o:Bacillales,f:Planococcaceae,g:Planococcus,s:Planococcus citreus
ASV517	95.717	467	17	2	1	465	321	786	0.0	749	tax=d:Bacteria,p:Firmicutes,c:Bacilli,o:Bacillales,f:Bacillaceae,g:Bacillus,s:Bacillus onubensis
ASV517	95.699	465	20	0	1	465	320	784	0.0	749	tax=d:Bacteria,p:Firmicutes,c:Bacilli,o:Bacillales,f:Bacillaceae,g:Bacillus,s:Bacillus loiseleuriae
ASV517	95.699	465	20	0	1	465	320	784	0.0	749	tax=d:Bacteria,p:Firmicutes,c:Bacilli,o:Bacillales,f:Bacillaceae,g:Bacillus,s:Bacillus halmapalus
ASV517	95.699	465	20	0	1	465	306	770	0.0	749	tax=d:Bacteria,p:Firmicutes,c:Bacilli,o:Bacillales,f:Bacillaceae,g:Bacillus,s:Bacillus polymachus
ASV517	95.699	465	20	0	1	465	315	779	0.0	749	tax=d:Bacteria,p:Firmicutes,c:Bacilli,o:Bacillales,f:Bacillaceae,g:Bacillus,s:Bacillus ectoiniformans
ASV517	95.699	465	20	0	1	465	301	765	0.0	749	tax=d:Bacteria,p:Firmicutes,c:Bacilli,o:Bacillales,f:Bacillaceae,g:Bacillus,s:Bacillus cheonanensis
ASV517	95.699	465	20	0	1	465	317	781	0.0	749	tax=d:Bacteria,p:Firmicutes,c:Bacilli,o:Bacillales,f:Bacillaceae,g:Bacillus,s:Bacillus crassostreae
ASV517	95.699	465	20	0	1	465	321	785	0.0	749	tax=d:Bacteria,p:Firmicutes,c:Bacilli,o:Bacillales,f:Bacillaceae,g:Bacillus,s:EU465102_s
ASV517	95.699	465	20	0	1	465	294	758	0.0	749	tax=d:Bacteria,p:Firmicutes,c:Bacilli,o:Bacillales,f:Planococcaceae,g:Paenisporosarcina,s:Paenisporosarcina antarctica
ASV517	95.708	466	18	2	1	465	322	786	0.0	749	tax=d:Bacteria,p:Firmicutes,c:Bacilli,o:Bacillales,f:Bacillaceae,g:Bacillus,s:DM463634_s
ASV517	95.699	465	20	0	1	465	334	798	0.0	749	tax=d:Bacteria,p:Firmicutes,c:Bacilli,o:Bacillales,f:Bacillaceae,g:Paucisalibacillus,s:Paucisalibacillus algeriensis
ASV517	95.699	465	20	0	1	465	320	784	0.0	749	tax=d:Bacteria,p:Firmicutes,c:Bacilli,o:Bacillales,f:Bacillaceae,g:Bacillus,s:Bacillus litoralis
ASV517	95.699	465	20	0	1	465	322	786	0.0	749	tax=d:Bacteria,p:Firmicutes,c:Bacilli,o:Bacillales,f:Bacillaceae,g:Fictibacillus,s:Fictibacillus macauensis
ASV517	95.699	465	20	0	1	465	333	797	0.0	749	tax=d:Bacteria,p:Firmicutes,c:Bacilli,o:Bacillales,f:Bacillaceae,g:Bacillus,s:AB533891_s
ASV517	95.699	465	19	1	1	465	320	783	0.0	747	tax=d:Bacteria,p:Firmicutes,c:Bacilli,o:Bacillales,f:Planococcaceae,g:Planococcus,s:LTZG_s
ASV517	95.690	464	20	0	1	464	298	761	0.0	747	tax=d:Bacteria,p:Firmicutes,c:Bacilli,o:Bacillales,f:Bacillaceae,g:Anoxybacillus,s:HQ767517_s
ASV517	95.484	465	21	0	1	465	302	766	0.0	747	tax=d:Bacteria,p:Firmicutes,c:Bacilli,o:Bacillales,f:Bacillaceae,g:Bacillus,s:Bacillus halosaccharovorans
ASV517	95.708	466	17	2	1	465	279	742	0.0	747	tax=d:Bacteria,p:Firmicutes,c:Bacilli,o:Bacillales,f:Bacillaceae,g:Bacillus,s:HQ397054_s
ASV517	95.484	465	21	0	1	465	318	782	0.0	745	tax=d:Bacteria,p:Firmicutes,c:Bacilli,o:Bacillales,f:Bacillaceae,g:Bacillus,s:Bacillus circulans
ASV517	95.484	465	21	0	1	465	320	784	0.0	743	tax=d:Bacteria,p:Firmicutes,c:Bacilli,o:Bacillales,f:Planococcaceae,g:Sporosarcina,s:Sporosarcina globispora
ASV517	95.484	465	21	0	1	465	322	786	0.0	743	tax=d:Bacteria,p:Firmicutes,c:Bacilli,o:Bacillales,f:Planococcaceae,g:Sporosarcina,s:PAC001979_s
ASV517	95.494	466	19	2	1	465	322	786	0.0	743	tax=d:Bacteria,p:Firmicutes,c:Bacilli,o:Bacillales,f:Bacillaceae,g:Bacillus,s:Bacillus wudalianchiensis
ASV517	95.513	468	16	2	1	465	334	799	0.0	743	tax=d:Bacteria,p:Firmicutes,c:Bacilli,o:Bacillales,f:Bacillaceae,g:Bacillus,s:Bacillus marinisedimentorum
ASV517	95.484	465	21	0	1	465	320	784	0.0	743	tax=d:Bacteria,p:Firmicutes,c:Bacilli,o:Bacillales,f:Bacillaceae,g:Bacillus,s:LGUF_s
ASV517	95.484	465	21	0	1	465	320	784	0.0	743	tax=d:Bacteria,p:Firmicutes,c:Bacilli,o:Bacillales,f:Bacillaceae,g:Bacillus,s:Bacillus cavernae
ASV517	95.484	465	21	0	1	465	320	784	0.0	743	tax=d:Bacteria,p:Firmicutes,c:Bacilli,o:Bacillales,f:Bacillaceae,g:Bacillus,s:Bacillus tianshenii
ASV517	95.484	465	21	0	1	465	320	784	0.0	743	tax=d:Bacteria,p:Firmicutes,c:Bacilli,o:Bacillales,f:Planococcaceae,g:Sporosarcina,s:Sporosarcina siberiensis
ASV517	95.513	468	16	2	1	465	290	755	0.0	743	tax=d:Bacteria,p:Firmicutes,c:Bacilli,o:Bacillales,f:Bacillaceae,g:Bacillus,s:Bacillus taiwanensis
ASV517	95.494	466	19	2	1	465	314	778	0.0	743	tax=d:Bacteria,p:Firmicutes,c:Bacilli,o:Bacillales,f:Bacillaceae,g:Bacillus,s:Bacillus kokeshiiformis
ASV517	95.484	465	21	0	1	465	321	785	0.0	743	tax=d:Bacteria,p:Firmicutes,c:Bacilli,o:Bacillales,f:Bacillaceae,g:Bacillus,s:Bacillus thermotolerans
ASV517	95.484	465	21	0	1	465	320	784	0.0	743	tax=d:Bacteria,p:Firmicutes,c:Bacilli,o:Bacillales,f:Bacillaceae,g:Bacillus,s:Bacillus salsus
ASV517	95.484	465	21	0	1	465	321	785	0.0	743	tax=d:Bacteria,p:Firmicutes,c:Bacilli,o:Bacillales,f:Bacillaceae,g:Bacillus,s:Bacillus horneckiae
ASV517	95.484	465	21	0	1	465	283	747	0.0	743	tax=d:Bacteria,p:Firmicutes,c:Bacilli,o:Bacillales,f:Bacillaceae,g:Bacillus,s:Bacillus purgationiresistens
ASV517	95.484	465	21	0	1	465	272	736	0.0	743	tax=d:Bacteria,p:Firmicutes,c:Bacilli,o:Bacillales,f:Planococcaceae,g:Sporosarcina,s:Sporosarcina thermotolerans
ASV517	95.494	466	19	2	1	465	289	753	0.0	743	tax=d:Bacteria,p:Firmicutes,c:Bacilli,o:Bacillales,f:Bacillaceae,g:Bacillus,s:EU571200_s
ASV517	95.484	465	21	0	1	465	324	788	0.0	743	tax=d:Bacteria,p:Firmicutes,c:Bacilli,o:Bacillales,f:Planococcaceae,g:Paenisporosarcina,s:Paenisporosarcina quisquiliarum
ASV517	95.484	465	21	0	1	465	320	784	0.0	743	tax=d:Bacteria,p:Firmicutes,c:Bacilli,o:Bacillales,f:Planococcaceae,g:Sporosarcina,s:Sporosarcina psychrophila
ASV517	95.484	465	21	0	1	465	320	784	0.0	743	tax=d:Bacteria,p:Firmicutes,c:Bacilli,o:Bacillales,f:Bacillaceae,g:Bacillus,s:CP015506_s
ASV517	95.513	468	16	3	1	465	321	786	0.0	743	tax=d:Bacteria,p:Firmicutes,c:Bacilli,o:Bacillales,f:Bacillaceae,g:Bacillus,s:Bacillus timonensis
ASV517	95.484	465	21	0	1	465	334	798	0.0	743	tax=d:Bacteria,p:Firmicutes,c:Bacilli,o:Bacillales,f:Bacillaceae,g:Paucisalibacillus,s:Paucisalibacillus globulus
ASV517	95.513	468	16	3	1	465	322	787	0.0	743	tax=d:Bacteria,p:Firmicutes,c:Bacilli,o:Bacillales,f:Bacillaceae,g:Bacillus_g21,s:Bacillus hwajinpoensis
ASV517	95.484	465	21	0	1	465	326	790	0.0	743	tax=d:Bacteria,p:Firmicutes,c:Bacilli,o:Bacillales,f:Planococcaceae,g:Lysinibacillus,s:Lysinibacillus odysseyi
ASV517	95.484	465	21	0	1	465	320	784	0.0	743	tax=d:Bacteria,p:Firmicutes,c:Bacilli,o:Bacillales,f:Bacillaceae,g:Bacillus,s:AF463535_s
ASV517	95.513	468	16	3	1	465	320	785	0.0	743	tax=d:Bacteria,p:Firmicutes,c:Bacilli,o:Bacillales,f:Bacillaceae,g:Bacillus,s:AB637131_s
ASV517	95.494	466	19	2	1	465	322	786	0.0	743	tax=d:Bacteria,p:Firmicutes,c:Bacilli,o:Bacillales,f:Bacillaceae,g:Bacillus,s:AB034715_s
ASV517	95.484	465	20	1	1	465	320	783	0.0	741	tax=d:Bacteria,p:Firmicutes,c:Bacilli,o:Bacillales,f:Planococcaceae,g:Chungangia,s:Chungangia koreensis
ASV517	95.484	465	20	1	1	465	320	783	0.0	741	tax=d:Bacteria,p:Firmicutes,c:Bacilli,o:Bacillales,f:Planococcaceae,g:Bhargavaea,s:Bhargavaea indica
ASV517	95.484	465	20	1	1	465	320	783	0.0	741	tax=d:Bacteria,p:Firmicutes,c:Bacilli,o:Bacillales,f:Planococcaceae,g:Bhargavaea,s:Bhargavaea beijingensis
ASV517	95.484	465	20	1	1	465	320	783	0.0	741	tax=d:Bacteria,p:Firmicutes,c:Bacilli,o:Bacillales,f:Planococcaceae,g:Planococcus,s:Planomicrobium okeanokoites
ASV517	95.484	465	20	1	1	465	320	783	0.0	741	tax=d:Bacteria,p:Firmicutes,c:Bacilli,o:Bacillales,f:Planococcaceae,g:Planococcus,s:Planococcus maritimus
ASV517	95.484	465	20	1	1	465	320	783	0.0	741	tax=d:Bacteria,p:Firmicutes,c:Bacilli,o:Bacillales,f:Planococcaceae,g:Planococcus,s:Planococcus maitriensis
ASV517	94.850	466	23	1	1	465	320	785	0.0	739	tax=d:Bacteria,p:Firmicutes,c:Bacilli,o:Bacillales,f:Bacillaceae,g:Bacillus,s:Bacillus fastidiosus
ASV517	95.279	466	20	2	1	465	322	786	0.0	739	tax=d:Bacteria,p:Firmicutes,c:Bacilli,o:Bacillales,f:Bacillaceae,g:Bacillus,s:Bacillus hisashii
ASV517	95.269	465	22	0	1	465	319	783	0.0	737	tax=d:Bacteria,p:Firmicutes,c:Bacilli,o:Bacillales,f:Bacillaceae,g:Bacillus,s:Bacillus solimangrovi
ASV517	95.269	465	22	0	1	465	320	784	0.0	737	tax=d:Bacteria,p:Firmicutes,c:Bacilli,o:Bacillales,f:Bacillaceae,g:Bacillus,s:Bacillus dakarensis
ASV517	95.269	465	22	0	1	465	324	788	0.0	737	tax=d:Bacteria,p:Firmicutes,c:Bacilli,o:Bacillales,f:Planococcaceae,g:Planococcus,s:Planococcus salinus
ASV517	95.299	468	17	3	1	465	321	786	0.0	737	tax=d:Bacteria,p:Firmicutes,c:Bacilli,o:Bacillales,f:Bacillaceae,g:Anaerobacillus,s:Bacillus alkalinitrilicus
ASV517	95.269	465	22	0	1	465	320	784	0.0	737	tax=d:Bacteria,p:Firmicutes,c:Bacilli,o:Bacillales,f:Bacillaceae,g:Bacillus,s:Bacillus oryzisoli
ASV517	95.269	465	22	0	1	465	322	786	0.0	737	tax=d:Bacteria,p:Firmicutes,c:Bacilli,o:Bacillales,f:Planococcaceae,g:Psychrobacillus,s:Psychrobacillus lasiicapitis
ASV517	95.269	465	22	0	1	465	171	635	0.0	737	tax=d:Bacteria,p:Firmicutes,c:Bacilli,o:Bacillales,f:Planococcaceae,g:Psychrobacillus,s:Psychrobacillus soli
ASV517	95.289	467	19	2	1	465	277	742	0.0	737	tax=d:Bacteria,p:Firmicutes,c:Bacilli,o:Bacillales,f:Bacillaceae,g:Bacillus,s:Bacillus filamentosus
ASV517	95.269	465	22	0	1	465	405	869	0.0	737	tax=d:Bacteria,p:Firmicutes,c:Bacilli,o:Bacillales,f:Bacillaceae,g:Compostibacillus,s:Compostibacillus humi
ASV517	95.269	465	22	0	1	465	276	740	0.0	737	tax=d:Bacteria,p:Firmicutes,c:Bacilli,o:Bacillales,f:Bacillaceae,g:Fictibacillus,s:Fictibacillus enclensis
ASV517	95.269	465	22	0	1	465	316	780	0.0	737	tax=d:Bacteria,p:Firmicutes,c:Bacilli,o:Bacillales,f:Bacillaceae,g:Anoxybacillus,s:HQ757827_s
ASV517	95.279	466	21	1	1	465	320	785	0.0	737	tax=d:Bacteria,p:Firmicutes,c:Bacilli,o:Bacillales,f:Bacillaceae,g:Anoxybacillus,s:Anoxybacillus vitaminiphilus
ASV517	95.269	465	22	0	1	465	320	784	0.0	737	tax=d:Bacteria,p:Firmicutes,c:Bacilli,o:Bacillales,f:Bacillaceae,g:Bacillus,s:Bacillus nealsonii
ASV517	95.299	468	17	3	1	465	322	787	0.0	737	tax=d:Bacteria,p:Firmicutes,c:Bacilli,o:Bacillales,f:Bacillaceae,g:Bacillus,s:DQ448745_s
ASV517	95.269	465	22	0	1	465	320	784	0.0	737	tax=d:Bacteria,p:Firmicutes,c:Bacilli,o:Bacillales,f:Bacillaceae,g:Bacillus,s:AY289499_s
ASV517	95.269	465	22	0	1	465	322	786	0.0	737	tax=d:Bacteria,p:Firmicutes,c:Bacilli,o:Bacillales,f:Bacillaceae,g:Bacillus,s:AM930323_s
ASV517	95.269	465	22	0	1	465	320	784	0.0	737	tax=d:Bacteria,p:Firmicutes,c:Bacilli,o:Bacillales,f:Bacillaceae,g:Bacillus,s:AJ544784_s
ASV517	95.299	468	17	3	1	465	320	785	0.0	737	tax=d:Bacteria,p:Firmicutes,c:Bacilli,o:Bacillales,f:Bacillaceae,g:Bacillus,s:Bacillus methanolicus
ASV517	95.289	467	19	2	1	465	315	780	0.0	737	tax=d:Bacteria,p:Firmicutes,c:Bacilli,o:Bacillales,f:Bacillaceae,g:Bacillus,s:Bacillus endophyticus
ASV517	95.299	468	17	3	1	465	320	785	0.0	737	tax=d:Bacteria,p:Firmicutes,c:Bacilli,o:Bacillales,f:Bacillaceae,g:Bacillus,s:AB637127_s
ASV517	95.269	465	22	0	1	465	308	772	0.0	737	tax=d:Bacteria,p:Firmicutes,c:Bacilli,o:Bacillales,f:Bacillaceae,g:Bacillus,s:Bacillus funiculus
ASV517	95.269	465	22	0	1	465	312	776	0.0	737	tax=d:Bacteria,p:Firmicutes,c:Bacilli,o:Bacillales,f:Bacillaceae,g:Bacillus,s:Bacillus psychrosaccharolyticus
ASV517	95.269	465	21	1	1	465	285	748	0.0	736	tax=d:Bacteria,p:Firmicutes,c:Bacilli,o:Bacillales,f:Bacillaceae,g:Bacillus,s:Bacillus endolithicus
ASV517	95.269	465	21	1	1	465	299	762	0.0	736	tax=d:Bacteria,p:Firmicutes,c:Bacilli,o:Bacillales,f:Bacillaceae,g:Bacillus,s:EU372883_s
ASV517	95.085	468	20	3	1	465	320	787	0.0	736	tax=d:Bacteria,p:Firmicutes,c:Bacilli,o:Bacillales,f:Bacillaceae,g:Bacillus,s:EF682896_s
ASV517	95.279	466	19	2	1	465	323	786	0.0	736	tax=d:Bacteria,p:Firmicutes,c:Bacilli,o:Bacillales,f:Planococcaceae,g:Planococcus,s:CP019640_s
ASV517	95.269	465	21	1	1	465	320	783	0.0	736	tax=d:Bacteria,p:Firmicutes,c:Bacilli,o:Bacillales,f:Planococcaceae,g:Planococcus,s:Planomicrobium koreense
ASV517	95.064	466	21	2	1	465	294	758	0.0	734	tax=d:Bacteria,p:Firmicutes,c:Bacilli,o:Bacillales,f:Bacillaceae,g:Bacillus,s:Bacillus thermolactis
ASV517	95.085	468	18	3	1	465	321	786	0.0	734	tax=d:Bacteria,p:Firmicutes,c:Bacilli,o:Bacillales,f:Bacillaceae,g:Bacillus_g21,s:Bacillus algicola
ASV517	95.054	465	23	0	1	465	320	784	0.0	732	tax=d:Bacteria,p:Firmicutes,c:Bacilli,o:Bacillales,f:Bacillaceae,g:Fictibacillus,s:Fictibacillus arsenicus
ASV517	95.054	465	23	0	1	465	322	786	0.0	732	tax=d:Bacteria,p:Firmicutes,c:Bacilli,o:Bacillales,f:Planococcaceae,g:Lysinibacillus,s:MDDN_s
ASV517	95.054	465	23	0	1	465	322	786	0.0	732	tax=d:Bacteria,p:Firmicutes,c:Bacilli,o:Bacillales,f:Planococcaceae,g:Lysinibacillus,s:LITM_s
ASV517	95.054	465	23	0	1	465	322	786	0.0	732	tax=d:Bacteria,p:Firmicutes,c:Bacilli,o:Bacillales,f:Planococcaceae,g:Lysinibacillus,s:Lysinibacillus macroides
ASV517	95.054	465	23	0	1	465	322	786	0.0	732	tax=d:Bacteria,p:Firmicutes,c:Bacilli,o:Bacillales,f:Planococcaceae,g:Lysinibacillus,s:Lysinibacillus xylanilyticus
ASV517	95.085	468	18	3	1	465	288	753	0.0	732	tax=d:Bacteria,p:Firmicutes,c:Bacilli,o:Bacillales,f:Bacillaceae,g:Polygonibacillus,s:Polygonibacillus indicireducens
ASV517	95.054	465	23	0	1	465	302	766	0.0	732	tax=d:Bacteria,p:Firmicutes,c:Bacilli,o:Bacillales,f:Bacillaceae,g:Bacillus,s:Bacillus endozanthoxylicus
ASV517	95.054	465	23	0	1	465	289	753	0.0	732	tax=d:Bacteria,p:Firmicutes,c:Bacilli,o:Bacillales,f:Bacillaceae,g:Fictibacillus,s:Fictibacillus halophilus
ASV517	95.054	465	23	0	1	465	316	780	0.0	732	tax=d:Bacteria,p:Firmicutes,c:Bacilli,o:Bacillales,f:Bacillaceae,g:Fictibacillus,s:Fictibacillus phosphorivorans
ASV517	95.852	458	10	9	1	452	322	776	0.0	732	tax=d:Bacteria,p:Firmicutes,c:Bacilli,o:Bacillales,f:Bacillaceae,g:Bacillus,s:JN178155_s
ASV517	95.054	465	23	0	1	465	323	787	0.0	732	tax=d:Bacteria,p:Firmicutes,c:Bacilli,o:Bacillales,f:Planococcaceae,g:Psychrobacillus,s:Psychrobacillus psychrodurans
ASV517	95.085	468	18	3	1	465	322	787	0.0	732	tax=d:Bacteria,p:Firmicutes,c:Bacilli,o:Bacillales,f:Bacillaceae,g:Bacillus,s:HQ116811_s
ASV517	95.054	465	23	0	1	465	333	797	0.0	732	tax=d:Bacteria,p:Firmicutes,c:Bacilli,o:Bacillales,f:Sporolactobacillaceae,g:Scopulibacillus,s:HF558573_s
ASV517	95.054	465	23	0	1	465	299	763	0.0	732	tax=d:Bacteria,p:Firmicutes,c:Bacilli,o:Bacillales,f:Bacillaceae,g:Fictibacillus,s:Fictibacillus nanhaiensis
ASV517	95.054	465	23	0	1	465	310	774	0.0	732	tax=d:Bacteria,p:Firmicutes,c:Bacilli,o:Bacillales,f:Bacillaceae,g:Bacillus,s:Bacillus deserti
ASV517	95.085	468	18	3	1	465	310	775	0.0	732	tax=d:Bacteria,p:Firmicutes,c:Bacilli,o:Bacillales,f:Bacillaceae,g:Anoxybacillus,s:Anoxybacillus calidus
ASV517	95.054	465	23	0	1	465	319	783	0.0	732	tax=d:Bacteria,p:Firmicutes,c:Bacilli,o:Bacillales,f:Bacillaceae,g:Bacillus,s:FJ227527_s
ASV517	95.054	465	23	0	1	465	314	778	0.0	732	tax=d:Bacteria,p:Firmicutes,c:Bacilli,o:Bacillales,f:Bacillaceae,g:Salirhabdus,s:Salirhabdus salicampi
ASV517	95.054	465	23	0	1	465	297	761	0.0	732	tax=d:Bacteria,p:Firmicutes,c:Bacilli,o:Bacillales,f:Bacillaceae,g:Bacillus,s:Bacillus canaveralius
ASV517	95.054	465	23	0	1	465	253	717	0.0	732	tax=d:Bacteria,p:Firmicutes,c:Bacilli,o:Bacillales,f:Planococcaceae,g:Lysinibacillus,s:Bacillus decisifrondis
ASV517	95.064	466	22	1	1	465	322	787	0.0	732	tax=d:Bacteria,p:Firmicutes,c:Bacilli,o:Bacillales,f:Bacillaceae,g:Bacillus,s:Bacillus smithii
ASV517	95.085	468	18	3	1	465	320	785	0.0	732	tax=d:Bacteria,p:Firmicutes,c:Bacilli,o:Bacillales,f:Bacillaceae,g:Bacillus,s:CP007739_s
ASV517	95.054	465	23	0	1	465	322	786	0.0	732	tax=d:Bacteria,p:Firmicutes,c:Bacilli,o:Bacillales,f:Bacillaceae,g:Bacillus,s:Bacillus firmus
ASV517	95.054	465	23	0	1	465	321	785	0.0	732	tax=d:Bacteria,p:Firmicutes,c:Bacilli,o:Bacillales,f:Planococcaceae,g:Lysinibacillus,s:Lysinibacillus pakistanensis
ASV517	95.075	467	20	2	1	465	283	748	0.0	732	tax=d:Bacteria,p:Firmicutes,c:Bacilli,o:Bacillales,f:Bacillaceae,g:Bacillus,s:Bacillus seohaeanensis
ASV517	95.085	468	18	3	1	465	321	786	0.0	732	tax=d:Bacteria,p:Firmicutes,c:Bacilli,o:Bacillales,f:Bacillaceae,g:Bacillus,s:Bacillus humi
ASV517	95.054	465	23	0	1	465	315	779	0.0	732	tax=d:Bacteria,p:Firmicutes,c:Bacilli,o:Bacillales,f:Planococcaceae,g:Paenisporosarcina,s:Paenisporosarcina macmurdoensis
ASV517	95.054	465	23	0	1	465	313	777	0.0	732	tax=d:Bacteria,p:Firmicutes,c:Bacilli,o:Bacillales,f:Bacillaceae,g:Bacillus,s:Bacillus aeolius
ASV517	95.085	468	18	3	1	465	320	785	0.0	732	tax=d:Bacteria,p:Firmicutes,c:Bacilli,o:Bacillales,f:Bacillaceae,g:Bacillus,s:AB534003_s
ASV517	95.054	465	22	1	1	465	320	783	0.0	730	tax=d:Bacteria,p:Firmicutes,c:Bacilli,o:Bacillales,f:Planococcaceae,g:Planococcus,s:Planococcus dechangensis
ASV517	95.054	465	22	1	1	465	320	783	0.0	730	tax=d:Bacteria,p:Firmicutes,c:Bacilli,o:Bacillales,f:Planococcaceae,g:Planococcus,s:Planomicrobium flavidum
ASV517	95.054	465	22	1	1	465	320	783	0.0	730	tax=d:Bacteria,p:Firmicutes,c:Bacilli,o:Bacillales,f:Planococcaceae,g:Planococcus,s:CP009129_s
ASV517	95.054	465	20	3	1	465	319	780	0.0	728	tax=d:Bacteria,p:Firmicutes,c:Bacilli,o:Bacillales,f:Planococcaceae,g:Planococcus,s:Planococcus donghaensis
ASV517	94.839	465	24	0	1	465	321	785	0.0	726	tax=d:Bacteria,p:Firmicutes,c:Bacilli,o:Bacillales,f:Bacillaceae,g:Bacillus,s:Y07578_s
ASV517	94.850	466	22	2	1	465	319	783	0.0	726	tax=d:Bacteria,p:Firmicutes,c:Bacilli,o:Bacillales,f:Planococcaceae,g:Planococcus,s:Planococcus faecalis
ASV517	94.839	465	24	0	1	465	308	772	0.0	726	tax=d:Bacteria,p:Firmicutes,c:Bacilli,o:Bacillales,f:Bacillaceae,g:Domibacillus,s:Domibacillus mangrovi
ASV517	94.850	466	22	2	1	465	322	786	0.0	726	tax=d:Bacteria,p:Firmicutes,c:Bacilli,o:Bacillales,f:Bacillaceae,g:Bacillus,s:Bacillus thermoamylovorans
ASV517	94.839	465	24	0	1	465	320	784	0.0	726	tax=d:Bacteria,p:Firmicutes,c:Bacilli,o:Bacillales,f:Planococcaceae,g:Lysinibacillus,s:Lysinibacillus telephonicus
ASV517	94.839	465	24	0	1	465	319	783	0.0	726	tax=d:Bacteria,p:Firmicutes,c:Bacilli,o:Bacillales,f:Planococcaceae,g:Lysinibacillus,s:Lysinibacillus endophyticus
ASV517	94.883	469	17	5	1	465	320	785	0.0	726	tax=d:Bacteria,p:Firmicutes,c:Bacilli,o:Bacillales,f:Bacillaceae,g:Bacillus,s:Bacillus salitolerans
ASV517	94.839	465	24	0	1	465	301	765	0.0	726	tax=d:Bacteria,p:Firmicutes,c:Bacilli,o:Bacillales,f:Planococcaceae,g:Lysinibacillus,s:Lysinibacillus halotolerans
ASV517	94.850	466	22	2	1	465	324	788	0.0	726	tax=d:Bacteria,p:Firmicutes,c:Bacilli,o:Bacillales,f:Bacillaceae,g:Bacillus,s:Bacillus badius
ASV517	94.839	465	24	0	1	465	322	786	0.0	726	tax=d:Bacteria,p:Firmicutes,c:Bacilli,o:Bacillales,f:Planococcaceae,g:Lysinibacillus,s:Lysinibacillus manganicus
ASV517	94.850	466	23	1	1	465	322	787	0.0	726	tax=d:Bacteria,p:Firmicutes,c:Bacilli,o:Bacillales,f:Bacillaceae,g:Anoxybacillus,s:JX555982_s
ASV517	94.839	465	24	0	1	465	320	784	0.0	726	tax=d:Bacteria,p:Firmicutes,c:Bacilli,o:Bacillales,f:Bacillaceae,g:Bacillus,s:Bacillus massilioanorexius
ASV517	94.839	465	24	0	1	465	322	786	0.0	726	tax=d:Bacteria,p:Firmicutes,c:Bacilli,o:Bacillales,f:Bacillaceae,g:Domibacillus,s:JQMI_s
ASV517	94.839	465	24	0	1	465	321	785	0.0	726	tax=d:Bacteria,p:Firmicutes,c:Bacilli,o:Bacillales,f:Planococcaceae,g:Sporosarcina,s:JF750766_s
ASV517	94.839	465	24	0	1	465	322	786	0.0	726	tax=d:Bacteria,p:Firmicutes,c:Bacilli,o:Bacillales,f:Bacillaceae,g:Anoxybacillus,s:HQ820449_s
ASV517	94.839	465	24	0	1	465	320	784	0.0	726	tax=d:Bacteria,p:Firmicutes,c:Bacilli,o:Bacillales,f:Bacillaceae,g:Bacillus,s:Bacillus eiseniae
ASV517	94.839	465	24	0	1	465	304	768	0.0	726	tax=d:Bacteria,p:Firmicutes,c:Bacilli,o:Bacillales,f:Planococcaceae,g:Ureibacillus,s:FN667372_s
ASV517	94.872	468	19	2	1	465	301	766	0.0	726	tax=d:Bacteria,p:Firmicutes,c:Bacilli,o:Bacillales,f:Bacillaceae,g:Bacillus,s:FN667224_s
ASV517	94.839	465	24	0	1	465	293	757	0.0	726	tax=d:Bacteria,p:Firmicutes,c:Bacilli,o:Bacillales,f:Bacillaceae,g:Falsibacillus,s:Falsibacillus pallidus
ASV517	94.839	465	24	0	1	465	334	798	0.0	726	tax=d:Bacteria,p:Firmicutes,c:Bacilli,o:Bacillales,f:Bacillaceae,g:Pontibacillus,s:EU308475_s
ASV517	94.872	468	18	4	1	465	320	784	0.0	726	tax=d:Bacteria,p:Firmicutes,c:Bacilli,o:Bacillales,f:Bacillaceae,g:Bacillus,s:EF682901_s
ASV517	94.839	465	24	0	1	465	320	784	0.0	726	tax=d:Bacteria,p:Firmicutes,c:Bacilli,o:Bacillales,f:Bacillaceae,g:Bacillus,s:Bacillus lentus
ASV517	94.839	465	24	0	1	465	334	798	0.0	726	tax=d:Bacteria,p:Firmicutes,c:Bacilli,o:Bacillales,f:Bacillaceae,g:Pontibacillus,s:Pontibacillus marinus
ASV517	94.839	465	24	0	1	465	320	784	0.0	726	tax=d:Bacteria,p:Firmicutes,c:Bacilli,o:Bacillales,f:Bacillaceae,g:Bacillus,s:APVL_s
ASV517	94.839	465	24	0	1	465	324	788	0.0	726	tax=d:Bacteria,p:Firmicutes,c:Bacilli,o:Bacillales,f:Planococcaceae,g:Sporosarcina,s:AM111065_s
ASV517	94.839	465	24	0	1	465	334	798	0.0	726	tax=d:Bacteria,p:Firmicutes,c:Bacilli,o:Bacillales,f:Bacillaceae,g:Ornithinibacillus,s:Ornithinibacillus scapharcae
ASV517	94.850	466	22	2	1	465	320	784	0.0	726	tax=d:Bacteria,p:Firmicutes,c:Bacilli,o:Bacillales,f:Bacillaceae,g:Bacillus,s:Bacillus malikii
ASV517	94.850	466	22	2	1	465	322	786	0.0	726	tax=d:Bacteria,p:Firmicutes,c:Bacilli,o:Bacillales,f:Bacillaceae,g:Bacillus,s:AB695929_s
ASV517	94.839	465	24	0	1	465	318	782	0.0	726	tax=d:Bacteria,p:Firmicutes,c:Bacilli,o:Bacillales,f:Bacillaceae,g:Bacillus,s:AB637190_s
ASV517	94.839	465	23	1	1	465	320	783	0.0	725	tax=d:Bacteria,p:Firmicutes,c:Bacilli,o:Bacillales,f:Bacillaceae,g:Bacillus,s:Bacillus thermophilum
ASV517	94.839	465	23	1	1	464	297	761	0.0	725	tax=d:Bacteria,p:Firmicutes,c:Bacilli,o:Bacillales,f:Bacillaceae,g:Anoxybacillus,s:HQ810394_s
ASV517	94.692	471	17	6	1	465	293	761	0.0	725	tax=d:Bacteria,p:Firmicutes,c:Bacilli,o:Bacillales,f:Bacillaceae,g:Bacillus,s:Bacillus oleivorans
ASV517	94.850	466	20	4	1	465	320	782	0.0	725	tax=d:Bacteria,p:Firmicutes,c:Bacilli,o:Bacillales,f:Bacillaceae,g:Bacillus,s:DQ298328_s
ASV517	94.624	465	25	0	1	465	320	784	0.0	725	tax=d:Bacteria,p:Firmicutes,c:Bacilli,o:Bacillales,f:Bacillaceae,g:Bacillus,s:Bacillus benzoevorans
ASV517	94.839	465	23	1	1	465	322	785	0.0	725	tax=d:Bacteria,p:Firmicutes,c:Bacilli,o:Bacillales,f:Planococcaceae,g:Planococcus,s:Planococcus antarcticus
ASV517	94.839	465	23	1	1	465	320	783	0.0	725	tax=d:Bacteria,p:Firmicutes,c:Bacilli,o:Bacillales,f:Planococcaceae,g:Planococcus,s:Planococcus kocurii
ASV517	94.839	465	23	1	1	465	321	784	0.0	725	tax=d:Bacteria,p:Firmicutes,c:Bacilli,o:Bacillales,f:Planococcaceae,g:Planococcus,s:Planococcus halocryophilus
ASV517	94.839	465	22	2	1	465	298	760	0.0	725	tax=d:Bacteria,p:Firmicutes,c:Bacilli,o:Bacillales,f:Bacillaceae,g:Fictibacillus,s:Fictibacillus barbaricus
ASV517	94.692	471	17	6	1	465	294	762	0.0	725	tax=d:Bacteria,p:Firmicutes,c:Bacilli,o:Bacillales,f:Bacillaceae,g:Bacillus,s:Bacillus pakistanensis
ASV517	94.839	465	21	3	1	465	320	781	0.0	723	tax=d:Bacteria,p:Firmicutes,c:Bacilli,o:Bacillales,f:Planococcaceae,g:Planococcus,s:Planomicrobium chinense
ASV517	94.624	465	25	0	1	465	320	784	0.0	721	tax=d:Bacteria,p:Firmicutes,c:Bacilli,o:Bacillales,f:Bacillaceae,g:Fictibacillus,s:Fictibacillus aquaticus
ASV517	94.624	465	25	0	1	465	320	784	0.0	721	tax=d:Bacteria,p:Firmicutes,c:Bacilli,o:Bacillales,f:Bacillaceae,g:Domibacillus,s:Domibacillus epiphyticus
ASV517	94.624	465	25	0	1	465	321	785	0.0	721	tax=d:Bacteria,p:Firmicutes,c:Bacilli,o:Bacillales,f:Bacillaceae,g:Domibacillus,s:Domibacillus antri
ASV517	94.624	465	25	0	1	465	288	752	0.0	721	tax=d:Bacteria,p:Firmicutes,c:Bacilli,o:Bacillales,f:Planococcaceae,g:Sporosarcina,s:Sporosarcina terrae
ASV517	94.624	465	25	0	1	465	320	784	0.0	721	tax=d:Bacteria,p:Firmicutes,c:Bacilli,o:Bacillales,f:Bacillaceae,g:Bacillus,s:Bacillus massiliogorillae
ASV517	94.624	465	25	0	1	465	322	786	0.0	721	tax=d:Bacteria,p:Firmicutes,c:Bacilli,o:Bacillales,f:Planococcaceae,g:Lysinibacillus,s:Lysinibacillus chungkukjangi
ASV517	94.658	468	20	3	1	465	277	742	0.0	721	tax=d:Bacteria,p:Firmicutes,c:Bacilli,o:Bacillales,f:Bacillaceae,g:Bacillus,s:JN606109_s
ASV517	94.624	465	25	0	1	465	320	784	0.0	721	tax=d:Bacteria,p:Firmicutes,c:Bacilli,o:Bacillales,f:Bacillaceae,g:Bacillus,s:Bacillus coreaensis
ASV517	94.624	465	25	0	1	465	307	771	0.0	721	tax=d:Bacteria,p:Firmicutes,c:Bacilli,o:Bacillales,f:Bacillaceae,g:Bacillus,s:JAQV_s
ASV517	94.624	465	25	0	1	465	308	772	0.0	721	tax=d:Bacteria,p:Firmicutes,c:Bacilli,o:Bacillales,f:Bacillaceae,g:Bacillus,s:Bacillus mangrovi
ASV517	94.624	465	25	0	1	465	291	755	0.0	721	tax=d:Bacteria,p:Firmicutes,c:Bacilli,o:Bacillales,f:Planococcaceae,g:Lysinibacillus,s:Lysinibacillus sinduriensis
ASV517	94.624	465	25	0	1	465	301	765	0.0	721	tax=d:Bacteria,p:Firmicutes,c:Bacilli,o:Bacillales,f:Bacillaceae,g:Bacillus,s:Bacillus korlensis
ASV517	94.624	465	25	0	1	465	320	784	0.0	721	tax=d:Bacteria,p:Firmicutes,c:Bacilli,o:Bacillales,f:Bacillaceae,g:Bacillus,s:Bacillus kribbensis
ASV517	94.624	465	25	0	1	465	319	783	0.0	721	tax=d:Bacteria,p:Firmicutes,c:Bacilli,o:Bacillales,f:Bacillaceae,g:Anaerobacillus,s:Bacillus ligniniphilus
ASV517	94.624	465	25	0	1	465	323	787	0.0	721	tax=d:Bacteria,p:Firmicutes,c:Bacilli,o:Bacillales,f:Bacillaceae,g:Fictibacillus,s:Fictibacillus gelatini
ASV517	94.635	466	23	2	1	465	315	779	0.0	721	tax=d:Bacteria,p:Firmicutes,c:Bacilli,o:Bacillales,f:Planococcaceae,g:Psychrobacillus,s:Psychrobacillus psychrotolerans
ASV517	94.647	467	22	2	1	465	321	786	0.0	721	tax=d:Bacteria,p:Firmicutes,c:Bacilli,o:Bacillales,f:Bacillaceae,g:Bacillus,s:ABCF_s
ASV517	94.624	465	25	0	1	465	322	786	0.0	721	tax=d:Bacteria,p:Firmicutes,c:Bacilli,o:Bacillales,f:Bacillaceae,g:Bacillus_g26,s:AB637105_s
ASV517	94.624	465	25	0	1	465	308	772	0.0	721	tax=d:Bacteria,p:Firmicutes,c:Bacilli,o:Bacillales,f:Bacillaceae,g:Bacillus,s:Bacillus panaciterrae
ASV517	94.624	465	23	2	1	465	320	782	0.0	719	tax=d:Bacteria,p:Firmicutes,c:Bacilli,o:Bacillales,f:Planococcaceae,g:Planococcus,s:Planococcus salinarum
ASV517	94.624	465	24	1	1	465	302	765	0.0	719	tax=d:Bacteria,p:Firmicutes,c:Bacilli,o:Bacillales,f:Planococcaceae,g:Planomicrobium,s:Planomicrobium soli
ASV517	94.635	466	22	2	1	465	320	783	0.0	719	tax=d:Bacteria,p:Firmicutes,c:Bacilli,o:Bacillales,f:Planococcaceae,g:Planococcus,s:Planomicrobium psychrophilum
ASV517	94.978	458	21	2	1	457	325	781	0.0	717	tax=d:Bacteria,p:Firmicutes,c:Bacilli,o:Bacillales,f:Planococcaceae,g:Sporosarcina,s:KC160773_s
ASV517	94.409	465	26	0	1	465	276	740	0.0	715	tax=d:Bacteria,p:Firmicutes,c:Bacilli,o:Bacillales,f:Bacillaceae,g:Ornithinibacillus,s:Ornithinibacillus bavariensis
ASV517	94.409	465	26	0	1	465	320	784	0.0	715	tax=d:Bacteria,p:Firmicutes,c:Bacilli,o:Bacillales,f:Bacillaceae,g:Bacillus,s:Bacillus alkalitelluris
ASV517	94.409	465	26	0	1	465	259	723	0.0	715	tax=d:Bacteria,p:Firmicutes,c:Bacilli,o:Bacillales,f:Bacillaceae,g:Domibacillus,s:Domibacillus indicus
ASV517	94.409	465	26	0	1	465	334	798	0.0	715	tax=d:Bacteria,p:Firmicutes,c:Bacilli,o:Bacillales,f:Bacillaceae,g:Salinibacillus,s:Salinibacillus xinjiangensis
ASV517	94.409	465	26	0	1	465	320	784	0.0	715	tax=d:Bacteria,p:Firmicutes,c:Bacilli,o:Bacillales,f:Bacillaceae,g:Bacillus,s:JX133507_s
ASV517	94.409	465	26	0	1	465	323	787	0.0	715	tax=d:Bacteria,p:Firmicutes,c:Bacilli,o:Bacillales,f:Planococcaceae,g:Sporosarcina,s:JF178799_s
ASV517	94.409	465	26	0	1	465	306	770	0.0	715	tax=d:Bacteria,p:Firmicutes,c:Bacilli,o:Bacillales,f:Bacillaceae,g:Anoxybacillus,s:HQ798714_s
ASV517	94.409	465	26	0	1	465	286	750	0.0	715	tax=d:Bacteria,p:Firmicutes,c:Bacilli,o:Bacillales,f:Planococcaceae,g:Lysinibacillus,s:Lysinibacillus jejuensis
ASV517	94.409	465	26	0	1	465	287	751	0.0	715	tax=d:Bacteria,p:Firmicutes,c:Bacilli,o:Bacillales,f:Bacillaceae,g:Bacillus,s:Bacillus endoradicis
ASV517	94.409	465	26	0	1	465	322	786	0.0	715	tax=d:Bacteria,p:Firmicutes,c:Bacilli,o:Bacillales,f:Bacillaceae,g:Jeotgalibacillus,s:Jeotgalibacillus soli
ASV517	94.421	466	25	1	1	465	299	764	0.0	715	tax=d:Bacteria,p:Firmicutes,c:Bacilli,o:Bacillales,f:Bacillaceae,g:Bacillus,s:FN667412_s
ASV517	94.421	466	25	1	1	465	320	785	0.0	715	tax=d:Bacteria,p:Firmicutes,c:Bacilli,o:Bacillales,f:Bacillaceae,g:Anoxybacillus,s:Anoxybacillus caldiproteolyticus
ASV517	94.421	466	25	1	1	465	316	781	0.0	715	tax=d:Bacteria,p:Firmicutes,c:Bacilli,o:Bacillales,f:Planococcaceae,g:Lysinibacillus,s:Lysinibacillus acetophenoni
ASV517	94.433	467	23	2	1	465	322	787	0.0	715	tax=d:Bacteria,p:Firmicutes,c:Bacilli,o:Bacillales,f:Bacillaceae,g:Anaerobacillus,s:Anaerobacillus alkalidiazotrophicus
ASV517	94.433	467	23	2	1	465	320	785	0.0	715	tax=d:Bacteria,p:Firmicutes,c:Bacilli,o:Bacillales,f:Bacillaceae,g:Anaerobacillus,s:Anaerobacillus alkalilacustris
ASV517	94.444	468	21	3	1	465	322	787	0.0	715	tax=d:Bacteria,p:Firmicutes,c:Bacilli,o:Bacillales,f:Bacillaceae,g:Bacillus_g26,s:Bacillus krulwichiae
ASV517	94.409	465	26	0	1	465	320	784	0.0	715	tax=d:Bacteria,p:Firmicutes,c:Bacilli,o:Bacillales,f:Planococcaceae,g:Lysinibacillus,s:Lysinibacillus massiliensis
ASV517	94.421	466	24	2	1	465	322	786	0.0	715	tax=d:Bacteria,p:Firmicutes,c:Bacilli,o:Bacillales,f:Planococcaceae,g:Psychrobacillus,s:Psychrobacillus insolitus
ASV517	94.444	468	21	3	1	465	320	785	0.0	715	tax=d:Bacteria,p:Firmicutes,c:Bacilli,o:Bacillales,f:Bacillaceae,g:Bacillus,s:Bacillus luciferensis
ASV517	94.444	468	21	3	1	465	322	787	0.0	715	tax=d:Bacteria,p:Firmicutes,c:Bacilli,o:Bacillales,f:Bacillaceae,g:Bacillus_g27,s:Bacillus decolorationis
ASV517	94.409	465	26	0	1	465	334	798	0.0	715	tax=d:Bacteria,p:Firmicutes,c:Bacilli,o:Bacillales,f:Bacillaceae,g:Terribacillus,s:Terribacillus saccharophilus
ASV517	94.409	465	25	1	1	465	300	763	0.0	713	tax=d:Bacteria,p:Firmicutes,c:Bacilli,o:Bacillales,f:Planococcaceae,g:Planococcus,s:Planococcus ruber
ASV517	94.130	477	14	12	1	465	319	793	0.0	713	tax=d:Bacteria,p:Firmicutes,c:Bacilli,o:Bacillales,f:Bacillaceae,g:Bacillus,s:EF682900_s
ASV517	94.409	465	25	1	1	465	320	783	0.0	713	tax=d:Bacteria,p:Firmicutes,c:Bacilli,o:Bacillales,f:Planococcaceae,g:Planococcus,s:Planococcus versutus
ASV517	94.206	466	26	1	1	465	320	785	0.0	713	tax=d:Bacteria,p:Firmicutes,c:Bacilli,o:Bacillales,f:Bacillaceae,g:Bacillus_g26,s:Bacillus akibai
ASV517	94.243	469	21	4	1	465	320	786	0.0	712	tax=d:Bacteria,p:Firmicutes,c:Bacilli,o:Bacillales,f:Bacillaceae,g:Bacillus,s:JF176959_s
ASV517	94.194	465	27	0	1	465	307	771	0.0	712	tax=d:Bacteria,p:Firmicutes,c:Bacilli,o:Bacillales,f:Bacillaceae,g:Terribacillus,s:Terribacillus goriensis
ASV517	94.231	468	22	2	1	465	321	786	0.0	710	tax=d:Bacteria,p:Firmicutes,c:Bacilli,o:Bacillales,f:Bacillaceae,g:Paralkalibacillus,s:Bacillus pseudofirmus
ASV517	93.548	465	30	0	1	465	322	786	0.0	710	tax=d:Bacteria,p:Firmicutes,c:Bacilli,o:Bacillales,f:Planococcaceae,g:Sporosarcina,s:Sporosarcina pasteurii
ASV517	94.231	468	22	3	1	465	320	785	0.0	710	tax=d:Bacteria,p:Firmicutes,c:Bacilli,o:Bacillales,f:Bacillaceae,g:Bacillus,s:NVLP_s
ASV517	94.231	468	22	3	1	465	322	787	0.0	710	tax=d:Bacteria,p:Firmicutes,c:Bacilli,o:Bacillales,f:Bacillaceae,g:Bacillus,s:NUQE_s
ASV517	94.231	468	22	3	1	465	309	774	0.0	710	tax=d:Bacteria,p:Firmicutes,c:Bacilli,o:Bacillales,f:Bacillaceae,g:Desertibacillus,s:NPIA_s
ASV517	94.194	465	27	0	1	465	312	776	0.0	710	tax=d:Bacteria,p:Firmicutes,c:Bacilli,o:Bacillales,f:Bacillaceae,g:Pontibacillus,s:Pontibacillus salipaludis
ASV517	94.231	468	22	3	1	465	286	751	0.0	710	tax=d:Bacteria,p:Firmicutes,c:Bacilli,o:Bacillales,f:Bacillaceae,g:Bacillus,s:Bacillus crescens
ASV517	94.218	467	24	2	1	465	321	786	0.0	710	tax=d:Bacteria,p:Firmicutes,c:Bacilli,o:Bacillales,f:Bacillaceae,g:Bacillus_g26,s:Bacillus kiskunsagensis
ASV517	94.206	466	26	1	1	465	334	799	0.0	710	tax=d:Bacteria,p:Firmicutes,c:Bacilli,o:Bacillales,f:Bacillaceae,g:Melghiribacillus,s:Melghiribacillus thermohalophilus
ASV517	94.206	466	25	2	1	465	320	784	0.0	710	tax=d:Bacteria,p:Firmicutes,c:Bacilli,o:Bacillales,f:Bacillaceae,g:Bacillus,s:Bacillus thermophilus
ASV517	94.194	465	27	0	1	465	322	786	0.0	710	tax=d:Bacteria,p:Firmicutes,c:Bacilli,o:Bacillales,f:Planococcaceae,g:Ureibacillus,s:Ureibacillus defluvii
ASV517	94.194	465	27	0	1	465	308	772	0.0	710	tax=d:Bacteria,p:Firmicutes,c:Bacilli,o:Bacillales,f:Bacillaceae,g:Bacillus,s:Bacillus cibi
ASV517	94.194	465	27	0	1	465	308	772	0.0	710	tax=d:Bacteria,p:Firmicutes,c:Bacilli,o:Bacillales,f:Bacillaceae,g:Bacillus,s:Bacillus indicus
ASV517	94.194	465	27	0	1	465	334	798	0.0	710	tax=d:Bacteria,p:Firmicutes,c:Bacilli,o:Bacillales,f:Bacillaceae,g:Ornithinibacillus,s:Ornithinibacillus halophilus
ASV517	94.194	465	27	0	1	465	321	785	0.0	710	tax=d:Bacteria,p:Firmicutes,c:Bacilli,o:Bacillales,f:Bacillaceae,g:Paralkalibacillus,s:JF121398_s
ASV517	94.194	465	27	0	1	465	334	798	0.0	710	tax=d:Bacteria,p:Firmicutes,c:Bacilli,o:Bacillales,f:Bacillaceae,g:Jilinibacillus,s:Jilinibacillus soli
ASV517	94.194	465	27	0	1	465	337	801	0.0	710	tax=d:Bacteria,p:Firmicutes,c:Bacilli,o:Bacillales,f:Bacillaceae,g:Oceanobacillus,s:Oceanobacillus rekensis
ASV517	94.194	465	27	0	1	465	321	785	0.0	710	tax=d:Bacteria,p:Firmicutes,c:Bacilli,o:Bacillales,f:Bacillaceae,g:Bacillus,s:HM831711_s
ASV517	94.194	465	27	0	1	465	296	760	0.0	710	tax=d:Bacteria,p:Firmicutes,c:Bacilli,o:Bacillales,f:Planococcaceae,g:Lysinibacillus,s:Lysinibacillus louembei
ASV517	94.194	465	27	0	1	465	327	791	0.0	710	tax=d:Bacteria,p:Firmicutes,c:Bacilli,o:Bacillales,f:Planococcaceae,g:Lysinibacillus,s:Bacillus ndiopicus
ASV517	94.194	465	27	0	1	465	325	789	0.0	710	tax=d:Bacteria,p:Firmicutes,c:Bacilli,o:Bacillales,f:Planococcaceae,g:Lysinibacillus,s:Lysinibacillus meyeri
ASV517	94.218	467	24	2	1	465	319	784	0.0	710	tax=d:Bacteria,p:Firmicutes,c:Bacilli,o:Bacillales,f:Bacillaceae,g:Bacillus,s:Bacillus galliciensis
ASV517	94.194	465	27	0	1	465	320	784	0.0	710	tax=d:Bacteria,p:Firmicutes,c:Bacilli,o:Bacillales,f:Bacillaceae,g:Bacillus,s:Bacillus beringensis
ASV517	94.231	468	21	4	1	465	320	784	0.0	710	tax=d:Bacteria,p:Firmicutes,c:Bacilli,o:Bacillales,f:Bacillaceae,g:Bacillus,s:Bacillus acidiceler
ASV517	94.206	466	25	2	1	465	322	786	0.0	710	tax=d:Bacteria,p:Firmicutes,c:Bacilli,o:Bacillales,f:Bacillaceae,g:Bacillus,s:DQ129333_s
ASV517	94.194	465	27	0	1	465	318	782	0.0	710	tax=d:Bacteria,p:Firmicutes,c:Bacilli,o:Bacillales,f:Bacillaceae,g:Pontibacillus,s:Pontibacillus chungwhensis
ASV517	94.194	465	27	0	1	465	334	798	0.0	710	tax=d:Bacteria,p:Firmicutes,c:Bacilli,o:Bacillales,f:Bacillaceae,g:Salinibacillus,s:Salinibacillus kushneri
ASV517	94.194	465	27	0	1	465	320	784	0.0	710	tax=d:Bacteria,p:Firmicutes,c:Bacilli,o:Bacillales,f:Bacillaceae,g:Bacillus,s:Bacillus oryziterrae
ASV517	94.206	466	25	2	1	465	320	784	0.0	710	tax=d:Bacteria,p:Firmicutes,c:Bacilli,o:Bacillales,f:Bacillaceae,g:Bacillus,s:AM930284_s
ASV517	94.194	465	27	0	1	465	334	798	0.0	710	tax=d:Bacteria,p:Firmicutes,c:Bacilli,o:Bacillales,f:Bacillaceae,g:Salirhabdus,s:Salirhabdus euzebyi
ASV517	94.194	465	27	0	1	465	320	784	0.0	710	tax=d:Bacteria,p:Firmicutes,c:Bacilli,o:Bacillales,f:Planococcaceae,g:Caryophanon,s:AB506323_s
ASV517	94.231	468	22	3	1	465	321	786	0.0	710	tax=d:Bacteria,p:Firmicutes,c:Bacilli,o:Bacillales,f:Bacillaceae,g:Bacillus,s:Bacillus carboniphilus
ASV517	94.030	469	22	4	1	465	320	786	0.0	706	tax=d:Bacteria,p:Firmicutes,c:Bacilli,o:Bacillales,f:Bacillaceae,g:Bacillus,s:Bacillus dabaoshanensis
ASV517	94.206	466	22	5	1	465	322	783	0.0	706	tax=d:Bacteria,p:Firmicutes,c:Bacilli,o:Bacillales,f:Bacillaceae,g:Anoxybacillus,s:Anoxybacillus kestanbolensis
ASV517	93.991	466	26	2	1	465	334	798	0.0	706	tax=d:Bacteria,p:Firmicutes,c:Bacilli,o:Bacillales,f:Bacillaceae,g:Ornithinibacillus,s:Ornithinibacillus californiensis
ASV517	93.978	465	28	0	1	465	334	798	0.0	704	tax=d:Bacteria,p:Firmicutes,c:Bacilli,o:Bacillales,f:Bacillaceae,g:Bacillus_g14,s:Bacillus thermocloacae
ASV517	94.017	468	23	3	1	465	320	785	0.0	704	tax=d:Bacteria,p:Firmicutes,c:Bacilli,o:Bacillales,f:Bacillaceae,g:Bacillus,s:Bacillus swezeyi
ASV517	93.978	465	28	0	1	465	334	798	0.0	704	tax=d:Bacteria,p:Firmicutes,c:Bacilli,o:Bacillales,f:Bacillaceae,g:Terribacillus,s:LT727828_s
ASV517	94.017	468	23	3	1	465	319	784	0.0	704	tax=d:Bacteria,p:Firmicutes,c:Bacilli,o:Bacillales,f:Bacillaceae,g:Fermentibacillus,s:Fermentibacillus polygoni
ASV517	93.978	465	28	0	1	465	256	720	0.0	704	tax=d:Bacteria,p:Firmicutes,c:Bacilli,o:Bacillales,f:Bacillaceae,g:Domibacillus,s:Domibacillus tundrae
ASV517	93.991	466	27	1	1	465	323	788	0.0	704	tax=d:Bacteria,p:Firmicutes,c:Bacilli,o:Bacillales,f:Bacillaceae,g:Bacillus,s:Bacillus capparidis
ASV517	93.978	465	28	0	1	465	289	753	0.0	704	tax=d:Bacteria,p:Firmicutes,c:Bacilli,o:Bacillales,f:Bacillaceae,g:Domibacillus,s:Domibacillus iocasae
ASV517	93.978	465	28	0	1	465	321	785	0.0	704	tax=d:Bacteria,p:Firmicutes,c:Bacilli,o:Bacillales,f:Bacillaceae,g:Pontibacillus,s:Pontibacillus salicampi
ASV517	93.978	465	28	0	1	465	320	784	0.0	704	tax=d:Bacteria,p:Firmicutes,c:Bacilli,o:Bacillales,f:Bacillaceae,g:Ornithinibacillus,s:Ornithinibacillus halotolerans
ASV517	93.978	465	28	0	1	465	320	784	0.0	704	tax=d:Bacteria,p:Firmicutes,c:Bacilli,o:Bacillales,f:Bacillaceae,g:Jeotgalibacillus,s:Jeotgalibacillus campisalis
ASV517	93.991	466	26	2	1	465	321	785	0.0	704	tax=d:Bacteria,p:Firmicutes,c:Bacilli,o:Bacillales,f:Bacillaceae,g:Bacillus,s:Bacillus composti
ASV517	94.017	468	23	2	1	465	322	787	0.0	704	tax=d:Bacteria,p:Firmicutes,c:Bacilli,o:Bacillales,f:Bacillaceae,g:Bacillus,s:JX133529_s
ASV517	94.017	468	23	3	1	465	322	787	0.0	704	tax=d:Bacteria,p:Firmicutes,c:Bacilli,o:Bacillales,f:Bacillaceae,g:Bacillus_g26,s:Bacillus okhensis
ASV517	93.978	465	28	0	1	465	334	798	0.0	704	tax=d:Bacteria,p:Firmicutes,c:Bacilli,o:Bacillales,f:Bacillaceae,g:Terribacillus,s:Terribacillus aidingensis
ASV517	94.004	467	22	6	1	465	322	784	0.0	704	tax=d:Bacteria,p:Firmicutes,c:Bacilli,o:Bacillales,f:Bacillaceae,g:Bacillus,s:JF174635_s
ASV517	93.978	465	28	0	1	465	337	801	0.0	704	tax=d:Bacteria,p:Firmicutes,c:Bacilli,o:Bacillales,f:Bacillaceae,g:Oceanobacillus,s:Oceanobacillus longus
ASV517	94.017	468	23	3	1	465	316	781	0.0	704	tax=d:Bacteria,p:Firmicutes,c:Bacilli,o:Bacillales,f:Bacillaceae,g:Bacillus_g21,s:Bacillus hemicentroti
ASV517	94.004	467	25	2	1	465	318	783	0.0	704	tax=d:Bacteria,p:Firmicutes,c:Bacilli,o:Bacillales,f:Bacillaceae,g:Bacillus,s:Bacillus pervagus
ASV517	93.978	465	28	0	1	465	293	757	0.0	704	tax=d:Bacteria,p:Firmicutes,c:Bacilli,o:Bacillales,f:Bacillaceae,g:Bacillus,s:Bacillus graminis
ASV517	94.017	468	23	3	1	465	278	743	0.0	704	tax=d:Bacteria,p:Firmicutes,c:Bacilli,o:Bacillales,f:Bacillaceae,g:Bacillus,s:Bacillus manliponensis
ASV517	94.004	467	25	2	1	465	334	799	0.0	704	tax=d:Bacteria,p:Firmicutes,c:Bacilli,o:Bacillales,f:Bacillaceae,g:Virgibacillus,s:Virgibacillus byunsanensis
ASV517	93.978	465	28	0	1	465	322	786	0.0	704	tax=d:Bacteria,p:Firmicutes,c:Bacilli,o:Bacillales,f:Bacillaceae,g:Jeotgalibacillus,s:Jeotgalibacillus salarius
ASV517	93.978	465	28	0	1	465	315	779	0.0	704	tax=d:Bacteria,p:Firmicutes,c:Bacilli,o:Bacillales,f:Bacillaceae,g:Pontibacillus,s:Pontibacillus halophilus
ASV517	93.991	466	27	1	1	465	322	787	0.0	704	tax=d:Bacteria,p:Firmicutes,c:Bacilli,o:Bacillales,f:Bacillaceae,g:Bacillus,s:EU465848_s
ASV517	93.991	466	27	1	1	465	323	788	0.0	704	tax=d:Bacteria,p:Firmicutes,c:Bacilli,o:Bacillales,f:Bacillaceae,g:Bacillus,s:Bacillus gobiensis
ASV517	93.991	466	27	1	1	465	321	786	0.0	704	tax=d:Bacteria,p:Firmicutes,c:Bacilli,o:Bacillales,f:Bacillaceae,g:Bacillus,s:Bacillus sonorensis
ASV517	93.978	465	28	0	1	465	301	765	0.0	704	tax=d:Bacteria,p:Firmicutes,c:Bacilli,o:Bacillales,f:Bacillaceae,g:Bacillus,s:Bacillus idriensis
ASV517	94.017	468	23	3	1	465	337	802	0.0	704	tax=d:Bacteria,p:Firmicutes,c:Bacilli,o:Bacillales,f:Bacillaceae,g:Virgibacillus,s:Virgibacillus halodenitrificans
ASV517	93.991	466	25	3	1	465	319	782	0.0	704	tax=d:Bacteria,p:Firmicutes,c:Bacilli,o:Bacillales,f:Bacillaceae,g:Bacillus,s:Bacillus fortis
ASV517	93.991	466	26	2	1	465	250	714	0.0	704	tax=d:Bacteria,p:Firmicutes,c:Bacilli,o:Bacillales,f:Bacillaceae,g:Bacillus,s:Bacillus farraginis
ASV517	93.991	466	27	1	1	465	320	785	0.0	704	tax=d:Bacteria,p:Firmicutes,c:Bacilli,o:Bacillales,f:Bacillaceae,g:Bacillus,s:AUQZ_s
ASV517	94.017	468	23	3	1	465	309	774	0.0	704	tax=d:Bacteria,p:Firmicutes,c:Bacilli,o:Bacillales,f:Bacillaceae,g:Bacillus,s:Bacillus isabeliae
ASV517	93.991	466	26	2	1	465	313	777	0.0	704	tax=d:Bacteria,p:Firmicutes,c:Bacilli,o:Bacillales,f:Bacillaceae,g:Bacillus,s:Bacillus ruris
ASV517	93.991	466	26	2	1	465	316	780	0.0	704	tax=d:Bacteria,p:Firmicutes,c:Bacilli,o:Bacillales,f:Bacillaceae,g:Bacillus,s:Bacillus galactosidilyticus
ASV517	93.978	465	28	0	1	465	320	784	0.0	704	tax=d:Bacteria,p:Firmicutes,c:Bacilli,o:Bacillales,f:Bacillaceae,g:Jeotgalibacillus,s:Jeotgalibacillus marinus
ASV517	94.017	468	23	3	1	465	322	787	0.0	704	tax=d:Bacteria,p:Firmicutes,c:Bacilli,o:Bacillales,f:Bacillaceae,g:Bacillus,s:Bacillus acidicola
ASV517	94.017	468	23	3	1	465	321	786	0.0	704	tax=d:Bacteria,p:Firmicutes,c:Bacilli,o:Bacillales,f:Bacillaceae,g:Bacillus,s:Bacillus aquimaris
ASV517	93.978	465	27	1	1	465	320	783	0.0	704	tax=d:Bacteria,p:Firmicutes,c:Bacilli,o:Bacillales,f:Planococcaceae,g:Planococcus,s:Planomicrobium alkanoclasticum
ASV517	93.978	465	28	0	1	465	292	756	0.0	704	tax=d:Bacteria,p:Firmicutes,c:Bacilli,o:Bacillales,f:Planococcaceae,g:Lysinibacillus,s:Lysinibacillus boronitolerans
ASV517	94.017	468	23	3	1	465	322	787	0.0	704	tax=d:Bacteria,p:Firmicutes,c:Bacilli,o:Bacillales,f:Bacillaceae,g:Bacillus_g26,s:Bacillus wakoensis
ASV517	93.978	465	27	1	1	465	308	771	0.0	702	tax=d:Bacteria,p:Firmicutes,c:Bacilli,o:Bacillales,f:Bacillaceae,g:Bacillus,s:JX133390_s
ASV517	94.336	459	24	2	1	457	320	778	0.0	702	tax=d:Bacteria,p:Firmicutes,c:Bacilli,o:Bacillales,f:Bacillaceae,g:Bacillus,s:HQ397047_s
ASV517	93.817	469	23	6	1	465	320	786	0.0	702	tax=d:Bacteria,p:Firmicutes,c:Bacilli,o:Bacillales,f:Bacillaceae,g:Bacillus,s:DQ304792_s
ASV517	93.991	466	24	3	1	465	318	780	0.0	702	tax=d:Bacteria,p:Firmicutes,c:Bacilli,o:Bacillales,f:Planococcaceae,g:Planococcus,s:Planomicrobium stackebrandtii
ASV517	93.978	465	27	1	1	465	317	780	0.0	702	tax=d:Bacteria,p:Firmicutes,c:Bacilli,o:Bacillales,f:Planococcaceae,g:Planococcus,s:Planomicrobium mcmeekinii
ASV517	93.803	468	24	3	1	465	321	786	0.0	699	tax=d:Bacteria,p:Firmicutes,c:Bacilli,o:Bacillales,f:Bacillaceae,g:Bacillus,s:PDIY_s
ASV517	93.803	468	24	3	1	465	322	787	0.0	699	tax=d:Bacteria,p:Firmicutes,c:Bacilli,o:Bacillales,f:Bacillaceae,g:Bacillus,s:NVOR_s
ASV517	93.803	468	24	3	1	465	322	787	0.0	699	tax=d:Bacteria,p:Firmicutes,c:Bacilli,o:Bacillales,f:Bacillaceae,g:Bacillus,s:NVLK_s
ASV517	93.803	468	24	3	1	465	322	787	0.0	699	tax=d:Bacteria,p:Firmicutes,c:Bacilli,o:Bacillales,f:Bacillaceae,g:Bacillus,s:NVLJ_s
ASV517	93.803	468	24	3	1	465	321	786	0.0	699	tax=d:Bacteria,p:Firmicutes,c:Bacilli,o:Bacillales,f:Bacillaceae,g:Bacillus,s:Bacillus haynesii
ASV517	93.803	468	24	3	1	465	322	787	0.0	699	tax=d:Bacteria,p:Firmicutes,c:Bacilli,o:Bacillales,f:Bacillaceae,g:Bacillus,s:Bacillus paramycoides
ASV517	93.803	468	24	3	1	465	322	787	0.0	699	tax=d:Bacteria,p:Firmicutes,c:Bacilli,o:Bacillales,f:Bacillaceae,g:Bacillus,s:Bacillus albus
ASV517	93.803	468	24	3	1	465	322	787	0.0	699	tax=d:Bacteria,p:Firmicutes,c:Bacilli,o:Bacillales,f:Bacillaceae,g:Bacillus,s:Bacillus luti
ASV517	93.803	468	24	3	1	465	322	787	0.0	699	tax=d:Bacteria,p:Firmicutes,c:Bacilli,o:Bacillales,f:Bacillaceae,g:Bacillus,s:Bacillus proteolyticus
ASV517	93.803	468	24	3	1	465	322	787	0.0	699	tax=d:Bacteria,p:Firmicutes,c:Bacilli,o:Bacillales,f:Bacillaceae,g:Bacillus,s:Bacillus tropicus
ASV517	93.803	468	24	3	1	465	322	787	0.0	699	tax=d:Bacteria,p:Firmicutes,c:Bacilli,o:Bacillales,f:Bacillaceae,g:Bacillus,s:Bacillus mobilis
ASV517	93.803	468	24	3	1	465	322	787	0.0	699	tax=d:Bacteria,p:Firmicutes,c:Bacilli,o:Bacillales,f:Bacillaceae,g:Bacillus,s:Bacillus paranthracis
ASV517	93.803	468	24	3	1	465	322	787	0.0	699	tax=d:Bacteria,p:Firmicutes,c:Bacilli,o:Bacillales,f:Bacillaceae,g:Bacillus,s:Bacillus gaemokensis
ASV517	93.803	468	24	3	1	465	322	787	0.0	699	tax=d:Bacteria,p:Firmicutes,c:Bacilli,o:Bacillales,f:Bacillaceae,g:Bacillus,s:Bacillus wiedmannii
ASV517	93.763	465	29	0	1	465	322	786	0.0	699	tax=d:Bacteria,p:Firmicutes,c:Bacilli,o:Bacillales,f:Planococcaceae,g:Viridibacillus,s:Viridibacillus arvi
ASV517	93.763	465	29	0	1	465	324	788	0.0	699	tax=d:Bacteria,p:Firmicutes,c:Bacilli,o:Bacillales,f:Planococcaceae,g:Lysinibacillus,s:Lysinibacillus contaminans
ASV517	93.803	468	24	3	1	465	321	786	0.0	699	tax=d:Bacteria,p:Firmicutes,c:Bacilli,o:Bacillales,f:Bacillaceae,g:Bacillus,s:Bacillus paralicheniformis
ASV517	93.763	465	29	0	1	465	238	702	0.0	699	tax=d:Bacteria,p:Firmicutes,c:Bacilli,o:Bacillales,f:Planococcaceae,g:Lysinibacillus,s:Lysinibacillus alkalisoli
ASV517	93.803	468	24	3	1	465	321	786	0.0	699	tax=d:Bacteria,p:Firmicutes,c:Bacilli,o:Bacillales,f:Bacillaceae,g:Paralkalibacillus,s:Bacillus lindianensis
ASV517	93.803	468	24	3	1	465	322	787	0.0	699	tax=d:Bacteria,p:Firmicutes,c:Bacilli,o:Bacillales,f:Bacillaceae,g:Bacillus,s:Bacillus pacificus
ASV517	93.803	468	24	3	1	465	322	787	0.0	699	tax=d:Bacteria,p:Firmicutes,c:Bacilli,o:Bacillales,f:Bacillaceae,g:Bacillus,s:Bacillus nitratireducens
ASV517	93.803	468	24	4	1	465	320	785	0.0	699	tax=d:Bacteria,p:Firmicutes,c:Bacilli,o:Bacillales,f:Bacillaceae,g:Bacillus,s:Bacillus solisilvae
ASV517	93.803	468	24	3	1	465	321	786	0.0	699	tax=d:Bacteria,p:Firmicutes,c:Bacilli,o:Bacillales,f:Bacillaceae,g:Desertibacillus,s:Desertibacillus haloalkaliphilus
ASV517	93.803	468	24	3	1	465	322	787	0.0	699	tax=d:Bacteria,p:Firmicutes,c:Bacilli,o:Bacillales,f:Bacillaceae,g:Bacillus,s:JMQC_s
ASV517	93.803	468	24	3	1	465	322	787	0.0	699	tax=d:Bacteria,p:Firmicutes,c:Bacilli,o:Bacillales,f:Bacillaceae,g:Bacillus,s:JH792383_s
ASV517	93.803	468	24	3	1	465	322	787	0.0	699	tax=d:Bacteria,p:Firmicutes,c:Bacilli,o:Bacillales,f:Bacillaceae,g:Bacillus,s:JH792148_s
ASV517	93.803	468	24	3	1	465	322	787	0.0	699	tax=d:Bacteria,p:Firmicutes,c:Bacilli,o:Bacillales,f:Bacillaceae,g:Bacillus,s:JH791996_s
ASV517	93.803	468	24	3	1	465	322	787	0.0	699	tax=d:Bacteria,p:Firmicutes,c:Bacilli,o:Bacillales,f:Bacillaceae,g:Bacillus,s:JH791984_s
ASV517	93.763	465	29	0	1	465	334	798	0.0	699	tax=d:Bacteria,p:Firmicutes,c:Bacilli,o:Bacillales,f:Bacillaceae,g:Terribacillus,s:Terribacillus halophilus
ASV517	93.763	465	29	0	1	465	321	785	0.0	699	tax=d:Bacteria,p:Firmicutes,c:Bacilli,o:Bacillales,f:Bacillaceae,g:Domibacillus,s:Domibacillus enclensis
ASV517	93.763	465	29	0	1	465	307	771	0.0	699	tax=d:Bacteria,p:Firmicutes,c:Bacilli,o:Bacillales,f:Bacillaceae,g:Anoxybacillus,s:HQ757747_s
ASV517	93.763	465	29	0	1	465	322	786	0.0	699	tax=d:Bacteria,p:Firmicutes,c:Bacilli,o:Bacillales,f:Bacillaceae,g:Anoxybacillus,s:HM807949_s
ASV517	93.763	465	29	0	1	465	321	785	0.0	699	tax=d:Bacteria,p:Firmicutes,c:Bacilli,o:Bacillales,f:Bacillaceae,g:Domibacillus,s:Domibacillus robiginosus
ASV517	93.763	465	29	0	1	465	322	786	0.0	699	tax=d:Bacteria,p:Firmicutes,c:Bacilli,o:Bacillales,f:Bacillaceae,g:Bacillus,s:GU325803_s
ASV517	93.763	465	29	0	1	465	337	801	0.0	699	tax=d:Bacteria,p:Firmicutes,c:Bacilli,o:Bacillales,f:Bacillaceae,g:Ornithinibacillus,s:GQ903473_s
ASV517	93.803	468	24	3	1	465	287	752	0.0	699	tax=d:Bacteria,p:Firmicutes,c:Bacilli,o:Bacillales,f:Bacillaceae,g:Anaerobacillus,s:Bacillus nanhaiisediminis
ASV517	93.790	467	26	2	1	465	335	800	0.0	699	tax=d:Bacteria,p:Firmicutes,c:Bacilli,o:Bacillales,f:Bacillaceae,g:Virgibacillus,s:Virgibacillus ndiopensis
ASV517	93.803	468	23	4	1	465	106	570	0.0	699	tax=d:Bacteria,p:Firmicutes,c:Bacilli,o:Bacillales,f:Bacillaceae,g:Ornithinibacillus,s:Ornithinibacillus contaminans
ASV517	93.790	467	26	2	1	465	329	794	0.0	699	tax=d:Bacteria,p:Firmicutes,c:Bacilli,o:Bacillales,f:Bacillaceae,g:Virgibacillus,s:Virgibacillus zhanjiangensis
ASV517	93.763	465	29	0	1	465	333	797	0.0	699	tax=d:Bacteria,p:Firmicutes,c:Bacilli,o:Bacillales,f:Bacillaceae,g:Pontibacillus,s:Pontibacillus yanchengensis
ASV517	93.763	465	29	0	1	465	321	785	0.0	699	tax=d:Bacteria,p:Firmicutes,c:Bacilli,o:Bacillales,f:Bacillaceae,g:Bacillus,s:DQ345476_s
ASV517	93.777	466	27	2	1	465	335	799	0.0	699	tax=d:Bacteria,p:Firmicutes,c:Bacilli,o:Bacillales,f:Bacillaceae,g:Oceanobacillus,s:Oceanobacillus chironomi
ASV517	93.803	468	24	3	1	465	322	787	0.0	699	tax=d:Bacteria,p:Firmicutes,c:Bacilli,o:Bacillales,f:Bacillaceae,g:Bacillus,s:CP013274_s
ASV517	93.803	468	24	3	1	465	337	802	0.0	699	tax=d:Bacteria,p:Firmicutes,c:Bacilli,o:Bacillales,f:Bacillaceae,g:Virgibacillus,s:CP007161_s
ASV517	93.803	468	24	3	1	465	322	787	0.0	699	tax=d:Bacteria,p:Firmicutes,c:Bacilli,o:Bacillales,f:Bacillaceae,g:Bacillus,s:Bacillus toyonensis
ASV517	93.803	468	24	3	1	465	322	787	0.0	699	tax=d:Bacteria,p:Firmicutes,c:Bacilli,o:Bacillales,f:Bacillaceae,g:Bacillus,s:CM000733_s
ASV517	93.777	466	28	1	1	465	322	787	0.0	699	tax=d:Bacteria,p:Firmicutes,c:Bacilli,o:Bacillales,f:Bacillaceae,g:Geobacillus,s:Geobacillus thermoglucosidasius
ASV517	93.803	468	24	3	1	465	322	787	0.0	699	tax=d:Bacteria,p:Firmicutes,c:Bacilli,o:Bacillales,f:Bacillaceae,g:Anaerobacillus,s:AY559423_s
ASV517	93.763	465	29	0	1	465	331	795	0.0	699	tax=d:Bacteria,p:Firmicutes,c:Bacilli,o:Bacillales,f:Bacillaceae,g:Salinibacillus,s:Salinibacillus aidingensis
ASV517	93.790	467	26	2	1	465	320	785	0.0	699	tax=d:Bacteria,p:Firmicutes,c:Bacilli,o:Bacillales,f:Bacillaceae,g:Anaerobacillus,s:Anaerobacillus macyae
ASV517	93.803	468	24	3	1	465	322	787	0.0	699	tax=d:Bacteria,p:Firmicutes,c:Bacilli,o:Bacillales,f:Bacillaceae,g:Bacillus,s:Bacillus bingmayongensis
ASV517	93.763	465	29	0	1	465	322	786	0.0	699	tax=d:Bacteria,p:Firmicutes,c:Bacilli,o:Bacillales,f:Planococcaceae,g:Viridibacillus,s:Viridibacillus arenosi
ASV517	93.803	468	24	3	1	465	322	787	0.0	699	tax=d:Bacteria,p:Firmicutes,c:Bacilli,o:Bacillales,f:Bacillaceae,g:Bacillus,s:Bacillus licheniformis
ASV517	93.803	468	24	3	1	465	322	787	0.0	699	tax=d:Bacteria,p:Firmicutes,c:Bacilli,o:Bacillales,f:Bacillaceae,g:Bacillus,s:Bacillus anthracis
ASV517	93.803	468	24	3	1	465	322	787	0.0	699	tax=d:Bacteria,p:Firmicutes,c:Bacilli,o:Bacillales,f:Bacillaceae,g:Bacillus,s:Bacillus cereus
ASV517	93.803	468	24	3	1	465	322	787	0.0	699	tax=d:Bacteria,p:Firmicutes,c:Bacilli,o:Bacillales,f:Bacillaceae,g:Bacillus,s:Bacillus thuringiensis
ASV517	93.803	468	24	3	1	465	322	787	0.0	699	tax=d:Bacteria,p:Firmicutes,c:Bacilli,o:Bacillales,f:Bacillaceae,g:Bacillus,s:Bacillus pseudomycoides
ASV517	93.803	468	24	3	1	465	322	787	0.0	699	tax=d:Bacteria,p:Firmicutes,c:Bacilli,o:Bacillales,f:Bacillaceae,g:Bacillus,s:Bacillus mycoides
ASV517	93.803	468	24	2	1	465	307	772	0.0	699	tax=d:Bacteria,p:Firmicutes,c:Bacilli,o:Bacillales,f:Bacillaceae,g:Bacillus,s:Bacillus coahuilensis
ASV517	93.763	465	29	0	1	465	334	798	0.0	699	tax=d:Bacteria,p:Firmicutes,c:Bacilli,o:Bacillales,f:Bacillaceae,g:Oceanobacillus,s:Oceanobacillus polygoni
ASV517	93.763	465	29	0	1	465	322	786	0.0	699	tax=d:Bacteria,p:Firmicutes,c:Bacilli,o:Bacillales,f:Planococcaceae,g:Ureibacillus,s:Ureibacillus thermosphaericus
ASV517	93.803	468	24	3	1	465	314	779	0.0	699	tax=d:Bacteria,p:Firmicutes,c:Bacilli,o:Bacillales,f:Bacillaceae,g:Bacillus,s:Bacillus vietnamensis
ASV517	93.777	466	26	2	1	465	301	764	0.0	697	tax=d:Bacteria,p:Firmicutes,c:Bacilli,o:Bacillales,f:Planococcaceae,g:Planococcus,s:Planomicrobium glaciei
ASV517	93.603	469	24	4	1	465	321	787	0.0	695	tax=d:Bacteria,p:Firmicutes,c:Bacilli,o:Bacillales,f:Bacillaceae,g:Bacillus,s:HM126813_s
ASV517	93.548	465	30	0	1	465	323	787	0.0	693	tax=d:Bacteria,p:Firmicutes,c:Bacilli,o:Bacillales,f:Planococcaceae,g:Sporosarcina,s:PAC001707_s
ASV517	93.548	465	30	0	1	465	327	791	0.0	693	tax=d:Bacteria,p:Firmicutes,c:Bacilli,o:Bacillales,f:Planococcaceae,g:Caryophanon,s:Caryophanon latum
ASV517	93.576	467	27	2	1	465	338	803	0.0	693	tax=d:Bacteria,p:Firmicutes,c:Bacilli,o:Bacillales,f:Bacillaceae,g:Aquibacillus,s:LT732535_s
ASV517	93.590	468	25	3	1	465	320	785	0.0	693	tax=d:Bacteria,p:Firmicutes,c:Bacilli,o:Bacillales,f:Bacillaceae,g:Bacillus,s:Bacillus halotolerans
ASV517	93.548	465	30	0	1	465	277	741	0.0	693	tax=d:Bacteria,p:Firmicutes,c:Bacilli,o:Bacillales,f:Bacillaceae,g:Jeotgalibacillus,s:Jeotgalibacillus alkaliphilus
ASV517	93.548	465	30	0	1	465	320	784	0.0	693	tax=d:Bacteria,p:Firmicutes,c:Bacilli,o:Bacillales,f:Bacillaceae,g:Bacillus,s:LJIY_s
ASV517	93.590	468	25	3	1	465	321	786	0.0	693	tax=d:Bacteria,p:Firmicutes,c:Bacilli,o:Bacillales,f:Bacillaceae,g:Bacillus,s:Bacillus glycinifermentans
